kata,mean,std,raw_ratings
hai,2.4,1.0,"[3, 2, 2, 4, 2, 2, 3, 2, 1, 3]"
merekam,1.6,1.0,"[-1, 2, 2, 1, 0, 4, 2, 2, 2, 2]"
ekstensif,2.4,1.0,"[3, 2, 3, 4, 2, 1, 4, 1, 4, 0]"
paripurna,0.8,1.0,"[1, 3, 1, -1, 3, 1, -1, 0, 0, 1]"
detail,1.6,1.0,"[2, 0, 2, 3, 2, 2, 1, 1, 3, 0]"
pernik,2.4,1.0,"[1, 3, 2, 3, 1, 2, 2, 3, 4, 3]"
belas,1.6,1.0,"[3, 1, 0, 2, 2, 2, 2, 2, 0, 2]"
welas,3.2,1.0,"[4, 3, 3, 4, 3, 3, 4, 3, 1, 4]"
kabung,0.8,1.0,"[0, 1, 1, 2, 1, 0, 0, 2, 2, -1]"
rahayu,3.2,1.0,"[3, 4, 3, 2, 4, 4, 4, 2, 4, 2]"
maaf,1.6,1.0,"[2, 4, 1, 1, 2, 1, 0, 2, 1, 2]"
hello,1.6,1.0,"[1, 3, 1, 1, 2, 0, 2, 3, 1, 2]"
promo,2.4,1.0,"[3, 3, 3, 2, 3, 4, 1, 3, 1, 1]"
terimakasih,4.0,1.0,"[4, 4, 4, 4, 4, 4, 4, 4, 4, 4]"
cover,2.4,1.0,"[4, 3, 1, 2, 1, 4, 2, 2, 2, 3]"
mohon,1.6,1.0,"[1, 1, 2, 1, 2, 2, 1, 1, 3, 2]"
mengawal,1.6,1.0,"[1, 2, 1, 1, 2, 1, 3, 2, 2, 1]"
statistik,0.8,1.0,"[1, 1, -1, 1, 0, 2, 1, 1, 0, 2]"
keluangan,2.4,1.0,"[2, 2, 4, 2, 2, 2, 2, 3, 2, 3]"
jalan terbuka,2.4,1.0,"[3, 4, 1, 4, 1, 3, 2, 2, 2, 2]"
banyaknya,2.4,1.0,"[2, 2, 4, 1, 3, 3, 2, 2, 3, 2]"
lebar,2.4,1.0,"[3, 2, 2, 2, 2, 3, 2, 2, 3, 3]"
bentang,0.8,1.0,"[3, 1, 0, 0, 1, -1, 1, 1, 2, 0]"
hendaknya,0.8,1.0,"[0, 1, 1, 2, 1, -1, 3, 2, -1, 0]"
silahkan,2.4,1.0,"[2, 2, 3, 3, 3, 2, 2, 2, 3, 2]"
semboyan,1.6,1.0,"[2, 2, 0, 0, 1, 1, 2, 3, 3, 2]"
ditunggu,1.6,1.0,"[3, 2, 2, 2, 0, 0, 1, 2, 2, 2]"
akses,1.6,1.0,"[1, 1, 4, 1, 1, 2, 1, 1, 3, 1]"
penerangan,1.6,1.0,"[3, 0, 1, 2, 4, 0, 2, 3, 1, 0]"
hi,0.8,1.0,"[2, -1, 0, 0, 1, 3, 0, 1, 1, 1]"
dibantu,1.6,1.0,"[1, 1, 1, 2, 2, 1, 3, 1, 3, 1]"
makasih,3.2,1.0,"[3, 3, 1, 4, 4, 4, 3, 2, 4, 4]"
halo,0.8,1.0,"[1, 1, 0, 0, 0, 3, -1, 3, -1, 2]"
thanks,2.4,1.0,"[1, 4, 2, 3, 3, 1, 2, 2, 4, 2]"
pengembangan,2.4,1.0,"[4, 3, 2, 4, 2, 1, 4, 2, 2, 0]"
diva,1.6,1.0,"[3, -1, 2, 1, 2, 3, 2, 2, 1, 1]"
punya,2.4,1.0,"[2, 2, 4, 3, 1, 2, 2, 1, 3, 4]"
tidak segan,1.6,1.0,"[1, 2, 1, 1, 2, 1, 2, 1, 3, 2]"
detailnya,0.8,1.0,"[0, 0, 1, 1, 2, 2, 2, 0, 0, 0]"
tak segan,1.6,1.0,"[1, 2, 2, 2, 2, 0, 1, -1, 3, 4]"
aktivasi,1.6,1.0,"[1, 3, 0, 1, 2, 2, 2, 3, 1, 1]"
asih,2.4,1.0,"[3, 0, 1, 2, 3, 3, 4, 2, 3, 3]"
kasih sayang,4.0,1.0,"[4, 4, 4, 4, 4, 4, 4, 4, 4, 4]"
kekaguman,3.2,1.0,"[4, 3, 1, 4, 4, 3, 4, 4, 1, 4]"
kehangatan,3.2,1.0,"[3, 3, 3, 3, 4, 4, 4, 2, 2, 4]"
afeksi,1.6,1.0,"[1, 1, 3, 1, 0, 2, 3, 0, 4, 1]"
renjana,1.6,1.0,"[2, 3, 1, 0, 1, 3, 1, 1, 2, 2]"
amor,1.6,1.0,"[1, 2, 1, 1, 2, 2, 2, 2, 1, 2]"
cinta kasih,4.0,1.0,"[4, 4, 4, 4, 4, 4, 4, 4, 4, 4]"
tresna,1.6,1.0,"[3, 1, 1, 0, 2, 3, 1, 2, 1, 2]"
filantropi,1.6,1.0,"[1, 1, 2, 3, 2, 2, 3, 0, 1, 1]"
cintrong,1.6,1.0,"[1, 2, 2, 2, 0, 1, 4, -1, 2, 3]"
suasana (hati),0.8,1.0,"[-1, 0, -1, 2, 2, 2, 0, 1, 1, 2]"
dinamika,2.4,1.0,"[3, 4, 1, 3, 2, 3, 3, 0, 2, 3]"
tuhan,2.4,1.0,"[3, 3, 3, 3, 3, 2, 2, 1, 3, 1]"
merespon,2.4,1.0,"[4, 2, 3, 2, 1, 3, 1, 1, 3, 4]"
makmur,3.2,1.0,"[3, 3, 3, 4, 3, 3, 4, 3, 3, 3]"
suka cita,3.2,1.0,"[3, 3, 4, 3, 4, 2, 3, 4, 2, 4]"
pengguna,0.8,1.0,"[2, 1, 1, -1, 1, 1, 0, 2, 0, 1]"
tunggu,0.8,1.0,"[2, 1, 0, 1, 0, 1, 0, 0, 1, 2]"
lotre,1.6,1.0,"[2, 0, 2, 3, 1, 1, 2, 3, 1, 1]"
nggak,0.8,1.0,"[1, -1, 1, 3, 1, -1, 0, 1, 1, 2]"
kupon,2.4,1.0,"[1, 2, 3, 2, 3, 2, 1, 3, 3, 4]"
terpelihara,3.2,1.0,"[3, 3, 4, 4, 4, 2, 2, 3, 3, 4]"
terawat,4.0,1.0,"[4, 4, 4, 4, 4, 4, 4, 4, 4, 4]"
tersadar,2.4,1.0,"[2, 2, 2, 2, 2, 4, 3, 2, 2, 3]"
tari,0.8,1.0,"[1, -1, 0, 2, -1, 3, 2, 3, -1, 0]"
gejolak,0.8,1.0,"[1, 0, 1, 2, 0, 2, 1, 1, 0, 0]"
kejutan,2.4,1.0,"[1, 2, 4, 1, 2, 3, 3, 3, 1, 4]"
pesta,3.2,1.0,"[2, 4, 4, 2, 4, 3, 3, 4, 4, 2]"
getar,0.8,1.0,"[0, 2, -1, 1, 1, 2, 1, 1, 1, 0]"
allah,4.0,1.0,"[4, 4, 4, 4, 4, 4, 4, 4, 4, 4]"
berlabuh,2.4,1.0,"[2, 3, 2, 2, 2, 1, 4, 2, 3, 3]"
terdaftar,0.8,1.0,"[1, 3, 0, 0, 0, 0, 0, 1, 3, 0]"
negosiasi,1.6,1.0,"[1, 2, 2, 1, 3, 2, 0, 1, 0, 4]"
revolusioner,2.4,1.0,"[3, 1, 3, 3, 2, 3, 3, 3, 2, 1]"
follback,0.8,1.0,"[1, 2, -1, 1, 0, 1, 1, 1, 2, 0]"
pelaminan,3.2,1.0,"[4, 3, 3, 3, 2, 3, 3, 4, 4, 3]"
yasalamualaika,2.4,1.0,"[3, -1, 3, 2, 3, 2, 4, 4, 2, 2]"
uang lelah,1.6,1.0,"[1, 1, 0, 3, 4, 1, 2, 2, 2, 0]"
parsel,1.6,1.0,"[1, 3, 2, 1, 1, 1, 2, 2, 2, 1]"
amplop,2.4,1.0,"[4, 4, 1, 2, 1, 3, 2, 3, 2, 2]"
kenang-kenangan,2.4,1.0,"[2, 2, 2, 3, 2, 0, 4, 1, 4, 4]"
pengasih,3.2,1.0,"[2, 4, 4, 4, 4, 3, 2, 4, 1, 4]"
uang rokok,1.6,1.0,"[3, 2, 2, 2, 1, 2, 0, 2, 1, 1]"
persenan,1.6,1.0,"[1, 2, 3, 1, 3, 0, 1, 3, 0, 2]"
baksis,1.6,1.0,"[1, 4, 3, 2, 1, 1, 1, 0, 1, 2]"
tanda mata,1.6,1.0,"[2, 1, 3, -1, 2, 1, 1, 1, 3, 3]"
angpau,3.2,1.0,"[4, 1, 3, 4, 4, 2, 4, 4, 3, 3]"
hibah,3.2,1.0,"[4, 2, 4, 3, 3, 3, 2, 4, 3, 4]"
upa,1.6,1.0,"[2, 2, 2, 0, 3, 2, 1, 0, 3, 1]"
bingkisan,3.2,1.0,"[3, 4, 2, 3, 4, 4, 4, 2, 3, 3]"
suvenir,3.2,1.0,"[4, 4, 3, 4, 4, 3, 2, 2, 3, 3]"
kesudian,1.6,1.0,"[1, 2, 2, 1, 3, 0, 2, 2, 1, 2]"
berakar,1.6,1.0,"[2, 2, 1, 2, 4, 1, 1, 2, -1, 2]"
para-para,1.6,1.0,"[2, 1, 2, 3, 1, 2, -1, 2, 2, 2]"
termakan,0.8,1.0,"[1, 0, 1, 2, 0, 0, 0, 3, 1, 0]"
kemasyhuran,3.2,1.0,"[4, 4, 4, 4, 4, 2, 4, 1, 2, 3]"
reputasi,1.6,1.0,"[2, 1, 1, 1, 3, 1, 3, 2, 2, 0]"
gelar,1.6,1.0,"[3, 1, 0, 2, 1, 1, 2, 4, 1, 1]"
serep,1.6,1.0,"[1, 3, 2, 0, 1, 1, 2, 2, 2, 2]"
invite,0.8,1.0,"[2, 1, 0, 1, 2, 1, -2, 1, 1, 1]"
nyanyian,1.6,1.0,"[1, 3, 3, -1, 1, 1, 3, 2, 1, 2]"
dendang,1.6,1.0,"[1, 1, 2, 2, 2, 2, 2, 1, 2, 1]"
gita,1.6,1.0,"[4, 0, 1, 1, 2, 2, 2, 1, 1, 2]"
gending,0.8,1.0,"[1, 2, 1, 2, 1, 1, 1, -1, 1, -1]"
lagu,1.6,1.0,"[0, 2, 3, 2, 2, 3, 0, 2, 0, 2]"
rintisan,1.6,1.0,"[3, 0, 2, 3, 1, 0, 2, 4, 1, 0]"
bergelora,1.6,1.0,"[4, 2, 1, 1, 1, 1, 0, 0, 2, 4]"
antusias,1.6,1.0,"[3, 1, 2, 1, 1, 1, 1, 1, 2, 3]"
ringan tangan,3.2,1.0,"[3, 3, 4, 4, 2, 4, 4, 2, 3, 3]"
membara,1.6,1.0,"[3, 1, 3, 1, 2, 0, 3, 2, 1, 0]"
menyala,1.6,1.0,"[1, 2, 1, 3, 2, 3, 1, 1, 1, 1]"
berlangganan,1.6,1.0,"[3, 4, -1, 1, 1, 2, 2, 1, 1, 2]"
berdenyut,1.6,1.0,"[2, 1, 3, 1, 2, 2, 0, 3, 1, 1]"
bersungguh-sungguh,3.2,1.0,"[3, 3, 4, 4, 4, 2, 2, 3, 3, 4]"
rintis,1.6,1.0,"[1, 1, 1, 1, 3, 4, 2, 2, 1, 0]"
jalan bebas hambatan,1.6,1.0,"[1, 2, 2, 1, 3, 1, 0, 2, 1, 3]"
tarekat,1.6,1.0,"[2, 1, 2, 1, 2, 0, 1, 2, 3, 2]"
bajing,0.8,1.0,"[0, 2, 1, 1, 1, 1, 1, 0, 0, 1]"
bopong,0.8,1.0,"[1, 0, -1, 2, 2, 0, 1, 3, 0, 0]"
berlezat,1.6,1.0,"[2, 1, 4, 0, 2, 2, 1, 2, 1, 1]"
getaran,0.8,1.0,"[1, 0, 0, 1, 0, 2, 0, 2, 1, 1]"
berperan serta,1.6,1.0,"[2, 2, 1, 2, 0, -1, 2, 3, 2, 3]"
debar,1.6,1.0,"[1, 1, 2, 4, 1, 3, 0, 4, 0, 0]"
raba,0.8,1.0,"[-2, 2, 2, 0, 1, 2, 2, 1, 1, -1]"
degub,0.8,1.0,"[3, 0, 0, 1, 0, 1, 1, 2, 0, 0]"
ikut serta,2.4,1.0,"[2, 1, 1, 2, 4, 2, 3, 3, 2, 4]"
berpartisipasi,2.4,1.0,"[3, 4, 3, 2, 2, 0, 3, 4, 2, 1]"
menguntiti,0.8,1.0,"[-1, 0, 0, 0, 0, 2, 1, 3, 1, 2]"
penghayatan,2.4,1.0,"[3, 3, 3, 1, 3, 1, 3, 3, 3, 1]"
mitra,1.6,1.0,"[1, 3, 2, 1, 3, 2, -1, 1, 1, 3]"
diterima,1.6,1.0,"[2, 2, 2, 1, 2, 1, 0, 1, 4, 1]"
sohib,2.4,1.0,"[3, 3, 4, 1, 0, 1, 2, 4, 3, 3]"
beriktikad,1.6,1.0,"[2, -1, 1, 3, 1, 2, 3, 0, 4, 1]"
berkeyakinan,2.4,1.0,"[3, 4, 1, 1, 2, 2, 1, 3, 3, 4]"
beriman,2.4,1.0,"[3, 2, 2, 3, 1, 3, 3, 2, 3, 2]"
percaya,1.6,1.0,"[1, 2, 4, 2, 2, 0, 0, 2, 2, 1]"
menghajatkan,0.8,1.0,"[1, 1, 0, 1, 1, 2, 1, 2, 0, -1]"
senyum,1.6,1.0,"[2, 2, 2, 1, 0, 2, 3, 0, 0, 4]"
haloo,2.4,1.0,"[4, 1, 4, 3, 3, 2, 1, 3, 2, 1]"
menarik hati,2.4,1.0,"[2, 3, 2, 2, 3, 3, 1, 2, 2, 4]"
cedayam,1.6,1.0,"[0, 1, 2, 2, 2, 2, 2, 3, 1, 1]"
hasan,2.4,1.0,"[2, 4, 2, 3, 3, 3, 1, 2, 3, 1]"
tumandang,0.8,1.0,"[1, 0, 1, 1, 2, -1, -2, 1, 3, 2]"
pengen,2.4,1.0,"[2, 2, 2, 1, 2, 3, 3, 4, 3, 2]"
bener,2.4,1.0,"[2, 2, 3, 1, 2, 4, 2, 2, 4, 2]"
hellooo,1.6,1.0,"[2, 0, 2, 1, -2, 1, 3, 3, 3, 3]"
marilah,0.8,1.0,"[1, -1, 1, 1, 2, 0, 0, 1, 2, 1]"
terbaik,4.0,1.0,"[4, 4, 4, 4, 4, 4, 4, 4, 4, 4]"
ulung,3.2,1.0,"[4, 2, 4, 3, 4, 3, 1, 3, 4, 4]"
good,4.0,1.0,"[4, 4, 4, 4, 4, 4, 4, 4, 4, 4]"
silakan,0.8,1.0,"[1, 1, 0, 0, 0, 2, 0, 0, 2, 2]"
main,1.6,1.0,"[3, 1, 1, 1, 1, 2, 1, 2, 2, 2]"
alhamdulillah,4.0,1.0,"[4, 4, 4, 4, 4, 4, 4, 4, 4, 4]"
unek-unek,1.6,1.0,"[2, 2, 3, 1, 2, 1, -1, 2, 2, 2]"
sesalan,0.8,1.0,"[1, -1, 0, 2, 0, 2, 2, 0, 0, 2]"
menyaksikan,0.8,1.0,"[1, -1, 1, 1, 2, 1, -1, 2, 2, 0]"
pemenangnya,3.2,1.0,"[3, 4, 2, 4, 3, 3, 2, 3, 4, 4]"
hiii,0.8,1.0,"[3, -1, 2, 1, 1, 1, 1, 0, 0, 0]"
menyuarakan,2.4,1.0,"[4, 2, 4, 2, 3, 0, 3, 2, 2, 2]"
menginterprestasikan,0.8,1.0,"[0, 2, 1, 2, 0, 0, 1, 1, 2, -1]"
menaksir,2.4,1.0,"[2, 2, 1, 3, 4, 3, 3, 4, 1, 1]"
menuturkan,2.4,1.0,"[4, 0, 1, 3, 3, 3, 2, 2, 3, 3]"
memperkirakan,1.6,1.0,"[1, 2, 3, 3, 1, 0, 2, 1, 1, 2]"
mengimla,0.8,1.0,"[1, 0, 2, 2, 3, -1, 1, 0, -1, 1]"
mengantisipasi,2.4,1.0,"[2, 2, 3, 1, 4, 2, 4, 4, 0, 2]"
menafsirkan,1.6,1.0,"[0, 0, 2, 2, 1, 2, 3, 3, 2, 1]"
mengartikan,0.8,1.0,"[0, 1, 0, 2, 2, 0, 0, 1, 1, 1]"
mengasosiasikan,2.4,1.0,"[2, 2, 2, 2, 2, 2, 4, 2, 2, 4]"
borong,1.6,1.0,"[2, 4, 1, 1, 0, 2, 3, 1, 0, 2]"
payu,1.6,1.0,"[2, 3, 0, 2, 1, 1, 0, 2, 2, 3]"
membeli,1.6,1.0,"[1, 1, 0, 3, 1, 2, 2, 3, 1, 2]"
membuat,0.8,1.0,"[1, 2, -1, -1, 3, 2, 0, 1, 0, 1]"
tertawa kecil,3.2,1.0,"[3, 2, 4, 3, 2, 4, 4, 4, 4, 2]"
minta,1.6,1.0,"[1, 1, 3, 4, 0, 0, 2, 2, 0, 3]"
mengorak senyum,1.6,1.0,"[1, 0, 1, 3, 2, 2, 2, 1, 3, 1]"
mesem,1.6,1.0,"[2, 1, 1, 3, 1, 1, 0, 1, 3, 3]"
tersenyum,3.2,1.0,"[2, 3, 2, 3, 3, 4, 4, 4, 3, 4]"
ok,3.2,1.0,"[4, 2, 3, 3, 4, 4, 3, 3, 3, 3]"
ayo,3.2,1.0,"[4, 3, 3, 4, 4, 4, 1, 4, 4, 1]"
mari,3.2,1.0,"[4, 4, 3, 3, 3, 4, 3, 3, 3, 2]"
yuk,3.2,1.0,"[4, 3, 4, 2, 3, 2, 3, 4, 4, 3]"
lincah,3.2,1.0,"[4, 4, 3, 4, 3, 3, 4, 2, 2, 3]"
buru-buru,0.8,1.0,"[1, 1, 1, 1, 2, -3, 0, 1, 2, 2]"
kencang,2.4,1.0,"[2, 2, 3, 3, 4, 1, 3, 2, 4, 0]"
buntut,0.8,1.0,"[0, -1, 1, 0, 1, 1, 2, 2, 0, 2]"
kilat,2.4,1.0,"[3, 3, 3, 4, 2, 3, 1, 0, 2, 3]"
kunjung,2.4,1.0,"[4, 2, 0, 1, 3, 3, 2, 4, 2, 3]"
mendahului,1.6,1.0,"[1, 3, 0, 3, 2, 1, 1, 2, 1, 2]"
segera,2.4,1.0,"[1, 1, 3, 3, 3, 1, 3, 4, 2, 3]"
lekas,1.6,1.0,"[2, 1, 2, 3, 2, 1, 3, 2, 0, 0]"
akas,1.6,1.0,"[3, 3, -1, 0, 3, 2, 2, 1, 1, 2]"
terampil,3.2,1.0,"[4, 4, 2, 4, 4, 1, 2, 4, 3, 4]"
jeraus,1.6,1.0,"[4, 1, 1, 2, 3, 2, 0, 2, 0, 1]"
pagi,0.8,1.0,"[2, 2, 0, 0, 0, 1, 1, 1, 1, 0]"
pesat,2.4,1.0,"[3, 0, 4, 1, 2, 3, 4, 4, 1, 2]"
sebat,0.8,1.0,"[0, 0, 1, 2, 0, 0, 1, 1, 3, 0]"
kawal,0.8,1.0,"[2, 2, 0, -1, 0, 1, 1, 1, 1, 1]"
berkawal,3.2,1.0,"[4, 1, 3, 2, 3, 4, 4, 3, 4, 4]"
gugah,1.6,1.0,"[3, 1, 1, 4, 0, 2, 0, 2, 1, 2]"
pustaka,3.2,1.0,"[4, 3, 4, 4, 1, 4, 3, 4, 3, 2]"
sir-siran,1.6,1.0,"[2, 2, 3, 2, 1, 0, 1, 1, 2, 2]"
pelihara,2.4,1.0,"[2, 2, 2, 3, 4, 2, 2, 2, 4, 1]"
patroli,1.6,1.0,"[0, 2, 1, 4, 2, 2, 0, 2, 1, 2]"
kitab,1.6,1.0,"[4, 1, 2, -1, 2, 2, 1, 2, 2, 1]"
ronda,1.6,1.0,"[2, 2, 2, 0, 1, 3, 2, 2, 1, 1]"
sambang,1.6,1.0,"[2, 0, 2, 2, 2, 1, 2, 1, 1, 3]"
berguru,2.4,1.0,"[3, 4, 1, 4, 3, 2, 4, 1, 1, 1]"
menuntut ilmu,3.2,1.0,"[3, 3, 4, 3, 4, 3, 4, 4, 2, 2]"
melatih diri,3.2,1.0,"[4, 3, 2, 3, 3, 3, 2, 4, 4, 4]"
menimba ilmu,3.2,1.0,"[3, 4, 3, 4, 3, 3, 3, 3, 2, 4]"
mengaji,3.2,1.0,"[3, 3, 3, 3, 4, 4, 3, 3, 3, 3]"
meneladan,3.2,1.0,"[4, 3, 3, 4, 4, 3, 3, 4, 2, 2]"
mencari ilmu,3.2,1.0,"[4, 1, 4, 3, 4, 4, 3, 3, 4, 2]"
luck,3.2,1.0,"[3, 3, 3, 3, 4, 3, 4, 4, 3, 2]"
bersekolah,2.4,1.0,"[0, 2, 3, 1, 3, 2, 3, 3, 4, 3]"
menggali ilmu,3.2,1.0,"[3, 4, 3, 3, 2, 4, 4, 3, 2, 4]"
desak,0.8,1.0,"[1, 1, 0, 1, -1, 3, 0, 1, 0, 2]"
menelaah,1.6,1.0,"[2, 1, 1, 2, 0, 3, 2, 1, 2, 2]"
memahirkan,3.2,1.0,"[1, 4, 4, 4, 4, 2, 4, 3, 4, 2]"
harmonisasiuniv,1.6,1.0,"[2, 2, 3, 2, -1, 2, 2, 1, 1, 2]"
takut,0.8,1.0,"[1, 0, 1, 1, 1, 2, 2, 0, 0, 0]"
sreg,1.6,1.0,"[1, 0, 2, 4, 2, -1, 2, 0, 4, 2]"
penyatuan,2.4,1.0,"[1, 3, 3, 3, 2, 4, 1, 2, 2, 3]"
wangi,3.2,1.0,"[2, 3, 3, 3, 3, 4, 4, 4, 4, 2]"
pulas,3.2,1.0,"[3, 3, 3, 4, 2, 3, 4, 4, 2, 4]"
merdu,4.0,1.0,"[4, 4, 4, 4, 4, 4, 4, 4, 4, 4]"
harum,4.0,1.0,"[4, 4, 4, 4, 4, 4, 4, 4, 4, 4]"
legit,3.2,1.0,"[2, 3, 4, 3, 4, 4, 3, 2, 4, 3]"
inkorporasi,2.4,1.0,"[2, 2, 3, 2, 2, 3, 1, 1, 4, 4]"
serundai,1.6,1.0,"[1, 2, 3, 2, -1, 2, 4, 1, 1, 1]"
helloo,0.8,1.0,"[0, 0, 2, 3, 1, -1, 3, 1, -1, 0]"
page,1.6,1.0,"[2, 1, 0, 2, 2, 1, 2, 3, 3, 0]"
menyerempakkan,2.4,1.0,"[2, 3, 1, 3, 2, 4, 2, 2, 3, 2]"
menyinkronkan,0.8,1.0,"[0, 3, 0, -1, 3, 0, 1, 1, 0, 1]"
tolong,2.4,1.0,"[2, 2, 3, 4, 3, 2, 3, 2, 2, 1]"
kediaman,1.6,1.0,"[3, 1, 1, 3, 3, -1, 1, 2, 1, 2]"
panti,1.6,1.0,"[3, 2, -1, 1, 2, 3, 2, 2, 0, 2]"
rumah,2.4,1.0,"[4, 3, 2, 2, 2, 3, 2, 3, 1, 2]"
simplistis,2.4,1.0,"[1, 2, 3, 3, 2, 2, 2, 4, 4, 1]"
menjejali,0.8,1.0,"[-3, 3, 1, -1, 1, 0, 2, 3, 1, 1]"
perfek,3.2,1.0,"[3, 4, 4, 2, 2, 2, 4, 4, 3, 4]"
tayib,1.6,1.0,"[2, 2, 1, 2, 0, 1, 2, 3, 0, 3]"
memejahijaukan,0.8,1.0,"[1, 1, 0, -1, 1, 2, 2, 0, 2, 0]"
tayibah,1.6,1.0,"[2, 3, 4, 0, 2, -1, 1, 3, 2, 0]"
jamil,1.6,1.0,"[1, 0, 3, 2, 2, 1, 2, 1, 2, 2]"
mungil,2.4,1.0,"[2, 2, 1, 4, 2, 2, 2, 3, 3, 3]"
rancak,4.0,1.0,"[4, 4, 4, 4, 4, 4, 4, 4, 4, 4]"
mengisi,1.6,1.0,"[0, 4, 1, 2, 0, 2, 1, 0, 3, 3]"
necis,3.2,1.0,"[4, 4, 4, 3, 4, 4, 2, 4, 1, 2]"
menyidangkan,0.8,1.0,"[0, 0, 0, 0, 1, 1, 3, 2, 1, 0]"
bagusan,1.6,1.0,"[2, 1, 1, 2, 2, 2, 1, 2, 1, 2]"
estetis,3.2,1.0,"[3, 3, 3, 3, 3, 2, 4, 4, 4, 3]"
firasat,0.8,1.0,"[0, 2, 0, 2, 0, 0, 1, 1, 1, 1]"
cawis,1.6,1.0,"[3, 2, 0, 1, 2, 1, 2, 1, 3, 1]"
berdandan,3.2,1.0,"[3, 4, 1, 4, 3, 4, 3, 4, 3, 3]"
andini,1.6,1.0,"[3, 3, 0, 0, 1, 2, 1, 2, 2, 2]"
indikasi,1.6,1.0,"[2, 1, -1, 3, 3, 1, 2, 1, 1, 3]"
tersedia,3.2,1.0,"[3, 3, 3, 4, 2, 3, 4, 4, 3, 3]"
tersaji,3.2,1.0,"[3, 4, 3, 3, 2, 2, 4, 4, 3, 4]"
sholat,4.0,1.0,"[4, 4, 4, 4, 4, 4, 4, 4, 4, 4]"
pastikan,2.4,1.0,"[3, 2, 3, 3, 2, 4, 1, 2, 1, 3]"
tersuguh,1.6,1.0,"[3, 2, 2, 2, 2, 0, 3, 1, 1, 0]"
perpanjangan,1.6,1.0,"[1, 2, 2, 1, 3, -1, 3, 2, 1, 2]"
fiesta,2.4,1.0,"[3, 2, 1, 1, 3, 3, 2, 4, 1, 4]"
terdamping,0.8,1.0,"[0, 0, 2, 2, 0, 0, 0, 2, 2, 0]"
jomblo,0.8,1.0,"[2, 3, 1, 1, 2, 0, 0, 1, -1, -1]"
medali,3.2,1.0,"[3, 4, 3, 4, 2, 4, 3, 2, 3, 4]"
terdekat,0.8,1.0,"[0, 3, -1, 0, 0, 3, 0, 1, 1, 1]"
artistik,3.2,1.0,"[2, 4, 4, 4, 2, 3, 4, 4, 2, 3]"
wah,2.4,1.0,"[4, 2, 3, 1, 2, 3, 2, 3, 2, 2]"
imut-imut,3.2,1.0,"[4, 3, 3, 3, 4, 4, 3, 3, 3, 2]"
langkah baik,3.2,1.0,"[4, 4, 4, 4, 1, 4, 2, 3, 2, 4]"
langkah kanan,2.4,1.0,"[2, 4, 4, 1, 2, 2, 3, 4, 2, 0]"
guys,0.8,1.0,"[0, 2, 1, 1, 0, 1, 0, 0, 2, 1]"
profit,3.2,1.0,"[4, 3, 2, 3, 3, 2, 4, 4, 3, 4]"
waris,2.4,1.0,"[4, 3, 3, 1, 2, 3, 3, 1, 2, 2]"
dominan,2.4,1.0,"[3, 3, 2, 3, 0, 2, 3, 3, 2, 3]"
kooperasi,0.8,1.0,"[1, 1, 2, 1, 0, 2, -1, 1, 0, 1]"
keras tulang,1.6,1.0,"[3, 1, 1, 2, 1, 2, 4, 0, 0, 2]"
gedembal,1.6,1.0,"[2, 4, 2, 0, 2, 2, 1, 1, 1, 1]"
tangguh,4.0,1.0,"[4, 4, 4, 4, 4, 4, 4, 4, 4, 4]"
wedel,1.6,1.0,"[0, 2, 1, 3, 2, 1, 4, 1, 1, 1]"
tapa,1.6,1.0,"[2, 2, 1, 1, 1, 1, 1, 3, 1, 3]"
kedot,1.6,1.0,"[3, 3, 1, 0, 3, 2, 1, 1, 0, 2]"
keikutsertaan,2.4,1.0,"[4, 3, 2, 2, 1, 3, 2, 2, 3, 2]"
kesertaan,1.6,1.0,"[1, 4, 1, 2, 2, 1, 1, 1, 3, 0]"
dibalas,1.6,1.0,"[2, 0, 2, 2, 2, 1, 3, 2, 2, 0]"
kerja sama,3.2,1.0,"[3, 4, 4, 1, 3, 4, 3, 4, 3, 3]"
tatap,0.8,1.0,"[2, 1, 1, 0, 0, 1, 1, 1, 2, -1]"
berpengaruh,2.4,1.0,"[2, 3, 1, 3, 2, 2, 2, 1, 4, 4]"
besar lengan,2.4,1.0,"[2, 3, 4, 1, 2, 2, 3, 3, 4, 0]"
partisipasi,2.4,1.0,"[3, 4, 1, 3, 1, 3, 2, 1, 2, 4]"
bedegap,2.4,1.0,"[2, 3, 3, 3, 2, 2, 2, 1, 3, 3]"
peran serta,2.4,1.0,"[4, 4, 1, 2, 3, 1, 2, 0, 3, 4]"
masif,1.6,1.0,"[3, 0, 1, 3, 2, 2, 1, 2, 1, 1]"
gratis,3.2,1.0,"[2, 4, 4, 3, 2, 3, 3, 3, 4, 4]"
membantu,3.2,1.0,"[4, 3, 4, 3, 3, 3, 3, 3, 3, 3]"
busana,1.6,1.0,"[1, -1, 2, 3, 2, 0, 3, 3, 2, 1]"
hasad,1.6,1.0,"[3, 2, 0, 1, 3, 2, 0, 2, 2, 1]"
keki,0.8,1.0,"[0, 0, 1, 1, 0, 0, 2, 1, 1, 2]"
free,2.4,1.0,"[2, 3, 3, 3, 1, 2, 3, 3, 3, 1]"
wkwkwk,2.4,1.0,"[3, 3, 4, 3, 2, 2, 3, 1, 1, 2]"
sangsi,0.8,1.0,"[0, 1, 2, -1, 1, 1, 0, 3, 1, 0]"
berprasangka,0.8,1.0,"[0, 2, 0, 2, 1, 2, 0, 0, 1, 0]"
bermaslahat,1.6,1.0,"[2, 2, 2, 2, 1, 1, 2, 0, 2, 2]"
mujur,3.2,1.0,"[3, 3, 4, 4, 4, 4, 4, 1, 3, 2]"
warisan,2.4,1.0,"[2, 3, 2, 1, 2, 3, 2, 3, 3, 3]"
bersetuju,2.4,1.0,"[2, 0, 3, 3, 2, 3, 4, 2, 2, 3]"
kenan,1.6,1.0,"[1, 4, 3, 0, 2, 1, 0, 3, 1, 1]"
(hujan) gerimis,0.8,1.0,"[0, 2, 2, -1, 1, 2, 2, 0, 0, 0]"
support,3.2,1.0,"[3, 3, 2, 3, 4, 2, 4, 3, 4, 4]"
sahabat,3.2,1.0,"[2, 3, 2, 4, 4, 2, 4, 4, 4, 3]"
gerimis,0.8,1.0,"[2, 1, 1, 2, 1, 0, 1, 0, 1, -1]"
hujan,0.8,1.0,"[0, 0, -3, 3, 2, -1, 3, 3, 1, 0]"
handai,2.4,1.0,"[4, 1, 3, 2, 3, 3, 2, 1, 3, 2]"
kece,4.0,1.0,"[4, 4, 4, 4, 4, 4, 4, 4, 4, 4]"
thank,3.2,1.0,"[4, 4, 2, 4, 4, 2, 3, 3, 4, 2]"
hujan ringan,1.6,1.0,"[2, 1, 2, 1, 3, 2, 1, 1, 2, 1]"
sobat,3.2,1.0,"[3, 4, 3, 1, 3, 4, 3, 4, 4, 3]"
panjang tungkai,1.6,1.0,"[3, 2, 0, 0, 2, 3, 1, 2, 1, 2]"
trims,3.2,1.0,"[4, 3, 3, 3, 4, 1, 3, 3, 4, 4]"
doa,3.2,1.0,"[4, 4, 3, 4, 4, 4, 3, 0, 4, 2]"
pacaran,2.4,1.0,"[4, 3, 2, 2, 2, 2, 2, 4, 2, 1]"
berpacaran,2.4,1.0,"[2, 1, 2, 2, 2, 2, 2, 3, 4, 4]"
teranyar,3.2,1.0,"[4, 4, 4, 4, 2, 2, 4, 4, 3, 1]"
hallo,3.2,1.0,"[4, 4, 3, 3, 4, 4, 3, 3, 2, 2]"
happy,4.0,1.0,"[4, 4, 4, 4, 4, 4, 4, 4, 4, 4]"
ketemu,0.8,1.0,"[-2, 2, 0, 1, 1, 3, 2, 0, -1, 2]"
senjang,0.8,1.0,"[0, 1, 2, 1, 2, 1, 1, -1, 1, 0]"
mudah-mudahan,0.8,1.0,"[1, 1, 0, 0, 1, 2, 2, 1, 0, 0]"
modern,2.4,1.0,"[3, 2, 4, 1, 3, 1, 3, 1, 3, 3]"
peranakan,1.6,1.0,"[1, 2, 2, 0, 1, 0, 4, 2, 1, 3]"
pemudaan,1.6,1.0,"[4, 1, 2, 1, 0, 2, 1, 1, 2, 2]"
masygul,2.4,1.0,"[4, 2, 1, 1, 3, 1, 4, 2, 4, 2]"
gelebah,1.6,1.0,"[1, 2, 1, 2, 1, 4, 2, 0, 2, 1]"
mending,1.6,1.0,"[0, 2, 1, 1, 2, 2, 3, 2, 2, 1]"
regenerasi,3.2,1.0,"[3, 4, 3, 3, 4, 2, 4, 4, 1, 4]"
simpel,2.4,1.0,"[2, 2, 1, 3, 2, 4, 1, 3, 2, 4]"
sirap hati,0.8,1.0,"[1, 1, 2, 1, 2, -1, -1, 2, 0, 1]"
puspa,3.2,1.0,"[4, 2, 3, 4, 4, 4, 2, 3, 4, 2]"
mengenyam,0.8,1.0,"[1, 1, 2, 1, 0, 2, 1, -1, 1, 0]"
merah telinga,0.8,1.0,"[1, 0, 1, 0, 2, 2, 0, 0, 2, 0]"
bonafide,2.4,1.0,"[3, 3, 0, 3, 2, 2, 4, 2, 2, 3]"
terbakar,0.8,1.0,"[2, 1, 0, 0, 1, 0, 1, 2, 0, 1]"
bergairah,2.4,1.0,"[3, 2, 2, 2, 4, 3, 2, 1, 2, 3]"
puspita,2.4,1.0,"[2, 4, 3, 3, 3, 0, 2, 3, 2, 2]"
pelengkap,1.6,1.0,"[1, 1, 1, 3, 1, 3, 3, 2, 1, 0]"
perempuan cantik,4.0,1.0,"[4, 4, 4, 4, 4, 4, 4, 4, 4, 4]"
sewot,0.8,1.0,"[3, 2, -1, 0, 0, 1, 1, 0, 1, 1]"
gusar,0.8,1.0,"[2, 0, 2, 0, 0, -1, 0, 0, 4, 1]"
hiasan,2.4,1.0,"[2, 0, 3, 3, 3, 3, 3, 3, 2, 2]"
kesuma,2.4,1.0,"[2, 1, 3, 0, 3, 3, 3, 3, 3, 3]"
primadona,4.0,1.0,"[4, 4, 4, 4, 4, 4, 4, 4, 4, 4]"
tulus ikhlas,4.0,1.0,"[4, 4, 4, 4, 4, 4, 4, 4, 4, 4]"
senyuman,3.2,1.0,"[4, 4, 4, 4, 4, 2, 2, 2, 2, 4]"
lugas,3.2,1.0,"[3, 2, 3, 3, 4, 4, 3, 4, 2, 4]"
gemas,3.2,1.0,"[3, 2, 4, 4, 4, 3, 3, 4, 2, 3]"
kusuma,3.2,1.0,"[4, 3, 2, 4, 1, 4, 4, 3, 4, 3]"
yaudah,0.8,1.0,"[0, 0, 0, 1, 2, 0, 2, 1, 1, 1]"
menyayang,3.2,1.0,"[4, 4, 4, 2, 4, 2, 2, 3, 3, 4]"
menggemari,2.4,1.0,"[3, 2, 3, 4, 3, 0, 3, 1, 3, 2]"
pasangan hidup,3.2,1.0,"[3, 3, 3, 4, 4, 4, 4, 4, 1, 2]"
asah asih asuh,1.6,1.0,"[3, 3, -1, 1, 2, 2, 3, 0, -1, 4]"
belom,0.8,1.0,"[1, -1, 1, 0, -1, 1, 0, 3, 1, 3]"
hay,0.8,1.0,"[1, 0, 0, 3, 1, 2, 1, 0, -1, 1]"
kepedulian,3.2,1.0,"[4, 3, 4, 3, 3, 4, 2, 3, 4, 2]"
sepuh,0.8,1.0,"[2, 0, 2, 0, 0, 1, 0, 1, 0, 2]"
kejelasan,0.8,1.0,"[1, 0, 4, 2, -1, 0, 0, 1, 0, 1]"
seruh,1.6,1.0,"[1, 0, 3, 3, 2, 2, 1, 1, 0, 3]"
terlukis,2.4,1.0,"[4, 1, 2, 3, 2, 4, 1, 2, 3, 2]"
prosa,1.6,1.0,"[2, 2, 1, 3, 1, 2, 3, 1, 1, 0]"
ketertarikan,3.2,1.0,"[4, 3, 4, 3, 2, 3, 4, 4, 3, 2]"
cerita anak,1.6,1.0,"[3, 1, 2, 2, 2, 2, 2, -2, 3, 1]"
bau tanah,0.8,1.0,"[0, 0, 1, 1, 0, 1, 3, 2, 1, -1]"
atensi,1.6,1.0,"[1, 3, 1, 1, 1, 3, 2, 2, 0, 2]"
tergambar,1.6,1.0,"[1, 0, 2, 1, 2, 0, 3, 2, 2, 3]"
anekdot,1.6,1.0,"[3, 1, 1, 2, 3, 1, 0, 1, 2, 2]"
mengamuk,0.8,1.0,"[0, 1, 3, 1, 0, 1, 2, -1, 2, -1]"
shalat,3.2,1.0,"[3, 2, 3, 2, 4, 4, 3, 4, 4, 3]"
lanjut,1.6,1.0,"[2, 2, 2, 2, 0, 1, 1, 3, 0, 3]"
seneng,4.0,1.0,"[4, 4, 4, 4, 4, 4, 4, 4, 4, 4]"
omong kosong,0.8,1.0,"[1, 0, 1, 0, -1, 2, 1, 1, 0, 3]"
bombastis,1.6,1.0,"[1, 1, 1, 3, 1, 4, 3, 0, 1, 1]"
fiksi,1.6,1.0,"[1, 3, 1, 0, 1, 3, 2, 2, 2, 1]"
dzuhur,0.8,1.0,"[0, 1, 0, 2, 3, 1, -1, 0, 0, 2]"
tips,3.2,1.0,"[3, 3, 4, 4, 4, 4, 2, 3, 2, 3]"
kelonggaran,2.4,1.0,"[4, 2, 3, 0, 2, 2, 3, 3, 2, 3]"
tq,3.2,1.0,"[4, 4, 4, 2, 3, 2, 4, 3, 2, 4]"
respon,1.6,1.0,"[3, 1, 2, 1, 2, -1, 2, 3, 0, 3]"
sirna,0.8,1.0,"[2, 1, 0, 1, 0, 0, 1, 3, 1, -1]"
kelawasan,0.8,1.0,"[1, 0, 0, 1, 1, 0, 3, 1, 0, 1]"
singgung,0.8,1.0,"[0, 1, 2, 0, 1, 2, 0, 2, 0, 0]"
only,0.8,1.0,"[0, 1, 2, 0, -2, 3, 2, 0, 0, 2]"
layanan,2.4,1.0,"[3, 2, 2, 3, 2, 4, 2, 4, 1, 1]"
keluasan,2.4,1.0,"[2, 1, 1, 1, 3, 3, 3, 3, 4, 3]"
langganan,3.2,1.0,"[2, 4, 3, 4, 4, 2, 4, 3, 2, 4]"
resap,2.4,1.0,"[3, 2, 4, 0, 2, 4, 1, 3, 2, 3]"
menyingsing,2.4,1.0,"[3, 3, 4, 2, 1, 2, 3, 2, 2, 2]"
lelap,3.2,1.0,"[3, 4, 4, 4, 3, 4, 4, 3, 2, 1]"
tembus,2.4,1.0,"[2, 4, 1, 2, 3, 3, 2, 3, 3, 1]"
keringanan,1.6,1.0,"[0, 3, 0, 3, 3, 0, 2, 1, 1, 3]"
beterbangan,1.6,1.0,"[2, 2, 1, 1, 1, 2, 0, 3, 2, 2]"
lipur,1.6,1.0,"[2, 0, 2, 3, 3, 1, 4, -1, 1, 1]"
sajak,1.6,1.0,"[4, 0, 1, 0, 2, 1, 1, 3, 2, 2]"
mempertentangkan,0.8,1.0,"[2, 1, 0, 2, 0, 1, 0, 1, 0, 1]"
peria,1.6,1.0,"[0, 3, 1, 0, 2, 2, 3, 3, 1, 1]"
respons,2.4,1.0,"[1, 4, 4, 0, 3, 4, 1, 3, 1, 3]"
jawaban,2.4,1.0,"[2, 2, 1, 4, 3, 1, 3, 1, 4, 3]"
reaksi,1.6,1.0,"[1, 2, 1, 0, 2, 2, 3, 2, 1, 2]"
kangen,2.4,1.0,"[3, 2, 2, 2, 2, 2, 4, 3, 1, 3]"
tlg,2.4,1.0,"[1, 1, 4, 4, 1, 4, 3, 3, 3, 0]"
sahutan,0.8,1.0,"[1, 0, -2, 1, 0, 3, 1, 2, 1, 1]"
cepet,1.6,1.0,"[3, -1, 2, 2, 1, 2, 2, 3, 1, 1]"
doang,0.8,1.0,"[0, 1, 2, 2, 1, 2, 2, 0, -1, -1]"
lantik,2.4,1.0,"[2, 1, 2, 3, 3, 3, 3, 2, 2, 3]"
akibat,0.8,1.0,"[2, -1, 3, -1, -1, 0, 3, 2, 0, 1]"
sambutan,2.4,1.0,"[2, 4, 2, 3, 3, 3, 1, 3, 1, 2]"
bersalin,2.4,1.0,"[4, 3, 4, 1, 2, 2, 2, 2, 2, 2]"
wahyu,3.2,1.0,"[4, 2, 4, 2, 3, 4, 2, 4, 3, 4]"
maha,3.2,1.0,"[3, 3, 2, 4, 3, 4, 4, 2, 4, 3]"
terlindung,3.2,1.0,"[3, 2, 3, 4, 4, 2, 2, 4, 4, 4]"
menetap,2.4,1.0,"[3, 3, 2, 4, 2, 3, 3, 3, 0, 1]"
bersikukuh,0.8,1.0,"[0, 1, 1, 1, 0, 1, 0, -1, 2, 3]"
rusuhan,0.8,1.0,"[-1, 0, 1, 1, -1, 2, 0, 2, 2, 2]"
meyakinkan,2.4,1.0,"[1, 3, 2, 2, 2, 3, 2, 3, 3, 3]"
berkukuh,1.6,1.0,"[0, 2, 1, 1, 2, 0, 2, 4, 1, 3]"
silang selisih,0.8,1.0,"[1, 0, 1, 1, 2, 1, 1, 1, 0, 0]"
bersiteguh,0.8,1.0,"[0, -1, 1, 0, 3, 1, 0, 1, 3, 0]"
syg,2.4,1.0,"[2, 1, 2, 4, 1, 4, 3, 3, 2, 2]"
hii,2.4,1.0,"[3, 3, 2, 2, 2, 4, 1, 4, 2, 1]"
pencegah,1.6,1.0,"[1, 2, 3, 1, -1, 0, 3, 0, 4, 3]"
dependen,2.4,1.0,"[2, 3, 3, 4, 2, 1, 3, 2, 2, 2]"
berteguh hati,3.2,1.0,"[3, 4, 4, 3, 4, 2, 3, 2, 4, 3]"
berkuat,2.4,1.0,"[2, 0, 4, 4, 1, 4, 2, 3, 2, 2]"
amin,2.4,1.0,"[2, 3, 4, 3, 2, 2, 2, 4, 1, 1]"
tersampai,1.6,1.0,"[0, 1, 2, 3, 1, 2, 0, 1, 2, 4]"
bersyukur,4.0,1.0,"[4, 4, 4, 4, 4, 4, 4, 4, 4, 4]"
bergeming,0.8,1.0,"[-1, 1, 3, 2, -1, 0, 0, 1, 2, 1]"
jernih (suasana),0.8,1.0,"[-1, 1, 2, 2, 1, 0, 1, 0, 1, 1]"
nunggu,0.8,1.0,"[1, 2, 1, 1, 1, 1, 0, 0, 0, 1]"
abis,0.8,1.0,"[-1, 1, 1, 2, 1, 0, 2, 0, 3, -1]"
bertekun,3.2,1.0,"[4, 3, 3, 3, 3, 2, 3, 4, 4, 3]"
selamat,4.0,1.0,"[4, 4, 4, 4, 4, 4, 4, 4, 4, 4]"
asmara,1.6,1.0,"[2, 2, 1, 3, 0, 1, 4, 1, 0, 2]"
bertahan,3.2,1.0,"[2, 3, 4, 3, 2, 3, 4, 4, 3, 4]"
suka-suka,2.4,1.0,"[3, 3, 0, 3, 2, 4, 3, 1, 4, 1]"
gapaian,2.4,1.0,"[4, 3, 1, 3, 3, 1, 2, 3, 0, 4]"
penguasaan,2.4,1.0,"[2, 2, 2, 2, 4, 3, 0, 4, 2, 3]"
iritasi,0.8,1.0,"[2, 2, 1, 1, 1, 1, 1, -1, 1, -1]"
mukhlis,2.4,1.0,"[3, 1, 1, 2, 4, 3, 1, 2, 4, 3]"
senyap,0.8,1.0,"[0, 1, 0, 1, 1, 1, 0, 1, 2, 1]"
terpukul,0.8,1.0,"[1, 2, 3, 0, 0, 0, 1, 0, 0, 1]"
elite,4.0,1.0,"[4, 4, 4, 4, 4, 4, 4, 4, 4, 4]"
asketisme,1.6,1.0,"[2, 2, 0, 3, 1, 1, 2, 2, 2, 1]"
cita rasa,2.4,1.0,"[3, 4, 2, 4, 1, 0, 3, 1, 2, 4]"
mampir,1.6,1.0,"[2, 2, 3, 2, 1, 1, 1, 2, 1, 1]"
pasif,0.8,1.0,"[-1, 3, 2, 0, 1, 1, 0, 1, 0, 1]"
interferensi,1.6,1.0,"[2, 2, 0, 2, 1, 3, 2, 1, 2, 1]"
membatu,1.6,1.0,"[4, 2, 1, 2, 0, 1, 1, 2, 2, 1]"
lurus hati,2.4,1.0,"[4, 2, 2, 3, 2, 0, 4, 2, 1, 4]"
geming,1.6,1.0,"[2, 2, 2, 0, 1, 2, 1, 2, 1, 3]"
stagnan,0.8,1.0,"[2, 4, -1, 1, -1, 1, 1, 2, 0, -1]"
membisu,0.8,1.0,"[1, 1, 1, 0, 1, 1, 1, 2, 0, 0]"
cengkeraman,0.8,1.0,"[1, 3, 1, 1, 1, -1, 1, 1, 1, -1]"
bungkam,0.8,1.0,"[2, -1, 1, 1, 0, 1, 1, 2, 1, 0]"
raihan,1.6,1.0,"[2, 2, 1, 2, 0, 2, 3, 2, 2, 0]"
asik,3.2,1.0,"[3, 4, 4, 2, 4, 4, 3, 3, 2, 3]"
ready,0.8,1.0,"[1, 2, 1, 2, 0, 1, 2, -2, 1, 0]"
sepantar,0.8,1.0,"[1, 2, 1, 1, 1, 0, 0, 2, 0, 0]"
usikan,0.8,1.0,"[1, 2, 1, -2, 0, 2, 0, 1, 0, 3]"
pantau,1.6,1.0,"[3, 0, 2, 1, 2, 1, 1, 2, 3, 1]"
tunduk,0.8,1.0,"[0, 1, 1, 1, 1, 3, 0, 0, 1, 0]"
karena allah,1.6,1.0,"[2, 2, 2, 1, 2, 2, 3, 3, 1, -2]"
fans,1.6,1.0,"[1, 3, 1, 2, 0, 0, 4, 1, 1, 3]"
provokasi,0.8,1.0,"[-1, 2, 0, 2, 2, 2, -1, 0, 1, 1]"
terbaring,1.6,1.0,"[4, 1, 3, 2, 0, 2, 2, 0, 1, 1]"
zuhud,1.6,1.0,"[3, 1, 2, 0, 1, 3, 1, 0, 3, 2]"
sporadis,1.6,1.0,"[3, 2, 3, 1, 1, 0, 3, 0, 2, 1]"
tertulang,1.6,1.0,"[0, -1, 3, 0, 2, 4, 2, 2, 2, 2]"
capaian,3.2,1.0,"[4, 3, 3, 4, 4, 1, 3, 2, 4, 4]"
rengkuhan,0.8,1.0,"[2, 3, -2, 0, 2, 1, 1, 0, 0, 1]"
sukarela,3.2,1.0,"[4, 4, 4, 3, 3, 4, 3, 1, 2, 4]"
sarannya,0.8,1.0,"[1, -1, 0, 1, 3, 1, 1, 0, 2, 0]"
pesan,1.6,1.0,"[1, -2, 1, 3, 2, 3, 1, 4, 2, 1]"
mencintaimu,3.2,1.0,"[3, 3, 3, 4, 4, 3, 4, 2, 3, 3]"
menutup mulut,0.8,1.0,"[0, 3, 0, 3, -1, 0, 0, -1, 1, 3]"
tidur,2.4,1.0,"[3, 1, 2, 2, 3, 2, 2, 3, 2, 4]"
beribadat,3.2,1.0,"[3, 3, 4, 2, 3, 2, 4, 3, 4, 4]"
meminta (kpd tuhan),2.4,1.0,"[3, 3, 2, 1, 3, 4, 1, 3, 1, 3]"
yoga,0.8,1.0,"[1, 1, 1, 2, 2, 0, 0, 0, 0, 1]"
sayid,2.4,1.0,"[1, 2, 3, 1, 3, 3, 1, 2, 4, 4]"
dapet,1.6,1.0,"[3, 2, 1, 1, 3, 1, 1, 1, 2, 1]"
mendoa,3.2,1.0,"[4, 3, 4, 4, 4, 3, 2, 2, 2, 4]"
berharap,3.2,1.0,"[2, 3, 4, 2, 4, 2, 4, 3, 4, 4]"
harap,2.4,1.0,"[1, 3, 2, 2, 0, 3, 3, 4, 4, 2]"
berdoa,3.2,1.0,"[4, 4, 4, 3, 2, 4, 2, 4, 3, 2]"
bersembahyang,4.0,1.0,"[4, 4, 4, 4, 4, 4, 4, 4, 4, 4]"
berselawat,2.4,1.0,"[3, 3, 1, 2, 2, 3, 2, 4, 1, 3]"
yes,2.4,1.0,"[3, 4, 1, 1, 4, 1, 4, 1, 3, 2]"
berpasrah,2.4,1.0,"[1, 3, 3, 2, 1, 3, 3, 3, 2, 3]"
buruan,0.8,1.0,"[0, 2, -1, 1, 2, 1, 2, 2, -1, 0]"
semi,1.6,1.0,"[2, 2, 1, 1, 2, 2, 1, 1, 2, 2]"
memanjatkan doa,3.2,1.0,"[3, 4, 3, 3, 4, 4, 1, 3, 4, 3]"
top,4.0,1.0,"[4, 4, 4, 4, 4, 4, 4, 4, 4, 4]"
mood,1.6,1.0,"[2, 1, 4, 1, 1, 0, 0, 3, 3, 1]"
berzikir,3.2,1.0,"[3, 4, 4, 4, 3, 4, 2, 4, 2, 2]"
kenal,2.4,1.0,"[2, 2, 0, 3, 2, 3, 3, 2, 3, 4]"
kebahagiaan,3.2,1.0,"[4, 4, 4, 2, 4, 3, 3, 2, 4, 2]"
dengerin,2.4,1.0,"[3, 3, 4, 1, 3, 2, 2, 1, 3, 2]"
bertanding,1.6,1.0,"[1, 2, 2, 1, 0, 2, 3, 1, 3, 1]"
berusaha,2.4,1.0,"[4, 2, 4, 1, 3, 3, 3, 2, -1, 3]"
jempolan,3.2,1.0,"[2, 2, 4, 4, 3, 2, 4, 3, 4, 4]"
yahud,3.2,1.0,"[3, 4, 3, 4, 4, 1, 4, 3, 3, 3]"
berjihad,2.4,1.0,"[1, 1, 3, 4, 3, 2, 2, 2, 4, 2]"
juang,2.4,1.0,"[1, 2, 4, 2, 3, 3, 2, 4, 1, 2]"
bersangkut,0.8,1.0,"[0, 1, 2, 0, 2, 2, 3, -1, 0, -1]"
mencolok,1.6,1.0,"[2, 2, 2, 2, 3, 1, 0, 1, 1, 2]"
pasar uang,1.6,1.0,"[1, 1, 1, 2, 1, 1, 1, 4, 2, 2]"
memikat,1.6,1.0,"[1, 2, 0, 3, 3, 1, 1, 2, 3, 0]"
taut,1.6,1.0,"[2, 0, 3, 1, 2, 1, 1, 2, 1, 3]"
bayar,0.8,1.0,"[-1, 0, -1, 1, 3, 3, 0, 2, -1, 2]"
menarik,3.2,1.0,"[4, 4, 4, 2, 2, 2, 4, 3, 3, 4]"
hebring,2.4,1.0,"[1, 1, 4, 3, 3, 2, 2, 3, 3, 2]"
seru,4.0,1.0,"[4, 4, 4, 4, 4, 4, 4, 4, 4, 4]"
pukul,0.8,1.0,"[2, 0, 2, 1, 1, -2, 2, 1, 1, 0]"
simak,2.4,1.0,"[3, 2, 2, 2, 2, 3, 3, 1, 3, 3]"
memuaskan,4.0,1.0,"[4, 4, 4, 4, 4, 4, 4, 4, 4, 4]"
aduhai,3.2,1.0,"[2, 4, 4, 3, 4, 3, 3, 1, 4, 4]"
bergelanggang,1.6,1.0,"[3, 0, 2, 2, 1, 3, 1, 0, 3, 1]"
hatiku,1.6,1.0,"[1, 0, 2, 1, 3, 1, 1, 4, 2, 1]"
love,4.0,1.0,"[4, 4, 4, 4, 4, 4, 4, 4, 4, 4]"
yuuk,3.2,1.0,"[2, 3, 4, 4, 2, 3, 4, 3, 4, 3]"
pelipuran,1.6,1.0,"[2, 1, 2, 1, 0, 3, 1, 1, 3, 2]"
profitabel,3.2,1.0,"[3, 3, 4, 4, 4, 2, 4, 4, 2, 2]"
tebal telinga,0.8,1.0,"[2, 2, 3, 0, 0, 0, 2, -1, -1, 1]"
senyumin,2.4,1.0,"[2, 2, 3, 3, 1, 4, 2, 1, 4, 2]"
cuek,0.8,1.0,"[-1, 1, 1, 2, 1, 1, 1, 0, 0, 2]"
berlaba,3.2,1.0,"[2, 4, 3, 3, 4, 4, 3, 3, 3, 3]"
peduli,3.2,1.0,"[4, 4, 2, 4, 4, 1, 3, 4, 2, 4]"
insyaallah,1.6,1.0,"[0, 2, 3, 2, 1, 2, 2, 1, 1, 2]"
berkhasiat,3.2,1.0,"[3, 2, 4, 3, 4, 3, 4, 3, 3, 3]"
diem,1.6,1.0,"[0, 0, 3, 2, 3, 2, 1, 2, 2, 1]"
menguntungkan,3.2,1.0,"[4, 3, 3, 4, 3, 2, 3, 2, 4, 4]"
mulu,1.6,1.0,"[2, 2, 1, 4, 0, 0, 3, 1, 1, 2]"
motivasi,2.4,1.0,"[3, 3, 3, 1, 2, 1, 4, 2, 3, 2]"
berkat,0.8,1.0,"[2, 0, 0, 1, -1, 1, 1, 1, 2, 1]"
apatis,0.8,1.0,"[2, 0, 1, 0, 0, 1, 2, -1, 2, 1]"
berhikmah,1.6,1.0,"[0, 2, 2, 0, 1, 2, 3, 2, 2, 2]"
berfaedah,3.2,1.0,"[4, 3, 3, 3, 3, 4, 1, 4, 3, 4]"
purnama,1.6,1.0,"[1, 1, 1, 2, 1, 2, 1, 2, 3, 2]"
mengagumkan,3.2,1.0,"[2, 4, 4, 4, 2, 4, 2, 3, 3, 4]"
siph,1.6,1.0,"[2, 2, 2, 3, 3, 1, 0, 2, 1, 0]"
inklusif,0.8,1.0,"[-1, -1, 0, 2, 4, 2, 1, 1, -1, 1]"
beneran,2.4,1.0,"[2, 3, 1, 1, 4, 1, 4, 3, 2, 3]"
wewenang,1.6,1.0,"[2, 1, 3, -1, 2, 1, 3, 2, 1, 2]"
mojang,1.6,1.0,"[2, 2, 2, 1, 2, 0, 1, 1, 3, 2]"
lunch,2.4,1.0,"[1, 3, 4, 2, 3, 1, 1, 2, 3, 4]"
aziz,1.6,1.0,"[0, 1, 2, 2, 1, 1, 2, 1, 3, 3]"
fav,4.0,1.0,"[4, 4, 4, 4, 4, 4, 4, 4, 4, 4]"
okay,3.2,1.0,"[4, 2, 2, 4, 4, 4, 4, 3, 2, 3]"
melancarkan,2.4,1.0,"[2, 4, 2, 2, 2, 2, 3, 2, 4, 1]"
nemenin,1.6,1.0,"[4, 1, 2, 3, 0, 1, 2, 0, 0, 3]"
cicip,2.4,1.0,"[2, 1, 1, 2, 3, 2, 3, 4, 2, 4]"
bunda,2.4,1.0,"[4, 3, 2, 2, 3, 0, 4, 1, 3, 2]"
laun,0.8,1.0,"[-1, 1, -1, 1, 0, 2, 1, 1, 3, 1]"
waras,1.6,1.0,"[2, 1, 0, 3, 1, 3, 3, 2, 2, -1]"
pinter,4.0,1.0,"[4, 4, 4, 4, 4, 4, 4, 4, 4, 4]"
melorot,0.8,1.0,"[1, -1, 2, 0, 0, 2, 1, 1, 1, 1]"
bilas,0.8,1.0,"[2, 3, 1, 2, -2, 1, 1, 0, 1, -1]"
terjeblos,0.8,1.0,"[2, 1, 2, 1, 0, 1, 0, 0, 1, 0]"
terjun,0.8,1.0,"[1, 1, 0, 0, 1, 1, 1, 1, -1, 3]"
menggelincir,0.8,1.0,"[3, 0, 0, 2, -1, 1, -1, 2, 1, 1]"
lunas (kapal,1.6,1.0,"[2, 0, 2, 1, 1, 2, 2, 2, 0, 4]"
rebah,1.6,1.0,"[3, 3, 1, 2, 2, 3, 0, 1, 0, 1]"
reparasi,2.4,1.0,"[3, 2, 1, 3, 3, 1, 3, 3, 3, 2]"
gontai,0.8,1.0,"[0, 0, 2, 1, -1, 1, 0, 2, 1, 2]"
sederhana,2.4,1.0,"[4, 2, 2, 2, 3, 2, 3, 2, 2, 2]"
tumpuan,1.6,1.0,"[2, 0, 1, 1, 3, 4, 1, 0, 1, 3]"
himpit,0.8,1.0,"[1, 2, 0, 1, 0, 2, 1, 1, 1, -1]"
turunan,0.8,1.0,"[0, 1, 0, 1, 1, 2, 0, -2, 4, 1]"
mudah,3.2,1.0,"[4, 4, 4, 4, 1, 4, 3, 4, 2, 2]"
tumbang,0.8,1.0,"[1, 1, 1, 2, -1, 2, 1, 0, 2, -1]"
live,2.4,1.0,"[3, 2, 2, 3, 2, 2, 2, 2, 3, 3]"
memandu,2.4,1.0,"[3, 3, 1, 3, 4, 2, 1, 2, 3, 2]"
gamblang,2.4,1.0,"[2, 3, 3, 3, 1, 1, 4, 4, 1, 2]"
terjungkal,0.8,1.0,"[2, -1, 0, 1, 0, 2, 3, 0, 1, 0]"
ngasih,2.4,1.0,"[2, 4, 3, 3, 3, 2, 1, 1, 3, 2]"
penyempurnaan,2.4,1.0,"[2, 2, 3, 2, 3, 2, 1, 4, 3, 2]"
asasi,2.4,1.0,"[3, 1, 2, 3, 3, 0, 3, 3, 3, 3]"
gurufavorit,2.4,1.0,"[2, 3, 3, 2, 1, 2, 2, 3, 4, 2]"
friends,2.4,1.0,"[4, 3, 2, 1, 1, 2, 2, 3, 2, 4]"
tercemplung,0.8,1.0,"[1, 2, 1, 1, 2, -2, 3, -1, 0, 1]"
rektifikasi,0.8,1.0,"[2, 2, 0, 1, 0, 1, 1, 1, 0, 0]"
meringankan,1.6,1.0,"[2, 2, 2, 2, 0, 1, 1, 3, 1, 2]"
mamak,1.6,1.0,"[1, 2, 3, 1, 2, 1, 1, 1, 3, 1]"
lambat,0.8,1.0,"[2, 0, 2, -1, 1, 2, -1, 0, 1, 2]"
memudahkan,2.4,1.0,"[1, 3, 2, 4, 2, 2, 3, 2, 4, 1]"
terbanting,0.8,1.0,"[3, -2, 3, 1, 1, -1, 1, 0, 2, 0]"
pencitraan,1.6,1.0,"[0, 3, 4, 1, 3, 1, 0, 1, 2, 1]"
berikhtiar,2.4,1.0,"[4, 4, 2, 2, 1, 4, 0, 1, 2, 4]"
belanja,1.6,1.0,"[0, 2, 2, 1, 3, 3, 1, 0, 1, 3]"
andai,1.6,1.0,"[2, 2, 1, 0, 2, 2, 2, 2, 1, 2]"
lingsir,1.6,1.0,"[3, 1, 0, 1, 2, 3, 1, 2, 2, 1]"
murah,2.4,1.0,"[2, 1, 3, 2, 3, 4, 1, 4, 1, 3]"
assalamualaikum,2.4,1.0,"[2, 3, 4, 2, 3, 3, 2, 1, 2, 2]"
ibunda,2.4,1.0,"[3, 4, 3, 1, 1, 2, 2, 3, 4, 1]"
luruh,1.6,1.0,"[4, 2, 0, 2, 2, 1, 1, 0, 1, 3]"
fondasi,1.6,1.0,"[3, 1, 1, 3, 2, 1, 3, 1, 0, 1]"
arabika,1.6,1.0,"[2, 0, 2, 1, 2, 1, 1, 1, 3, 3]"
membayangkan,1.6,1.0,"[1, 2, 2, 1, 2, 0, 1, 3, 2, 2]"
rekonsiliasi,3.2,1.0,"[4, 1, 4, 4, 3, 3, 2, 3, 4, 4]"
copot,0.8,1.0,"[1, 1, 2, 0, 1, 0, 1, 3, 0, -1]"
simbok,1.6,1.0,"[2, 1, 1, -1, 2, 4, 2, 2, 2, 1]"
saldo,1.6,1.0,"[2, 1, 1, 2, 2, 1, 2, 0, 2, 3]"
berjatuhan,0.8,1.0,"[1, -1, 0, 1, 2, 1, 2, 1, 1, 0]"
tergelincir,0.8,1.0,"[2, 0, 1, 0, 0, 0, 0, 2, 2, 1]"
memuluskan,2.4,1.0,"[3, 2, 1, 3, 1, 1, 2, 4, 3, 4]"
rontok,0.8,1.0,"[2, 1, 1, 0, -1, 1, 0, 1, 1, 2]"
islam,3.2,1.0,"[2, 3, 3, 4, 4, 2, 4, 4, 3, 3]"
mama,3.2,1.0,"[3, 1, 4, 2, 4, 4, 2, 4, 4, 4]"
filial,1.6,1.0,"[3, 3, 1, 0, 2, 2, 2, 0, 1, 2]"
ujian,0.8,1.0,"[0, 2, 1, 1, 1, 1, 0, 1, 1, 0]"
puterin,0.8,1.0,"[2, 1, 1, 2, 0, 1, 1, 0, 1, -1]"
mengantongi,0.8,1.0,"[2, 1, 0, 2, 1, 1, 1, 0, 0, 0]"
gugur,0.8,1.0,"[2, 0, 0, 2, 2, 0, -1, 0, 2, 1]"
berbuah,1.6,1.0,"[2, 2, 2, 1, 2, 1, 0, 2, 3, 1]"
bersila,1.6,1.0,"[1, 4, 0, 3, 2, 0, 1, 1, 2, 2]"
inovasi,3.2,1.0,"[4, 4, 3, 4, 2, 1, 4, 4, 4, 2]"
berumah tangga,1.6,1.0,"[0, 1, 2, 3, 1, 1, 3, 1, 1, 3]"
berbakat,3.2,1.0,"[4, 3, 2, 3, 4, 4, 3, 3, 3, 3]"
ngerti,0.8,1.0,"[-2, 1, 1, 0, 1, 1, 1, 2, 2, 1]"
menumpang tinggal,0.8,1.0,"[-1, 1, 2, 1, 1, 1, 3, -1, 0, 1]"
menggelesot,0.8,1.0,"[2, 0, 0, 0, 2, 0, 2, 1, 0, 1]"
kuliah,0.8,1.0,"[1, 1, 1, -1, 1, 1, 2, 1, -1, 2]"
berbunga,2.4,1.0,"[3, 2, 3, 2, 1, 3, 3, 4, 1, 2]"
filsafat,2.4,1.0,"[3, 4, 1, 3, 3, 2, 2, 1, 2, 3]"
berketurunan,1.6,1.0,"[3, 3, 1, 3, 0, 1, 0, 2, 1, 2]"
tinggal,0.8,1.0,"[0, -2, 1, 1, 2, 1, 2, 1, 1, 1]"
wafat,0.8,1.0,"[1, 1, -1, 2, 1, 1, 2, 0, 1, 0]"
bertunangan,2.4,1.0,"[3, 1, 1, 4, 3, 4, 4, 0, 1, 3]"
kepo,1.6,1.0,"[1, 2, 2, 1, 3, 4, 0, 1, 2, 0]"
menongkrong,0.8,1.0,"[0, 1, 2, 1, 2, 0, -1, 2, 1, 0]"
dimulai,0.8,1.0,"[1, 2, 1, 0, 0, 1, 1, 2, 1, -1]"
tabungan,2.4,1.0,"[1, 2, 3, 1, 3, 3, 3, 2, 4, 2]"
kuat (dugaan),1.6,1.0,"[0, 1, 1, 3, 1, 3, 2, 2, 2, 1]"
deposito,2.4,1.0,"[2, 2, 3, 3, 2, 1, 2, 2, 3, 4]"
hy,0.8,1.0,"[1, 2, 0, 0, 0, 2, 0, 1, 1, 1]"
mewarisi,2.4,1.0,"[3, 3, 3, 3, 3, 2, 1, 2, 2, 2]"
komedi,2.4,1.0,"[2, 4, 1, 1, 3, 3, 1, 1, 4, 4]"
fokus,2.4,1.0,"[1, 2, 4, 2, 2, 3, 2, 2, 4, 2]"
bebodoran,1.6,1.0,"[1, 3, 3, 1, 1, 0, 2, 2, 2, 1]"
lahir,2.4,1.0,"[2, 2, 2, 3, 2, 3, 2, 3, 2, 3]"
deket,0.8,1.0,"[2, 0, 0, 0, 1, 1, 1, 1, 1, 1]"
dewasa,1.6,1.0,"[4, 2, 1, 1, 1, 2, 1, 1, 2, 1]"
menikah,3.2,1.0,"[3, 4, 4, 4, 3, 4, 3, 3, 1, 3]"
tekad,3.2,1.0,"[4, 2, 2, 4, 3, 3, 4, 4, 3, 3]"
bermukim,1.6,1.0,"[4, 2, 2, 1, 1, 0, 0, 2, 2, 2]"
berpembawaan,0.8,1.0,"[-1, 0, 2, 2, 1, 0, 2, 3, 0, -1]"
pertukaran,0.8,1.0,"[-1, 1, 1, 0, 0, 2, 0, 1, 2, 2]"
dagelan,2.4,1.0,"[1, 1, 3, 4, 2, 2, 3, 3, 3, 2]"
kasad,0.8,1.0,"[1, 0, 0, 1, 1, 1, 1, 1, 1, 1]"
kelucuan,2.4,1.0,"[3, 4, 2, 1, 4, 2, 2, 3, 1, 2]"
keduniaan,0.8,1.0,"[3, 0, 1, 2, 0, 0, 1, 0, 1, 0]"
tawakal,2.4,1.0,"[1, 1, 4, 2, 3, 3, 3, 3, 2, 2]"
cash,1.6,1.0,"[2, 3, 2, 1, 1, 3, 2, 1, 0, 1]"
mengesahkan,1.6,1.0,"[4, 2, 1, 1, 2, 1, 1, 1, 1, 2]"
pamrih,0.8,1.0,"[1, 1, 0, 1, 0, 2, 1, 0, 1, 1]"
join,0.8,1.0,"[-1, 2, -1, 3, 2, 0, 0, 2, 0, 1]"
pancaroba,0.8,1.0,"[0, 1, 2, -1, 0, 0, 0, 2, 2, 2]"
kunjungi,2.4,1.0,"[2, 3, 2, 3, 3, 2, 2, 2, 3, 2]"
berdaya guna,3.2,1.0,"[3, 4, 4, 4, 2, 4, 4, 2, 2, 3]"
modifikasi,1.6,1.0,"[2, 3, 2, 1, -1, 2, 0, 3, 1, 3]"
mengirat,1.6,1.0,"[2, 4, 2, 2, -1, 2, 1, 1, 2, 1]"
searah,0.8,1.0,"[-1, 0, 1, 0, 0, 1, 2, 1, 2, 2]"
khusyuk,2.4,1.0,"[2, 2, 2, 4, 3, 4, 1, 2, 1, 3]"
adi,1.6,1.0,"[1, 1, 0, 3, 1, 3, 3, 2, 2, 0]"
sob,1.6,1.0,"[2, 0, 2, 0, 1, 2, 3, 3, 1, 2]"
beroperasi,0.8,1.0,"[0, 0, 0, 3, 0, 1, 0, 1, 1, 2]"
didik,2.4,1.0,"[1, 2, 4, 2, 1, 3, 4, 1, 3, 3]"
vote,0.8,1.0,"[-1, -2, 2, 1, 1, 0, 3, 1, 2, 1]"
iflix,0.8,1.0,"[0, 0, 1, 2, -1, 1, 2, 2, 2, -1]"
gratifikasi,1.6,1.0,"[3, 2, 2, 2, 1, 2, 1, 0, 2, 1]"
pamit,1.6,1.0,"[1, 1, 1, 1, 2, 1, 2, 4, 1, 2]"
ekstra,2.4,1.0,"[2, 3, 3, 2, 1, 3, 1, 4, 3, 2]"
bermohon,2.4,1.0,"[0, 3, 4, 2, 2, 2, 3, 1, 3, 4]"
berdua,0.8,1.0,"[1, 2, 1, 0, 2, 0, 1, -1, 0, 2]"
angguk,0.8,1.0,"[1, 0, 3, 1, 1, -1, 1, 1, 2, -1]"
bepergian,0.8,1.0,"[1, 1, 0, 3, 1, 1, 0, -1, 1, 1]"
joli,0.8,1.0,"[1, 0, 0, 2, 0, 1, 1, 2, 0, 1]"
jodoh,2.4,1.0,"[3, 2, 1, 2, 4, 3, 4, 2, 1, 2]"
terkoneksi,2.4,1.0,"[1, 3, 3, 3, 2, 4, 3, 1, 2, 2]"
herbal,1.6,1.0,"[1, 2, 3, 0, 2, 0, 4, 2, 2, 0]"
sesuai,2.4,1.0,"[2, 2, 4, 3, 1, 3, 1, 1, 3, 4]"
sekata,2.4,1.0,"[3, 3, 4, 1, 3, 1, 3, 4, 0, 2]"
laporkan,1.6,1.0,"[2, 1, 2, 1, 2, 1, 1, 3, 1, 2]"
penghidupan,1.6,1.0,"[1, 3, 0, 3, 4, 1, 0, 1, 2, 1]"
utopia,1.6,1.0,"[2, 1, 2, 2, 1, 2, 1, 1, 3, 1]"
berkenan,1.6,1.0,"[2, 2, 1, 2, 0, 2, 1, 2, 3, 1]"
rahim,1.6,1.0,"[2, 3, 1, 2, 1, 2, 1, 1, 1, 2]"
lewat,1.6,1.0,"[1, 2, 3, 2, 1, 2, 2, 1, 1, 1]"
geleser,0.8,1.0,"[2, -1, 2, 1, 2, 0, -1, -1, 2, 2]"
special,3.2,1.0,"[2, 4, 3, 4, 2, 4, 4, 4, 3, 2]"
obsesi,0.8,1.0,"[0, 1, 1, 3, 0, -1, 1, 1, -1, 3]"
sepakat,3.2,1.0,"[3, 3, 2, 4, 3, 4, 2, 4, 3, 4]"
bermohon diri,1.6,1.0,"[1, 1, 2, 1, 3, 2, 1, 2, 2, 1]"
insentif,2.4,1.0,"[1, 3, 3, 3, 4, 3, 4, 1, 1, 1]"
nafkah,2.4,1.0,"[3, 3, 2, 3, 2, 1, 3, 3, 4, 0]"
setuju,3.2,1.0,"[2, 3, 2, 3, 4, 3, 4, 3, 4, 4]"
curhat,1.6,1.0,"[0, 1, 2, 1, 3, 2, 2, 0, 3, 2]"
berproses,0.8,1.0,"[1, 0, 2, -1, 0, 1, 1, 1, 1, 2]"
varian,0.8,1.0,"[1, 1, 1, 0, 0, 1, 1, 1, 1, 1]"
oke,1.6,1.0,"[0, 0, 2, 2, 2, 3, 1, 4, 1, 1]"
kesabaran,4.0,1.0,"[4, 4, 4, 4, 4, 4, 4, 4, 4, 4]"
mufakat,3.2,1.0,"[1, 2, 3, 4, 4, 4, 4, 3, 4, 3]"
rawat,2.4,1.0,"[3, 4, 4, 3, 2, 1, 2, 2, 2, 1]"
mikir,1.6,1.0,"[3, 2, 1, 2, 3, -1, 2, 3, 1, 0]"
karunia,3.2,1.0,"[4, 4, 2, 3, 3, 4, 2, 4, 3, 3]"
beredar,1.6,1.0,"[2, 1, 2, -1, 1, 4, 2, 3, 1, 1]"
rangkap,1.6,1.0,"[2, 1, -1, 2, 3, 1, 1, 1, 3, 3]"
tengah,1.6,1.0,"[2, 2, 0, 4, 2, 0, 2, 2, 1, 1]"
komisi,2.4,1.0,"[2, 2, 2, 2, 1, 3, 3, 3, 3, 3]"
check,0.8,1.0,"[1, 2, 2, -1, 1, 0, 0, 1, 1, 1]"
nasi,1.6,1.0,"[1, 1, 2, -1, 3, 2, 4, 1, 1, 2]"
serasi,3.2,1.0,"[4, 2, 3, 2, 3, 4, 4, 3, 3, 4]"
maklumat,1.6,1.0,"[0, 2, 3, 4, 2, 2, 2, 0, 1, 0]"
darurat,0.8,1.0,"[0, 0, 2, 0, 1, 1, 2, 0, 2, 0]"
disarankan,0.8,1.0,"[2, 0, 0, 1, 2, 0, 1, -1, 1, 2]"
inisiator,2.4,1.0,"[1, 4, 1, 2, 1, 3, 2, 4, 2, 4]"
substansial,0.8,1.0,"[1, 0, 1, 1, 1, 2, 1, 0, -1, 2]"
luntur,0.8,1.0,"[2, 0, -1, 1, 2, 1, 3, 0, 0, 0]"
trima,0.8,1.0,"[1, 0, 0, 1, 1, 1, 2, 0, 2, 0]"
berbagi,1.6,1.0,"[1, 1, 3, 1, -1, 1, 3, 3, 2, 2]"
kabar,1.6,1.0,"[3, 0, 3, 3, 3, 1, 2, 0, 0, 1]"
tiara,2.4,1.0,"[1, 2, 3, 2, 3, 4, 2, 2, 3, 2]"
lancar,3.2,1.0,"[3, 4, 4, 2, 4, 3, 3, 2, 4, 3]"
lanjutkan,0.8,1.0,"[1, 1, 2, 0, 2, 1, 0, 1, 0, 0]"
baik-baik,2.4,1.0,"[3, 1, 3, 2, 1, 3, 2, 3, 3, 3]"
pelancar,1.6,1.0,"[1, 1, 1, 3, 2, 0, 1, 2, 2, 3]"
say,0.8,1.0,"[1, 2, 0, 2, 0, 0, 3, 1, -1, 0]"
ajak,0.8,1.0,"[1, 0, 0, 1, 1, 1, 1, 1, 1, 1]"
meminta,0.8,1.0,"[0, 1, 0, -1, 2, 1, 1, 2, 1, 1]"
publikasi,1.6,1.0,"[1, 1, 0, 2, 1, 2, 3, 2, 2, 2]"
benar-benar,1.6,1.0,"[2, 1, 1, 2, 1, 1, 2, 2, 3, 1]"
rasio,0.8,1.0,"[-1, 1, 2, 1, 2, 0, 0, 1, 1, 1]"
baper,0.8,1.0,"[-1, 1, 2, -2, 1, 1, 1, 3, 0, 2]"
intensif,1.6,1.0,"[2, 1, 1, 3, 1, 2, 2, 1, 3, 0]"
menyembul,0.8,1.0,"[3, 0, 0, -1, 1, 0, 1, 1, 1, 2]"
hadir,1.6,1.0,"[1, 4, 2, -1, 1, 1, 2, 2, 3, 1]"
muncul,0.8,1.0,"[1, 3, 0, 2, -1, 0, 0, 1, 0, 2]"
menukar,0.8,1.0,"[1, 2, -2, 2, 1, 1, 2, 2, -1, 0]"
ayunan,2.4,1.0,"[2, 3, 2, 4, 3, 1, 3, 1, 2, 3]"
berhati-hati,2.4,1.0,"[1, 1, 1, 3, 3, 3, 3, 3, 3, 3]"
kembang-kempis,2.4,1.0,"[4, 2, 3, 2, 2, 2, 1, 3, 1, 4]"
hastag,0.8,1.0,"[2, -1, 1, 1, 1, 2, 1, -1, 1, 1]"
diskaun,2.4,1.0,"[4, 3, 4, 2, 1, 1, 2, 2, 3, 2]"
jumat,1.6,1.0,"[2, 1, 3, 4, 2, -1, 0, 2, 1, 2]"
babe,2.4,1.0,"[0, 4, 1, 2, 3, 2, 2, 2, 4, 4]"
merapal,0.8,1.0,"[0, 2, 1, 1, 0, 2, 0, 0, 0, 2]"
bergetar,0.8,1.0,"[2, 0, 0, 1, 0, 3, 1, 1, 1, -1]"
mengerubungi,0.8,1.0,"[-1, 0, 1, 2, 1, 1, 2, 2, 1, -1]"
bernyanyi,1.6,1.0,"[3, 0, 1, 2, 3, 0, 3, 1, 2, 1]"
terperengah,0.8,1.0,"[0, 1, 1, 0, 0, 1, 1, 1, 1, 2]"
irit,1.6,1.0,"[0, 2, 1, 1, 3, 2, 1, 1, 2, 3]"
bergema,0.8,1.0,"[3, -1, 0, 2, 2, 1, 0, 1, 0, 0]"
setir,0.8,1.0,"[0, 0, -2, 1, 2, 0, 1, 2, 2, 2]"
penggunaan,0.8,1.0,"[0, 1, 2, 2, 1, 0, 0, 1, 1, 0]"
selidik,1.6,1.0,"[1, 1, 3, 1, 3, 2, 2, 0, 2, 1]"
penimbunan,0.8,1.0,"[0, 2, 2, 1, 0, 0, 1, 0, 1, 1]"
muslim,2.4,1.0,"[2, 2, 4, 1, 3, 3, 1, 3, 3, 2]"
merinai,0.8,1.0,"[1, 1, 1, 0, 3, 1, 1, -1, 0, 1]"
memindahkan,0.8,1.0,"[1, 1, 0, 1, 0, 0, 0, 0, 3, 2]"
swagriya,1.6,1.0,"[2, 3, 0, 3, 1, 1, 2, 2, 3, -1]"
memperhitungkan,0.8,1.0,"[1, 0, -1, 2, 0, 0, 1, 0, 3, 2]"
lelang,0.8,1.0,"[1, 2, 0, 1, 1, 1, -1, 0, 1, 2]"
cuat,1.6,1.0,"[1, 2, 2, 1, 3, 2, 0, 2, 2, 1]"
kenangan,2.4,1.0,"[4, 3, 2, 2, 1, 3, 4, 3, 1, 1]"
kehebohan,0.8,1.0,"[1, 0, 2, 2, 1, 1, 1, 0, -1, 1]"
maksimal,2.4,1.0,"[2, 4, 2, 2, 2, 2, 4, 1, 2, 3]"
dipantau,1.6,1.0,"[0, 2, 3, 2, 2, 3, 2, 0, 1, 1]"
smartphone,0.8,1.0,"[0, 0, 0, 2, 3, 0, 2, 2, -2, 1]"
penabung,2.4,1.0,"[2, 3, 1, 4, 3, 1, 2, 2, 4, 2]"
sharing,2.4,1.0,"[2, 2, 4, 3, 0, 1, 3, 2, 4, 3]"
tampak,0.8,1.0,"[1, 1, 2, 0, 2, 2, 0, 0, -1, 1]"
ngerasain,0.8,1.0,"[-2, 2, 2, 1, 1, 2, 1, 1, -1, 1]"
jagalah,2.4,1.0,"[4, 1, 4, 1, 1, 3, 2, 4, 1, 3]"
penumpukan,0.8,1.0,"[3, 1, 1, 1, 3, -1, 1, 0, -2, 1]"
lovers,3.2,1.0,"[3, 3, 4, 2, 4, 2, 4, 4, 4, 2]"
gelegak,0.8,1.0,"[-1, -1, 3, 2, 0, 0, 2, 1, 0, 2]"
nyanyi,2.4,1.0,"[2, 3, 2, 3, 2, 1, 2, 3, 3, 3]"
bahas,1.6,1.0,"[1, 3, 1, 1, 2, 2, 2, 0, 2, 2]"
pengembangannya,2.4,1.0,"[1, 2, 3, 2, 2, 2, 3, 4, 3, 2]"
tertinggi,2.4,1.0,"[4, 2, 2, 3, 2, 1, 3, 3, 0, 4]"
lenggang,1.6,1.0,"[1, 2, 2, 0, 2, 1, 3, 1, 1, 3]"
monggo,2.4,1.0,"[2, 3, 3, 3, 2, 3, 2, 2, 1, 3]"
mengeroyok,0.8,1.0,"[1, 2, -1, 2, 1, 1, 1, 0, 1, 0]"
ayun,0.8,1.0,"[0, 3, 0, 0, 1, 0, 2, -1, 2, 1]"
aba,1.6,1.0,"[1, 1, 2, -1, 2, 2, 2, 2, 3, 2]"
abi,1.6,1.0,"[3, 3, 1, 1, 2, 1, 0, 2, 2, 1]"
queen,1.6,1.0,"[2, 1, 3, 2, 2, 0, 1, 2, 2, 1]"
ekonomis,2.4,1.0,"[3, 2, 1, 2, 3, 3, 2, 4, 2, 2]"
mengangsur,0.8,1.0,"[1, 0, 0, 1, -1, 1, 1, 3, 1, 1]"
sebenernya,0.8,1.0,"[-1, 1, 0, 0, 0, 3, 0, 1, 1, 3]"
refresh,1.6,1.0,"[3, 2, 1, 1, 2, 2, 1, 0, 3, 1]"
orang islam,1.6,1.0,"[1, 3, 1, 1, 4, 1, 1, 0, 2, 2]"
nice,3.2,1.0,"[4, 4, 4, 4, 3, 2, 3, 3, 3, 2]"
ayahanda,0.8,1.0,"[0, 0, 1, 2, 0, 3, 0, 2, 1, -1]"
membahas,0.8,1.0,"[2, 1, 1, 1, 1, 2, 0, 1, 0, -1]"
menorehkan,0.8,1.0,"[1, -1, 1, 0, 2, 1, 2, -2, 3, 1]"
penambahan,1.6,1.0,"[0, 2, 2, 0, 2, -1, 4, 4, 0, 3]"
kaitan,0.8,1.0,"[4, 0, 0, 0, 0, 1, 2, 1, 0, 0]"
menyembur,0.8,1.0,"[0, -1, 1, 1, 1, 1, 1, 1, 2, 1]"
gesek,0.8,1.0,"[1, 0, 0, 3, -1, 1, 2, 0, 1, 1]"
geser,0.8,1.0,"[0, -1, 1, 2, 0, 2, 3, 1, 2, -2]"
tetap hati,2.4,1.0,"[3, 4, 4, 1, 3, 2, 1, 2, 3, 1]"
tercinta,3.2,1.0,"[4, 4, 3, 2, 3, 4, 2, 4, 2, 4]"
signifikansi,1.6,1.0,"[4, 2, 2, -2, 0, 2, 1, 3, 1, 3]"
sidang,0.8,1.0,"[2, 1, 2, 1, 0, 1, 1, 0, 0, 0]"
penggentaran,0.8,1.0,"[0, -1, 1, 1, 3, 1, 0, 1, 0, 2]"
definit,1.6,1.0,"[1, 1, 2, 3, 2, 1, 3, 2, 0, 1]"
jali,1.6,1.0,"[3, 2, 2, 0, 4, 1, 2, 1, 1, 0]"
kekerabatan,2.4,1.0,"[4, -2, 3, 2, 4, 2, 3, 2, 4, 2]"
afiliasi,1.6,1.0,"[1, 3, 2, 0, 2, 1, 1, 1, 3, 2]"
konkret,2.4,1.0,"[1, 3, 3, 2, 2, 2, 2, 3, 3, 3]"
chat,2.4,1.0,"[3, 4, 0, 0, 3, 3, 3, 3, 2, 3]"
alim,1.6,1.0,"[0, 1, 0, 1, 3, 2, 1, 3, 2, 3]"
fanbase,2.4,1.0,"[2, 4, 3, 3, 1, 3, 1, 2, 3, 2]"
reseptor,1.6,1.0,"[1, 2, 1, 2, 2, 3, 0, 3, 1, 1]"
maujud,1.6,1.0,"[1, 2, 2, 1, 1, 1, 3, 1, 1, 3]"
merah jambu,2.4,1.0,"[2, 3, 0, 2, 2, 4, 2, 4, 3, 2]"
komunitas,1.6,1.0,"[1, 2, 2, 0, 2, 2, 2, 1, 2, 2]"
eviden,2.4,1.0,"[2, 3, 2, 3, 1, 4, 2, 2, 3, 2]"
genah,1.6,1.0,"[2, 0, 3, 2, 1, 2, 1, 3, 2, 0]"
sensibel,1.6,1.0,"[2, 1, 1, 2, 1, 1, 3, -1, 4, 2]"
coffee,1.6,1.0,"[0, 1, 2, 2, 1, 2, 1, 3, 3, 1]"
bernyali besar,2.4,1.0,"[3, 2, 2, 4, 1, 3, 1, 3, 2, 3]"
sangat,2.4,1.0,"[2, 2, 2, 3, 3, 1, 3, 3, 1, 4]"
goda,1.6,1.0,"[1, 1, 2, 1, 2, 2, 3, 1, 1, 2]"
sparing,2.4,1.0,"[2, 1, 3, 2, 4, 3, 2, 3, 2, 2]"
jaringan,2.4,1.0,"[3, 3, 3, 1, 3, 1, 2, 1, 4, 3]"
real,1.6,1.0,"[2, 0, 1, 3, 3, 0, 2, 2, 1, 2]"
sentuh,0.8,1.0,"[1, 3, 0, 1, 1, 1, -1, 0, 2, 0]"
belajar,2.4,1.0,"[2, 3, 4, 4, 1, 2, 1, 3, 2, 2]"
informasinya,1.6,1.0,"[4, 3, 3, 1, -1, 1, 0, 0, 4, 1]"
mengaibkan,0.8,1.0,"[-1, 0, 1, 1, 1, 0, 2, -1, 3, 2]"
membiasakan,1.6,1.0,"[3, 0, 3, 0, 2, 1, 2, 1, 3, 1]"
konfirmasinya,2.4,1.0,"[3, 3, 2, 3, 4, 3, 2, 1, 2, 1]"
kesimpulan,2.4,1.0,"[4, 1, 2, 2, 2, 3, 4, 2, 2, 2]"
berwujud,1.6,1.0,"[0, 2, 2, 2, 0, 3, 2, 2, 2, 1]"
pantas mulut,1.6,1.0,"[3, 2, 1, 2, 2, 2, 0, 1, 2, 1]"
rizki,3.2,1.0,"[4, 0, 3, 4, 4, 4, 3, 4, 2, 4]"
latih,2.4,1.0,"[2, 4, 1, 3, 2, 3, 4, 1, 3, 1]"
sweet,2.4,1.0,"[3, 4, 2, 3, 3, 1, 0, 3, 2, 3]"
bernyali,3.2,1.0,"[3, 1, 4, 4, 3, 2, 4, 4, 3, 4]"
kentara,0.8,1.0,"[-1, 0, 1, 2, -1, 2, 1, 2, 2, 0]"
banget,0.8,1.0,"[1, 1, -2, -1, 2, 2, 1, 1, 2, 1]"
percaya diri,3.2,1.0,"[4, 3, 3, 3, 4, 4, 2, 4, 3, 2]"
adzan,2.4,1.0,"[3, 1, 2, 3, 3, 2, 3, 3, 2, 2]"
transparansi,1.6,1.0,"[1, 2, 1, 2, 2, 2, 2, 2, 1, 1]"
salamat,3.2,1.0,"[4, 4, 2, 4, 2, 4, 2, 3, 3, 4]"
dear,1.6,1.0,"[2, 4, 1, 1, 0, 1, 2, 3, 1, 1]"
persangkutan,1.6,1.0,"[2, 1, 3, 1, 2, 2, 2, 0, 2, 1]"
candang,1.6,1.0,"[2, 2, 1, 3, 2, 3, 0, 0, 3, 0]"
anut,1.6,1.0,"[1, 3, 0, 2, 3, 0, 2, 2, 1, 2]"
jalanin,1.6,1.0,"[1, 3, 1, 1, 2, 3, 0, 2, 1, 2]"
pandai bicara,2.4,1.0,"[3, 4, 4, 1, 2, 1, 3, 2, 2, 2]"
pancur,0.8,1.0,"[2, 0, 0, 1, 1, -1, 0, 1, 2, 2]"
interaksi,2.4,1.0,"[4, 2, 2, 2, 1, 2, 2, 3, 3, 3]"
alim arif,3.2,1.0,"[3, 4, 2, 4, 3, 3, 4, 3, 2, 4]"
cakep,4.0,1.0,"[4, 4, 4, 4, 4, 4, 4, 4, 4, 4]"
single,2.4,1.0,"[2, 0, 3, 3, 3, 4, 3, 4, 0, 2]"
penerima,1.6,1.0,"[0, 2, 1, 2, 3, 2, 1, 1, 1, 3]"
langgam,1.6,1.0,"[3, 1, 2, 2, 0, 0, 2, 4, 1, 1]"
merah muda,2.4,1.0,"[4, 2, 2, 2, 3, 4, 1, 3, 0, 3]"
nyali besar,2.4,1.0,"[3, 1, 2, 0, 3, 4, 2, 2, 4, 3]"
nekat,1.6,1.0,"[3, 3, 1, 1, 1, 0, 1, -1, 3, 4]"
kesatria,1.6,1.0,"[3, 2, 2, 1, 0, 0, 1, 1, 3, 3]"
sungguh-sungguh,1.6,1.0,"[1, 2, 1, 1, 2, 3, 1, 2, 2, 1]"
konfirmasikan,2.4,1.0,"[3, 3, 3, 2, 2, 1, 2, 4, 3, 1]"
bentur,0.8,1.0,"[0, 2, 2, 1, -1, 1, 2, 2, -1, 0]"
determinasi,2.4,1.0,"[3, 1, 3, 3, 2, 4, 2, 3, 2, 1]"
medium,1.6,1.0,"[1, 3, 2, 1, 1, 0, 2, 2, 2, 2]"
tampilan,0.8,1.0,"[3, 3, -1, 1, 1, -1, 1, 1, 1, -1]"
baku,0.8,1.0,"[0, 1, 0, 2, 3, 0, 2, -2, 1, 1]"
kubra,1.6,1.0,"[2, -1, 4, 2, 1, 2, 3, 1, 1, 1]"
satria,3.2,1.0,"[3, 4, 3, 3, 4, 1, 2, 4, 4, 4]"
jentelmen,2.4,1.0,"[2, 1, 4, 0, 4, 3, 2, 4, 2, 2]"
relevansi,1.6,1.0,"[0, 0, 2, 1, 2, 3, 1, 2, 3, 2]"
penyambut,1.6,1.0,"[-1, 2, -1, 3, 1, 4, 3, 1, 2, 2]"
faktual,2.4,1.0,"[3, 0, 3, 3, 3, 1, 4, 3, 2, 2]"
krim,0.8,1.0,"[2, 0, -2, 1, 0, 2, 1, 2, 0, 2]"
melakoni,0.8,1.0,"[1, 0, 1, 1, 2, 2, 0, 1, 0, 0]"
jamiah,0.8,1.0,"[1, 1, 1, 1, 1, 1, 1, 0, 1, 0]"
esok,0.8,1.0,"[2, 1, 0, 2, 3, -2, 1, 1, 1, -1]"
dikasih,1.6,1.0,"[3, 2, 2, 1, 1, 1, 2, 0, 1, 3]"
penunggu dunia,1.6,1.0,"[0, 1, 3, 2, 1, 2, 1, 2, 1, 3]"
ijab,1.6,1.0,"[1, 4, -1, 1, 2, 2, 2, 2, 1, 2]"
menayangkan,1.6,1.0,"[2, 3, 3, 1, 0, 1, 0, 2, 2, 2]"
snapback,1.6,1.0,"[2, 0, 3, 0, 2, 3, 1, 1, 3, 1]"
pinky,2.4,1.0,"[1, 3, 3, 2, 1, 3, 2, 2, 3, 4]"
sejenak,0.8,1.0,"[1, 2, 0, 0, 0, 1, 0, 0, 2, 2]"
favorite,3.2,1.0,"[2, 4, 4, 1, 4, 4, 4, 3, 4, 2]"
sigap,3.2,1.0,"[4, 3, 2, 3, 2, 4, 4, 4, 3, 3]"
membimbingmu,2.4,1.0,"[1, 2, 3, 4, 4, 2, 3, 2, 1, 2]"
couple,1.6,1.0,"[1, 1, 1, 1, 1, 3, 1, 2, 3, 2]"
syarikat,2.4,1.0,"[2, 2, 1, 3, 1, 3, 3, 4, 2, 3]"
penyesuaian,2.4,1.0,"[2, 2, 3, 3, 3, 2, 2, 1, 3, 3]"
menghadiahkan,2.4,1.0,"[4, 4, 2, 2, 1, 2, 3, 3, 2, 1]"
ikat janji,2.4,1.0,"[2, 2, 1, 2, 2, 4, 3, 3, 3, 2]"
dapatkan,1.6,1.0,"[3, 2, 1, 3, -2, 2, 2, 1, 2, 2]"
secepatnya,2.4,1.0,"[4, 2, 3, 4, 2, 3, 1, 1, 2, 2]"
drum,1.6,1.0,"[2, 4, 1, 2, 2, 1, 1, 1, 0, 2]"
tengkurap,1.6,1.0,"[3, 1, 2, 2, -1, 3, 3, 1, 1, 1]"
terluang,1.6,1.0,"[3, 1, 2, 2, 1, 1, 1, 2, 2, 1]"
nada,1.6,1.0,"[0, 3, 1, 2, 4, 0, 2, 1, 2, 1]"
yukk,3.2,1.0,"[3, 3, 3, 4, 3, 3, 3, 4, 4, 2]"
berlebih,0.8,1.0,"[0, 2, 2, 1, -1, 2, 0, 0, 0, 2]"
tempo,0.8,1.0,"[3, 0, 1, 1, 0, 1, 1, 0, 1, 0]"
hostel,0.8,1.0,"[0, -1, -1, 2, 0, 1, 1, 2, 1, 3]"
menganugerahi,2.4,1.0,"[2, 3, 3, 1, 1, 3, 3, 1, 3, 4]"
rembuk,2.4,1.0,"[2, 2, 3, 1, 1, 4, 4, 3, 2, 2]"
pesanggrahan,1.6,1.0,"[2, 1, 1, 1, 2, 0, 3, 2, 2, 2]"
pemikiran,0.8,1.0,"[0, 0, 1, 1, 1, 1, 1, -1, 1, 3]"
bahasan,0.8,1.0,"[1, 0, 1, 1, 0, 3, -1, 2, 1, 0]"
pose,2.4,1.0,"[1, 4, 3, 1, 2, 3, 4, 2, 2, 2]"
bertaraf,2.4,1.0,"[2, 2, 2, 4, 2, 4, 2, 1, 2, 3]"
penangguhan,2.4,1.0,"[4, 3, 4, 3, 1, -1, 2, 2, 3, 3]"
mobil,0.8,1.0,"[0, 1, 0, 1, 1, 1, 2, 0, 2, 0]"
care,1.6,1.0,"[2, 1, 2, 2, 1, 2, 2, -1, 2, 3]"
baju,1.6,1.0,"[2, 1, 1, 2, 1, 0, 1, 2, 4, 2]"
biarkan,0.8,1.0,"[1, 1, 0, 0, 2, 0, 1, 2, 1, 0]"
bertekan,0.8,1.0,"[0, 0, 2, -1, 3, 1, 1, 1, 1, 0]"
adaptasi,1.6,1.0,"[1, 2, 3, 1, 0, 2, 2, 1, 3, 1]"
melayani,2.4,1.0,"[1, 4, 4, 2, 2, 2, 2, 4, 1, 2]"
help,1.6,1.0,"[2, 3, 0, 0, 2, 2, 1, 2, 1, 3]"
konferensi,1.6,1.0,"[1, 3, 2, 2, 1, 2, 1, 1, 2, 1]"
gerak gerik,0.8,1.0,"[0, 2, 1, 1, 0, 1, 2, 1, 1, -1]"
menyikap,0.8,1.0,"[1, 2, 1, 1, 1, -1, 2, 0, 1, 0]"
pingin,1.6,1.0,"[2, 0, 1, 3, 1, 3, 1, 1, 3, 1]"
lompong,0.8,1.0,"[1, 1, -1, 1, 1, 0, 1, 2, 0, 2]"
azimat,0.8,1.0,"[1, 1, 1, 1, 0, 1, 1, 1, 0, 1]"
penyelarasan,2.4,1.0,"[2, 2, 2, 2, 2, 3, 4, 3, 2, 2]"
hamba allah,2.4,1.0,"[1, 4, 2, 2, 3, 3, 2, 4, 2, 1]"
bersemangat,3.2,1.0,"[2, 3, 2, 4, 3, 3, 4, 4, 3, 4]"
habituasi,0.8,1.0,"[1, 0, 1, 1, 1, 2, 0, 1, 0, 1]"
layan,1.6,1.0,"[2, 1, 4, 0, 1, 1, 2, 0, 3, 2]"
ciyeee,0.8,1.0,"[1, 1, 1, 1, 1, 2, 0, 0, 1, 0]"
senyumnya,2.4,1.0,"[1, 3, 2, 1, 4, 2, 4, 3, 3, 1]"
maen,2.4,1.0,"[3, 3, 2, 2, 2, 3, 1, 3, 3, 2]"
meladeni,2.4,1.0,"[2, 2, 2, 3, 2, 2, 3, 3, 3, 2]"
perbincangan,1.6,1.0,"[2, 1, 1, 1, 3, 1, 2, 2, 1, 2]"
merenangi,0.8,1.0,"[1, 0, 0, 2, 1, 1, 1, 1, -1, 2]"
kesepakatan,2.4,1.0,"[2, 2, 3, 3, 3, 2, 2, 3, 3, 1]"
itihad,2.4,1.0,"[3, 2, 3, 2, 1, 4, 3, 1, 2, 3]"
menyelami,2.4,1.0,"[3, 3, 3, 4, 2, 2, 3, 1, 1, 2]"
forum,1.6,1.0,"[2, 2, 2, 0, 2, 1, 2, 0, 3, 2]"
penginapan,1.6,1.0,"[-2, 3, 1, 2, 2, 1, 2, 3, 1, 3]"
super,2.4,1.0,"[3, 2, 4, 3, 3, 1, 2, 2, 2, 2]"
menggores,0.8,1.0,"[2, 2, 1, 0, 2, 0, 0, 1, 0, 0]"
kencan,2.4,1.0,"[1, 3, 2, 3, 3, 2, 3, 1, 3, 3]"
pengakuan,1.6,1.0,"[3, 1, 0, 3, 2, 0, 2, 2, 0, 3]"
imbang,1.6,1.0,"[1, -1, 2, 3, 3, 2, 1, 3, 1, 1]"
duluan,1.6,1.0,"[3, 0, 1, 2, 2, 0, 1, 1, 2, 4]"
ngobrol,0.8,1.0,"[1, 0, 3, 1, 0, 1, 1, 0, 2, -1]"
bismillah,3.2,1.0,"[3, 4, 4, 1, 4, 4, 4, 2, 2, 4]"
tekan,0.8,1.0,"[2, 0, 0, 1, 0, 2, 3, 0, 0, 0]"
pembahasan,0.8,1.0,"[3, 0, 3, -1, 0, 1, 1, 1, -1, 1]"
berkualitas,3.2,1.0,"[3, 3, 4, 3, 3, 3, 2, 4, 3, 4]"
ketiadaan,0.8,1.0,"[1, 1, 2, 0, -1, 2, -1, 1, 1, 2]"
tandang,0.8,1.0,"[1, 0, 1, 1, 1, 0, 2, 0, 1, 1]"
kestabilan,3.2,1.0,"[4, 4, 4, 4, 3, 3, 3, 3, 3, 1]"
mengontak,0.8,1.0,"[1, 1, -2, 0, 0, 3, 1, 2, 1, 1]"
memarkir,0.8,1.0,"[0, 1, 0, 2, 1, 1, 2, 0, 1, 0]"
arung,0.8,1.0,"[0, 0, 0, 1, 3, 0, 1, 1, 0, 2]"
cintai,3.2,1.0,"[4, 2, 4, 3, 2, 3, 4, 3, 4, 3]"
tayang,2.4,1.0,"[2, 3, 2, 4, 2, 2, 3, 3, 2, 1]"
balas,0.8,1.0,"[0, 1, 2, 1, 1, 0, 3, -1, -1, 2]"
enjoy,2.4,1.0,"[2, 3, 0, 4, 3, 2, 1, 2, 4, 3]"
kuy,0.8,1.0,"[0, -2, 1, 3, -1, -2, 3, 3, 2, 1]"
motel,0.8,1.0,"[1, 1, 1, 0, 1, 3, 0, 1, -1, 1]"
tengok,1.6,1.0,"[1, 2, 2, 1, 1, 2, 1, 3, 1, 2]"
dangkal,0.8,1.0,"[0, 2, 0, 2, -2, 1, 0, 2, 3, 0]"
deres,0.8,1.0,"[0, 1, 2, 0, 1, 1, 0, 0, 3, 0]"
menelungkup,0.8,1.0,"[1, -1, 1, 1, 1, 1, 1, 2, 0, 1]"
mirip,0.8,1.0,"[0, 0, 2, 1, 1, 0, 1, 2, 0, 1]"
permufakatan,2.4,1.0,"[2, 3, 2, 1, 3, 3, 1, 2, 3, 4]"
booking,1.6,1.0,"[1, 4, 2, 1, 1, 0, 2, 3, 2, 0]"
plus,1.6,1.0,"[2, 1, 1, 0, 2, 1, 1, 3, 3, 2]"
baiknya,0.8,1.0,"[3, 0, 1, -1, -1, 3, 0, 3, 0, 0]"
meniti,1.6,1.0,"[2, 3, 2, 2, 1, 3, 1, 1, 0, 1]"
reply,1.6,1.0,"[1, 1, 3, 1, 2, 2, 1, 1, 3, 1]"
musyawarah,1.6,1.0,"[2, 2, 1, 2, 1, 1, 2, 2, 1, 2]"
bernas,1.6,1.0,"[2, 2, 1, 0, 2, 0, 2, 1, 3, 3]"
tambah,2.4,1.0,"[2, 2, 4, 2, 1, 3, 3, 3, 1, 3]"
losmen,1.6,1.0,"[0, 3, 0, 1, 4, 2, 2, 2, 1, 1]"
kenek,0.8,1.0,"[0, 1, 1, 1, 0, 2, 1, 2, 0, 0]"
kerjaan,1.6,1.0,"[1, 2, 4, 2, 1, 2, 2, 0, 1, 1]"
tukar pikiran,2.4,1.0,"[3, 3, 2, 4, 2, 2, 1, 2, 2, 3]"
teh,0.8,1.0,"[0, -1, 2, 2, 2, 1, 1, -1, 0, 2]"
pembeli,1.6,1.0,"[3, 1, 2, 3, 1, 2, 2, 1, 2, -1]"
lihat,2.4,1.0,"[1, 2, 3, 4, 2, 2, 3, 2, 3, 2]"
hotel,0.8,1.0,"[-1, 1, 1, 1, 2, 1, 1, 0, 1, 1]"
bertingkat,0.8,1.0,"[0, 1, 0, 1, 2, -2, 2, 0, 2, 2]"
berbobot,1.6,1.0,"[3, 1, 1, 2, 2, 1, 0, 2, 2, 2]"
perilaku,1.6,1.0,"[3, 1, 3, 2, 1, 1, 0, 1, 2, 2]"
menghubungi,0.8,1.0,"[1, 2, 2, -1, 1, 0, 1, 2, -1, 1]"
menanggapi,2.4,1.0,"[3, 2, 2, 4, 3, 1, 2, 3, 2, 2]"
pengirim,0.8,1.0,"[2, 2, 0, 1, 0, 2, 1, 0, 0, 0]"
pengangkut,0.8,1.0,"[2, 0, 0, 0, 1, 1, 0, 2, 2, 0]"
rajah,0.8,1.0,"[1, 1, 1, 1, 1, 1, 1, -1, 2, 0]"
gerak laku,0.8,1.0,"[2, -1, 3, 2, 1, -2, 1, -1, 1, 2]"
setara,1.6,1.0,"[2, 1, 0, 1, 1, 3, 1, 1, 2, 4]"
semerbak,1.6,1.0,"[1, 3, 2, 2, 1, 0, 2, 2, 2, 1]"
arsitektur,1.6,1.0,"[3, 1, 1, 2, 2, 1, 2, 3, 1, 0]"
selayaknya,2.4,1.0,"[4, 2, 1, 2, 2, 2, 2, 4, 3, 2]"
rute,1.6,1.0,"[2, 1, 0, 4, 1, 2, 2, 1, 3, 0]"
size,0.8,1.0,"[0, 0, 1, 0, 0, 2, 0, 2, 1, 2]"
diskon,1.6,1.0,"[2, 1, 1, 4, 1, 1, 2, 3, 0, 1]"
erang,0.8,1.0,"[0, 1, 3, 0, 1, 2, 0, 1, 0, 0]"
saksama,1.6,1.0,"[1, 2, -1, 1, 4, 1, 1, 2, 2, 3]"
konstelasi,1.6,1.0,"[3, 2, 3, 2, 1, 0, 1, 0, 3, 1]"
koneksi,1.6,1.0,"[2, 2, 1, 3, 1, 1, 0, 2, 2, 2]"
tergelak,3.2,1.0,"[2, 4, 4, 1, 2, 4, 4, 4, 4, 3]"
sketsa,1.6,1.0,"[1, 3, 1, 3, 1, 4, 1, 1, 0, 1]"
gelagat,0.8,1.0,"[-1, 1, 1, 3, 1, 0, 1, 0, 1, 1]"
tingkah laku,0.8,1.0,"[1, 0, 1, -1, 1, 1, 4, 1, 0, 0]"
maklum,2.4,1.0,"[3, 3, 0, 3, 2, 2, 2, 3, 4, 2]"
kebijakan,2.4,1.0,"[3, 3, 2, 2, 2, 2, 3, 2, 3, 2]"
sepatutnya,1.6,1.0,"[2, 2, 1, 2, 2, 2, 2, 1, 0, 2]"
beranda,0.8,1.0,"[1, 1, 2, 0, 1, -2, 2, 1, 1, 1]"
permenungan,1.6,1.0,"[2, 2, 1, 2, 2, 1, 0, 3, 2, 1]"
rapal,0.8,1.0,"[2, -1, 2, 1, 1, -1, 1, 2, 1, 0]"
kemiripan,1.6,1.0,"[3, 3, 0, 0, -1, 4, 1, 2, 1, 3]"
tertawa,4.0,1.0,"[4, 4, 4, 4, 4, 4, 4, 4, 4, 4]"
sadar,1.6,1.0,"[-1, 1, -2, 4, 2, 2, 2, 2, 2, 4]"
berkarya,2.4,1.0,"[3, 4, 1, 1, 2, 2, 1, 3, 3, 4]"
sewajarnya,1.6,1.0,"[2, 2, 2, 1, 3, 2, 1, 1, 2, 0]"
menegarkan,1.6,1.0,"[1, 1, 2, 0, 1, 3, -1, 2, 3, 4]"
great,2.4,1.0,"[1, 2, 4, 4, 2, 0, 3, 3, 2, 3]"
menyanjung-sanjung,1.6,1.0,"[2, 3, 3, 1, 0, 1, 2, 1, 2, 1]"
membunyikan,1.6,1.0,"[2, 3, 2, -1, 2, 1, 3, 2, 2, 0]"
dateng,1.6,1.0,"[1, 2, 3, 1, 2, 2, -1, 2, 1, 3]"
merapat,0.8,1.0,"[1, 1, 1, 1, 1, 0, 0, 1, 1, 1]"
merata,0.8,1.0,"[0, 0, -1, 2, 0, 3, 0, 2, 1, 1]"
antologi,0.8,1.0,"[1, 1, 0, 2, 1, 0, 1, 0, 2, 0]"
pengalaman,1.6,1.0,"[1, 1, 2, 2, 3, 1, 1, 1, 3, 1]"
rame,1.6,1.0,"[2, 2, 1, 1, 2, 2, 1, 2, 2, 1]"
saran,1.6,1.0,"[4, 1, 1, 1, 2, 2, 2, 2, 0, 1]"
adil,3.2,1.0,"[4, 2, 2, 4, 2, 4, 4, 3, 4, 3]"
fulanah,0.8,1.0,"[0, 0, 1, 2, 0, 1, 0, 1, 2, 1]"
coretan,1.6,1.0,"[1, 2, 1, 1, 0, 3, 2, 2, 3, 1]"
ketawa,3.2,1.0,"[3, 1, 4, 4, 4, 2, 4, 4, 3, 3]"
bertemu,1.6,1.0,"[0, 2, 3, 1, 1, 1, 2, 3, 1, 2]"
persamaan,1.6,1.0,"[2, 3, 2, 0, 0, 2, 2, 3, 1, 1]"
guruh,1.6,1.0,"[2, 2, 3, 0, 2, 2, 2, 1, 2, 0]"
lumayan,0.8,1.0,"[0, 2, 0, 2, 1, 0, -1, 4, -1, 1]"
mengembang,0.8,1.0,"[1, 1, 2, -1, 2, 1, 1, 0, 1, 0]"
selfie,1.6,1.0,"[2, 3, 3, 2, 0, 1, 2, 0, 1, 2]"
album,2.4,1.0,"[3, 3, 4, 1, 3, 0, 2, 3, 2, 3]"
kiprah,2.4,1.0,"[2, 3, 3, 1, 3, 3, 1, 2, 2, 4]"
dihati,2.4,1.0,"[2, 2, 3, 2, 3, 0, 4, 2, 4, 2]"
verbal,0.8,1.0,"[1, 1, 0, 1, 1, -1, 2, 1, 1, 1]"
suratan takdir,1.6,1.0,"[2, 1, 3, 4, 3, -1, 1, 0, 1, 2]"
stabil,2.4,1.0,"[3, 4, 2, 3, 3, 1, 3, 1, 3, 1]"
memuji-muji,3.2,1.0,"[3, 4, 3, 3, 3, 3, 4, 2, 3, 4]"
lagak,1.6,1.0,"[0, 1, 2, 1, 2, 2, 1, 1, 3, 3]"
terindah,4.0,1.0,"[4, 4, 4, 4, 4, 4, 4, 4, 4, 4]"
aksi,1.6,1.0,"[1, 2, 2, 2, 2, 2, 1, 2, -2, 4]"
sikap,1.6,1.0,"[1, 3, -1, 1, 4, 2, 2, 1, 0, 3]"
terlewat,0.8,1.0,"[1, 1, 3, 0, 3, 0, 0, -1, 1, 0]"
menegur,1.6,1.0,"[2, 2, 1, 2, 0, 0, 2, 2, 3, 2]"
ngopi,2.4,1.0,"[3, 4, 3, 1, 3, 3, 2, 1, 1, 3]"
solo,1.6,1.0,"[3, 1, 1, 2, 1, 2, 1, 2, 1, 2]"
teguk,1.6,1.0,"[2, 1, 3, 2, 2, 0, 1, 3, 1, 1]"
kalap,0.8,1.0,"[2, 0, 2, 1, 0, 1, 2, 0, -1, 1]"
jatah,2.4,1.0,"[2, 1, 1, 2, 3, 3, 3, 4, 2, 3]"
engah,0.8,1.0,"[1, 2, 0, -2, 1, 3, 1, 1, 0, 1]"
untung,2.4,1.0,"[4, 2, 2, 3, 3, 2, 2, 1, 3, 2]"
eaa,0.8,1.0,"[3, 1, 0, 0, 1, -1, 1, 2, 0, 1]"
jujur,3.2,1.0,"[4, 4, 3, 2, 4, 1, 3, 3, 4, 4]"
keras hati,0.8,1.0,"[0, 1, 3, -1, 1, 2, 2, -1, 1, 0]"
koleksi,0.8,1.0,"[1, 0, 1, 0, 1, 2, 2, 1, -1, 1]"
pertahanin,0.8,1.0,"[2, -1, 2, 1, 0, 0, 0, 0, 1, 3]"
undang,1.6,1.0,"[3, 3, 2, 0, 2, 2, 0, 0, 2, 2]"
berdendang,3.2,1.0,"[2, 4, 3, 4, 3, 3, 4, 3, 3, 3]"
hoki,2.4,1.0,"[1, 2, 2, 2, 4, 2, 3, 2, 3, 3]"
peruntungan,3.2,1.0,"[2, 3, 4, 3, 4, 4, 4, 3, 3, 2]"
mantap,4.0,1.0,"[4, 4, 4, 4, 4, 4, 4, 4, 4, 4]"
sugesti,1.6,1.0,"[2, 2, 0, 2, 2, 0, 2, 4, 2, 0]"
tuah,0.8,1.0,"[1, 1, 1, -1, 1, 2, 0, 0, 2, 1]"
patuh,3.2,1.0,"[4, 2, 3, 4, 4, 4, 2, 3, 3, 3]"
keaktifan,1.6,1.0,"[4, 1, 2, 2, 0, 1, 4, 1, 2, -1]"
melambungkan,1.6,1.0,"[3, 1, 3, 2, 0, 2, 1, 1, 1, 2]"
pelajaran,1.6,1.0,"[1, 0, 1, 1, 2, 3, 2, 2, 3, 1]"
usul,1.6,1.0,"[3, 1, 3, 0, 0, 2, 3, 2, 1, 1]"
tenggang,0.8,1.0,"[-1, 2, 1, 1, 0, 2, 2, -2, 0, 3]"
sebanding,2.4,1.0,"[2, 3, 4, 3, 2, 3, 3, 1, 2, 1]"
getol,1.6,1.0,"[-1, 3, 2, 2, 2, 1, 2, 2, 2, 1]"
gila-gilaan,1.6,1.0,"[1, 2, 1, 1, 1, 1, 1, 3, 2, 3]"
melafalkan,1.6,1.0,"[3, 1, 1, 2, 1, 1, 2, 0, 2, 3]"
terjaga,1.6,1.0,"[3, 1, 0, 2, 0, 2, 2, 3, 2, 1]"
berserah,1.6,1.0,"[2, 1, 1, 3, 2, 2, 2, 0, 2, 1]"
rohaniah,1.6,1.0,"[2, 2, 2, 1, 1, 0, 0, 2, 3, 3]"
sepantasnya,1.6,1.0,"[3, -1, 3, 3, 1, 2, 2, 0, 2, 1]"
ratu,1.6,1.0,"[2, 2, 2, 0, 2, 2, 2, 2, 0, 2]"
mencium telapak kaki,0.8,1.0,"[1, 1, 1, -1, 0, 1, 2, 1, 1, 1]"
daya upaya,2.4,1.0,"[3, 2, 2, 2, 1, 3, 3, 2, 3, 3]"
setimpal,1.6,1.0,"[1, 1, 2, 2, 2, 1, 1, 2, 2, 2]"
pasrah,2.4,1.0,"[3, 0, 3, 3, 1, 3, 2, 2, 4, 3]"
buka,2.4,1.0,"[2, 2, 3, 3, 3, 2, 1, 3, 3, 2]"
mahal,0.8,1.0,"[2, -1, 2, 1, 1, 1, 2, -1, 0, 1]"
bertukar akal,0.8,1.0,"[0, 1, 0, 1, 1, 0, 1, 2, 1, 1]"
kepuasan,2.4,1.0,"[2, 3, 3, 3, 2, 2, 2, 2, 3, 2]"
mafhum,2.4,1.0,"[3, 4, 3, 1, 3, 2, 2, 1, 2, 3]"
siuman,2.4,1.0,"[3, 3, 4, 2, 2, 3, 3, 2, 0, 2]"
meluas,1.6,1.0,"[2, 1, 1, 1, 0, 3, 2, 2, 1, 3]"
perkembangan,1.6,1.0,"[2, 1, 2, 1, 1, 3, 3, 0, 2, 1]"
tekun,3.2,1.0,"[4, 4, 4, 4, 3, 1, 3, 3, 3, 3]"
melek,1.6,1.0,"[1, 1, 1, 3, 1, 2, 1, 2, 3, 1]"
lupain,0.8,1.0,"[1, 1, 0, 2, 1, 2, 0, -1, 2, 0]"
musik,1.6,1.0,"[3, 3, 1, -2, 2, 0, 1, 3, 2, 3]"
siapa,0.8,1.0,"[1, 2, 0, 1, 0, 1, 1, 2, -1, 1]"
nikmati,2.4,1.0,"[2, 0, 3, 2, 4, 4, 2, 2, 3, 2]"
dongeng,2.4,1.0,"[4, 1, 3, 2, 2, 1, 4, 2, 2, 3]"
adek,0.8,1.0,"[-1, 2, -1, 1, 0, 3, 0, 2, 0, 2]"
streng,0.8,1.0,"[3, 2, 1, 2, 1, 0, 0, -1, 1, -1]"
akidah,2.4,1.0,"[2, 4, 2, 1, 3, 2, 3, 2, 2, 3]"
sponsor,1.6,1.0,"[-1, 1, 2, 2, 1, 4, 2, 2, 1, 2]"
keliatan,1.6,1.0,"[1, 4, 3, 0, 2, -1, 2, 3, 2, 0]"
penunjang,2.4,1.0,"[4, 3, 4, 1, 4, 1, 2, 2, 2, 1]"
kerasan,1.6,1.0,"[2, 2, 1, 1, 2, 0, 4, 1, 1, 2]"
ketaatan,2.4,1.0,"[2, 3, 3, 2, 4, 1, 2, 0, 4, 3]"
pendukung,3.2,1.0,"[2, 3, 4, 4, 4, 1, 3, 4, 3, 4]"
telaten,3.2,1.0,"[2, 4, 4, 3, 4, 4, 2, 3, 3, 3]"
malu,1.6,1.0,"[1, 3, 3, 0, 1, 2, 0, 3, 3, 0]"
suporter,2.4,1.0,"[1, 2, 3, 3, 2, 2, 3, 3, 3, 2]"
gempita,3.2,1.0,"[2, 4, 4, 2, 2, 3, 4, 4, 4, 3]"
hingar,1.6,1.0,"[3, 2, -1, 0, 1, 2, 3, 2, 2, 2]"
ikat,0.8,1.0,"[1, 0, 2, 1, -2, 2, 2, 0, 1, 1]"
kontak,1.6,1.0,"[3, 2, 0, 3, 0, 3, 1, 0, 2, 2]"
kenyamanan,3.2,1.0,"[3, 3, 4, 4, 3, 4, 3, 3, 1, 4]"
kelahiran,2.4,1.0,"[2, 3, 1, 3, 1, 1, 3, 3, 4, 3]"
diproses,0.8,1.0,"[3, 1, 1, 0, -1, -1, 0, 2, 2, 1]"
penanganan,0.8,1.0,"[1, 0, 1, 0, 0, 1, 0, 2, 1, 2]"
maslahat,2.4,1.0,"[3, 3, 1, 3, 2, 2, 2, 2, 2, 4]"
ketetapan hati,2.4,1.0,"[1, 2, 4, 3, 2, 2, 3, 2, 3, 2]"
solusi,2.4,1.0,"[4, 1, 2, 1, 4, 3, 2, 2, 4, 1]"
pacarnya,1.6,1.0,"[3, 1, 3, 0, -1, 2, 2, 2, 1, 3]"
homogen,1.6,1.0,"[4, 1, 2, 1, 3, 0, 2, 1, 1, 1]"
gepok,1.6,1.0,"[2, 0, 0, 2, 2, 3, 2, 1, 1, 3]"
sekolah,2.4,1.0,"[3, 1, 2, 3, 2, 3, 2, 2, 2, 4]"
relasi,2.4,1.0,"[3, 2, 1, 1, 4, 0, 1, 4, 4, 4]"
peristiwa,1.6,1.0,"[2, 1, 0, 1, 1, 3, 0, 2, 3, 3]"
sastra,1.6,1.0,"[3, 2, 0, 2, 2, 2, 2, 0, 0, 3]"
wajar,2.4,1.0,"[3, 4, 3, 2, 2, 2, 3, 1, 3, 1]"
gegap,1.6,1.0,"[2, 2, 1, 0, 0, 2, 1, 3, 1, 4]"
import,1.6,1.0,"[2, 2, 3, 2, 4, 0, 2, 1, -1, 1]"
lukisan,1.6,1.0,"[1, 3, 2, 1, 0, 3, 3, 0, 1, 2]"
cercah,1.6,1.0,"[2, 0, 0, 2, 2, 3, 2, 2, 2, 1]"
lupakan,0.8,1.0,"[1, -2, 2, 1, 0, 3, -1, 0, 3, 1]"
dikonfirmasi,2.4,1.0,"[1, 2, 3, 4, 3, 1, 3, 2, 2, 3]"
perkasa,3.2,1.0,"[3, 2, 3, 3, 4, 4, 4, 4, 2, 3]"
laba,3.2,1.0,"[4, 3, 4, 4, 2, 4, 3, 4, 2, 2]"
esai,1.6,1.0,"[0, 2, 3, 2, 3, 2, 1, 1, 1, 1]"
sumbu,1.6,1.0,"[2, 2, 2, 2, 0, 2, 1, 3, 1, 1]"
iman,2.4,1.0,"[2, 3, 2, 4, 2, 4, 2, 2, 2, 1]"
insiden,0.8,1.0,"[0, 0, 1, 1, 3, 0, 3, 1, 0, -1]"
slow,0.8,1.0,"[2, 1, 0, 1, 1, 0, 2, 0, 2, -1]"
dogmatis,1.6,1.0,"[3, 1, 1, 1, 1, 2, 3, -1, 4, 1]"
penyokong,2.4,1.0,"[2, 2, 3, 1, 4, 1, 3, 2, 3, 3]"
merilis,2.4,1.0,"[2, 3, 3, 3, 3, 1, 3, 3, 2, 1]"
ekspres,2.4,1.0,"[2, 3, 2, 2, 3, 2, 3, 3, 2, 2]"
hikmat,2.4,1.0,"[2, 2, 4, 4, 3, 2, 2, 2, 0, 3]"
dahsyat,1.6,1.0,"[3, 2, 1, 0, 1, 1, 2, 3, 2, 1]"
bersamamu,2.4,1.0,"[2, 1, 4, 2, 2, 2, 4, 1, 4, 2]"
cute,4.0,1.0,"[4, 4, 4, 4, 4, 4, 4, 4, 4, 4]"
keuntungan,3.2,1.0,"[4, 4, 2, 3, 3, 3, 4, 4, 2, 3]"
baiklah,1.6,1.0,"[3, 1, 1, 1, 2, -1, 4, 1, 1, 3]"
keteguhan hati,2.4,1.0,"[3, 2, 3, 3, 1, 2, 3, 3, 2, 2]"
resolusi,2.4,1.0,"[2, 3, 3, 3, 2, 4, 2, 2, 1, 2]"
memudar,1.6,1.0,"[1, 1, 1, 2, 2, 2, 3, 2, 0, 2]"
kekuatan batin,2.4,1.0,"[4, 3, 2, 2, 1, 2, 1, 2, 3, 4]"
menjadi-jadi,0.8,1.0,"[1, 1, 2, 1, 1, 1, 0, 0, 2, -1]"
kumbang,0.8,1.0,"[1, 1, 2, 2, 0, 2, 0, 0, 0, 0]"
alot,0.8,1.0,"[1, 1, -1, 0, 1, 3, 2, 2, -2, 1]"
persahabatan,3.2,1.0,"[4, 3, 2, 3, 4, 4, 2, 3, 4, 3]"
simple,2.4,1.0,"[0, 2, 3, 3, 0, 3, 4, 3, 4, 2]"
selengkapnya,0.8,1.0,"[1, 0, 2, 2, 2, -1, 0, 1, 1, 0]"
hiruk,0.8,1.0,"[1, 3, -1, 1, -2, 1, 1, 1, 2, 1]"
okeey,1.6,1.0,"[2, 2, 3, 1, 2, 1, 1, 1, 1, 2]"
deras,1.6,1.0,"[2, 3, 1, 1, 1, 3, 1, 0, 2, 2]"
ceritanya,1.6,1.0,"[1, 1, 1, 2, 3, 2, 1, 2, 2, 1]"
komunikasi,1.6,1.0,"[0, 3, 1, 2, 2, 2, -1, 2, 4, 1]"
dicoba,1.6,1.0,"[2, 1, 2, 2, 1, 2, 1, 2, 2, 1]"
dikirim,1.6,1.0,"[2, 1, 3, 3, 1, 1, 1, 2, 2, 0]"
kekeliruan,0.8,1.0,"[1, 0, 1, 0, 1, 2, 0, 0, 1, 2]"
mancing,1.6,1.0,"[3, 2, 1, 2, 1, 2, 3, 2, 0, 0]"
demen,2.4,1.0,"[3, 2, 2, 2, 2, 3, 3, 3, 1, 3]"
penyelesaian,1.6,1.0,"[3, 1, 2, 2, 0, 3, 1, 2, 1, 1]"
tewas,0.8,1.0,"[0, 1, 2, 1, 0, -1, 1, 2, 0, 2]"
proud,4.0,1.0,"[4, 4, 4, 4, 4, 4, 4, 4, 4, 4]"
tergila-gila,2.4,1.0,"[2, 2, 3, 2, 1, 3, 2, 4, 3, 2]"
voucher,2.4,1.0,"[2, 3, 1, 1, 4, 2, 3, 3, 3, 2]"
ngaku,1.6,1.0,"[1, 1, 0, 3, 2, 2, 1, 0, 4, 2]"
penanggulangan,1.6,1.0,"[2, 3, 1, 0, 2, 2, 3, 1, 1, 1]"
anjir,0.8,1.0,"[1, -2, 2, 1, 1, 1, 1, 1, -1, 3]"
keteguhan batin,2.4,1.0,"[4, 2, 2, 3, 3, 0, 3, 2, 2, 3]"
perebutan,0.8,1.0,"[1, 2, 1, -2, 2, -1, 1, 2, 0, 2]"
berkah,3.2,1.0,"[3, 3, 4, 3, 3, 4, 3, 3, 2, 4]"
arak,1.6,1.0,"[3, 3, 0, 2, 1, 0, 1, 2, 2, 2]"
kaya,1.6,1.0,"[3, 2, 2, -1, 0, 2, 3, 2, 1, 2]"
ngalah,1.6,1.0,"[2, 1, 1, 0, 0, 2, 1, 4, 4, 1]"
tulus hati,3.2,1.0,"[4, 3, 4, 2, 3, 4, 4, 3, 3, 2]"
mimpian,1.6,1.0,"[2, 1, 2, 2, 2, 0, 2, 2, 1, 2]"
team,0.8,1.0,"[3, 1, 2, 0, 0, 1, -1, 1, 0, 1]"
silir-semilir,1.6,1.0,"[0, 2, 0, 0, 3, 1, 3, 2, 2, 3]"
moga-moga,0.8,1.0,"[2, 1, 1, 1, 0, 0, 3, 1, -1, 0]"
yaaaa,0.8,1.0,"[0, 0, 1, 0, 1, 0, 1, 3, 2, 0]"
kado,1.6,1.0,"[3, 1, 2, 2, 0, 2, 2, 2, 1, 1]"
terimaksih,3.2,1.0,"[3, 2, 4, 4, 3, 2, 3, 4, 4, 3]"
berlimpah,0.8,1.0,"[1, -2, 1, 2, -1, 1, 1, 0, 2, 3]"
mendarat,0.8,1.0,"[3, 1, -1, 0, -1, 2, 1, 0, 2, 1]"
doain,1.6,1.0,"[4, 0, 2, 1, 1, 0, 2, 2, 2, 2]"
baby,1.6,1.0,"[3, 2, 1, 2, 2, 1, 3, 0, 0, 2]"
challenge,1.6,1.0,"[1, 2, 2, 2, 2, 0, 3, 2, 1, 1]"
mulus,3.2,1.0,"[4, 2, 3, 2, 3, 4, 4, 3, 3, 4]"
berdansa,2.4,1.0,"[2, 0, 2, 2, 2, 4, 3, 4, 3, 2]"
prajurit,1.6,1.0,"[2, 2, 2, 1, 3, 2, 0, 1, 2, 1]"
cintaku,3.2,1.0,"[4, 4, 1, 2, 4, 4, 2, 3, 4, 4]"
welcome,3.2,1.0,"[4, 4, 3, 2, 4, 2, 4, 3, 4, 2]"
mengenal,0.8,1.0,"[0, 2, 1, 1, -1, 2, 1, 2, -1, 1]"
berjilbab,2.4,1.0,"[3, 1, 2, 3, 2, 2, 2, 3, 2, 4]"
kerinduan,1.6,1.0,"[2, 4, 2, 1, 0, -1, 2, 2, 1, 3]"
kalem,3.2,1.0,"[4, 4, 2, 3, 3, 2, 3, 4, 4, 3]"
memantai,0.8,1.0,"[0, -1, 0, 2, 1, 2, 1, 1, 1, 1]"
nungguin,0.8,1.0,"[-1, 1, 2, 0, 2, 2, 3, -2, 1, 0]"
game,1.6,1.0,"[2, 2, 3, 1, 0, 1, 2, 1, 2, 2]"
leleh,0.8,1.0,"[2, 0, 0, 1, 1, 1, -1, 2, 1, 1]"
ampun,0.8,1.0,"[-1, 0, 1, 1, 3, 0, 1, 1, 0, 2]"
amalan,3.2,1.0,"[4, 4, 3, 4, 2, 4, 4, 3, 2, 2]"
tuntas,1.6,1.0,"[1, 2, 2, 1, 2, 1, 4, 1, -1, 3]"
temennya,0.8,1.0,"[1, 1, 0, 0, 0, 0, 2, 2, 1, 1]"
kukuh,1.6,1.0,"[1, 2, 2, 0, 1, 2, 1, 2, 3, 2]"
rida,1.6,1.0,"[1, 1, 2, 1, 2, 2, 2, 2, 2, 1]"
kepercayaan,2.4,1.0,"[2, 3, 3, 3, 1, 2, 3, 2, 3, 2]"
masjid,2.4,1.0,"[1, 1, 4, 1, 1, 3, 2, 3, 4, 4]"
mengucup,1.6,1.0,"[2, 0, 2, 1, 2, 1, 1, 3, 3, 1]"
bantuin,2.4,1.0,"[3, 1, 2, 2, 1, 3, 4, 2, 2, 4]"
ibadah,3.2,1.0,"[4, 3, 4, 4, 2, 3, 3, 3, 2, 4]"
umum,0.8,1.0,"[1, 1, 2, 0, 0, 2, 1, 1, 0, 0]"
pelangi,3.2,1.0,"[4, 4, 3, 3, 4, 3, 3, 4, 2, 2]"
rejeki,3.2,1.0,"[3, 4, 4, 4, 3, 4, 3, 4, 2, 1]"
tunai,2.4,1.0,"[3, 3, 1, 1, 4, 1, 3, 2, 4, 2]"
membahagiakan,3.2,1.0,"[2, 4, 2, 4, 2, 3, 4, 3, 4, 4]"
quran,2.4,1.0,"[3, 3, 3, 2, 3, 1, 1, 3, 3, 2]"
produktif,1.6,1.0,"[2, 1, 1, 0, 4, 2, 3, 1, 0, 2]"
alhamdulilah,2.4,1.0,"[3, 1, 0, 3, 3, 4, 3, 2, 2, 3]"
rampung,2.4,1.0,"[2, 2, 1, 2, 2, 2, 2, 4, 4, 3]"
tertata,2.4,1.0,"[3, 3, 2, 2, 4, 2, 3, 1, 3, 1]"
solusinya,2.4,1.0,"[1, 2, 2, 1, 3, 3, 3, 3, 3, 3]"
ikhlas,3.2,1.0,"[3, 4, 2, 2, 4, 3, 3, 4, 3, 4]"
terbiasa,2.4,1.0,"[4, 3, 3, 3, 2, 3, 1, 2, 1, 2]"
shiawase,1.6,1.0,"[2, 1, 1, 4, 3, 1, 1, 0, 2, 1]"
kliyengan,0.8,1.0,"[0, 1, -1, 1, 1, 1, 1, 2, 0, 2]"
pengaman,1.6,1.0,"[2, 3, 2, 1, 1, 3, 1, 1, 1, 1]"
yank,1.6,1.0,"[2, 0, 1, 2, 2, 0, 1, 4, 1, 3]"
aamiin,1.6,1.0,"[1, 0, 2, 2, 1, 3, 1, 2, 4, 0]"
subur,1.6,1.0,"[3, 2, 2, 1, 1, 2, 3, -1, 2, 1]"
gelak,1.6,1.0,"[0, 2, 0, 2, 1, 2, 0, 4, 3, 2]"
betul,1.6,1.0,"[1, 1, 1, 2, 2, 1, 3, 0, 3, 2]"
religi,0.8,1.0,"[2, 1, 0, 0, 0, 2, 0, 1, 1, 1]"
memasuki,1.6,1.0,"[1, 1, -1, 2, 2, 1, 3, 3, 3, 1]"
keprihatinan,1.6,1.0,"[3, 3, 3, 2, 1, 1, 1, 0, 2, 0]"
nestapa,0.8,1.0,"[1, 1, -1, 1, -1, 3, -1, 2, 1, 2]"
khawatir,0.8,1.0,"[0, 2, 2, 0, 0, 0, 1, 0, 2, 1]"
masak,1.6,1.0,"[3, -1, 2, 2, 3, 0, 2, 2, 1, 2]"
birthday,3.2,1.0,"[4, 4, 2, 3, 3, 3, 3, 4, 2, 4]"
khayal,1.6,1.0,"[1, 2, 1, 2, 2, 1, 0, 1, 3, 3]"
berparade,0.8,1.0,"[1, 0, 3, 0, 2, 2, 1, 0, 0, -1]"
pantes,0.8,1.0,"[0, 1, 2, 0, 0, 0, 2, 1, 3, -1]"
rapi,2.4,1.0,"[2, 3, 3, 3, 3, 3, 1, 3, 1, 2]"
surau,1.6,1.0,"[1, 2, 1, 2, 1, 1, 1, 4, 2, 1]"
dimiliki,0.8,1.0,"[1, 1, -1, 1, 1, 0, 2, 1, 1, 1]"
siap,0.8,1.0,"[1, -1, 1, 0, 1, 1, 0, 1, 2, 2]"
koordinasikan,0.8,1.0,"[-1, 1, 1, 1, 2, 1, 2, -2, 3, 0]"
kebanyakan,1.6,1.0,"[2, 3, -1, 1, 2, 1, 3, 1, 2, 2]"
goreng,0.8,1.0,"[1, 1, 2, 0, 2, 0, 3, -1, -1, 1]"
normal,0.8,1.0,"[0, 0, 1, 0, 0, 2, 0, 2, 2, 1]"
tertarik,1.6,1.0,"[-1, 2, 2, 4, 1, 1, 1, 2, 1, 3]"
mengimbangi,0.8,1.0,"[-1, 2, 3, 0, 2, 0, -1, 2, 1, 0]"
bersahabat,1.6,1.0,"[2, 3, 2, 1, 0, 1, 1, 3, 1, 2]"
sejati,2.4,1.0,"[3, 4, 1, 3, 3, 1, 3, 2, 1, 3]"
undangan,0.8,1.0,"[3, 1, 0, 0, 0, 0, 1, 1, 1, 1]"
smpai,0.8,1.0,"[0, 1, 1, 2, 1, 0, 1, 2, -1, 1]"
mencinta,4.0,1.0,"[4, 4, 4, 4, 4, 4, 4, 4, 4, 4]"
kuat,1.6,1.0,"[3, 2, 1, 1, 1, 1, 1, 3, 0, 3]"
hati-hati,1.6,1.0,"[0, 2, 1, 2, 1, 2, 1, 2, 2, 3]"
menghadiahi,3.2,1.0,"[4, 3, 3, 4, 4, 2, 3, 2, 3, 4]"
pseudonim,1.6,1.0,"[2, 0, 3, 1, 1, 1, 4, 1, 1, 2]"
mengingat-ingat,1.6,1.0,"[3, 0, 2, 2, 2, 1, 1, 0, 2, 3]"
juta,1.6,1.0,"[2, 1, 2, 3, -1, 2, 1, 2, 1, 3]"
ustazah,2.4,1.0,"[3, 3, 2, 2, 2, 2, 2, 4, 1, 3]"
dicuekin,0.8,1.0,"[1, -2, 2, 1, 2, 0, 1, 0, 1, 2]"
judul,1.6,1.0,"[3, 4, 2, 1, 1, 1, 2, 0, 1, 1]"
kekayaan,1.6,1.0,"[0, 2, 2, 2, 3, 2, 2, 0, 0, 3]"
modal,1.6,1.0,"[1, 1, 2, 4, 2, 1, 1, 1, 3, 0]"
pelita,3.2,1.0,"[3, 2, 3, 4, 3, 4, 3, 3, 3, 4]"
novel,1.6,1.0,"[2, 0, 1, 2, 4, 1, 1, 2, 2, 1]"
cegak,0.8,1.0,"[1, 0, 1, -1, 4, 2, 0, 1, 0, 0]"
sahabatnya,2.4,1.0,"[4, 4, 2, 1, 2, 3, 3, 3, 1, 1]"
resmi,1.6,1.0,"[3, 1, -1, 0, 2, 2, 2, 4, 1, 2]"
mudahan,0.8,1.0,"[1, 1, 2, 1, 1, 2, -1, 1, 0, 0]"
sukacita,1.6,1.0,"[0, 1, 4, 1, 3, 2, 1, -1, 2, 3]"
formal,1.6,1.0,"[1, 2, 0, 3, 2, 1, 2, 0, 2, 3]"
liburan,2.4,1.0,"[3, 2, 3, 3, 0, 3, 4, 2, 1, 3]"
pendek,0.8,1.0,"[4, 0, -1, 0, 2, 2, 0, 1, 0, 0]"
ingat,1.6,1.0,"[2, 3, 1, 1, 1, 3, 2, 1, 2, 0]"
prospek,2.4,1.0,"[0, 3, 3, 2, 1, 4, 4, 2, 2, 3]"
gurih,0.8,1.0,"[0, 2, 0, 2, 3, -1, 0, 2, 0, 0]"
matahari,1.6,1.0,"[4, -1, 1, 2, 2, 1, 1, 4, 2, 0]"
visi,1.6,1.0,"[2, 3, 3, -1, 2, 2, 1, 1, 2, 1]"
familiar,1.6,1.0,"[2, 1, 3, 1, 2, 2, 2, 2, 0, 1]"
pantas,0.8,1.0,"[0, -1, 2, 1, 2, 0, 0, 2, 2, 0]"
ganteng,3.2,1.0,"[4, 4, 4, 3, 2, 4, 2, 4, 3, 2]"
jaga-jaga,0.8,1.0,"[0, 0, 0, 3, 2, 0, 0, -1, 1, 3]"
menyesal,0.8,1.0,"[2, 1, 1, 1, 1, 1, 0, 1, -1, 1]"
substansi,0.8,1.0,"[-1, 0, 3, -1, 1, 1, 3, -1, 1, 2]"
ganjaran balasan,0.8,1.0,"[-1, 1, 0, 1, 1, 1, 2, 2, 0, 1]"
jagoan,2.4,1.0,"[0, 2, 1, 2, 4, 3, 3, 4, 3, 2]"
berirama,3.2,1.0,"[2, 4, 3, 3, 4, 2, 4, 3, 4, 3]"
lihai,1.6,1.0,"[1, 1, 2, 1, 1, 1, 3, 0, 2, 4]"
artis,1.6,1.0,"[2, 3, 0, 3, 2, 1, 2, 1, 2, 0]"
portofolio,1.6,1.0,"[2, 1, 1, 2, 1, 2, 2, 2, 2, 1]"
alaikum,1.6,1.0,"[2, 1, 1, 3, 3, 2, 0, 2, 1, 1]"
teratur,3.2,1.0,"[3, 4, 4, 3, 3, 3, 4, 4, 3, 1]"
aduh,0.8,1.0,"[0, 2, 0, 1, 0, 0, 1, 2, 2, 0]"
bersesal,0.8,1.0,"[0, 1, -1, 0, 2, 1, 1, 2, 1, 1]"
bonus,3.2,1.0,"[3, 4, 2, 4, 4, 4, 2, 3, 4, 2]"
kekeluargaan,3.2,1.0,"[2, 4, 4, 2, 4, 4, 2, 4, 3, 3]"
melengkapi,2.4,1.0,"[1, 2, 3, 1, 2, 4, 4, 1, 2, 4]"
invitasi,1.6,1.0,"[2, 1, 2, 4, -2, 1, 4, 1, 1, 2]"
upah,0.8,1.0,"[0, -1, 2, 0, 1, 3, -1, 2, 2, 0]"
globe,0.8,1.0,"[1, 1, 2, 2, 1, 1, 0, 0, -1, 1]"
menginsafi,2.4,1.0,"[3, 2, 1, 2, 4, 4, 3, 1, 2, 2]"
banyak akal,2.4,1.0,"[4, 4, 1, 3, 3, 3, 1, 1, 2, 2]"
mumpung,1.6,1.0,"[1, 2, 0, 2, 4, 0, 2, 2, 2, 1]"
suara,1.6,1.0,"[1, 0, 1, 3, 1, 1, 1, 2, 3, 3]"
besar hati,2.4,1.0,"[4, 0, 4, 2, 1, 3, 2, 4, 2, 2]"
better,1.6,1.0,"[1, 2, 2, 0, 2, 1, 2, 0, 3, 3]"
jeli,3.2,1.0,"[4, 3, 2, 4, 3, 2, 4, 3, 4, 3]"
hemat,3.2,1.0,"[4, 3, 3, 2, 4, 4, 3, 4, 2, 3]"
terlanjur,0.8,1.0,"[1, 1, 0, 0, 1, -1, 2, 1, 2, 1]"
entitas,0.8,1.0,"[1, 0, 0, 2, 1, 2, -1, 1, 1, 1]"
tajam mata,1.6,1.0,"[2, 2, 1, 3, 2, 1, 2, 1, 1, 1]"
mendalam,2.4,1.0,"[3, 2, 3, 2, 2, 2, 3, 4, 2, 1]"
insaf,1.6,1.0,"[3, 1, 1, 2, 3, 1, 0, 1, 1, 3]"
pertiwi,2.4,1.0,"[3, 4, 2, 3, 3, 1, 2, 3, 2, 1]"
imbalan,0.8,1.0,"[2, 0, 1, 0, 0, 1, 2, 2, -1, 1]"
premium,1.6,1.0,"[1, 1, 3, 3, 1, 1, 1, 2, 1, 2]"
simpatik,1.6,1.0,"[3, 1, 2, 0, 2, 1, 1, 2, 2, 2]"
fantasy,1.6,1.0,"[2, 1, 0, 2, 2, 0, 2, 3, 2, 2]"
mentab,1.6,1.0,"[4, -1, 3, 1, 1, 1, 1, 3, 2, 1]"
memberi,1.6,1.0,"[1, 2, 3, 2, 1, 0, 1, 0, 4, 2]"
ngajak,0.8,1.0,"[-1, 0, 2, 1, 2, 0, 1, 1, 1, 1]"
sayangnya,0.8,1.0,"[0, 1, 1, 0, 1, 0, 2, 2, 0, 1]"
salambersama,0.8,1.0,"[0, 1, 1, 1, 0, 1, 0, 2, 2, 0]"
muji,1.6,1.0,"[1, 0, 3, 3, 3, 1, 2, 1, 2, 0]"
mengerti,1.6,1.0,"[0, 1, 2, 4, 1, 1, 2, 1, 2, 2]"
lezat,4.0,1.0,"[4, 4, 4, 4, 4, 4, 4, 4, 4, 4]"
tentangan,1.6,1.0,"[1, 2, 0, 2, 2, 1, 2, 1, 3, 2]"
kepoin,1.6,1.0,"[2, 0, 1, 2, 3, 1, 2, 2, 0, 3]"
sedap,4.0,1.0,"[4, 4, 4, 4, 4, 4, 4, 4, 4, 4]"
tahan lama,0.8,1.0,"[1, 0, 0, 0, 2, 2, -1, 0, 2, 2]"
lulus,4.0,1.0,"[4, 4, 4, 4, 4, 4, 4, 4, 4, 4]"
mengganyang,0.8,1.0,"[1, 0, 2, 1, 0, 1, 0, 1, 1, 1]"
ijtihad,2.4,1.0,"[3, 3, 3, 2, 1, 1, 2, 3, 2, 4]"
ahli agama,0.8,1.0,"[2, 1, 2, 1, -2, 1, 1, 1, 1, 0]"
pangeran,0.8,1.0,"[-1, 1, 2, 1, 2, 0, 1, -1, 1, 2]"
sahaja,1.6,1.0,"[2, 2, 3, -1, 3, 0, 1, 0, 3, 3]"
meredam,0.8,1.0,"[0, 3, 0, 1, 1, 0, 2, 1, -1, 1]"
merasai,0.8,1.0,"[0, 1, 2, 0, 1, 0, 2, 1, 0, 1]"
solat,0.8,1.0,"[0, 1, 2, 0, 1, 2, 0, 2, 1, -1]"
pendapatan,1.6,1.0,"[2, 3, 2, 2, 0, 2, 2, 2, 1, 0]"
waspada,2.4,1.0,"[2, 1, 3, 2, 3, 3, 3, 2, 3, 2]"
menyuap,0.8,1.0,"[0, 0, -2, 1, 2, 2, 1, 1, 2, 1]"
ajakan,0.8,1.0,"[0, 3, 3, 0, 2, -1, -1, 0, 1, 1]"
menyadari,1.6,1.0,"[4, 2, 1, 1, 2, 2, 2, 0, 1, 1]"
ramah,4.0,1.0,"[4, 4, 4, 4, 4, 4, 4, 4, 4, 4]"
satir,0.8,1.0,"[0, 0, 3, 1, 0, 1, 1, 2, 1, -1]"
silaturahim,3.2,1.0,"[3, 4, 4, 2, 4, 4, 1, 3, 3, 4]"
dibayar,2.4,1.0,"[3, 4, 2, 2, 1, 2, 3, 3, 2, 2]"
terencana,1.6,1.0,"[0, 1, 3, 2, 2, 0, 2, 2, 3, 1]"
pundi-pundi,1.6,1.0,"[3, 3, 0, 2, 1, 3, 3, 0, 0, 1]"
promote,2.4,1.0,"[3, 2, 3, 2, 3, 2, 1, 3, 2, 3]"
menyusutkan,0.8,1.0,"[3, 2, 1, 0, 0, 1, 0, 0, 2, -1]"
kebaikan,3.2,1.0,"[4, 4, 4, 3, 3, 3, 3, 3, 3, 2]"
menyempurnakan,2.4,1.0,"[2, 3, 2, 3, 1, 2, 4, 3, 2, 2]"
majubersama,2.4,1.0,"[2, 2, 0, 2, 4, 4, 3, 1, 4, 2]"
oportunitas,2.4,1.0,"[3, 4, 2, 3, 2, 3, 3, 1, 1, 2]"
dialog,0.8,1.0,"[0, 1, 1, 0, 3, 0, 0, 1, 2, 0]"
standardisasi,1.6,1.0,"[0, 2, 2, 1, 1, 1, 2, 2, 2, 3]"
jualan,0.8,1.0,"[4, 1, 0, -1, 1, 0, 0, 2, 0, 1]"
menyenangkan,3.2,1.0,"[4, 2, 2, 4, 4, 3, 3, 2, 4, 4]"
melarutkan,0.8,1.0,"[2, 1, 2, -1, 0, -1, 1, 1, 2, 1]"
perduli,3.2,1.0,"[4, 3, 3, 3, 3, 2, 4, 3, 3, 4]"
cocok,3.2,1.0,"[3, 4, 3, 4, 4, 3, 3, 2, 4, 2]"
trimakasih,3.2,1.0,"[3, 2, 2, 4, 4, 4, 4, 2, 3, 4]"
pahala,1.6,1.0,"[0, 3, 1, 2, 2, 2, 1, 3, 2, 0]"
menabung,3.2,1.0,"[3, 2, 4, 3, 3, 2, 3, 4, 4, 4]"
pemberian,1.6,1.0,"[1, 2, 1, 2, 3, 1, 4, 0, 2, 0]"
ustadz,2.4,1.0,"[3, 3, 3, 2, 3, 2, 2, 1, 3, 2]"
pemandangan,1.6,1.0,"[2, 0, 2, 3, 3, -3, 3, 2, 2, 2]"
semakin,1.6,1.0,"[1, 0, 3, 1, 2, 2, 0, 2, 3, 2]"
ringan kepala,1.6,1.0,"[1, 2, 2, 1, -1, 4, 4, 1, 1, 1]"
karib,3.2,1.0,"[2, 4, 1, 4, 2, 3, 4, 4, 4, 4]"
mksh,1.6,1.0,"[2, 0, 2, 1, 2, 2, 3, 0, 2, 2]"
perlawanan,0.8,1.0,"[-1, 3, 0, 1, 0, 1, 2, 2, 0, 0]"
penting,2.4,1.0,"[0, 3, 2, 3, 3, 4, 1, 3, 1, 4]"
berpandangan,0.8,1.0,"[0, 0, 1, 0, 1, 0, 1, 3, 1, 1]"
garis besar,1.6,1.0,"[2, 1, 1, 2, 3, 0, 3, 1, 2, 1]"
beranak-pinak,1.6,1.0,"[0, 1, 2, 2, 1, 2, 3, 2, 0, 3]"
fair,2.4,1.0,"[1, 3, 4, 0, 4, 2, 1, 3, 4, 2]"
berarti,0.8,1.0,"[2, 1, -1, 1, 0, 1, 0, 3, -1, 2]"
asli,1.6,1.0,"[2, -2, 2, 3, 2, 4, 2, 2, 0, 1]"
kerja keras,2.4,1.0,"[2, 1, 2, 3, 2, 3, 2, 2, 3, 4]"
natural,0.8,1.0,"[1, 1, 2, 1, 0, 1, 1, 0, 0, 1]"
bersimpati,3.2,1.0,"[4, 4, 2, 4, 2, 4, 4, 2, 4, 2]"
tulus,3.2,1.0,"[4, 3, 2, 4, 3, 2, 3, 4, 4, 3]"
otak encer,1.6,1.0,"[3, 1, 3, 0, 1, 2, 4, -1, 2, 1]"
menyuplai,1.6,1.0,"[3, 1, 1, 3, 3, 1, 2, 1, -1, 2]"
refleksi,2.4,1.0,"[4, 1, 2, 1, 4, 2, 3, 1, 3, 3]"
menemukan,1.6,1.0,"[1, 1, 2, 3, 1, 0, 2, 3, 2, 1]"
perjuangin,2.4,1.0,"[2, 1, 4, 2, 3, 2, 3, 2, 3, 2]"
berpendidikan,2.4,1.0,"[4, 3, 2, 4, -1, 2, 3, 3, 2, 2]"
syukuri,2.4,1.0,"[4, 4, 2, 2, 1, 4, 3, 1, 4, -1]"
talen,1.6,1.0,"[1, 2, 1, 1, 3, 1, 2, 1, 1, 3]"
pertahankan,0.8,1.0,"[0, 2, 1, 1, 1, 1, 2, 1, 0, -1]"
kecakapan,1.6,1.0,"[2, 1, 2, 1, 1, 2, 3, 1, 1, 2]"
dede,0.8,1.0,"[0, 0, -1, 0, 2, 1, 2, 1, 1, 2]"
bermutu,2.4,1.0,"[3, 3, 3, 3, 1, 2, 3, 1, 2, 3]"
kebangkitan,1.6,1.0,"[1, 1, 1, 3, 3, 1, 1, 1, 2, 2]"
lancarkan,2.4,1.0,"[3, 3, 0, 2, 4, 2, 4, 2, 3, 1]"
berhajat,1.6,1.0,"[1, 2, 2, 2, 0, 2, 3, 3, 1, 0]"
nabi,1.6,1.0,"[2, 1, 3, 2, 1, 2, 3, 1, 1, 0]"
kualifikasi,1.6,1.0,"[1, 1, 2, 0, 3, 0, 4, 3, 2, 0]"
luar biasa,3.2,1.0,"[3, 4, 2, 4, 3, 3, 3, 3, 4, 3]"
intim,1.6,1.0,"[0, 3, 2, 1, 1, 2, 0, 1, 2, 4]"
peka,1.6,1.0,"[0, 2, 3, 0, 1, 2, 3, 1, 2, 2]"
awet,3.2,1.0,"[2, 4, 4, 4, 4, 3, 3, 2, 4, 2]"
sahabatku,2.4,1.0,"[3, 3, 2, 2, 2, 2, 2, 3, 2, 3]"
berbudi pekerti yang baik,2.4,1.0,"[3, 2, 2, 3, 3, 2, 2, 2, 3, 2]"
ramaikan,2.4,1.0,"[4, 4, 4, 1, 0, 2, 3, 2, 2, 2]"
reka,0.8,1.0,"[0, 2, 0, 1, 1, 0, 2, 0, 1, 1]"
bantu,2.4,1.0,"[3, 3, 3, 2, 1, 1, 4, 2, 3, 2]"
sensitif,0.8,1.0,"[1, 1, 0, 1, 1, 1, 0, 1, 1, 1]"
bermanfaat,4.0,1.0,"[4, 4, 4, 4, 4, 4, 4, 4, 4, 4]"
gede,1.6,1.0,"[1, 2, 3, 1, 1, 2, 0, 2, 2, 2]"
bijaksana,0.8,1.0,"[2, 1, -1, 1, 1, 0, 2, 1, 1, 0]"
berharga,2.4,1.0,"[0, 2, 4, 4, 3, 4, 1, 2, 3, 1]"
congrats,2.4,1.0,"[0, 1, 3, 2, 3, 3, 3, 3, 3, 3]"
aliansi,0.8,1.0,"[3, 1, 0, 1, 0, 2, 2, 0, -1, 0]"
cadangan,1.6,1.0,"[2, 1, 2, 1, 1, 2, 1, 1, 2, 3]"
kapabilitas,2.4,1.0,"[2, 4, 2, 3, 1, 4, 4, 0, 2, 2]"
bangsawan,1.6,1.0,"[1, 2, 2, 4, 1, 0, 1, 3, 2, 0]"
kekal,2.4,1.0,"[1, 2, 3, 2, 0, 3, 4, 3, 3, 3]"
nikah,1.6,1.0,"[3, 0, 2, 2, 3, 2, -1, 2, 0, 3]"
akrab,2.4,1.0,"[2, 2, 2, 3, 2, 2, 3, 1, 3, 4]"
kagum,2.4,1.0,"[1, 3, 3, 3, 3, 3, 1, 2, 2, 3]"
becus,0.8,1.0,"[1, 1, 1, 0, 1, 0, 1, 1, 1, 1]"
soleha,2.4,1.0,"[3, 2, 0, 4, 3, 3, 3, 1, 2, 3]"
tercengang,0.8,1.0,"[0, 2, 0, 2, 2, 1, 2, 0, -1, 0]"
mengingatkan,2.4,1.0,"[1, 3, 4, 2, 2, 2, 3, 2, 3, 2]"
gws,1.6,1.0,"[1, 2, 2, 1, 1, 2, 2, 1, 2, 2]"
diajak,0.8,1.0,"[1, 2, 1, 2, -2, 2, 0, 0, 0, 2]"
memfasilitasi,1.6,1.0,"[2, 2, 3, 2, 1, 0, 1, 2, 0, 3]"
mempersiapkan,0.8,1.0,"[2, 0, 2, 0, 1, 0, 2, 0, 1, 0]"
girang,2.4,1.0,"[3, 2, 3, 2, 3, 3, 3, 1, 2, 2]"
imam,0.8,1.0,"[1, 1, 0, 0, 0, 1, 3, 1, 1, 0]"
terpesona,3.2,1.0,"[4, 4, 2, 3, 4, 4, 3, 1, 4, 3]"
disayang,2.4,1.0,"[2, 1, 3, 3, 3, 1, 2, 4, 3, 2]"
mampu,1.6,1.0,"[3, 3, 1, -1, 2, 2, 1, 2, 1, 2]"
ngelupain,0.8,1.0,"[0, 2, 0, 0, 1, -1, 2, 2, 2, 0]"
upaya,0.8,1.0,"[-2, 0, 2, 2, 1, 1, 1, 0, 2, 1]"
bernilai,1.6,1.0,"[2, 3, 1, 1, 2, 4, 0, 1, 0, 2]"
usaha,0.8,1.0,"[2, 0, 1, 1, 1, 0, 1, 0, 2, 0]"
harmonis,2.4,1.0,"[1, 3, 2, 3, 3, 2, 2, 3, 4, 1]"
cerdik,1.6,1.0,"[1, 0, 1, 1, 4, 2, 3, 0, 2, 2]"
takjub,3.2,1.0,"[3, 3, 2, 4, 4, 4, 3, 2, 4, 3]"
menyiapkan,0.8,1.0,"[2, 1, 1, 1, 1, 0, 1, 1, -1, 1]"
mengasihi,1.6,1.0,"[1, 1, 1, 3, 2, 2, 3, 2, 0, 1]"
terpana,0.8,1.0,"[2, 1, 0, 2, 1, 1, 1, 0, 1, -1]"
sunyi,0.8,1.0,"[1, 2, 1, 1, -1, 1, 2, 1, 0, 0]"
penyeragaman,0.8,1.0,"[1, 2, -1, 0, 0, -1, 0, 2, 2, 3]"
mengucil,0.8,1.0,"[1, 1, 1, 0, 1, 2, 3, 0, 1, -2]"
segenap,1.6,1.0,"[2, 2, 2, 3, 1, 2, 2, 0, 1, 1]"
persiapan,1.6,1.0,"[0, 1, 3, 1, 1, 3, 2, 1, 2, 2]"
cendekia,2.4,1.0,"[2, 3, 4, 3, 2, 4, 2, 1, 1, 2]"
permata,2.4,1.0,"[2, 3, 2, 1, 2, 3, 4, 2, 4, 1]"
natal,0.8,1.0,"[-1, 2, 1, 2, 1, 0, 1, 2, 0, 0]"
terpukau,1.6,1.0,"[1, 1, 2, 2, 0, 2, 2, 2, 2, 2]"
naik ke pelaminan,2.4,1.0,"[4, 2, 2, 3, 0, 3, 3, 3, 2, 2]"
gembira,4.0,1.0,"[4, 4, 4, 4, 4, 4, 4, 4, 4, 4]"
pelajar,0.8,1.0,"[0, 2, 1, 0, 0, 1, 0, 0, 2, 2]"
bertanya,1.6,1.0,"[4, 2, 1, 0, 2, 2, 2, -1, 2, 2]"
meminati,2.4,1.0,"[3, 3, 2, 3, 2, 3, 2, 3, 2, 1]"
ngurusin,1.6,1.0,"[2, 3, 2, 0, 2, 1, 2, 2, 1, 1]"
terkesima,3.2,1.0,"[4, 2, 4, 2, 4, 4, 4, 3, 2, 3]"
mencurigai,0.8,1.0,"[1, -2, 2, 1, 2, 2, 0, 1, 1, 0]"
show,1.6,1.0,"[1, 0, 0, 2, 1, 3, 2, 3, 1, 3]"
inteligen,0.8,1.0,"[2, 1, 0, 1, 0, 1, -1, 1, 1, 2]"
rajin,3.2,1.0,"[4, 3, 2, 3, 3, 4, 3, 4, 2, 4]"
hijau,2.4,1.0,"[2, 3, 2, 2, 2, 3, 3, 4, 3, 0]"
tajam otak,3.2,1.0,"[3, 3, 4, 2, 4, 4, 3, 2, 4, 3]"
empuk,2.4,1.0,"[3, 4, 0, 4, 1, 2, 2, 3, 3, 2]"
berjaga-jaga,0.8,1.0,"[1, 2, 2, -2, 1, 0, 1, 1, 1, 1]"
personalitas,0.8,1.0,"[0, 0, 0, 1, -1, 1, 2, 1, 2, 2]"
diam,0.8,1.0,"[-1, 1, 0, 2, 1, 3, 0, 1, 0, 1]"
perataan,1.6,1.0,"[0, 1, 2, 3, 3, 3, 2, 1, 0, 1]"
persediaan,2.4,1.0,"[2, 1, 1, 1, 2, 3, 4, 3, 3, 4]"
kesediaan,0.8,1.0,"[0, 2, -1, 2, 0, 1, 2, 0, 0, 2]"
cium,2.4,1.0,"[2, 2, 2, 3, 3, 2, 1, 2, 3, 4]"
qadim,2.4,1.0,"[3, 1, 3, 3, 3, 3, 2, 2, 3, 1]"
fine,2.4,1.0,"[2, 3, 1, 2, 2, 3, 3, 2, 3, 3]"
terbuka,2.4,1.0,"[1, 4, 1, 2, 3, 3, 2, 3, 3, 2]"
alamiah,1.6,1.0,"[2, 1, 3, 1, 1, 2, 2, 3, -1, 2]"
pemenang,2.4,1.0,"[3, 3, 3, 1, 1, 3, 4, 2, 2, 2]"
menyukai,3.2,1.0,"[1, 4, 3, 4, 3, 4, 3, 3, 3, 4]"
terselenggaranya,2.4,1.0,"[2, 2, 4, 3, 1, 1, 2, 3, 3, 3]"
dengar,1.6,1.0,"[3, 2, 1, 2, 2, 1, 0, 2, 0, 3]"
cintamu,2.4,1.0,"[1, 2, 4, 2, 3, 4, 2, 3, 2, 1]"
berpengetahuan,3.2,1.0,"[4, 1, 4, 4, 1, 4, 3, 4, 3, 4]"
tablig,0.8,1.0,"[1, -1, -1, 3, 1, 2, 3, 0, 1, -1]"
bersiap,0.8,1.0,"[0, 0, 2, 2, 2, 1, 1, 0, -2, 2]"
koordinator,1.6,1.0,"[0, 2, 3, 1, 0, 1, 2, 1, 2, 4]"
sumringah,3.2,1.0,"[4, 4, 4, 2, 4, 4, 4, 1, 3, 2]"
kebolehan,1.6,1.0,"[2, 2, 1, 3, 3, 2, 1, 1, 1, 0]"
berkeluarga,1.6,1.0,"[3, 2, 0, 1, 1, 0, 4, 1, 2, 2]"
santai,1.6,1.0,"[1, 1, 2, -1, 1, 3, 1, 3, 2, 3]"
mencintai,2.4,1.0,"[4, 2, 2, 1, 2, 3, 2, 3, 2, 3]"
kepandaian,3.2,1.0,"[2, 2, 3, 3, 4, 3, 4, 4, 3, 4]"
riang,2.4,1.0,"[0, 3, 2, 3, 2, 3, 1, 3, 4, 3]"
senang,4.0,1.0,"[4, 4, 4, 4, 4, 4, 4, 4, 4, 4]"
menyediakan,1.6,1.0,"[2, 2, 1, 2, 0, 3, 0, 1, 2, 3]"
diamond,2.4,1.0,"[2, 2, 3, 3, 4, 3, 2, 3, 0, 2]"
cool,1.6,1.0,"[2, 1, 2, 2, 3, 2, 0, 1, 1, 2]"
kerjasama,2.4,1.0,"[3, 2, 3, 1, 3, 2, 3, 3, 2, 2]"
perlu,1.6,1.0,"[2, 2, 1, 1, 2, 0, 4, 0, 2, 2]"
sanggup,1.6,1.0,"[1, 2, 2, 2, 3, 2, 1, 2, 0, 1]"
baginda,1.6,1.0,"[0, 2, 2, 2, 1, 3, 1, 1, 1, 3]"
terang akal,2.4,1.0,"[2, 4, 3, 3, 2, 2, 1, 2, 4, 1]"
menyeni,0.8,1.0,"[0, 2, 2, 0, 1, 0, 0, 2, 1, 0]"
smga,0.8,1.0,"[0, 1, 3, 1, 0, 1, 2, 1, -1, 0]"
bersedia,0.8,1.0,"[-1, 0, 2, 1, -1, 1, 2, 1, 2, 1]"
teduh,1.6,1.0,"[3, 2, 2, 1, 2, 2, 2, 2, -1, 1]"
menghidangkan,1.6,1.0,"[1, 2, 2, 2, 2, 3, 4, 1, -2, 1]"
cekatan,1.6,1.0,"[2, 2, 1, 3, 2, 2, 1, 0, 0, 3]"
perak,0.8,1.0,"[2, 0, 1, 0, 1, 0, 2, 0, 0, 2]"
ratna,1.6,1.0,"[-1, 2, 1, 2, 2, 1, 4, 4, 1, 0]"
menaruh hati,2.4,1.0,"[3, 2, 2, 4, 3, 2, 2, 3, 1, 2]"
gombal,1.6,1.0,"[2, 2, 0, 2, 0, 3, 2, 3, 1, 1]"
cantrik,2.4,1.0,"[4, 2, 4, 3, 1, 2, 0, 3, 3, 2]"
berimbuh,0.8,1.0,"[1, 0, 1, 0, 1, 3, 2, 1, 0, -1]"
genius,2.4,1.0,"[4, 2, 3, 3, -1, 2, 4, 3, 3, 1]"
tangkas,1.6,1.0,"[0, 2, 2, 2, 1, 3, 2, 2, 2, 0]"
naikkan,0.8,1.0,"[1, 1, -1, 2, 0, 0, 1, 3, 0, 1]"
taman,0.8,1.0,"[1, 0, 1, 0, 1, 0, 1, 0, 3, 1]"
menyayangi,3.2,1.0,"[4, 3, 2, 3, 4, 2, 3, 4, 4, 3]"
bersemi,2.4,1.0,"[2, 1, 3, 4, 4, 3, 2, 1, 1, 3]"
music,0.8,1.0,"[3, 2, 2, 0, 1, -2, 2, 0, 0, 0]"
keseruan,2.4,1.0,"[1, 2, 4, 1, 3, 2, 1, 2, 4, 4]"
antipati,1.6,1.0,"[1, 3, 0, 3, 0, 1, 1, 2, 3, 2]"
merasuk,1.6,1.0,"[1, 2, 2, 3, 1, 3, 4, -1, 1, 0]"
manfaatnya,2.4,1.0,"[4, 3, 2, 3, 4, 1, 4, 1, 1, 1]"
fitrah,2.4,1.0,"[2, 4, 0, 3, 2, 1, 3, 2, 4, 3]"
memperkuat,2.4,1.0,"[1, 2, 3, 4, 2, 3, 3, 2, 1, 3]"
seindah,2.4,1.0,"[3, 3, 3, 3, 2, 2, 4, 1, 1, 2]"
kecantikan,1.6,1.0,"[2, 1, 4, 2, 1, 0, 2, 1, 2, 1]"
mata pencaharian,1.6,1.0,"[0, 3, 2, 1, 2, 2, 1, 2, 1, 2]"
terkini,2.4,1.0,"[3, 4, 2, 3, 2, 3, 3, 2, 1, 1]"
hamba allah,2.4,1.0,"[3, 2, 4, 2, 1, 1, 2, 3, 4, 2]"
khasiat,3.2,1.0,"[3, 4, 2, 3, 3, 4, 2, 3, 4, 4]"
lafal,1.6,1.0,"[-1, 2, 1, 2, 2, 1, 2, 1, 2, 4]"
rasuk,1.6,1.0,"[3, 1, 1, 3, 1, 2, 2, 2, 1, 0]"
liat,1.6,1.0,"[4, 0, 1, 2, 2, 2, 2, 2, 0, 1]"
hati,1.6,1.0,"[2, 1, 2, 3, 1, 2, 1, -1, 2, 3]"
jihad,2.4,1.0,"[2, 4, 2, 1, 1, 4, 2, 3, 2, 3]"
larut,0.8,1.0,"[2, 0, 1, -1, 3, 1, 0, 2, 0, 0]"
pundi,1.6,1.0,"[2, 2, 1, 0, 3, 2, 1, 2, 1, 2]"
jilbab,2.4,1.0,"[3, 0, 3, 2, 2, 3, 1, 4, 2, 4]"
informasi,1.6,1.0,"[0, 1, 3, 3, 2, 1, 0, 2, 3, 1]"
turun,0.8,1.0,"[1, -1, 3, 0, 1, 0, 0, 1, 2, 1]"
seni,0.8,1.0,"[1, 1, 1, 2, 1, 0, 0, 2, 1, -1]"
selenggara,2.4,1.0,"[1, 3, 1, 3, 4, 2, 2, 3, 1, 4]"
rapat,0.8,1.0,"[1, 1, 2, 1, 0, 2, -1, 1, 0, 1]"
tabung,2.4,1.0,"[3, 3, 2, 3, 1, 2, 2, 2, 2, 4]"
kantong,0.8,1.0,"[0, 2, 1, 1, 0, 1, -2, 2, 3, 0]"
karya,2.4,1.0,"[2, 3, 4, 3, 2, 2, 2, 2, 3, 1]"
keroyok,0.8,1.0,"[1, 3, -1, 1, 2, -1, 0, 1, 1, 1]"
tunjang,2.4,1.0,"[3, 3, 2, 2, 2, 4, 2, 2, 2, 2]"
jempol,3.2,1.0,"[3, 3, 3, 3, 4, 1, 3, 4, 4, 4]"
koordinasi,0.8,1.0,"[2, 1, 1, -1, 1, -1, 1, 2, 1, 1]"
renang,0.8,1.0,"[-2, 1, 1, -1, 1, 2, 1, 1, 2, 2]"
bincang,1.6,1.0,"[3, 3, 1, 1, -1, 1, 3, 1, 2, 2]"
pesona,3.2,1.0,"[4, 1, 4, 4, 3, 4, 3, 4, 2, 3]"
sahut,0.8,1.0,"[2, -1, 0, 0, 3, 1, 0, 2, 0, 1]"
edar,1.6,1.0,"[2, 2, 2, 3, 1, 2, 2, 1, 3, -2]"
dandan,3.2,1.0,"[1, 4, 2, 4, 4, 3, 3, 4, 3, 4]"
mahir,3.2,1.0,"[2, 4, 4, 4, 3, 3, 3, 3, 2, 4]"
pandu,2.4,1.0,"[3, 4, 3, 1, 4, 1, 2, 3, 1, 2]"
ken,2.4,1.0,"[2, 3, 2, 2, 2, 1, 4, 3, 3, 2]"
pikir,0.8,1.0,"[0, 0, 0, 0, 1, 3, 2, 2, 0, 0]"
pindah,0.8,1.0,"[-1, 1, 2, 0, -1, 2, 1, 2, 1, 1]"
pasuk,1.6,1.0,"[2, 0, 3, 2, 2, 1, 2, 1, 1, 2]"
rata,0.8,1.0,"[1, 0, 2, 2, 1, 0, 0, -1, 3, 0]"
naik,0.8,1.0,"[1, 0, 0, 1, 1, 3, 0, 0, 0, 2]"
labuh,2.4,1.0,"[4, 2, 3, 1, 3, -1, 2, 4, 4, 2]"
dapat,1.6,1.0,"[2, 2, 1, 1, 0, 2, 2, 3, 1, 2]"
usik,0.8,1.0,"[1, 2, 1, 0, 1, 0, -1, 1, 2, 1]"
menang,3.2,1.0,"[2, 4, 4, 3, 3, 4, 4, 3, 2, 3]"
guna,0.8,1.0,"[0, 1, -1, 1, 1, 1, 1, 1, 2, 1]"
tanya,1.6,1.0,"[1, 2, 0, 3, 2, 3, 0, 0, 3, 2]"
pukau,1.6,1.0,"[3, 4, 0, 4, 0, 0, 3, 1, 1, 0]"
moga,0.8,1.0,"[0, 1, -1, 1, 2, 2, 1, 1, -1, 2]"
neng,4.0,1.0,"[4, 4, 4, 4, 4, 4, 4, 4, 4, 4]"
longgar,2.4,1.0,"[3, 0, 4, 2, 2, 4, 1, 2, 4, 2]"
zikir,3.2,1.0,"[3, 4, 2, 3, 4, 2, 4, 2, 4, 4]"
baring,1.6,1.0,"[1, 1, 3, 0, 1, 3, 4, 0, 2, 1]"
pati,2.4,1.0,"[2, 1, 3, 4, 1, 3, 1, 3, 4, 2]"
pasti,2.4,1.0,"[4, -1, 4, 3, 4, 3, 3, 1, 1, 2]"
keliru,0.8,1.0,"[2, 1, 0, 4, 1, 0, 0, -1, 0, 1]"
kucup,1.6,1.0,"[2, 4, 3, -1, 1, 0, 1, 2, 3, 1]"
aku,1.6,1.0,"[1, 1, 3, 1, 1, 2, 1, 1, 3, 2]"
bom,0.8,1.0,"[1, 2, 3, 1, 1, 0, 1, 1, -2, 0]"
aib,0.8,1.0,"[-1, 0, 1, 1, 2, -2, 3, 1, 1, 2]"
kerubung,0.8,1.0,"[2, 1, 1, 0, 2, 1, -1, 2, 1, -1]"
bangan,1.6,1.0,"[0, 1, 2, 1, 2, 2, 0, 1, 4, 3]"
bunga,2.4,1.0,"[2, 1, 2, 3, 3, 4, 3, 2, 2, 2]"
boleh,1.6,1.0,"[1, 2, 1, 2, 1, 1, 3, 1, 1, 3]"
imbuh,0.8,1.0,"[1, 0, 1, 2, 0, 1, 2, 2, 0, -1]"
cengang,0.8,1.0,"[1, 0, 1, 1, 0, 2, 0, 2, 1, 0]"
sembahyang,4.0,1.0,"[4, 4, 4, 4, 4, 4, 4, 4, 4, 4]"
syukur,4.0,1.0,"[4, 4, 4, 4, 4, 4, 4, 4, 4, 4]"
cinta,2.4,1.0,"[2, 3, 3, 2, 3, 2, 4, 3, 1, 1]"
jelas,0.8,1.0,"[1, 1, 2, -1, 1, -1, 2, 1, 1, 1]"
tingkat,0.8,1.0,"[2, 0, 1, 2, 0, 1, -1, -1, 3, 1]"
timba ilmu,3.2,1.0,"[3, 4, 4, 1, 4, 4, 2, 2, 4, 4]"
lakon,0.8,1.0,"[0, 0, 0, 0, 1, 2, 1, 2, 1, 1]"
rencana,1.6,1.0,"[1, 0, 1, 3, 2, 1, 2, 2, 2, 2]"
hendak,0.8,1.0,"[1, -1, -1, 2, 2, 1, 0, 2, 0, 2]"
limpah,0.8,1.0,"[1, 1, 0, 3, 0, 0, 0, 2, 0, 1]"
kembang,2.4,1.0,"[4, 2, 2, 3, 2, 3, 0, 2, 4, 2]"
menung,1.6,1.0,"[3, 0, 3, 0, 1, 2, 1, 4, 2, 0]"
tuntut ilmu,3.2,1.0,"[3, 3, 4, 3, 2, 4, 4, 4, 3, 2]"
amuk,0.8,1.0,"[1, 0, 0, 1, 1, 0, 1, 1, 1, 2]"
irama,3.2,1.0,"[3, 2, 4, 3, 4, 3, 2, 4, 4, 3]"
citra,1.6,1.0,"[0, 2, 1, 2, 2, 2, 2, 2, 2, 1]"
darat,0.8,1.0,"[1, 2, 2, 1, -1, 2, 1, 2, 0, -2]"
jatuh,0.8,1.0,"[2, 1, 2, 0, 1, 0, 0, 1, 1, 0]"
sudi,1.6,1.0,"[2, 2, 2, 1, 1, 1, 2, 3, 1, 1]"
muas,4.0,1.0,"[4, 4, 4, 4, 4, 4, 4, 4, 4, 4]"
hangat,3.2,1.0,"[3, 4, 4, 3, 3, 2, 3, 3, 3, 4]"
selaras,2.4,1.0,"[2, 4, 2, 2, 4, 2, 2, 2, 1, 3]"
bangkit,1.6,1.0,"[-1, 3, 1, 2, 2, 2, 2, 1, 0, 4]"
sir,1.6,1.0,"[3, 1, 1, 2, 1, 1, 3, 2, 1, 1]"
banding,2.4,1.0,"[2, 2, 2, 4, 1, 0, 4, 4, 3, 2]"
kuat duga,1.6,1.0,"[1, 2, 0, 1, 2, 2, 2, 2, 2, 2]"
tumpu,0.8,1.0,"[0, 0, 0, 2, 0, 1, 0, 2, 1, 2]"
guru,2.4,1.0,"[1, 2, 4, 2, 0, 2, 2, 4, 4, 3]"
langgan,1.6,1.0,"[3, 3, 1, 0, 2, 2, 2, 2, 0, 1]"
sinkron,0.8,1.0,"[0, 1, 0, 0, 1, 1, 1, 2, 0, 2]"
daftar,0.8,1.0,"[-1, 1, 1, 1, 1, 0, 1, 1, 2, 1]"
jernih suasana,0.8,1.0,"[1, 1, 1, 1, 2, 1, 2, -1, 1, -1]"
lam,2.4,1.0,"[2, 1, 3, 4, 4, 2, 2, 2, 2, 2]"
bawa,0.8,1.0,"[0, -1, 2, 1, 1, 1, 1, 0, 1, 2]"
benar,1.6,1.0,"[4, 4, 1, 2, 1, 1, -1, 0, 2, 2]"
surat takdir,1.6,1.0,"[2, 2, 0, 3, 1, 0, 2, 2, 2, 2]"
prasangka,0.8,1.0,"[1, 0, 0, 0, 2, 0, 2, 1, 1, 1]"
kuntit,0.8,1.0,"[0, -2, 0, 2, 1, 2, 2, 1, 2, 0]"
asosiasi,2.4,1.0,"[4, 2, 3, 4, 2, 2, 3, 1, 1, 2]"
jungkal,0.8,1.0,"[1, 1, 1, 2, 1, 0, 1, 0, 0, 1]"
tegar,1.6,1.0,"[1, 0, 1, 4, 1, 1, 4, 1, 2, 1]"
suguh,1.6,1.0,"[4, 1, 4, 1, 1, 1, 1, 0, 2, 1]"
suasana hati,0.8,1.0,"[2, 0, 1, 0, 0, 1, 0, 2, 2, 0]"
rumah tangga,1.6,1.0,"[2, 0, 3, 3, 3, 1, 1, 1, 1, 1]"
banyak,2.4,1.0,"[2, 3, 1, 3, 2, 0, 3, 3, 4, 3]"
dukung,3.2,1.0,"[4, 3, 2, 3, 4, 2, 3, 4, 3, 4]"
keluarga,3.2,1.0,"[3, 4, 4, 1, 3, 3, 4, 4, 3, 3]"
lengkap,1.6,1.0,"[1, 1, 1, 1, 2, 2, 2, 2, 3, 1]"
sedia,1.6,1.0,"[-1, 4, 1, 2, 1, 3, 1, 1, 2, 2]"
teladan,3.2,1.0,"[4, 4, 3, 4, 4, 4, 3, 2, 2, 2]"
inap,1.6,1.0,"[1, 2, 2, 0, 2, 1, 2, 2, 2, 2]"
patut,1.6,1.0,"[2, 1, 3, 1, 1, 3, 1, 1, 2, 1]"
singsing,2.4,1.0,"[2, 3, 1, 4, 2, 1, 3, 4, 2, 2]"
sabar,4.0,1.0,"[4, 4, 4, 4, 4, 4, 4, 4, 4, 4]"
timbun,0.8,1.0,"[1, -1, 1, 2, 0, 3, 0, 0, 1, 1]"
lanjur,0.8,1.0,"[-1, 1, 1, 0, 1, -1, 3, 0, 1, 3]"
lapor,1.6,1.0,"[1, 1, 3, 0, 3, 1, 0, 2, 3, 2]"
proses,0.8,1.0,"[2, 2, 0, 3, 0, 2, 1, 0, -1, -1]"
kuasa,2.4,1.0,"[1, 1, 2, 1, 3, 3, 4, 3, 3, 3]"
simpat,3.2,1.0,"[3, 2, 3, 2, 4, 4, 4, 4, 3, 3]"
teguh hati,2.4,1.0,"[3, 1, 2, 4, 2, 2, 2, 2, 3, 3]"
mata cahari,1.6,1.0,"[2, 0, 3, 1, 1, 2, 4, 0, 2, 1]"
heboh,0.8,1.0,"[2, 3, 0, 0, 0, 1, -1, 3, 0, 0]"
sempurna,2.4,1.0,"[4, 3, 2, 2, 2, 2, 4, 1, 2, 2]"
erti,1.6,1.0,"[2, 2, 2, 2, 1, 1, 2, 0, 1, 3]"
cengkeram,0.8,1.0,"[2, 0, 1, 0, 2, 1, 1, 0, 0, 1]"
luang,1.6,1.0,"[2, 2, 3, 2, 1, 1, 3, 1, 0, 1]"
kirim,1.6,1.0,"[2, 1, 2, 1, 3, 0, 1, 3, 0, 3]"
tukar pikir,2.4,1.0,"[3, 3, 2, 4, 2, 3, 2, 2, 1, 2]"
ringan,1.6,1.0,"[2, 3, 3, 0, 2, 1, 1, 1, 2, 1]"
nyali,3.2,1.0,"[4, 3, 4, 1, 4, 3, 4, 2, 4, 3]"
gapai,2.4,1.0,"[0, 2, 3, 2, 4, 2, 3, 3, 2, 3]"
nyala,1.6,1.0,"[0, 3, 2, 1, 2, 1, 2, 2, 2, 1]"
angkut,0.8,1.0,"[2, 3, 0, 0, 0, 2, 0, 0, -1, 2]"
tanggap,2.4,1.0,"[4, 3, 1, 3, 1, 2, 3, 2, 3, 2]"
aji,3.2,1.0,"[2, 4, 3, 4, 3, 1, 4, 4, 3, 4]"
tanggulang,1.6,1.0,"[4, 2, 2, 3, 1, 0, -1, 2, 2, 1]"
coba,1.6,1.0,"[1, 0, 1, 0, 2, 3, 1, 2, 4, 2]"
hajat,0.8,1.0,"[1, 1, 1, 0, 2, 0, 1, 1, 1, 0]"
aja,0.8,1.0,"[-1, 0, 1, 2, 0, 1, 2, 2, 0, 1]"
sampai,1.6,1.0,"[2, 1, 0, 2, 1, 2, 3, 3, 1, 1]"
bobot,1.6,1.0,"[2, 0, 1, 2, 2, 4, 0, 0, 4, 1]"
harga,2.4,1.0,"[2, 1, 3, 2, 2, 2, 3, 3, 3, 3]"
kejut,2.4,1.0,"[3, 2, 4, 2, 1, 2, 0, 3, 3, 4]"
jalan buka,2.4,1.0,"[4, 3, 3, 1, 2, 3, 3, 2, 2, 1]"
timpal,1.6,1.0,"[1, 3, 0, 3, 0, 1, 3, 3, 2, 0]"
tongkrong,0.8,1.0,"[-1, 2, 0, 0, 0, 0, 2, 3, 3, -1]"
ajar,0.8,1.0,"[0, 2, 0, -1, 1, 0, 2, 2, 2, 0]"
rindu,1.6,1.0,"[2, 1, 3, 1, 1, 0, 0, 4, 2, 2]"
tahu,3.2,1.0,"[3, 4, 2, 3, 4, 3, 2, 4, 3, 4]"
isi,1.6,1.0,"[2, 1, 1, 2, 3, 0, 1, 3, 1, 2]"
manfaat,4.0,1.0,"[4, 4, 4, 4, 4, 4, 4, 4, 4, 4]"
masyhur,3.2,1.0,"[3, 4, 3, 4, 2, 3, 3, 4, 4, 2]"
pergi,0.8,1.0,"[-1, 0, 0, 1, 0, 0, 3, 1, 3, 1]"
mohon diri,1.6,1.0,"[2, 3, 1, 1, 1, 0, 2, 2, 3, 1]"
capai,3.2,1.0,"[4, 3, 4, 2, 4, 1, 3, 3, 4, 4]"
tata,2.4,1.0,"[3, 1, 1, 2, 4, 2, 3, 2, 3, 3]"
kerja,1.6,1.0,"[3, 3, 2, 1, 0, 1, 3, 2, 1, 0]"
sokong,2.4,1.0,"[4, 2, 2, 0, 1, 4, 3, 3, 3, 2]"
latih diri,3.2,1.0,"[3, 4, 4, 3, 4, 3, 3, 2, 4, 2]"
persen,1.6,1.0,"[2, 2, 0, 2, 2, 2, 1, 1, 2, 2]"
rasai,0.8,1.0,"[0, 0, 2, 1, 1, 0, 2, 0, 1, 1]"
para,1.6,1.0,"[1, 2, 2, 1, 0, 3, 2, 1, 3, 1]"
sangkut,1.6,1.0,"[0, 0, 2, 3, 3, 1, 3, 2, 0, 2]"
taruh hati,2.4,1.0,"[3, 4, 2, 2, 1, 3, 1, 3, 3, 2]"
alam,1.6,1.0,"[2, 2, 1, 2, 2, 0, 0, 2, 2, 3]"
selesai,1.6,1.0,"[2, 3, -1, 3, 2, 1, 1, 1, 1, 3]"
rusuh,0.8,1.0,"[1, 1, 1, 2, -1, -1, 2, 2, 0, 1]"
akar,1.6,1.0,"[3, 2, -1, 2, 3, 3, 1, 1, 1, 1]"
sambut,2.4,1.0,"[1, 2, 3, 1, 3, 3, 3, 3, 3, 2]"
sungguh,3.2,1.0,"[1, 1, 3, 4, 3, 4, 4, 4, 4, 4]"
tulang,1.6,1.0,"[1, 1, 4, 2, 2, 3, 2, 0, 0, 1]"
kini,2.4,1.0,"[3, 3, 3, 3, 3, 1, 1, 3, 2, 2]"
cerita,1.6,1.0,"[3, 3, 2, 3, 0, 0, 3, 0, 0, 2]"
cari ilmu,3.2,1.0,"[2, 3, 4, 2, 4, 1, 4, 4, 4, 4]"
ana,1.6,1.0,"[1, 1, 0, 3, 3, 2, 0, 1, 3, 2]"
hitung,0.8,1.0,"[1, 1, 0, 1, 1, 0, 2, 1, 0, 1]"
tafsir,1.6,1.0,"[2, 2, 2, 2, 1, 2, 2, 1, 1, 1]"
laden,2.4,1.0,"[2, 3, 2, 4, 2, 3, 1, 2, 2, 3]"
suka,2.4,1.0,"[2, 2, 2, 3, 2, 1, 3, 2, 3, 4]"
bingkis,3.2,1.0,"[2, 3, 3, 3, 4, 3, 4, 3, 4, 3]"
operasi,0.8,1.0,"[1, 0, 1, 1, 1, 2, 0, -1, 0, 3]"
pudar,1.6,1.0,"[2, 2, 4, 2, 0, 2, 1, 0, 2, 1]"
ikhtiar,2.4,1.0,"[3, -1, 3, 3, 3, 3, 1, 4, 3, 2]"
amal,3.2,1.0,"[4, 3, 2, 4, 2, 4, 4, 4, 2, 3]"
gila,2.4,1.0,"[2, 3, 3, 2, 1, 2, 3, 2, 4, 2]"
kam,1.6,1.0,"[2, 3, 1, 2, 3, 1, 0, 0, 2, 2]"
kucil,0.8,1.0,"[2, 0, 0, 1, 2, 0, 1, 0, 2, 0]"
kesah,1.6,1.0,"[2, 2, 2, 3, 1, 2, 3, 1, 0, 0]"
ganjar balas,0.8,1.0,"[-1, 0, 0, 1, 4, 3, 1, 1, -1, 0]"
tinggi,2.4,1.0,"[3, 3, 1, 3, 2, 2, 1, 3, 3, 3]"
dahulu,1.6,1.0,"[2, 2, 2, 3, 2, 1, 1, 1, 1, 1]"
puji,3.2,1.0,"[3, 2, 4, 3, 4, 4, 4, 2, 3, 3]"
mimpi,1.6,1.0,"[3, 3, 0, 2, 3, 0, 1, -1, 3, 2]"
denyut,1.6,1.0,"[1, 2, 2, 2, 0, 2, 1, 4, 3, -1]"
pemuda,1.6,1.0,"[1, 1, 3, 2, 2, 1, 0, 3, 1, 2]"
gambar,1.6,1.0,"[1, 0, 1, 2, 1, 1, 4, 3, 2, 1]"
tukar,0.8,1.0,"[2, 0, -1, 0, -1, 2, 1, 2, 2, 1]"
hadiah,3.2,1.0,"[4, 1, 4, 4, 3, 4, 4, 3, 2, 3]"
telungkup,0.8,1.0,"[0, 1, 1, 2, 2, 0, 0, 3, 0, -1]"
pandang,0.8,1.0,"[2, 3, 2, 1, 1, 0, -1, -1, 1, 0]"
baik,2.4,1.0,"[4, 1, 1, 3, 2, 3, 4, 2, 2, 2]"
tarik,1.6,1.0,"[1, 1, 0, 2, 2, 2, 1, 2, 2, 3]"
cakap,1.6,1.0,"[1, 1, 2, 2, 2, 2, 3, 1, 0, 2]"
panjat doa,3.2,1.0,"[3, 2, 4, 3, 1, 3, 4, 4, 4, 4]"
imbal,0.8,1.0,"[0, 1, 0, 0, 2, 1, -1, 1, 2, 2]"
mukim,1.6,1.0,"[3, 0, 1, 1, 4, 1, 1, 0, 3, 2]"
kenang,2.4,1.0,"[3, 2, 3, 1, 3, 2, 2, 3, 3, 2]"
anugerah,2.4,1.0,"[3, 2, 3, 2, 4, 1, 2, 2, 4, 1]"
meni,3.2,1.0,"[4, 4, 3, 1, 4, 2, 4, 3, 3, 4]"
mikat,1.6,1.0,"[3, 1, 2, 2, 4, 1, -1, 2, 1, 1]"
rengkuh,0.8,1.0,"[1, 1, 1, 3, 1, 1, 1, -1, -2, 2]"
jenak,0.8,1.0,"[1, 3, 2, 0, 2, 0, 1, -1, -1, 1]"
mulai,0.8,1.0,"[1, 1, 1, 0, 1, 1, 1, 1, 1, 0]"
gores,0.8,1.0,"[0, 0, 1, 1, 1, 2, 1, 1, -1, 2]"
terima,1.6,1.0,"[1, 2, 1, 1, 3, 0, 1, 3, 2, 2]"
sila,0.8,1.0,"[2, 2, 2, -1, 2, 0, -1, 1, 0, 1]"
silah,2.4,1.0,"[3, 3, 2, 1, 2, 3, 3, 2, 2, 3]"
poin,1.6,1.0,"[2, 3, -1, 2, 2, 1, 2, 2, 2, 1]"
bunyi,1.6,1.0,"[3, 2, 2, 0, 2, 3, 1, 1, 2, 0]"
telaah,1.6,1.0,"[3, 2, 1, 1, 0, 3, 1, 1, 3, 1]"
dansa,2.4,1.0,"[4, 2, 2, 3, 2, 2, 4, 2, 1, 2]"
buah,1.6,1.0,"[1, 2, -1, 4, 1, 2, 3, 1, 1, 2]"
cepat,2.4,1.0,"[2, 3, 3, 4, 2, 3, 3, 1, 0, 3]"
hidang,1.6,1.0,"[1, 0, 3, 1, 3, 3, 2, 3, 0, 0]"
selawat,2.4,1.0,"[3, 2, 2, 3, 3, 3, 2, 2, 4, 0]"
kesima,3.2,1.0,"[3, 3, 4, 3, 3, 3, 2, 3, 4, 4]"
daya guna,3.2,1.0,"[2, 2, 2, 4, 3, 4, 3, 4, 4, 4]"
buat,0.8,1.0,"[1, -1, 3, 0, 0, 2, 1, 0, 1, 1]"
tiada,0.8,1.0,"[1, 1, 1, 0, 0, 1, 1, 1, 0, 2]"
ibadat,3.2,1.0,"[3, 3, 3, 4, 3, 4, 3, 3, 4, 2]"
jadi,0.8,1.0,"[1, -2, 0, 2, 2, 1, 0, 1, 0, 3]"
layak,2.4,1.0,"[2, 0, 4, 2, 2, 4, 1, 4, 3, 2]"
gelincir,0.8,1.0,"[1, 1, 0, 0, 2, 2, 1, 1, 0, 0]"
simpul,2.4,1.0,"[2, 1, 3, 3, 4, 4, 0, 3, 2, 2]"
mutu,2.4,1.0,"[1, 3, 3, 2, 4, 2, 4, 2, 2, 1]"
pengaruh,2.4,1.0,"[0, 1, 3, 4, 3, 1, 4, 2, 3, 3]"
bara,1.6,1.0,"[2, 2, 3, 2, 0, 1, 2, 1, 2, 1]"
nikmat,2.4,1.0,"[3, 3, 3, 2, 2, 2, 2, 1, 4, 2]"
atur,3.2,1.0,"[4, 3, 4, 3, 3, 3, 3, 2, 4, 3]"
awat,4.0,1.0,"[4, 4, 4, 4, 4, 4, 4, 4, 4, 4]"
redam,0.8,1.0,"[3, 2, 0, 1, 0, 0, 1, 0, 1, 0]"
luk,2.4,1.0,"[2, 2, 3, 3, 3, 1, 2, 3, 3, 2]"
suplai,1.6,1.0,"[1, 3, 3, 1, 1, 2, 1, 1, 2, 1]"
awal,1.6,1.0,"[3, 2, 2, -1, 2, 2, 1, 0, 2, 3]"
sembul,0.8,1.0,"[0, 0, 0, 2, 0, 2, 2, -1, 1, 2]"
susut,0.8,1.0,"[2, 1, 1, 1, 1, 0, 0, 1, 1, 0]"
tuju,2.4,1.0,"[3, 2, 2, 1, 3, 2, 4, 4, 0, 3]"
tegur,1.6,1.0,"[1, 1, 1, 2, 1, 3, 1, 2, 2, 2]"
tangan,0.8,1.0,"[-1, 1, 1, 2, 0, 3, 1, -1, 2, 0]"
lupa,0.8,1.0,"[1, 2, 1, 2, -1, 2, 2, -1, -1, 1]"
pelamin,3.2,1.0,"[4, 4, 4, 4, 3, 1, 4, 3, 2, 3]"
sembur,0.8,1.0,"[1, 3, 1, -2, 1, 0, 1, 3, 0, 0]"
biasa,1.6,1.0,"[3, 0, 2, 0, 4, 1, 3, 1, 1, 1]"
nila,1.6,1.0,"[2, 2, 1, 4, 0, 0, 2, 1, 2, 2]"
asket,1.6,1.0,"[1, 2, 1, 2, 3, 1, 2, 0, 2, 2]"
karena allah,1.6,1.0,"[0, 1, 3, 0, 1, 2, 0, 1, 4, 4]"
sesal,0.8,1.0,"[0, 2, 1, 3, 1, 1, 1, -1, 0, 0]"
tutup mulut,0.8,1.0,"[1, 3, 0, 0, 1, 1, 0, 1, 0, 1]"
gelanggang,1.6,1.0,"[0, 1, 1, 1, 3, 4, 1, 2, 0, 3]"
hias,2.4,1.0,"[3, 1, 1, 4, 2, 4, 1, 4, 2, 2]"
beli,1.6,1.0,"[3, 1, 2, 1, 1, 1, 1, 1, 2, 3]"
curiga,0.8,1.0,"[1, 3, 1, 0, 0, 0, -1, 2, 1, 1]"
makin,1.6,1.0,"[3, 1, 2, 2, 1, 2, 1, 2, 1, 1]"
colok,1.6,1.0,"[3, 0, 2, 1, 3, 2, 3, 1, 0, 1]"
cekat,1.6,1.0,"[2, 1, 2, 1, 0, 2, 1, 1, 3, 3]"
prihatin,1.6,1.0,"[1, 2, 1, 2, 1, 0, 2, 2, 1, 4]"
tanding,1.6,1.0,"[0, 3, 0, 1, 1, 3, 2, 2, 1, 3]"
dua,0.8,1.0,"[2, 0, 0, 1, 1, 1, 1, 1, 1, 0]"
taat,2.4,1.0,"[3, 3, 3, 3, 1, -1, 4, 2, 3, 3]"
damping,0.8,1.0,"[0, 2, 0, 0, 1, 0, 1, 2, 1, 1]"
arti,0.8,1.0,"[0, 1, 1, 2, 1, 1, -1, 3, 0, 0]"
naik ke pelamin,2.4,1.0,"[3, 2, 3, 2, 4, 1, 3, 1, 2, 3]"
tunang,2.4,1.0,"[3, 3, 3, 2, 2, 2, 2, 2, 3, 2]"
sanjung,1.6,1.0,"[4, 3, 0, 1, 1, 1, 3, 0, 1, 2]"
hujan gerimis,0.8,1.0,"[3, -1, 1, 0, 0, 0, 1, 2, 2, 0]"
lebih,0.8,1.0,"[1, -1, 1, 1, 3, 1, -1, 1, 1, 1]"
suap,0.8,1.0,"[2, -1, -1, 1, 3, 0, -1, 2, 3, 0]"
gelesot,0.8,1.0,"[2, 1, 0, 1, 0, 1, 1, 2, 0, 0]"
sayang,2.4,1.0,"[2, 2, 1, 4, 2, 4, 1, 2, 3, 3]"
serah,1.6,1.0,"[1, 0, 1, 2, 2, 2, 1, 1, 3, 3]"
serunda,1.6,1.0,"[1, 1, 4, 0, 2, 1, 2, 2, 2, 1]"
milik,0.8,1.0,"[-1, 1, 1, 1, 3, 1, 0, 0, 1, 1]"
kuat batin,2.4,1.0,"[4, 4, 1, 3, 2, 3, 3, 2, 1, 1]"
tukar akal,0.8,1.0,"[0, 1, 2, 2, 1, 0, 1, 1, 0, 0]"
biar,0.8,1.0,"[2, 0, 1, 1, 0, 2, -1, 1, 1, 1]"
kualitas,3.2,1.0,"[3, 4, 3, 3, 4, 4, 3, 2, 2, 4]"
jual,0.8,1.0,"[2, -1, 1, 2, 0, 1, 1, 1, 0, 1]"
sama,2.4,1.0,"[3, 1, 2, 1, 3, 4, 3, 1, 2, 4]"
pasang hidup,3.2,1.0,"[3, 4, 1, 3, 4, 3, 3, 3, 4, 4]"
cium telapak kaki,0.8,1.0,"[1, -1, 1, 0, 1, -2, 2, 1, 3, 2]"
bijak,2.4,1.0,"[2, 2, 3, 3, 1, 3, 2, 3, 3, 2]"
dunia,0.8,1.0,"[1, 1, 1, 2, 0, 1, 2, 2, -1, -1]"
bagi,1.6,1.0,"[2, 1, 1, 3, -1, 3, 2, 2, 2, 1]"
faedah,3.2,1.0,"[2, 4, 4, 2, 3, 4, 4, 2, 3, 4]"
ganyang,0.8,1.0,"[1, 0, 3, 3, 1, 0, 0, 1, 1, -2]"
raih,1.6,1.0,"[3, 0, 3, 2, -1, 2, 2, 1, 3, 1]"
yakin,2.4,1.0,"[2, 1, 2, 3, 2, 3, 2, 4, 3, 2]"
bayang,1.6,1.0,"[3, 1, 1, 1, 2, 4, 1, 0, 2, 1]"
jaring,2.4,1.0,"[2, 3, 1, 2, 4, 2, 2, 3, 2, 3]"
gelora,1.6,1.0,"[3, 1, 2, 0, 0, 2, 1, 1, 2, 4]"
lorot,0.8,1.0,"[2, 2, 0, 0, 2, 0, 1, -1, 1, 1]"
banting,0.8,1.0,"[2, 1, 2, 2, 2, -2, 1, -1, 1, 0]"
uji,0.8,1.0,"[0, -1, 3, 1, 0, 2, 1, 0, 1, 1]"
libur,2.4,1.0,"[2, 1, 2, 3, 2, 3, 2, 4, 3, 2]"
jawab,2.4,1.0,"[2, 4, 3, 1, 2, 1, 3, 3, 3, 2]"
kerabat,2.4,1.0,"[3, 1, 2, 3, 2, 3, 2, 2, 4, 2]"
tarik hati,2.4,1.0,"[2, 2, 1, 4, 2, 2, 3, 3, 3, 2]"
cadang,1.6,1.0,"[1, 1, 2, 3, 1, 2, 1, 2, 1, 2]"
aktif,1.6,1.0,"[1, 2, 1, 2, 0, 3, 2, 1, 2, 2]"
gema,0.8,1.0,"[1, 1, 1, 0, 1, 0, 2, 0, 1, 1]"
rilis,2.4,1.0,"[1, 3, 2, 1, 4, 2, 1, 2, 4, 4]"
saksi,0.8,1.0,"[3, -1, 0, 2, 2, 2, 0, 0, -1, 1]"
panjang,1.6,1.0,"[0, 2, 2, 3, 2, 1, 1, 2, 2, 1]"
lucu,2.4,1.0,"[3, 2, 2, 2, 4, 2, 2, 1, 3, 3]"
gali ilmu,3.2,1.0,"[2, 4, 4, 2, 1, 4, 4, 4, 3, 4]"
hayat,2.4,1.0,"[2, 0, 4, 4, 2, 2, 4, 4, 1, 1]"
jejal,0.8,1.0,"[0, 1, 0, 0, 3, 0, 0, 1, 2, 1]"
arah,0.8,1.0,"[1, 3, 0, 1, 1, 0, 1, 1, -1, 1]"
antisipasi,2.4,1.0,"[1, 1, 4, 3, 3, 3, 3, 2, 2, 2]"
hidup,1.6,1.0,"[1, 3, 2, 1, 3, 2, 0, 1, 2, 1]"
terang,1.6,1.0,"[2, 2, 2, 1, 2, 0, 1, 2, 2, 2]"
imla,0.8,1.0,"[1, 0, -1, 1, 1, 1, 0, 2, 2, 1]"
minta kpd tuhan,2.4,1.0,"[3, 2, 3, 3, 3, 4, 0, 2, 2, 2]"
tetap,2.4,1.0,"[0, 3, 3, 0, 2, 2, 3, 4, 4, 3]"
salin,2.4,1.0,"[3, 2, 3, 4, 2, 2, 1, 1, 4, 2]"
parade,0.8,1.0,"[0, 4, 2, 0, 2, 1, 1, 0, -2, 0]"
konfirmasi,2.4,1.0,"[2, 2, 4, 0, 3, 3, 3, 2, 2, 3]"
wujud,1.6,1.0,"[1, 3, 2, 2, 1, 1, 2, 2, 0, 2]"
kasih,1.6,1.0,"[0, 1, 1, 2, 2, 2, 2, 3, 0, 3]"
dekat,0.8,1.0,"[2, 1, 0, 2, 0, 1, 1, 0, -1, 2]"
iktikad,1.6,1.0,"[3, 2, 2, 2, 2, 2, 1, -1, 2, 1]"
tunggu dunia,1.6,1.0,"[-2, 3, 1, 2, 0, 3, 3, 3, 1, 2]"
angsur,0.8,1.0,"[2, 0, 1, 2, 0, 1, 1, 1, 0, 0]"
budi pekerti yang baik,2.4,1.0,"[2, 3, 3, 3, 3, 4, 2, 2, 0, 2]"
hikmah,1.6,1.0,"[1, 4, 2, 2, 2, 1, 1, 0, 0, 3]"
cemplung,0.8,1.0,"[-1, 0, 2, 2, 0, 0, 0, 2, 0, 3]"
rekam,1.6,1.0,"[1, 2, 1, 3, 2, 1, 0, 2, 1, 3]"
buru,0.8,1.0,"[1, 1, 0, 0, 2, -1, 1, 2, 0, 2]"
tampil,0.8,1.0,"[0, 0, 0, 0, 2, 0, 1, 1, 2, 2]"
bakat,3.2,1.0,"[3, 4, 4, 4, 4, 2, 2, 4, 3, 2]"
luas,2.4,1.0,"[2, 2, 1, 2, 2, 2, 4, 3, 3, 3]"
pacar,1.6,1.0,"[2, 1, 1, 1, 3, 0, 2, 1, 1, 4]"
bakar,0.8,1.0,"[2, 0, 1, 1, 0, 1, 2, 0, 1, 0]"
taraf,2.4,1.0,"[4, 3, 1, 4, 3, 4, 1, 2, 0, 2]"
bisu,0.8,1.0,"[2, 1, 1, -1, 0, 0, 1, 3, 1, 0]"
jalan bebas hambat,1.6,1.0,"[1, 1, 1, 2, 2, 1, 2, 1, 3, 2]"
rebut,0.8,1.0,"[2, 1, 1, 0, -1, 1, 0, 1, 2, 1]"
cegah,1.6,1.0,"[0, 3, 2, 3, 2, 0, 3, 0, 1, 2]"
toreh,0.8,1.0,"[0, 2, 2, -1, 0, 1, 1, 2, 1, 0]"
anyar,3.2,1.0,"[3, 3, 3, 4, 4, 3, 4, 2, 3, 3]"
gari,2.4,1.0,"[3, 1, 2, 2, 2, 4, 2, 3, 2, 3]"
lambung,1.6,1.0,"[2, 2, 0, 0, 2, 2, 2, 4, 1, 1]"
batu,1.6,1.0,"[2, 1, 2, 3, 0, 1, 1, 3, 2, 1]"
makan,0.8,1.0,"[1, 0, 2, 0, 3, 0, 1, 1, 0, 0]"
keluang,2.4,1.0,"[4, 4, 2, 3, 1, 1, 3, 2, 2, 2]"
lindung,3.2,1.0,"[4, 4, 4, 4, 3, 2, 3, 3, 4, 1]"
rinai,0.8,1.0,"[1, 0, 2, 2, 1, 0, 3, -1, 0, 0]"
dalam,2.4,1.0,"[2, 3, 2, 1, 4, 2, 4, 2, 1, 3]"
bimbing,2.4,1.0,"[2, 1, 3, 3, 3, 4, 4, 2, 1, 1]"
cantik,1.6,1.0,"[1, 4, 1, 2, 1, 1, 3, 0, 2, 1]"
gentar,0.8,1.0,"[0, 2, 0, 2, 1, 1, 1, 1, 0, 0]"
gairah,2.4,1.0,"[1, 3, 3, 4, 1, 2, 2, 2, 4, 2]"
lunas kapal,1.6,1.0,"[4, 1, 2, 0, 2, 1, 2, 1, 2, 1]"
jago,2.4,1.0,"[4, 2, 1, 3, 2, 2, 4, 0, 3, 3]"
dagel,2.4,1.0,"[3, 2, 3, 3, 2, 1, 3, 1, 2, 4]"
ramai,2.4,1.0,"[2, 3, 1, 3, 4, 2, 2, 3, 2, 2]"
jaga,1.6,1.0,"[2, 3, 1, 0, 3, 1, 2, 1, 1, 2]"
semangat,3.2,1.0,"[2, 2, 4, 3, 3, 4, 4, 3, 3, 4]"
duli,3.2,1.0,"[2, 3, 3, 3, 4, 2, 4, 4, 4, 3]"
beri,1.6,1.0,"[1, 2, 1, 1, 2, 4, 0, 4, 0, 1]"
temu,1.6,1.0,"[1, 1, 0, 2, 3, 2, 1, 2, 2, 2]"
jeblos,0.8,1.0,"[3, 0, 0, 2, 1, 2, 1, 1, 0, -2]"
serempak,2.4,1.0,"[3, 4, 3, 3, 4, 1, 2, 1, 1, 2]"
satu,2.4,1.0,"[2, 1, 3, 2, 4, 3, 3, 2, 2, 2]"
saji,3.2,1.0,"[4, 3, 2, 3, 3, 3, 4, 4, 2, 4]"
fasilitas,1.6,1.0,"[0, 1, 2, 2, 2, 2, 2, 2, 1, 2]"
lukis,1.6,1.0,"[1, 1, 2, 2, 0, 0, 4, 1, 3, 2]"
tentang,0.8,1.0,"[0, 1, 1, 1, 2, 0, 2, 1, -1, 1]"
tutur,2.4,1.0,"[4, 3, 0, 3, 1, 3, 3, 3, 2, 2]"
teguh batin,2.4,1.0,"[3, 2, 1, 4, 1, 2, 4, 2, 3, 2]"
pantar,0.8,1.0,"[1, -1, 1, 1, 0, 1, 0, 1, 1, 3]"
lawas,0.8,1.0,"[2, 2, 1, 2, 1, -1, 1, 1, -1, 0]"
lawan,0.8,1.0,"[0, 2, 0, 2, 2, 1, 1, -1, 1, 0]"
tumpang tinggal,0.8,1.0,"[0, 1, 1, 0, 2, 0, 1, 1, 2, 0]"
pantai,0.8,1.0,"[2, 1, 1, 1, -2, 0, 2, 1, 0, 2]"
puas,2.4,1.0,"[2, 1, 4, 1, 3, 2, 3, 2, 2, 4]"
tahan,0.8,1.0,"[2, 1, 3, -1, 1, 2, -1, 1, 1, -1]"
parkir,0.8,1.0,"[1, 2, 1, -1, 0, 1, 1, 2, -1, 2]"
nyaman,3.2,1.0,"[4, 2, 3, 4, 2, 3, 3, 4, 3, 4]"
pandai,3.2,1.0,"[3, 4, 3, 2, 1, 4, 4, 4, 3, 4]"
tara,1.6,1.0,"[0, -1, 2, 1, 2, 1, 2, 2, 3, 4]"
titi,1.6,1.0,"[1, 3, 3, 0, 1, 0, 3, 1, 0, 4]"
perata,1.6,1.0,"[1, 2, 1, 1, 1, 2, 1, 3, 2, 2]"
kira,1.6,1.0,"[3, 2, 2, 1, 1, 1, 2, 1, 2, 1]"
indah,2.4,1.0,"[1, 4, 3, 4, 2, 1, 4, 0, 3, 2]"
kenyam,0.8,1.0,"[-2, 2, 1, 2, 2, 2, 1, 1, 0, -1]"
serta,1.6,1.0,"[2, 2, 2, 2, 3, -1, 0, 1, 4, 1]"
bagus,1.6,1.0,"[3, 1, 2, 3, 2, 0, 1, 1, 1, 2]"
taksir,2.4,1.0,"[3, 2, 3, 4, 3, 3, 1, 1, 1, 3]"
hubung,0.8,1.0,"[0, 2, 1, 2, 1, 1, 1, 0, -2, 2]"
kait,0.8,1.0,"[0, 0, 0, 1, 1, 2, 3, -1, 0, 2]"
orak senyum,1.6,1.0,"[1, 3, 2, 2, 2, 3, 2, 0, 0, 1]"
bahagia,3.2,1.0,"[4, 3, 2, 4, 3, 4, 4, 3, 3, 2]"
seragam,0.8,1.0,"[3, 1, 0, -1, 1, 1, 1, -1, 0, 3]"
coret,1.6,1.0,"[1, 2, 2, 1, 1, 1, 1, 2, 4, 1]"
memperindah,2.4,1.0,"[3, 1, 2, 1, 3, 2, 1, 4, 4, 3]"
lebun,2.4,1.0,"[3, 2, 3, 2, 3, 4, 2, 1, 1, 3]"
wadak,2.4,1.0,"[3, 3, 1, 3, 1, 3, 3, 1, 3, 3]"
lebuk,2.4,1.0,"[2, 3, 2, 3, 2, 4, 1, 2, 2, 3]"
sesaji,3.2,1.0,"[3, 3, 2, 3, 4, 4, 4, 3, 3, 3]"
merenung,2.4,1.0,"[2, 1, 4, 3, 3, 2, 1, 3, 2, 3]"
pengajar,2.4,1.0,"[2, 4, 3, 2, 1, 4, 2, 1, 3, 2]"
dikara,2.4,1.0,"[1, 2, 3, 2, 2, 2, 3, 3, 4, 2]"
khalis,3.2,1.0,"[4, 4, 1, 4, 4, 1, 3, 3, 4, 4]"
putus,2.4,1.0,"[2, 3, 2, 3, 3, 2, 1, 3, 2, 3]"
faktitius,2.4,1.0,"[2, 3, 3, 3, 4, 1, 1, 3, 3, 1]"
pasang,3.2,1.0,"[2, 3, 3, 2, 2, 4, 4, 4, 4, 4]"
memafhumi,2.4,1.0,"[2, 4, 3, 2, 1, 2, 2, 3, 2, 3]"
stabilitas,3.2,1.0,"[4, 3, 4, 3, 4, 4, 3, 1, 2, 4]"
bapa,2.4,1.0,"[4, 3, 1, 2, 2, 3, 3, 2, 4, 0]"
manis,4.0,1.0,"[4, 4, 4, 4, 4, 4, 4, 4, 4, 4]"
tekanan jiwa,3.2,1.0,"[3, 1, 4, 4, 4, 1, 3, 4, 4, 4]"
tempo-tempo,2.4,1.0,"[2, 2, 2, 3, 4, 2, 4, 1, 3, 1]"
berpiuh,2.4,1.0,"[4, 2, 1, 3, 1, 3, 2, 3, 2, 3]"
kepatuhan,2.4,1.0,"[3, 3, 3, 2, 2, 2, 2, 1, 3, 3]"
anak sekolah,2.4,1.0,"[2, 2, 4, 2, 2, 3, 3, 2, 2, 2]"
mempromosikan,2.4,1.0,"[3, 2, 4, 2, 2, 3, 2, 4, 2, 0]"
takyin,2.4,1.0,"[2, 3, 4, 3, 2, 2, 1, 2, 3, 2]"
ketapak,2.4,1.0,"[1, 3, 1, 3, 2, 3, 4, 3, 4, 0]"
kegembiraan,3.2,1.0,"[3, 4, 4, 1, 4, 3, 3, 2, 4, 4]"
kunci,2.4,1.0,"[2, 3, 3, 1, 3, 3, 2, 2, 2, 3]"
pelanggan,3.2,1.0,"[2, 4, 4, 4, 3, 4, 2, 2, 4, 3]"
lancung,2.4,1.0,"[4, 3, 2, 4, 1, 1, 2, 2, 2, 3]"
tunas,2.4,1.0,"[1, 2, 2, 3, 3, 3, 1, 2, 3, 4]"
tergeleng-geleng,3.2,1.0,"[3, 4, 3, 3, 3, 4, 3, 3, 3, 3]"
berkobar-kobar,3.2,1.0,"[4, 4, 3, 2, 3, 4, 3, 2, 3, 4]"
bacot,2.4,1.0,"[3, 4, 2, 3, 2, 1, 2, 2, 3, 2]"
melakonkan,2.4,1.0,"[2, 2, 3, 2, 3, 3, 2, 2, 2, 3]"
mengusili,3.2,1.0,"[3, 3, 3, 4, 3, 4, 2, 3, 4, 3]"
ansar,3.2,1.0,"[1, 4, 3, 4, 4, 4, 4, 2, 2, 4]"
kelezatan,3.2,1.0,"[4, 2, 3, 3, 4, 3, 4, 2, 4, 3]"
binen,2.4,1.0,"[4, 2, 2, 3, 2, 0, 2, 3, 4, 2]"
abid,2.4,1.0,"[2, 2, 4, 4, 2, 3, 2, 2, 2, 1]"
mengawaki,4.0,1.0,"[4, 4, 4, 4, 4, 4, 4, 4, 4, 4]"
belukar,2.4,1.0,"[3, 2, 1, 2, 4, 3, 2, 4, 2, 1]"
remeh,3.2,1.0,"[4, 3, 1, 4, 3, 4, 3, 3, 3, 4]"
banyolan,2.4,1.0,"[3, 1, 3, 1, 2, 3, 0, 4, 4, 3]"
bersendeng,3.2,1.0,"[2, 4, 4, 3, 4, 4, 3, 4, 1, 3]"
pertanda,3.2,1.0,"[3, 3, 4, 4, 2, 2, 4, 3, 3, 4]"
komplet,2.4,1.0,"[2, 3, 2, 2, 3, 2, 2, 1, 3, 4]"
tindakan,2.4,1.0,"[4, 3, 3, 1, 3, 2, 1, 1, 2, 4]"
amerta,2.4,1.0,"[2, 4, 3, 2, 1, 3, 2, 1, 4, 2]"
analisis,3.2,1.0,"[4, 2, 3, 2, 4, 3, 4, 3, 4, 3]"
berlatih,3.2,1.0,"[3, 3, 2, 4, 4, 3, 2, 4, 4, 3]"
penundukan,2.4,1.0,"[3, 2, 3, 2, 0, 3, 2, 3, 3, 3]"
pengganti,2.4,1.0,"[3, 2, 2, 2, 3, 3, 0, 3, 4, 2]"
karyawan,2.4,1.0,"[2, 2, 1, 3, 2, 4, 2, 3, 3, 2]"
kondang,4.0,1.0,"[4, 4, 4, 4, 4, 4, 4, 4, 4, 4]"
lalu,2.4,1.0,"[2, 2, 3, 3, 2, 3, 3, 1, 1, 4]"
kalong,2.4,1.0,"[3, 2, 3, 1, 2, 2, 3, 2, 4, 2]"
riasan,2.4,1.0,"[2, 3, 4, 3, 3, 1, 3, 2, 2, 1]"
kecong,2.4,1.0,"[2, 1, 2, 2, 3, 4, 3, 2, 1, 4]"
dewana,2.4,1.0,"[2, 1, 2, 3, 2, 3, 3, 3, 4, 1]"
kesukacitaan,2.4,1.0,"[2, 4, 3, 0, 2, 2, 4, 3, 3, 1]"
perwira,3.2,1.0,"[4, 3, 4, 4, 3, 4, 2, 3, 2, 3]"
tela,2.4,1.0,"[3, 3, 2, 3, 2, 3, 2, 2, 2, 2]"
perpaduan,3.2,1.0,"[3, 3, 2, 4, 4, 4, 4, 1, 3, 4]"
sarap,2.4,1.0,"[3, 2, 1, 1, 4, 4, 2, 4, 1, 2]"
candrasa,2.4,1.0,"[3, 3, 3, 4, 2, 2, 2, 2, 1, 2]"
memegang kitab,3.2,1.0,"[4, 3, 4, 4, 3, 3, 1, 4, 3, 3]"
apas,4.0,1.0,"[4, 4, 4, 4, 4, 4, 4, 4, 4, 4]"
persesuaian,3.2,1.0,"[4, 2, 4, 2, 4, 2, 4, 3, 4, 3]"
kesufian,3.2,1.0,"[3, 4, 4, 4, 2, 4, 4, 1, 4, 2]"
meletakkan,3.2,1.0,"[1, 3, 4, 4, 3, 4, 3, 4, 3, 3]"
digdaya,3.2,1.0,"[2, 3, 3, 3, 3, 4, 4, 2, 4, 4]"
kadang,2.4,1.0,"[2, 3, 2, 4, 3, 2, 3, 3, 2, 0]"
merentangkan,2.4,1.0,"[3, 1, 2, 3, 3, 2, 3, 2, 3, 2]"
menginginkan,3.2,1.0,"[4, 4, 3, 4, 2, 3, 4, 4, 2, 2]"
formasi,2.4,1.0,"[4, -1, 3, 2, 3, 2, 4, 3, 3, 1]"
bersagang,3.2,1.0,"[4, 0, 4, 3, 4, 4, 2, 3, 4, 4]"
nyata,3.2,1.0,"[2, 3, 4, 2, 3, 4, 3, 4, 3, 4]"
prawira,3.2,1.0,"[4, 2, 4, 3, 4, 3, 3, 3, 3, 3]"
terbalik akal,2.4,1.0,"[2, 1, 2, 4, 2, 2, 3, 2, 4, 2]"
astagfirullah,2.4,1.0,"[2, 3, 3, 4, 1, 3, 3, 2, 2, 1]"
kesohor,4.0,1.0,"[4, 4, 4, 4, 4, 4, 4, 4, 4, 4]"
mabrur,3.2,1.0,"[3, 3, 2, 4, 4, 4, 2, 4, 2, 4]"
harkat,4.0,1.0,"[4, 4, 4, 4, 4, 4, 4, 4, 4, 4]"
geger,3.2,1.0,"[4, 4, 2, 4, 3, 3, 3, 4, 2, 3]"
jernih,3.2,1.0,"[3, 3, 3, 3, 3, 4, 4, 3, 3, 3]"
balasan,2.4,1.0,"[4, 2, 2, 3, 3, 2, 2, 2, 2, 2]"
menyusuri,2.4,1.0,"[1, 3, 2, 4, 1, 4, 1, 4, 1, 3]"
acuh tak acuh,3.2,1.0,"[4, 3, 2, 2, 3, 4, 3, 3, 4, 4]"
berbagai,2.4,1.0,"[3, 3, 4, 1, 3, 3, 2, 1, 2, 2]"
inayat,3.2,1.0,"[4, 4, 3, 1, 3, 4, 4, 4, 2, 3]"
bantah-bantah,4.0,1.0,"[4, 4, 4, 4, 4, 4, 4, 4, 4, 4]"
kadar,4.0,1.0,"[4, 4, 4, 4, 4, 4, 4, 4, 4, 4]"
kaji,3.2,1.0,"[3, 4, 3, 2, 4, 3, 3, 3, 3, 4]"
derauan,2.4,1.0,"[2, 0, 2, 4, 2, 4, 1, 4, 2, 3]"
distribusi,2.4,1.0,"[1, 4, 1, 2, 3, 1, 4, 1, 4, 3]"
unggulan,4.0,1.0,"[4, 4, 4, 4, 4, 4, 4, 4, 4, 4]"
kebutuhan,3.2,1.0,"[4, 3, 4, 3, 3, 2, 4, 4, 3, 2]"
tegap,2.4,1.0,"[3, 0, 3, 2, 2, 2, 2, 3, 3, 4]"
menyeberangi,2.4,1.0,"[2, 2, 3, 1, 4, 3, 2, 1, 3, 3]"
mulut sungai,3.2,1.0,"[2, 4, 3, 2, 3, 3, 4, 4, 3, 4]"
wekel,3.2,1.0,"[4, 4, 3, 3, 3, 3, 4, 2, 3, 3]"
tepercaya,2.4,1.0,"[2, 3, 3, 3, 1, 2, 3, 2, 2, 3]"
cantum,3.2,1.0,"[4, 3, 2, 4, 4, 4, 3, 3, 2, 3]"
berharta,3.2,1.0,"[3, 4, 4, 3, 1, 4, 4, 3, 2, 4]"
sakelek,3.2,1.0,"[4, 4, 4, 4, 4, 2, 3, 2, 3, 2]"
manja,4.0,1.0,"[4, 4, 4, 4, 4, 4, 4, 4, 4, 4]"
memperelok,2.4,1.0,"[1, 3, 2, 4, 2, 3, 2, 1, 4, 2]"
fit,3.2,1.0,"[2, 1, 4, 3, 3, 4, 4, 4, 3, 4]"
mengizinkan,2.4,1.0,"[2, 2, 4, 2, 1, 2, 3, 2, 2, 4]"
widyaiswara,2.4,1.0,"[2, 4, 1, 2, 2, 2, 2, 2, 3, 4]"
paduka,3.2,1.0,"[3, 3, 4, 3, 3, 4, 4, 4, 1, 3]"
mempersolek,2.4,1.0,"[3, 2, 4, 1, 0, 2, 3, 3, 2, 4]"
mengakar,4.0,1.0,"[4, 4, 4, 4, 4, 4, 4, 4, 4, 4]"
terdahulu,3.2,1.0,"[3, 3, 3, 4, 3, 1, 3, 4, 4, 4]"
berkegiatan,3.2,1.0,"[3, 2, 4, 2, 4, 3, 4, 2, 4, 4]"
menghikayatkan,2.4,1.0,"[2, 0, 3, 2, 4, 2, 4, 3, 3, 1]"
perserikatan,2.4,1.0,"[2, 4, 3, 3, 1, 1, 4, 2, 2, 2]"
penghuni,2.4,1.0,"[4, 1, 2, 4, 2, 0, 3, 4, 2, 2]"
cendera,3.2,1.0,"[3, 3, 3, 4, 4, 3, 3, 4, 2, 3]"
ugahari,2.4,1.0,"[2, 2, 1, 4, 2, 4, 4, 1, 2, 2]"
sohor,3.2,1.0,"[4, 4, 4, 1, 2, 3, 4, 3, 4, 3]"
besar akal,3.2,1.0,"[3, 3, 4, 2, 3, 4, 2, 4, 3, 4]"
sepatu,2.4,1.0,"[4, 2, 3, 3, 3, 2, 2, 3, 0, 2]"
perangsang,2.4,1.0,"[2, 1, 2, 1, 3, 3, 3, 2, 4, 3]"
kawakan,4.0,1.0,"[4, 4, 4, 4, 4, 4, 4, 4, 4, 4]"
azamat,3.2,1.0,"[4, 3, 1, 2, 3, 3, 4, 4, 4, 4]"
sekar,4.0,1.0,"[4, 4, 4, 4, 4, 4, 4, 4, 4, 4]"
menggemparkan,3.2,1.0,"[2, 4, 2, 3, 4, 4, 4, 3, 2, 4]"
angan,2.4,1.0,"[1, 2, 4, 3, 1, 2, 3, 2, 2, 4]"
menurut,3.2,1.0,"[4, 3, 4, 3, 3, 3, 3, 3, 4, 2]"
sekah,2.4,1.0,"[4, 2, 0, 4, 2, 4, 2, 4, 0, 2]"
meramalkan,2.4,1.0,"[0, 4, 2, 1, 3, 4, 2, 3, 2, 3]"
sekam,2.4,1.0,"[1, 3, 3, 2, 4, 2, 2, 2, 3, 2]"
bertundangan,2.4,1.0,"[3, 1, 3, 3, 2, 2, 2, 1, 3, 4]"
bausuku,2.4,1.0,"[1, 3, 3, 1, 3, 3, 3, 4, 1, 2]"
terperinci,2.4,1.0,"[2, 2, 1, 2, 3, 4, 0, 4, 2, 4]"
bergantung,3.2,1.0,"[4, 4, 1, 4, 4, 3, 2, 4, 2, 4]"
berkesesuaian,2.4,1.0,"[2, 2, 3, 3, 2, 2, 3, 3, 3, 1]"
taruhan,2.4,1.0,"[1, 2, 3, 2, 4, 2, 3, 4, 0, 3]"
jala,2.4,1.0,"[2, 4, 3, 2, 2, 3, 3, 3, 0, 2]"
resam,2.4,1.0,"[2, 3, 3, 3, 2, 3, 4, 0, 2, 2]"
ahad,2.4,1.0,"[3, 1, 2, 4, 4, 3, 2, 3, 1, 1]"
bermartabat,3.2,1.0,"[4, 3, 3, 4, 3, 4, 3, 3, 1, 4]"
andur,2.4,1.0,"[4, 2, 2, 3, 2, 2, 1, 3, 1, 4]"
cerminan,2.4,1.0,"[2, 3, 2, 3, 4, 2, 2, 1, 2, 3]"
menghukum,3.2,1.0,"[3, 4, 3, 2, 4, 3, 3, 4, 3, 3]"
umur,3.2,1.0,"[1, 3, 3, 4, 3, 4, 3, 3, 4, 4]"
duga,2.4,1.0,"[3, 2, 2, 2, 2, 3, 2, 4, 1, 3]"
menokok,2.4,1.0,"[3, 1, 4, 3, 3, 0, 2, 4, 3, 1]"
lurus,3.2,1.0,"[4, 4, 4, 2, 3, 4, 2, 3, 2, 4]"
juak-juak,4.0,1.0,"[4, 4, 4, 4, 4, 4, 4, 4, 4, 4]"
pemaafan,4.0,1.0,"[4, 4, 4, 4, 4, 4, 4, 4, 4, 4]"
jalan keluar,2.4,1.0,"[3, 0, 2, 3, 3, 3, 4, 2, 0, 4]"
berlilit,2.4,1.0,"[1, 3, 3, 3, 2, 4, 2, 2, 1, 3]"
fantasi,2.4,1.0,"[2, 2, 3, 2, 4, 2, 3, 2, 1, 3]"
makhluk,2.4,1.0,"[1, 4, 2, 3, 2, 4, 2, 2, 1, 3]"
rana,3.2,1.0,"[4, 3, 3, 3, 3, 3, 2, 4, 4, 3]"
mengalunkan,2.4,1.0,"[2, 1, 3, 2, 2, 4, 2, 3, 3, 2]"
bubuh,3.2,1.0,"[4, 3, 4, 4, 3, 3, 2, 2, 4, 3]"
andil,3.2,1.0,"[4, 4, 4, 2, 4, 3, 2, 4, 3, 2]"
berbagai macam,2.4,1.0,"[3, 2, 1, 3, 4, 3, 3, 0, 2, 3]"
gatra,2.4,1.0,"[0, 4, 3, 3, 3, 1, 3, 4, 1, 2]"
petah lidah,3.2,1.0,"[4, 3, 3, 4, 4, 2, 4, 2, 4, 2]"
tengkuluk,2.4,1.0,"[2, 0, 4, 0, 3, 2, 2, 4, 3, 4]"
instingtif,2.4,1.0,"[4, 3, 4, 3, 0, 1, 1, 2, 2, 4]"
donatur,2.4,1.0,"[1, 1, 3, 2, 2, 4, 3, 4, 2, 2]"
jibilah,3.2,1.0,"[3, 4, 4, 2, 3, 4, 1, 3, 4, 4]"
pusaka,3.2,1.0,"[3, 4, 3, 3, 4, 4, 1, 4, 4, 2]"
perseptif,2.4,1.0,"[0, 2, 3, 2, 3, 2, 3, 4, 3, 2]"
otomatis,2.4,1.0,"[0, 3, 2, 3, 4, 3, 1, 3, 3, 2]"
rupawan,4.0,1.0,"[4, 4, 4, 4, 4, 4, 4, 4, 4, 4]"
preinan,2.4,1.0,"[4, 1, 2, 4, 2, 3, 2, 3, 2, 1]"
absorpsi,2.4,1.0,"[4, 3, 2, 3, 3, 2, 2, 3, 1, 1]"
kemangkakan,2.4,1.0,"[2, 2, 4, 3, 2, 3, 3, 3, 1, 1]"
warok,2.4,1.0,"[1, 0, 3, 4, 3, 4, 2, 2, 3, 2]"
paket,3.2,1.0,"[3, 4, 3, 4, 4, 3, 2, 4, 2, 3]"
preseden,3.2,1.0,"[4, 3, 4, 3, 2, 2, 4, 4, 3, 3]"
bersanggama,4.0,1.0,"[4, 4, 4, 4, 4, 4, 4, 4, 4, 4]"
endut-endut,2.4,1.0,"[3, 3, 3, 3, 0, 2, 2, 4, 2, 2]"
eksklusif,3.2,1.0,"[4, 3, 3, 3, 2, 4, 3, 2, 4, 4]"
beruntutan,2.4,1.0,"[3, 2, 4, 3, 3, 3, 2, 2, 0, 2]"
naik daun,3.2,1.0,"[4, 3, 3, 4, 4, 2, 3, 3, 4, 2]"
mata gawai,3.2,1.0,"[4, 3, 4, 3, 3, 4, 2, 4, 3, 2]"
melalui,2.4,1.0,"[3, 2, 4, 2, 0, 2, 3, 3, 3, 2]"
hayo,3.2,1.0,"[3, 4, 4, 4, 3, 2, 2, 3, 4, 3]"
eksplisit,2.4,1.0,"[2, 2, 3, 2, 2, 4, 1, 2, 2, 4]"
sinuhun,3.2,1.0,"[2, 3, 3, 4, 4, 3, 3, 3, 3, 4]"
penyimpan,2.4,1.0,"[4, 2, 2, 2, 2, 3, 2, 2, 3, 2]"
longo,2.4,1.0,"[2, 1, 2, 2, 2, 4, 4, 2, 1, 4]"
sosialita,4.0,1.0,"[4, 4, 4, 4, 4, 4, 4, 4, 4, 4]"
beruntung,3.2,1.0,"[2, 4, 4, 4, 4, 2, 3, 2, 4, 3]"
bulat kata,2.4,1.0,"[2, 2, 3, 1, 4, 2, 3, 3, 3, 1]"
hipotetis,2.4,1.0,"[2, 3, 3, 1, 0, 3, 3, 4, 2, 3]"
perai,2.4,1.0,"[2, 2, 0, 2, 3, 3, 4, 2, 2, 4]"
kemampuan,3.2,1.0,"[4, 2, 4, 2, 4, 4, 4, 4, 3, 1]"
fatamorgana,2.4,1.0,"[-1, 4, 3, 3, 3, 1, 1, 3, 3, 4]"
meledos,2.4,1.0,"[0, 3, 3, 1, 2, 2, 2, 4, 3, 4]"
tersungging,4.0,1.0,"[4, 4, 4, 4, 4, 4, 4, 4, 4, 4]"
bersambang,3.2,1.0,"[3, 4, 3, 4, 3, 4, 4, 3, 1, 3]"
spesialis,3.2,1.0,"[4, 1, 4, 4, 4, 3, 2, 3, 4, 3]"
interupsi,2.4,1.0,"[2, 3, 2, 2, 3, 4, 1, 2, 2, 3]"
refleks,2.4,1.0,"[4, 4, 1, 4, 2, 3, 2, 0, 2, 2]"
penjenang,3.2,1.0,"[3, 3, 4, 4, 2, 3, 3, 4, 2, 4]"
dok,3.2,1.0,"[3, 4, 2, 3, 4, 3, 4, 3, 2, 4]"
kehadiran,2.4,1.0,"[4, 1, 3, 2, 1, 2, 2, 4, 2, 3]"
dol,2.4,1.0,"[3, 2, 2, 2, 2, 3, 2, 3, 2, 3]"
metah,3.2,1.0,"[3, 1, 3, 3, 4, 4, 4, 3, 3, 4]"
malayari,2.4,1.0,"[4, 2, 2, 1, 3, 3, 1, 3, 3, 2]"
maimun,3.2,1.0,"[4, 4, 4, 2, 4, 2, 4, 4, 2, 2]"
datar,2.4,1.0,"[1, 4, 4, 3, 1, 2, 2, 1, 2, 4]"
melanyak,3.2,1.0,"[3, 2, 4, 3, 2, 4, 4, 4, 2, 4]"
berdiam,3.2,1.0,"[4, 3, 3, 4, 3, 2, 3, 2, 4, 4]"
gajak,3.2,1.0,"[4, 4, 3, 4, 2, 1, 4, 4, 3, 3]"
bisikan,3.2,1.0,"[3, 3, 4, 3, 4, 3, 4, 2, 2, 4]"
bakir,3.2,1.0,"[4, 4, 4, 2, 4, 1, 3, 3, 4, 3]"
kenduri,3.2,1.0,"[4, 3, 3, 3, 2, 4, 3, 4, 3, 3]"
tangkisan,2.4,1.0,"[3, 3, 1, 3, 2, 2, 0, 2, 4, 4]"
bersengat,4.0,1.0,"[4, 4, 4, 4, 4, 4, 4, 4, 4, 4]"
bain,2.4,1.0,"[2, 2, 1, 3, 3, 3, 2, 4, 2, 2]"
delusi,2.4,1.0,"[0, 1, 4, 4, 4, 1, 3, 3, 2, 2]"
mencebikkan,3.2,1.0,"[2, 3, 4, 3, 3, 4, 3, 3, 4, 3]"
mengeloskan,2.4,1.0,"[3, 2, 2, 4, 1, 3, 1, 4, 4, 0]"
menelurkan,2.4,1.0,"[3, 0, 4, 2, 3, 2, 3, 4, 1, 2]"
preventif,3.2,1.0,"[2, 3, 3, 4, 4, 4, 2, 3, 4, 3]"
capek,3.2,1.0,"[3, 4, 3, 4, 3, 1, 4, 4, 2, 4]"
berguna,4.0,1.0,"[4, 4, 4, 4, 4, 4, 4, 4, 4, 4]"
tanya jawab,2.4,1.0,"[1, 1, 3, 4, 2, 3, 4, 2, 1, 3]"
stop,2.4,1.0,"[1, 2, 4, 3, 2, 2, 1, 2, 4, 3]"
mengimbuhi,2.4,1.0,"[3, 1, 2, 3, 2, 1, 4, 2, 2, 4]"
penongkat,2.4,1.0,"[2, 3, 2, 3, 3, 3, 2, 4, 1, 1]"
ekstremis,2.4,1.0,"[1, 3, 4, 3, 3, 2, 1, 3, 2, 2]"
khayalan,3.2,1.0,"[4, 2, 4, 2, 4, 4, 4, 3, 3, 2]"
sosialistis,2.4,1.0,"[2, 2, 4, 2, 3, 2, 3, 2, 1, 3]"
tungkak,3.2,1.0,"[4, 4, 4, 2, 3, 2, 2, 4, 4, 3]"
kekhususan,2.4,1.0,"[3, 2, 3, 3, 3, 2, 1, 2, 4, 1]"
perian,2.4,1.0,"[3, 3, 3, 4, 1, 3, 2, 3, 0, 2]"
sauk,2.4,1.0,"[3, 2, 4, 3, 2, 1, 1, 1, 4, 3]"
serentak,2.4,1.0,"[1, 2, 3, 3, 3, 3, 3, 2, 1, 3]"
panggul,3.2,1.0,"[3, 2, 4, 4, 3, 2, 3, 3, 4, 4]"
habis,2.4,1.0,"[3, 4, 1, 2, 3, 2, 3, 1, 3, 2]"
gubahan,2.4,1.0,"[2, 2, 1, 2, 3, 2, 2, 3, 3, 4]"
bagak,4.0,1.0,"[4, 4, 4, 4, 4, 4, 4, 4, 4, 4]"
bagas,4.0,1.0,"[4, 4, 4, 4, 4, 4, 4, 4, 4, 4]"
angan-angan,3.2,1.0,"[4, 4, 4, 1, 3, 3, 4, 1, 4, 4]"
bertakwa,3.2,1.0,"[4, 2, 4, 4, 3, 3, 3, 4, 3, 2]"
mengenang,2.4,1.0,"[1, 3, 2, 1, 3, 3, 2, 3, 4, 2]"
menyesali,2.4,1.0,"[2, 3, 3, 1, 2, 4, 4, 1, 4, 0]"
awas,3.2,1.0,"[4, 3, 3, 3, 3, 2, 3, 3, 4, 4]"
jreng,2.4,1.0,"[4, 1, 3, 2, 4, 2, 4, 3, 1, 0]"
kekuatan,2.4,1.0,"[2, 1, 3, 4, 1, 4, 2, 2, 3, 2]"
bersahaja,4.0,1.0,"[4, 4, 4, 4, 4, 4, 4, 4, 4, 4]"
figur,2.4,1.0,"[3, 3, 1, 3, 2, 2, 1, 3, 3, 3]"
beroleh,2.4,1.0,"[1, 3, 4, 2, 1, 2, 3, 3, 3, 2]"
perolehan,2.4,1.0,"[4, 3, 2, 4, 4, 2, 3, -2, 1, 3]"
mengarifi,2.4,1.0,"[2, 1, 2, 3, 3, 3, 3, 3, 2, 2]"
kesebatan,3.2,1.0,"[4, 3, 4, 3, 4, 2, 3, 3, 3, 3]"
pemilikan,2.4,1.0,"[1, 2, 1, 3, 2, 3, 4, 3, 2, 3]"
gebyar,3.2,1.0,"[3, 4, 4, 3, 3, 4, 4, 2, 3, 2]"
sedeng,2.4,1.0,"[1, 3, 3, 2, 2, 4, 4, 3, 0, 2]"
kemahiran,3.2,1.0,"[2, 3, 4, 3, 2, 3, 4, 4, 4, 3]"
menghinakan,3.2,1.0,"[3, 4, 4, 3, 4, 4, 3, 3, 2, 2]"
martabat,4.0,1.0,"[4, 4, 4, 4, 4, 4, 4, 4, 4, 4]"
keterikatan,3.2,1.0,"[4, 4, 3, 2, 3, 2, 4, 3, 4, 3]"
pionir,2.4,1.0,"[1, 2, 3, 4, 3, 3, 3, 2, 0, 3]"
berakidah,3.2,1.0,"[3, 4, 4, 4, 4, 2, 2, 3, 2, 4]"
kepentingan,4.0,1.0,"[4, 4, 4, 4, 4, 4, 4, 4, 4, 4]"
bernapaskan,2.4,1.0,"[0, 2, 3, 2, 4, 2, 4, 3, 2, 2]"
gigil,2.4,1.0,"[3, 1, 3, 2, 2, 2, 3, 2, 3, 3]"
trengginas,4.0,1.0,"[4, 4, 4, 4, 4, 4, 4, 4, 4, 4]"
pulut,2.4,1.0,"[2, 3, 2, 1, 3, 1, 2, 4, 2, 4]"
terbangun,2.4,1.0,"[1, 3, 3, 3, 0, 3, 2, 4, 2, 3]"
jaya,3.2,1.0,"[2, 2, 4, 4, 4, 2, 3, 3, 4, 4]"
sintal,2.4,1.0,"[1, 3, 2, 3, 3, 2, 4, 2, 2, 2]"
lemah,4.0,1.0,"[4, 4, 4, 4, 4, 4, 4, 4, 4, 4]"
susah hati,2.4,1.0,"[0, 3, 3, 3, 2, 2, 2, 2, 4, 3]"
stupa,3.2,1.0,"[4, 4, 2, 4, 4, 3, 4, 4, 2, 1]"
lemas,4.0,1.0,"[4, 4, 4, 4, 4, 4, 4, 4, 4, 4]"
jantan,4.0,1.0,"[4, 4, 4, 4, 4, 4, 4, 4, 4, 4]"
beranak,2.4,1.0,"[2, 3, 2, 2, 2, 3, 0, 2, 4, 4]"
jabar,2.4,1.0,"[3, 2, 2, 2, 2, 3, 3, 3, 2, 2]"
rekaan,2.4,1.0,"[1, 3, 3, 4, 4, 2, 1, 2, 2, 2]"
putus kata,3.2,1.0,"[4, 3, 2, 4, 4, 4, 2, 4, 3, 2]"
intuitif,2.4,1.0,"[1, 1, 4, 4, 2, 3, 3, 2, 1, 3]"
sorongan,3.2,1.0,"[4, 2, 3, 4, 3, 4, 4, 2, 3, 3]"
impulsif,2.4,1.0,"[4, 2, 1, 3, 2, 1, 2, 3, 3, 3]"
bercermin,3.2,1.0,"[3, 3, 4, 3, 3, 3, 4, 4, 2, 3]"
kecerdikan,3.2,1.0,"[2, 4, 1, 4, 4, 3, 4, 4, 4, 2]"
inferensi,2.4,1.0,"[2, 4, 1, 2, 4, 1, 3, 2, 2, 3]"
berjasa,3.2,1.0,"[3, 4, 4, 4, 4, 3, 2, 3, 2, 3]"
sintetis,2.4,1.0,"[2, 2, 2, 1, 3, 4, 3, 1, 2, 4]"
ramanda,2.4,1.0,"[3, 2, 2, 3, 3, 3, 2, 2, 3, 1]"
intan,2.4,1.0,"[2, 1, 4, 1, 2, 2, 4, 3, 1, 4]"
tanggapan,2.4,1.0,"[2, 3, 3, 2, 2, 3, 0, 2, 4, 3]"
takrif,2.4,1.0,"[2, 3, 3, 2, 3, 1, 4, 2, 2, 2]"
moratorium,2.4,1.0,"[3, 2, 4, 1, 2, 3, 1, 2, 3, 3]"
perkiraan,2.4,1.0,"[2, 2, 2, 2, 2, 4, 3, 2, 2, 3]"
membenang,3.2,1.0,"[3, 4, 4, 4, 2, 3, 3, 3, 3, 3]"
servis,2.4,1.0,"[2, 4, 2, 2, 1, 2, 2, 2, 4, 3]"
reksa,2.4,1.0,"[4, 4, 2, 3, 2, 3, 1, 0, 3, 2]"
bugar,3.2,1.0,"[3, 4, 4, 2, 3, 3, 2, 4, 3, 4]"
silang pendapat,2.4,1.0,"[4, 2, 2, 1, 3, 1, 3, 3, 2, 3]"
kakek,2.4,1.0,"[2, 1, 4, 1, 3, 3, 3, 2, 1, 4]"
gengsi,3.2,1.0,"[3, 3, 3, 4, 3, 3, 2, 4, 4, 3]"
karsa,2.4,1.0,"[2, 3, 2, 3, 1, 3, 4, 1, 3, 2]"
menebarkan,2.4,1.0,"[3, 3, 2, 2, 2, 1, 2, 3, 2, 4]"
mengesankan,3.2,1.0,"[4, 3, 3, 3, 4, 2, 4, 3, 3, 3]"
beristirahat,2.4,1.0,"[3, 1, 3, 2, 2, 4, 1, 2, 3, 3]"
kaisar,3.2,1.0,"[2, 4, 4, 4, 3, 3, 3, 4, 1, 4]"
pencatat,2.4,1.0,"[3, 3, 2, 3, 3, 1, 3, 1, 3, 2]"
bentuk,3.2,1.0,"[4, 3, 3, 3, 2, 3, 2, 4, 4, 4]"
angkat,2.4,1.0,"[3, 3, 3, 1, 1, 3, 3, 3, 3, 1]"
rais,2.4,1.0,"[3, 2, 2, 3, 3, 1, 3, 3, 2, 2]"
atasan,2.4,1.0,"[3, 2, 1, 1, 3, 3, 1, 3, 3, 4]"
studi,3.2,1.0,"[4, 3, 4, 2, 4, 2, 3, 3, 3, 4]"
fusi,3.2,1.0,"[3, 4, 2, 4, 3, 3, 4, 1, 4, 4]"
meluluskan,2.4,1.0,"[3, 1, 1, 3, 4, 3, 2, 3, 3, 1]"
tepat guna,3.2,1.0,"[3, 3, 2, 3, 4, 4, 3, 4, 3, 3]"
suntuk,4.0,1.0,"[4, 4, 4, 4, 4, 4, 4, 4, 4, 4]"
seibu,2.4,1.0,"[2, 1, 2, 3, 2, 0, 2, 4, 4, 4]"
kegirangan,2.4,1.0,"[4, 2, 3, 2, 1, 2, 3, 2, 4, 1]"
rembukan,2.4,1.0,"[4, 4, 0, 2, 3, 1, 2, 3, 3, 2]"
kunyah,2.4,1.0,"[4, 1, 3, 1, 2, 1, 4, 2, 3, 3]"
moblong,2.4,1.0,"[4, 1, 0, 3, 2, 1, 3, 3, 4, 3]"
percederaan,4.0,1.0,"[4, 4, 4, 4, 4, 4, 4, 4, 4, 4]"
terpelajar,3.2,1.0,"[4, 2, 4, 2, 3, 3, 4, 4, 2, 4]"
tulen,2.4,1.0,"[2, 2, 3, 3, 2, 2, 2, 3, 2, 3]"
mengimbas,2.4,1.0,"[2, 3, 4, 3, 2, 1, 3, 3, 2, 1]"
lindu,3.2,1.0,"[2, 3, 4, 4, 1, 4, 4, 4, 4, 2]"
lantip,2.4,1.0,"[4, 3, 2, 2, 3, 2, 3, 2, 2, 1]"
daya tahan,4.0,1.0,"[4, 4, 4, 4, 4, 4, 4, 4, 4, 4]"
bergas,4.0,1.0,"[4, 4, 4, 4, 4, 4, 4, 4, 4, 4]"
kepintaran,3.2,1.0,"[3, 3, 3, 2, 4, 3, 4, 3, 3, 4]"
cucu adam,2.4,1.0,"[3, 3, 3, 1, 1, 3, 2, 2, 2, 4]"
kepelesiran,2.4,1.0,"[2, 2, 3, 3, 4, 2, 1, 2, 2, 3]"
sangkil,3.2,1.0,"[4, 4, 3, 2, 4, 4, 2, 3, 3, 3]"
endus,2.4,1.0,"[1, 4, 1, 1, 3, 3, 2, 4, 2, 3]"
elu,2.4,1.0,"[2, 3, 2, 2, 2, 4, 3, 1, 2, 3]"
pekerja,2.4,1.0,"[1, 3, 2, 2, 1, 4, 2, 4, 3, 2]"
mengotot,3.2,1.0,"[3, 4, 3, 4, 2, 4, 4, 3, 4, 1]"
cengkauan,2.4,1.0,"[0, 4, 4, 0, 3, 1, 3, 4, 3, 2]"
daim,2.4,1.0,"[1, 3, 3, 3, 2, 3, 4, 4, 0, 1]"
memesonakan,4.0,1.0,"[4, 4, 4, 4, 4, 4, 4, 4, 4, 4]"
keberuntungan,3.2,1.0,"[3, 4, 3, 3, 4, 3, 2, 2, 4, 4]"
meriah,2.4,1.0,"[2, 3, 4, 3, -1, 3, 3, 4, 2, 1]"
melihat,2.4,1.0,"[2, 3, 3, 2, 2, 3, 1, 4, 2, 2]"
kegilaan,2.4,1.0,"[2, 2, 3, 3, 3, 0, 2, 3, 4, 2]"
bertanya-tanya,3.2,1.0,"[3, 3, 4, 2, 4, 3, 4, 3, 3, 3]"
kegiatan,2.4,1.0,"[3, 1, 2, 3, 4, 1, 3, 2, 2, 3]"
pemufakatan,3.2,1.0,"[3, 4, 1, 3, 4, 4, 3, 3, 4, 3]"
kimah,4.0,1.0,"[4, 4, 4, 4, 4, 4, 4, 4, 4, 4]"
surat tanah,2.4,1.0,"[3, 2, 3, 2, 2, 2, 2, 2, 4, 2]"
moral,3.2,1.0,"[3, 3, 2, 4, 3, 4, 3, 3, 3, 4]"
kundangan,4.0,1.0,"[4, 4, 4, 4, 4, 4, 4, 4, 4, 4]"
salim,3.2,1.0,"[4, 2, 4, 3, 3, 3, 3, 4, 3, 3]"
rimba,2.4,1.0,"[3, 3, 3, 2, 1, 2, 3, 1, 3, 3]"
keriangan,3.2,1.0,"[2, 4, 3, 2, 4, 2, 3, 4, 4, 4]"
estetik,3.2,1.0,"[2, 3, 3, 4, 3, 4, 4, 3, 2, 4]"
murid,2.4,1.0,"[2, 2, 2, 2, 3, 2, 3, 2, 3, 3]"
runtut,2.4,1.0,"[3, 1, 3, 2, 4, 3, 1, 1, 4, 2]"
mendidik,2.4,1.0,"[3, 4, 1, 3, 1, 3, 4, 0, 4, 1]"
umi,3.2,1.0,"[3, 4, 4, 4, 4, 1, 2, 2, 4, 4]"
sukat,2.4,1.0,"[2, 4, 2, 4, 2, 1, 0, 3, 3, 3]"
muktamar,3.2,1.0,"[3, 4, 4, 4, 3, 3, 3, 3, 2, 3]"
tanda-tanda,3.2,1.0,"[4, 3, 2, 3, 4, 2, 4, 3, 4, 3]"
sunan,3.2,1.0,"[2, 3, 3, 2, 4, 4, 2, 4, 4, 4]"
tawarikh,2.4,1.0,"[2, 3, 2, 3, 3, 2, 3, 1, 3, 2]"
mengibai,3.2,1.0,"[4, 4, 4, 3, 4, 2, 2, 3, 2, 4]"
uraian,2.4,1.0,"[3, 2, 4, 1, 2, 3, 2, 2, 2, 3]"
lampu,3.2,1.0,"[4, 3, 3, 3, 3, 2, 4, 3, 4, 3]"
efek,2.4,1.0,"[2, 2, 2, 4, 3, 1, 3, 4, 2, 1]"
rafi,2.4,1.0,"[2, 2, 3, 2, 3, 2, 1, 3, 3, 3]"
transendental,2.4,1.0,"[2, 3, 2, 2, 4, 3, 1, 2, 2, 3]"
kicau,2.4,1.0,"[1, 2, 4, 0, 3, 3, 2, 3, 4, 2]"
primitif,2.4,1.0,"[3, 2, 1, 3, 3, 2, 3, 2, 3, 2]"
sejadah,2.4,1.0,"[3, 2, 1, 2, 4, 2, 3, 4, 3, 0]"
terhalang,2.4,1.0,"[2, 2, 4, 1, 0, 3, 4, 2, 3, 3]"
produk,2.4,1.0,"[3, 3, 1, 4, 2, 1, 3, 1, 3, 3]"
pencedok,2.4,1.0,"[4, 3, 2, 3, 1, 3, 1, 2, 2, 3]"
animo,3.2,1.0,"[4, 3, 4, 1, 3, 4, 2, 3, 4, 4]"
kejayaan,3.2,1.0,"[4, 4, 3, 4, 2, 4, 4, 0, 3, 4]"
duka,3.2,1.0,"[3, 4, 3, 3, 2, 4, 4, 3, 3, 3]"
kenikmatan,3.2,1.0,"[1, 2, 3, 4, 4, 4, 3, 4, 3, 4]"
sembahyangan,3.2,1.0,"[4, 4, 2, 2, 3, 4, 3, 4, 2, 4]"
suam-suam kuku,3.2,1.0,"[4, 4, 4, 4, 4, 3, 3, 1, 2, 3]"
peronda,2.4,1.0,"[1, 2, 3, 2, 2, 3, 2, 2, 3, 4]"
paya,3.2,1.0,"[3, 4, 1, 4, 1, 4, 4, 4, 4, 3]"
pantulan,2.4,1.0,"[4, 3, 3, 2, 3, 1, 4, 0, 3, 1]"
panorama,2.4,1.0,"[3, 2, 3, 1, 3, 2, 2, 3, 1, 4]"
ampas (kopi),2.4,1.0,"[4, 3, 1, 3, 1, 3, 2, 3, 1, 3]"
bernama,3.2,1.0,"[3, 2, 4, 4, 2, 4, 4, 2, 4, 3]"
gentas,2.4,1.0,"[1, 2, 4, 1, 3, 3, 2, 2, 2, 4]"
samseng,2.4,1.0,"[1, 4, 3, 2, 1, 4, 3, 2, 2, 2]"
rela,4.0,1.0,"[4, 4, 4, 4, 4, 4, 4, 4, 4, 4]"
talenta,3.2,1.0,"[3, 4, 4, 2, 4, 3, 3, 2, 3, 4]"
bangkit selera,2.4,1.0,"[2, 4, 1, 2, 3, 3, 2, 3, 3, 1]"
lebih-lebih,3.2,1.0,"[2, 4, 3, 4, 4, 3, 2, 4, 2, 4]"
perkomplotan,3.2,1.0,"[3, 4, 3, 2, 2, 3, 4, 3, 4, 4]"
tasamuh,4.0,1.0,"[4, 4, 4, 4, 4, 4, 4, 4, 4, 4]"
ura-ura,3.2,1.0,"[2, 4, 2, 3, 3, 3, 3, 4, 4, 4]"
khas,3.2,1.0,"[4, 3, 2, 3, 1, 4, 4, 4, 4, 3]"
pokta,4.0,1.0,"[4, 4, 4, 4, 4, 4, 4, 4, 4, 4]"
menistakan,3.2,1.0,"[4, 2, 3, 3, 4, 3, 2, 3, 4, 4]"
resep,2.4,1.0,"[1, 3, 3, 3, 3, 1, 1, 3, 2, 4]"
teranggar-anggar,2.4,1.0,"[3, 2, 1, 1, 3, 2, 3, 3, 3, 3]"
penat,3.2,1.0,"[3, 3, 3, 4, 2, 4, 3, 3, 3, 4]"
aneh,3.2,1.0,"[4, 4, 4, 3, 3, 4, 3, 2, 3, 2]"
lestari,3.2,1.0,"[2, 4, 4, 3, 4, 3, 4, 3, 2, 3]"
ganjaran,4.0,1.0,"[4, 4, 4, 4, 4, 4, 4, 4, 4, 4]"
emir,3.2,1.0,"[2, 2, 4, 2, 4, 3, 4, 3, 4, 4]"
siswa,2.4,1.0,"[1, 4, 3, 2, 4, 2, 0, 3, 3, 2]"
kontributor,2.4,1.0,"[2, 1, 3, 2, 2, 3, 3, 2, 3, 3]"
minat,3.2,1.0,"[1, 4, 2, 3, 4, 4, 3, 3, 4, 4]"
manjur,3.2,1.0,"[3, 4, 3, 2, 3, 4, 3, 4, 3, 3]"
vista,2.4,1.0,"[1, 2, 3, 3, 2, 1, 2, 4, 3, 3]"
pendalaman,3.2,1.0,"[4, 4, 3, 4, 2, 2, 2, 3, 4, 4]"
tip,3.2,1.0,"[3, 3, 4, 3, 4, 3, 3, 2, 4, 3]"
penyantun,3.2,1.0,"[3, 3, 4, 2, 2, 3, 4, 4, 3, 4]"
panas,3.2,1.0,"[3, 2, 3, 3, 4, 4, 3, 4, 2, 4]"
kepleset,2.4,1.0,"[2, 3, 1, 2, 2, 4, 2, 2, 3, 3]"
perhimpunan,2.4,1.0,"[3, 0, 2, 2, 2, 3, 1, 4, 3, 4]"
golongan atas,4.0,1.0,"[4, 4, 4, 4, 4, 4, 4, 4, 4, 4]"
bertepatan,2.4,1.0,"[3, 2, 3, 1, 4, 2, 3, 2, 2, 2]"
mahdi,2.4,1.0,"[1, 4, 3, 2, 1, 4, 3, 2, 2, 2]"
mencontoh,3.2,1.0,"[2, 2, 2, 4, 3, 4, 4, 4, 4, 3]"
menjahili,3.2,1.0,"[4, 2, 3, 4, 3, 2, 4, 3, 4, 3]"
bergamat,3.2,1.0,"[1, 4, 2, 4, 4, 4, 3, 4, 2, 4]"
roh,3.2,1.0,"[4, 3, 4, 4, 3, 2, 4, 2, 3, 3]"
ketangkasan,3.2,1.0,"[3, 4, 2, 3, 4, 1, 4, 3, 4, 4]"
pengharmonisan,2.4,1.0,"[3, 1, 3, 4, 3, 1, 2, 3, 2, 2]"
menyerikati,2.4,1.0,"[2, 2, 2, 3, 3, 3, 3, 2, 2, 2]"
menggerecoki,3.2,1.0,"[3, 2, 4, 4, 3, 3, 4, 3, 4, 2]"
sarju,3.2,1.0,"[3, 4, 2, 4, 3, 4, 4, 3, 3, 2]"
anak sasian,2.4,1.0,"[3, 2, 3, 2, 3, 3, 2, 2, 1, 3]"
yang dipertuan,3.2,1.0,"[4, 3, 4, 2, 4, 3, 4, 3, 2, 3]"
bapang,2.4,1.0,"[3, 2, 4, 3, 1, 2, 2, 3, 1, 3]"
santer,3.2,1.0,"[2, 4, 4, 4, 3, 3, 4, 3, 2, 3]"
kelepasan,2.4,1.0,"[3, 3, 3, 2, 2, 2, 4, 1, 1, 3]"
kohesi,3.2,1.0,"[3, 3, 2, 4, 4, 4, 3, 4, 3, 2]"
seraya,3.2,1.0,"[4, 3, 2, 4, 3, 3, 4, 2, 3, 4]"
jebakan,2.4,1.0,"[2, 2, 2, 3, 3, 3, 2, 2, 3, 2]"
menjelang,2.4,1.0,"[2, 3, 2, 2, 1, 2, 2, 3, 4, 3]"
wisma,2.4,1.0,"[4, 3, 0, 4, 2, 1, 2, 3, 3, 2]"
rusak,2.4,1.0,"[3, 1, 2, 4, 3, 2, 2, 3, 2, 2]"
lambuk,2.4,1.0,"[3, 1, 2, 2, 3, 2, 3, 1, 3, 4]"
bersumber,3.2,1.0,"[3, 4, 1, 3, 4, 2, 4, 4, 3, 4]"
bersimpuh,2.4,1.0,"[1, 3, 2, 2, 2, 3, 2, 2, 4, 3]"
kits,4.0,1.0,"[4, 4, 4, 4, 4, 4, 4, 4, 4, 4]"
sambatan,3.2,1.0,"[4, 3, 4, 4, 4, 2, 2, 2, 4, 3]"
penali,2.4,1.0,"[4, 2, 1, 4, 2, 2, 2, 3, 4, 0]"
konsultasi,2.4,1.0,"[4, 4, -1, 2, 1, 2, 1, 4, 3, 4]"
bakh,3.2,1.0,"[2, 4, 4, 4, 3, 2, 3, 2, 4, 4]"
ordo,2.4,1.0,"[3, 3, 2, 2, 3, 4, 1, 2, 2, 2]"
cekel,3.2,1.0,"[3, 1, 1, 4, 4, 4, 4, 3, 4, 4]"
orde,2.4,1.0,"[4, 1, 4, 2, 1, 2, 2, 3, 3, 2]"
penumpil,2.4,1.0,"[2, 3, 2, 3, 4, 2, 2, 3, 1, 2]"
direktur,2.4,1.0,"[3, 2, 3, 4, 3, 2, 3, 3, 0, 1]"
berjiwa,2.4,1.0,"[3, 3, 1, 3, 3, 3, 3, 3, 1, 1]"
praktis,3.2,1.0,"[3, 3, 3, 4, 1, 4, 3, 4, 3, 4]"
santiran,2.4,1.0,"[3, 3, 3, 2, 2, 2, 3, 3, 2, 1]"
berpakaian,3.2,1.0,"[2, 4, 4, 4, 2, 3, 4, 3, 4, 2]"
denda,2.4,1.0,"[1, 2, 3, 3, 3, 3, 0, 2, 4, 3]"
melongo,2.4,1.0,"[4, 3, 4, 1, 2, 3, 1, 3, 0, 3]"
akil,3.2,1.0,"[2, 3, 4, 3, 3, 3, 4, 4, 2, 4]"
bos,2.4,1.0,"[3, 2, 2, 2, 4, 1, 2, 3, 3, 2]"
eka,2.4,1.0,"[2, 4, 2, 2, 1, 4, 3, 1, 1, 4]"
hilang,2.4,1.0,"[3, 1, 4, 3, 3, 2, 2, 3, 1, 2]"
lakeri,2.4,1.0,"[2, 2, 3, 2, 1, 2, 4, 4, 1, 3]"
sebandung,2.4,1.0,"[3, 2, 2, 1, 1, 1, 4, 4, 4, 2]"
transparan,2.4,1.0,"[2, 1, 4, 4, 2, 1, 2, 4, 2, 2]"
gubris,2.4,1.0,"[3, 3, 1, 3, 2, 1, 3, 3, 3, 2]"
berjaya,3.2,1.0,"[3, 3, 2, 4, 4, 2, 4, 4, 3, 3]"
prei,2.4,1.0,"[4, 2, 2, 1, 3, 4, 2, 1, 1, 4]"
pere,2.4,1.0,"[3, 3, 3, 2, 1, 3, 2, 4, 3, 0]"
tersendat,3.2,1.0,"[1, 3, 4, 3, 4, 4, 4, 2, 4, 3]"
peri,2.4,1.0,"[1, 3, 3, 3, 1, 4, 3, 3, 2, 1]"
ulama,2.4,1.0,"[3, -1, 2, 3, 1, 3, 4, 3, 4, 2]"
aya,2.4,1.0,"[3, 4, 4, 3, 1, 2, 2, 2, 3, 0]"
bungkusan,3.2,1.0,"[4, 2, 4, 4, 1, 3, 4, 4, 4, 2]"
memintasi,2.4,1.0,"[2, 4, 1, 2, 2, 1, 3, 3, 3, 3]"
mikroanalisis,2.4,1.0,"[3, 2, 2, 1, 3, 1, 2, 3, 3, 4]"
berupaya,2.4,1.0,"[3, 2, 0, 4, 3, 3, 3, 1, 3, 2]"
mengikuti,2.4,1.0,"[2, 4, 2, 1, 2, 2, 3, 2, 4, 2]"
mengumpulkan,2.4,1.0,"[1, 2, 2, 2, 2, 3, 2, 4, 4, 2]"
nirmala,3.2,1.0,"[4, 3, 3, 2, 3, 4, 3, 3, 3, 4]"
gampang,3.2,1.0,"[4, 4, 4, 4, 3, 3, 1, 2, 3, 4]"
ganduh,2.4,1.0,"[2, 2, 2, 3, 2, 1, 3, 3, 3, 3]"
bersama,2.4,1.0,"[2, 1, 1, 2, 3, 3, 3, 4, 2, 3]"
berembuk,2.4,1.0,"[4, 3, 3, 2, 2, 2, 2, 3, 2, 1]"
terima kasih,4.0,1.0,"[4, 4, 4, 4, 4, 4, 4, 4, 4, 4]"
kamil,2.4,1.0,"[2, 3, 1, 3, 2, 2, 3, 2, 2, 4]"
kanjang,3.2,1.0,"[4, 3, 4, 4, 3, 2, 4, 4, 2, 2]"
perdeo,3.2,1.0,"[1, 3, 4, 3, 2, 4, 4, 3, 4, 4]"
berbenak,2.4,1.0,"[1, 2, 3, 1, 4, 2, 3, 4, 1, 3]"
menjelajahi,2.4,1.0,"[3, 2, 4, 2, 2, 2, 3, 3, 2, 1]"
berakal,3.2,1.0,"[3, 3, 4, 4, 2, 2, 2, 4, 4, 4]"
perincian,2.4,1.0,"[2, 3, 4, 3, 3, 2, 0, 2, 2, 3]"
taruh,3.2,1.0,"[4, 4, 4, 1, 3, 3, 4, 3, 2, 4]"
mau,4.0,1.0,"[4, 4, 4, 4, 4, 4, 4, 4, 4, 4]"
drastis,3.2,1.0,"[4, 2, 3, 4, 4, 3, 3, 2, 4, 3]"
arketipe,2.4,1.0,"[4, 0, 3, 2, 3, 3, 3, 2, 2, 2]"
suci,3.2,1.0,"[4, 3, 4, 4, 3, 2, 3, 4, 2, 3]"
berada,3.2,1.0,"[2, 4, 4, 3, 3, 3, 4, 3, 2, 4]"
daya gabung,3.2,1.0,"[4, 4, 3, 3, 4, 2, 4, 3, 2, 3]"
menghirukkan,3.2,1.0,"[4, 2, 4, 2, 3, 3, 4, 3, 3, 4]"
vitalitas,2.4,1.0,"[4, 2, 2, 2, 3, 3, 3, 2, 2, 1]"
memanjang,2.4,1.0,"[2, 4, 2, 2, 2, 3, 4, 1, 2, 2]"
perlup,2.4,1.0,"[2, 2, 2, 2, 3, 1, 4, 2, 3, 3]"
primbon,3.2,1.0,"[4, 4, 4, 4, 4, 1, 4, 2, 2, 3]"
penjelasan,2.4,1.0,"[1, 1, 3, 2, 3, 2, 4, 1, 4, 3]"
hamparan,2.4,1.0,"[4, 2, 3, 3, 2, 1, 1, 2, 3, 3]"
meributkan,3.2,1.0,"[4, 4, 3, 4, 3, 4, 3, 0, 3, 4]"
mustajab,3.2,1.0,"[4, 2, 4, 2, 3, 3, 4, 2, 4, 4]"
waduh,2.4,1.0,"[2, 0, 2, 4, 4, 3, 2, 3, 2, 2]"
cuti,2.4,1.0,"[3, 0, 3, 2, 4, 3, 2, 2, 2, 3]"
kontemporer,2.4,1.0,"[2, 1, 2, 2, 2, 2, 3, 3, 4, 3]"
mengasihani,3.2,1.0,"[3, 3, 4, 4, 1, 4, 3, 3, 3, 4]"
purusa,2.4,1.0,"[4, 2, 2, 2, 3, 0, 2, 3, 2, 4]"
putusan,2.4,1.0,"[3, 2, 1, 1, 2, 3, 4, 3, 1, 4]"
kodrat,3.2,1.0,"[4, 3, 3, 2, 4, 3, 3, 3, 3, 4]"
beralas,3.2,1.0,"[3, 1, 3, 4, 4, 3, 4, 2, 4, 4]"
karimah,3.2,1.0,"[4, 4, 4, 4, 3, 2, 4, 2, 1, 4]"
misbah,3.2,1.0,"[2, 3, 2, 4, 4, 3, 3, 3, 4, 4]"
menggirangkan melegakan,3.2,1.0,"[4, 4, 2, 3, 3, 4, 3, 4, 2, 3]"
nuftah,2.4,1.0,"[3, 3, 1, 3, 3, 3, 4, 0, 1, 3]"
inventivitas,3.2,1.0,"[4, 3, 4, 2, 3, 4, 2, 2, 4, 4]"
menentu,2.4,1.0,"[3, 1, 4, 0, 4, 3, 2, 3, 2, 2]"
cerapan,2.4,1.0,"[3, 2, 3, 1, 1, 3, 2, 2, 4, 3]"
prima,3.2,1.0,"[4, 3, 4, 2, 4, 4, 4, 2, 2, 3]"
makanan,2.4,1.0,"[1, 3, 1, 3, 1, 2, 4, 3, 3, 3]"
cuma-cuma,3.2,1.0,"[4, 4, 3, 4, 3, 3, 3, 3, 2, 3]"
intelektual,2.4,1.0,"[3, 4, 3, 0, 3, 3, 2, 2, 2, 2]"
zaim,2.4,1.0,"[3, 2, 3, 0, 3, 2, 3, 2, 3, 3]"
preferensi,2.4,1.0,"[4, 0, 3, 4, 3, 2, 2, 0, 2, 4]"
menghimpunkan,2.4,1.0,"[4, 2, 3, 1, 4, 1, 1, 3, 3, 2]"
gombroh,2.4,1.0,"[2, 3, 4, 3, 2, 3, 1, 2, 2, 2]"
kecepatan,3.2,1.0,"[3, 4, 3, 3, 4, 4, 1, 4, 4, 2]"
pangus,4.0,1.0,"[4, 4, 4, 4, 4, 4, 4, 4, 4, 4]"
permanen,2.4,1.0,"[2, 2, 1, 2, 3, 4, 2, 1, 4, 3]"
benang raja,3.2,1.0,"[2, 4, 4, 3, 4, 4, 4, 3, 3, 1]"
prodeo,3.2,1.0,"[3, 3, 1, 4, 4, 3, 2, 4, 4, 4]"
punya nama,4.0,1.0,"[4, 4, 4, 4, 4, 4, 4, 4, 4, 4]"
menenangkan,3.2,1.0,"[1, 4, 2, 4, 4, 4, 3, 4, 4, 2]"
eja,2.4,1.0,"[2, 1, 3, 3, 2, 4, 3, 3, 2, 1]"
sawala,2.4,1.0,"[2, 1, 3, 2, 3, 2, 3, 2, 3, 3]"
trauma,3.2,1.0,"[4, 4, 2, 3, 3, 1, 4, 4, 4, 3]"
biang keladi,2.4,1.0,"[2, 2, 2, 3, 3, 1, 3, 3, 1, 4]"
melipur,3.2,1.0,"[4, 2, 4, 3, 4, 2, 3, 4, 3, 3]"
terlibat,2.4,1.0,"[2, 2, 3, 3, 3, 1, 1, 4, 2, 3]"
terbukti,2.4,1.0,"[1, 2, 4, 4, 3, 1, 1, 3, 4, 1]"
ajal,2.4,1.0,"[3, 2, 3, 3, 3, 4, 0, 3, 2, 1]"
menduga,2.4,1.0,"[3, 2, -1, 4, 1, 3, 2, 3, 4, 3]"
prediksi,2.4,1.0,"[4, 3, 1, 3, 1, 3, 2, 2, 2, 3]"
melampas,3.2,1.0,"[4, 2, 3, 4, 4, 2, 2, 4, 4, 3]"
sempena hati,3.2,1.0,"[4, 3, 2, 4, 2, 3, 3, 3, 4, 4]"
taksiran,4.0,1.0,"[4, 4, 4, 4, 4, 4, 4, 4, 4, 4]"
bolehan,3.2,1.0,"[4, 2, 4, 4, 4, 1, 4, 4, 2, 3]"
pengetahuan,3.2,1.0,"[3, 4, 4, 3, 3, 4, 2, 2, 3, 4]"
kajian,3.2,1.0,"[2, 4, 4, 4, 3, 3, 3, 3, 4, 2]"
tiris,2.4,1.0,"[1, 4, 3, 0, 1, 4, 3, 4, 1, 3]"
gusti,3.2,1.0,"[3, 3, 2, 4, 4, 3, 4, 3, 2, 4]"
recok,3.2,1.0,"[3, 4, 3, 3, 4, 4, 4, 2, 3, 2]"
bianglala,3.2,1.0,"[2, 4, 4, 4, 3, 4, 3, 3, 2, 3]"
menating,2.4,1.0,"[3, 3, 2, 1, 2, 2, 3, 2, 3, 3]"
bersenandung,3.2,1.0,"[3, 3, 2, 2, 4, 4, 4, 3, 4, 3]"
kebisaan,3.2,1.0,"[4, 1, 4, 3, 4, 3, 4, 3, 3, 3]"
berprakarsa,2.4,1.0,"[3, 0, 2, 3, 3, 4, 2, 2, 3, 2]"
berlibat,2.4,1.0,"[3, 3, 0, 3, 1, 2, 3, 3, 3, 3]"
gembur,4.0,1.0,"[4, 4, 4, 4, 4, 4, 4, 4, 4, 4]"
kelilipan,2.4,1.0,"[2, 3, 1, 2, 2, 3, 2, 3, 3, 3]"
kebesaran,3.2,1.0,"[2, 4, 4, 3, 3, 4, 4, 3, 3, 2]"
semarak,2.4,1.0,"[2, 2, 2, 3, 1, 3, 3, 3, 3, 2]"
penggede,2.4,1.0,"[1, 3, 2, 2, 4, 1, 3, 4, 3, 1]"
berhasrat,2.4,1.0,"[1, 2, 3, 3, 2, 2, 2, 2, 4, 3]"
peninggalan,3.2,1.0,"[3, 2, 3, 4, 3, 2, 4, 4, 4, 3]"
berpatroli,3.2,1.0,"[3, 4, 3, 4, 4, 3, 3, 3, 3, 2]"
sumpah,2.4,1.0,"[3, 2, 2, 2, 2, 2, 3, 2, 4, 2]"
timbalan,3.2,1.0,"[4, 3, 4, 4, 3, 2, 4, 2, 3, 3]"
membaca,3.2,1.0,"[3, 3, 4, 4, 3, 3, 3, 4, 2, 3]"
penanti,2.4,1.0,"[4, 2, 2, 3, 3, 2, 3, 1, 3, 1]"
terus-menerus,3.2,1.0,"[4, 4, 3, 3, 2, 4, 4, 3, 3, 2]"
pendataan,2.4,1.0,"[3, 2, 3, 4, 2, 2, 4, 0, 2, 2]"
simetris,2.4,1.0,"[2, 1, 1, 2, 3, 4, 3, 2, 4, 2]"
beber,2.4,1.0,"[3, 3, 4, 2, 1, 3, 1, 3, 2, 2]"
membenarkan,2.4,1.0,"[1, 2, 3, 3, 1, 3, 3, 2, 4, 2]"
protektor,2.4,1.0,"[3, 2, 2, 1, 2, 3, 3, 2, 4, 2]"
berpatokan,3.2,1.0,"[4, 3, 4, 0, 4, 4, 3, 4, 4, 2]"
naik pelaminan,3.2,1.0,"[2, 4, 1, 2, 4, 3, 4, 4, 4, 4]"
lugu,3.2,1.0,"[4, 3, 3, 2, 4, 4, 2, 3, 4, 3]"
ventura,2.4,1.0,"[2, 3, 2, 4, 2, 0, 2, 3, 3, 3]"
berbentuk,2.4,1.0,"[0, 4, 3, 3, 1, 3, 4, 2, 2, 2]"
pegah,4.0,1.0,"[4, 4, 4, 4, 4, 4, 4, 4, 4, 4]"
sero,2.4,1.0,"[2, 3, 1, 1, 2, 3, 2, 2, 4, 4]"
polemik,2.4,1.0,"[2, 2, 3, 2, 2, 3, 3, 3, 2, 2]"
beraras,3.2,1.0,"[4, 4, 3, 4, 3, 4, 2, 3, 3, 2]"
mengeluarkan darah,3.2,1.0,"[3, 4, 3, 2, 4, 2, 2, 4, 4, 4]"
gempar,3.2,1.0,"[3, 4, 3, 2, 4, 3, 4, 4, 3, 2]"
widita,3.2,1.0,"[3, 3, 3, 4, 4, 3, 3, 3, 4, 2]"
kebajikan,3.2,1.0,"[2, 3, 3, 3, 4, 4, 4, 3, 3, 3]"
tuntun,2.4,1.0,"[2, 1, 2, 1, 4, 4, 3, 3, 3, 1]"
bersender,3.2,1.0,"[4, 4, 3, 3, 2, 4, 3, 3, 3, 3]"
mematuhi,3.2,1.0,"[4, 2, 4, 4, 3, 4, 2, 2, 4, 3]"
beraturan,3.2,1.0,"[4, 3, 4, 2, 2, 2, 3, 4, 4, 4]"
hukum,2.4,1.0,"[3, 3, 3, 4, 3, 1, 0, 1, 3, 3]"
mencari akal,2.4,1.0,"[1, 3, 3, 2, 1, 3, 3, 3, 2, 3]"
batas (waktu),2.4,1.0,"[2, 4, 3, 4, 1, 3, 3, 1, 1, 2]"
fertil,3.2,1.0,"[3, 4, 3, 4, 3, 3, 2, 3, 3, 4]"
besar-besaran,2.4,1.0,"[4, 3, 1, 4, 1, 3, 4, 3, -1, 2]"
kusa,2.4,1.0,"[3, 1, 4, 1, 4, 1, 1, 3, 3, 3]"
bineka,2.4,1.0,"[3, 3, 2, 0, 3, 2, 2, 4, 4, 1]"
wantah,2.4,1.0,"[2, 3, 2, 3, 2, 1, 4, 2, 1, 4]"
menganut,3.2,1.0,"[3, 2, 4, 2, 4, 4, 4, 4, 2, 3]"
ideal,2.4,1.0,"[2, 4, 2, 3, 3, 2, 1, 1, 3, 3]"
meminda,3.2,1.0,"[4, 2, 2, 1, 4, 3, 4, 4, 4, 4]"
anakan,4.0,1.0,"[4, 4, 4, 4, 4, 4, 4, 4, 4, 4]"
tinggalan,3.2,1.0,"[2, 4, 3, 4, 3, 4, 4, 3, 2, 3]"
samun,2.4,1.0,"[3, 4, 2, 2, 2, 3, 1, 3, 3, 1]"
mustaid,2.4,1.0,"[0, 2, 2, 4, 2, 3, 3, 3, 3, 2]"
solah,3.2,1.0,"[3, 2, 4, 3, 2, 3, 3, 4, 4, 4]"
puadai,3.2,1.0,"[2, 4, 3, 4, 2, 4, 4, 3, 2, 4]"
bercita rasa,2.4,1.0,"[2, 3, 2, 3, 2, 1, 2, 3, 3, 3]"
artian,2.4,1.0,"[2, 1, 1, 2, 1, 4, 3, 3, 4, 3]"
mullah,2.4,1.0,"[4, 3, 1, 3, 3, 2, 1, 2, 1, 4]"
kesal,3.2,1.0,"[2, 4, 3, 4, 4, 3, 4, 3, 3, 2]"
aneka,2.4,1.0,"[1, 3, 3, 1, 3, 4, 4, 2, 1, 2]"
rahasia,2.4,1.0,"[3, 2, 0, 2, 3, 3, 2, 3, 4, 2]"
ganjar,4.0,1.0,"[4, 4, 4, 4, 4, 4, 4, 4, 4, 4]"
adakala,2.4,1.0,"[1, 3, 3, 0, 2, 4, 2, 3, 3, 3]"
kemantapan,3.2,1.0,"[4, 3, 3, 3, 2, 4, 4, 2, 3, 4]"
pendidik,2.4,1.0,"[2, 2, 2, 3, 1, 4, 3, 4, 0, 3]"
dispensasi,2.4,1.0,"[3, 2, 2, 1, 1, 4, 3, 3, 2, 3]"
penangkalan,3.2,1.0,"[2, 2, 4, 3, 4, 4, 1, 4, 4, 4]"
menganggar,2.4,1.0,"[1, 3, 2, 3, 2, 2, 4, 3, 3, 1]"
sublim,2.4,1.0,"[3, 1, 1, 3, 3, 1, 4, 1, 3, 4]"
tekanan mental,3.2,1.0,"[1, 4, 3, 4, 4, 3, 3, 3, 4, 3]"
mengganjari,2.4,1.0,"[3, 1, 2, 1, 2, 2, 1, 4, 4, 4]"
prominen,4.0,1.0,"[4, 4, 4, 4, 4, 4, 4, 4, 4, 4]"
disiplin,2.4,1.0,"[2, 3, 2, 2, 3, 2, 2, 4, 3, 1]"
kosen,3.2,1.0,"[2, 3, 4, 3, 4, 4, 2, 3, 4, 3]"
peleburan,2.4,1.0,"[3, 1, 3, 3, 2, 2, 3, 2, 3, 2]"
terjadi,2.4,1.0,"[4, 3, 1, 4, 3, 2, 1, 1, 2, 3]"
bilhak,2.4,1.0,"[3, 4, 1, 2, 4, 2, 1, 2, 3, 2]"
pestaka,3.2,1.0,"[3, 3, 4, 3, 3, 2, 4, 3, 4, 3]"
bekas,3.2,1.0,"[3, 4, 3, 3, 4, 1, 4, 2, 4, 4]"
kincung,2.4,1.0,"[2, 2, 2, 3, 2, 2, 3, 2, 3, 3]"
perut,2.4,1.0,"[2, 1, 4, 4, 3, 2, 2, 1, 2, 3]"
cumil,3.2,1.0,"[3, 4, 2, 3, 4, 4, 3, 2, 3, 4]"
mengerikan,3.2,1.0,"[2, 3, 4, 4, 4, 3, 4, 3, 3, 2]"
bekal,2.4,1.0,"[1, 2, 1, 3, 3, 4, 2, 3, 2, 3]"
mengecamkan,2.4,1.0,"[1, 2, 2, 2, 3, 3, 3, 3, 3, 2]"
bersendel,3.2,1.0,"[2, 3, 2, 4, 3, 4, 4, 4, 4, 2]"
traktat,2.4,1.0,"[2, 2, 2, 2, 3, 3, 3, 1, 3, 3]"
terjemahan,2.4,1.0,"[1, 3, 4, 2, 2, 2, 3, 3, 2, 2]"
pejatian,2.4,1.0,"[4, 2, 2, 4, 1, 3, 3, 1, 2, 2]"
infinit,2.4,1.0,"[2, 3, 3, 2, 1, 3, 2, 4, 2, 2]"
menyanyi,3.2,1.0,"[3, 4, 3, 0, 3, 4, 4, 4, 3, 4]"
mengambil contoh,3.2,1.0,"[3, 3, 4, 4, 3, 2, 3, 3, 3, 4]"
mekar,2.4,1.0,"[1, 4, 3, 4, 3, 3, 1, 3, 2, 0]"
klien,3.2,1.0,"[2, 3, 3, 2, 3, 4, 3, 4, 4, 4]"
sosial,3.2,1.0,"[4, 3, 2, 3, 4, 4, 3, 4, 2, 3]"
kempuh,4.0,1.0,"[4, 4, 4, 4, 4, 4, 4, 4, 4, 4]"
rupa,2.4,1.0,"[1, 2, 2, 4, 2, 1, 3, 3, 3, 3]"
radu,2.4,1.0,"[2, 2, 2, 2, 2, 3, 2, 3, 3, 3]"
mengalem,3.2,1.0,"[4, 2, 4, 4, 2, 3, 3, 4, 3, 3]"
setujuan,3.2,1.0,"[3, 2, 3, 2, 3, 3, 4, 4, 4, 4]"
sembuh,3.2,1.0,"[3, 2, 3, 4, 4, 3, 4, 1, 4, 4]"
uluran,2.4,1.0,"[1, 3, 4, 2, 2, 4, 2, 0, 4, 2]"
garda,2.4,1.0,"[3, 4, 2, 2, 1, 3, 1, 3, 4, 1]"
kincang,2.4,1.0,"[3, 2, 4, 2, 1, 1, 3, 3, 3, 2]"
konspirasi,3.2,1.0,"[2, 3, 3, 4, 4, 3, 4, 3, 2, 4]"
susuk,2.4,1.0,"[2, 3, 3, 3, 2, 2, 2, 0, 3, 4]"
berkedudukan,3.2,1.0,"[2, 4, 4, 2, 4, 4, 4, 4, 1, 3]"
pergeseran,4.0,1.0,"[4, 4, 4, 4, 4, 4, 4, 4, 4, 4]"
ganti,2.4,1.0,"[3, 1, 4, 4, 2, 2, 3, 1, 2, 2]"
cenangkas,2.4,1.0,"[3, 2, 2, 4, 3, 1, 2, 3, 3, 1]"
membingkas,2.4,1.0,"[1, 2, 3, 1, 2, 3, 3, 3, 2, 4]"
ungkap,2.4,1.0,"[2, 0, 2, 3, 2, 4, 3, 2, 3, 3]"
pelesapan,2.4,1.0,"[4, 3, 4, 2, 0, 2, 4, 3, 1, 1]"
montok,2.4,1.0,"[3, 1, 2, 2, 4, 2, 4, 4, 0, 2]"
ingatan,2.4,1.0,"[2, 3, 1, 4, 3, 1, 2, 3, 1, 4]"
pop,4.0,1.0,"[4, 4, 4, 4, 4, 4, 4, 4, 4, 4]"
merahimi,3.2,1.0,"[3, 2, 4, 4, 4, 3, 3, 2, 4, 3]"
pola,2.4,1.0,"[2, 2, 2, 1, 2, 2, 3, 3, 3, 4]"
mengherankan,2.4,1.0,"[2, 3, 2, 2, 3, 3, 1, 2, 2, 4]"
anak didik,2.4,1.0,"[2, 3, 2, 3, 2, 2, 1, 3, 3, 3]"
dekorasi,4.0,1.0,"[4, 4, 4, 4, 4, 4, 4, 4, 4, 4]"
berstatus,3.2,1.0,"[4, 4, 4, 3, 4, 2, 4, 2, 3, 2]"
pertumpahan,2.4,1.0,"[4, 3, 3, 4, 1, 2, 1, 2, 2, 2]"
terjamin,4.0,1.0,"[4, 4, 4, 4, 4, 4, 4, 4, 4, 4]"
eneng,4.0,1.0,"[4, 4, 4, 4, 4, 4, 4, 4, 4, 4]"
statis,3.2,1.0,"[3, 2, 4, 2, 2, 4, 4, 3, 4, 4]"
berpengalaman,3.2,1.0,"[4, 2, 3, 4, 3, 3, 3, 2, 4, 4]"
menempuh (hidup),2.4,1.0,"[2, 1, 3, 2, 2, 4, 4, -1, 3, 4]"
comel,3.2,1.0,"[2, 4, 4, 4, 3, 2, 3, 3, 4, 3]"
celengan,2.4,1.0,"[4, 3, 3, 2, 2, 2, 3, 1, 1, 3]"
pekerjaan,2.4,1.0,"[2, 2, 1, 4, 3, 3, 1, 3, 2, 3]"
hutan,2.4,1.0,"[2, 2, 2, 3, 4, 1, 4, 1, 4, 1]"
berpacangan,2.4,1.0,"[3, 2, 4, 2, 3, 2, 3, 3, 2, 0]"
mukibat,2.4,1.0,"[2, 2, 3, 3, 2, 3, 3, 4, 1, 1]"
hilir,3.2,1.0,"[3, 4, 2, 3, 3, 3, 3, 3, 4, 4]"
menakjubkan,2.4,1.0,"[2, 2, 1, 2, 4, 3, 3, 2, 2, 3]"
populer,4.0,1.0,"[4, 4, 4, 4, 4, 4, 4, 4, 4, 4]"
keampuhan,3.2,1.0,"[4, 4, 3, 3, 3, 1, 2, 4, 4, 4]"
kelapangan,2.4,1.0,"[1, 2, 2, 3, 3, 2, 2, 3, 3, 3]"
melintas (rimba),2.4,1.0,"[2, 4, 3, 2, 3, 3, 2, 2, 1, 2]"
perubahan,3.2,1.0,"[4, 4, 3, 4, 3, 4, 2, 3, 2, 3]"
tanda jasa,3.2,1.0,"[3, 2, 4, 4, 4, 3, 1, 4, 4, 3]"
sami,2.4,1.0,"[2, 2, 3, 2, 1, 2, 4, 3, 3, 2]"
pas,2.4,1.0,"[2, 2, 1, 4, 3, 1, 4, 3, 2, 2]"
licin,3.2,1.0,"[3, 4, 3, 3, 2, 4, 3, 3, 4, 3]"
mempunyai,3.2,1.0,"[4, 2, 2, 3, 4, 3, 4, 3, 4, 3]"
manila,4.0,1.0,"[4, 4, 4, 4, 4, 4, 4, 4, 4, 4]"
bayangan,2.4,1.0,"[2, 1, 4, 3, 1, 2, 2, 2, 4, 3]"
bersinar,3.2,1.0,"[4, 3, 3, 2, 4, 4, 3, 4, 2, 3]"
atraktif,3.2,1.0,"[2, 2, 4, 4, 3, 3, 3, 4, 3, 4]"
riil,3.2,1.0,"[3, 3, 3, 4, 3, 3, 4, 4, 2, 3]"
kreativitas,3.2,1.0,"[3, 3, 3, 4, 2, 4, 4, 3, 2, 4]"
mengetuk,2.4,1.0,"[3, 2, 2, 3, 4, 2, 2, 2, 2, 2]"
naik pelamin,3.2,1.0,"[3, 3, 4, 4, 3, 4, 1, 4, 3, 3]"
rekognisi,4.0,1.0,"[4, 4, 4, 4, 4, 4, 4, 4, 4, 4]"
genit,4.0,1.0,"[4, 4, 4, 4, 4, 4, 4, 4, 4, 4]"
letih,3.2,1.0,"[4, 3, 3, 3, 2, 4, 2, 3, 4, 4]"
mengatakan,2.4,1.0,"[3, 3, 3, 3, 2, 2, 2, 2, 2, 2]"
mewarnai,3.2,1.0,"[2, 4, 3, 4, 4, 3, 3, 2, 4, 3]"
kegirangan keceriaan,3.2,1.0,"[3, 2, 3, 4, 2, 3, 4, 4, 3, 4]"
berpamor,2.4,1.0,"[1, 4, 1, 2, 2, 1, 3, 2, 4, 4]"
termulia,2.4,1.0,"[3, 4, 2, 3, 3, 2, 2, 2, 2, 1]"
khalas,2.4,1.0,"[3, 1, 4, 3, 2, 2, 4, 1, 2, 2]"
kaget,2.4,1.0,"[2, 2, 3, 2, 2, 2, 2, 4, 3, 2]"
berkaca,3.2,1.0,"[3, 4, 3, 3, 4, 3, 2, 4, 4, 2]"
asoi,2.4,1.0,"[3, -1, 4, 1, 2, 4, 4, 2, 3, 2]"
sportif,2.4,1.0,"[4, 2, 1, 2, 3, 2, 3, 2, 2, 3]"
menolong,3.2,1.0,"[3, 2, 4, 4, 3, 4, 3, 3, 3, 3]"
terjadinya,2.4,1.0,"[3, 1, 4, 4, 2, 1, 1, 2, 4, 2]"
guntang-guntang,2.4,1.0,"[3, 3, 2, 2, 4, 2, 2, 2, 3, 1]"
damar,3.2,1.0,"[4, 3, 4, 4, 2, 4, 4, 3, 2, 2]"
momentum,2.4,1.0,"[3, 1, 1, 3, 1, 4, 2, 3, 3, 3]"
segar,3.2,1.0,"[4, 4, 3, 4, 2, 3, 1, 4, 3, 4]"
memburu,2.4,1.0,"[3, 3, 2, 3, 2, 4, 1, 2, 2, 2]"
titip api,2.4,1.0,"[3, 1, 3, 3, 3, 3, 2, 1, 3, 2]"
menyegarkan,2.4,1.0,"[2, 2, 4, 2, 2, 3, 2, 1, 2, 4]"
dodor,2.4,1.0,"[4, 3, 3, 2, 2, 2, 0, 4, 1, 3]"
klasik,2.4,1.0,"[3, 3, 0, 4, 2, 3, 3, 2, 3, 1]"
purna,2.4,1.0,"[2, 4, 3, 4, 2, 3, 0, 3, 2, 1]"
harga diri,2.4,1.0,"[2, 3, 2, 2, 4, 1, 2, 2, 4, 2]"
menerima,2.4,1.0,"[3, 2, 2, 4, 2, 0, 3, 1, 4, 3]"
kemufakatan,2.4,1.0,"[2, 3, 4, 3, 2, 2, 2, 2, 3, 1]"
ketajaman,2.4,1.0,"[4, 3, 2, 2, 1, 4, 0, 3, 3, 2]"
menggegerkan,3.2,1.0,"[4, 3, 3, 4, 3, 3, 4, 2, 4, 2]"
mengecilkan,3.2,1.0,"[3, 3, 2, 4, 3, 3, 4, 4, 2, 4]"
penghimpunan,2.4,1.0,"[3, 3, 3, 2, 4, 0, 2, 3, 0, 4]"
mengalami,2.4,1.0,"[3, 2, 0, 4, 1, 3, 3, 2, 3, 3]"
mengumaikan,2.4,1.0,"[4, 3, 2, 2, 3, 2, 4, 2, 1, 1]"
serapah,3.2,1.0,"[4, 2, 2, 4, 2, 4, 3, 3, 4, 4]"
federasi,2.4,1.0,"[2, 1, 1, 3, 3, 4, 2, 2, 4, 2]"
lunak,4.0,1.0,"[4, 4, 4, 4, 4, 4, 4, 4, 4, 4]"
sudah,2.4,1.0,"[3, 1, 2, 3, 3, 4, 2, 3, 2, 1]"
debuk,2.4,1.0,"[0, 2, 3, 3, 0, 3, 4, 4, 2, 3]"
pemajangan,3.2,1.0,"[4, 3, 3, 3, 4, 4, 1, 3, 3, 4]"
ilusi,2.4,1.0,"[2, 2, 2, 1, 3, 3, 2, 4, 2, 3]"
penyerobotan,2.4,1.0,"[3, 3, 1, 1, 0, 2, 3, 4, 3, 4]"
rekan,3.2,1.0,"[4, 3, 3, 2, 4, 3, 4, 2, 4, 3]"
fatanah,2.4,1.0,"[3, 3, 3, 0, 4, 4, 3, 1, 2, 1]"
kaki tangan,3.2,1.0,"[2, 4, 4, 4, 3, 1, 3, 4, 3, 4]"
kelih,3.2,1.0,"[1, 2, 4, 4, 4, 4, 2, 4, 3, 4]"
gerakan,3.2,1.0,"[4, 4, 4, 4, 2, 2, 2, 3, 4, 3]"
akuan,2.4,1.0,"[4, 1, 2, 1, 3, 3, 1, 2, 4, 3]"
pelayanan,2.4,1.0,"[2, 2, 2, 2, 3, 2, 4, 2, 3, 2]"
tersem-bunyi,4.0,1.0,"[4, 4, 4, 4, 4, 4, 4, 4, 4, 4]"
jelang,2.4,1.0,"[2, 3, 3, 3, 3, 0, 2, 2, 3, 3]"
rumput,2.4,1.0,"[1, 3, 1, 2, 3, 4, 2, 3, 3, 2]"
pinggul,3.2,1.0,"[4, 2, 3, 2, 3, 3, 4, 3, 4, 4]"
simpleks,2.4,1.0,"[2, 4, 3, 2, 3, 2, 2, 2, 3, 1]"
nuri,2.4,1.0,"[3, 2, 3, 2, 3, 3, 2, 3, 0, 3]"
pembiasaan,2.4,1.0,"[3, 2, 0, 3, 2, 3, 3, 3, 2, 3]"
terutama,3.2,1.0,"[3, 3, 2, 4, 3, 4, 4, 3, 4, 2]"
spesialisasi,2.4,1.0,"[4, 2, 1, 2, 2, 2, 4, 1, 3, 3]"
kalis,3.2,1.0,"[3, 4, 3, 4, 3, 3, 4, 3, 3, 2]"
kemaslahatan,3.2,1.0,"[3, 4, 3, 4, 3, 4, 2, 3, 2, 4]"
seremeh,2.4,1.0,"[3, 4, 3, 2, 1, 0, 2, 3, 2, 4]"
besar,3.2,1.0,"[4, 2, 4, 4, 2, 3, 3, 4, 4, 2]"
seemak,2.4,1.0,"[2, 2, 0, 3, 3, 4, 3, 1, 4, 2]"
julat,2.4,1.0,"[2, 2, 3, 2, 3, 3, 2, 1, 2, 4]"
penggalian,3.2,1.0,"[3, 4, 4, 4, 1, 4, 3, 3, 4, 2]"
pokok,2.4,1.0,"[2, 1, 1, 0, 4, 4, 4, 1, 3, 4]"
catu,3.2,1.0,"[4, 4, 1, 4, 3, 4, 4, 2, 4, 2]"
nyana,2.4,1.0,"[1, 4, 2, 3, 1, 4, 4, 2, 1, 2]"
cebak,2.4,1.0,"[4, 3, 3, 2, 3, 1, 2, 2, 1, 3]"
bertumpuk,3.2,1.0,"[4, 3, 3, 4, 3, 3, 3, 1, 4, 4]"
sebetulnya,3.2,1.0,"[3, 3, 3, 3, 4, 4, 3, 3, 4, 2]"
pendaftaran,2.4,1.0,"[3, 0, 2, 4, 2, 2, 3, 2, 3, 3]"
kesemarakan,3.2,1.0,"[3, 4, 4, 3, 4, 2, 4, 3, 2, 3]"
berteduh,2.4,1.0,"[2, 2, 3, 1, 1, 3, 2, 4, 2, 4]"
fadil,2.4,1.0,"[2, 1, 2, 4, 4, 1, 3, 3, 0, 4]"
punia,3.2,1.0,"[4, 2, 3, 3, 3, 4, 3, 4, 3, 3]"
berkecambah,2.4,1.0,"[3, 1, 3, 0, 3, 2, 4, 3, 2, 3]"
tenaga,2.4,1.0,"[2, 3, 1, 3, 2, 1, 4, 3, 3, 2]"
tutuk,2.4,1.0,"[1, 2, 3, 2, 3, 2, 3, 3, 1, 4]"
tangsel,2.4,1.0,"[4, 2, 1, 2, 3, 3, 1, 2, 3, 3]"
yg dipertuan,3.2,1.0,"[3, 4, 4, 4, 3, 3, 2, 1, 4, 4]"
dambaan,2.4,1.0,"[1, 1, 2, 4, 3, 2, 3, 1, 4, 3]"
romantis,3.2,1.0,"[3, 4, 4, 2, 3, 4, 3, 4, 3, 2]"
monopoli,2.4,1.0,"[2, 3, 3, 3, 2, 4, 2, 3, 0, 2]"
interpretasi,2.4,1.0,"[4, 2, 2, 2, 2, 2, 1, 3, 4, 2]"
sambung tangan,3.2,1.0,"[4, 2, 3, 4, 3, 4, 4, 2, 3, 3]"
ab,2.4,1.0,"[3, 3, 3, 1, 2, 2, 3, 3, 3, 1]"
pantat,2.4,1.0,"[1, 2, 3, 4, 2, 1, 4, 1, 4, 2]"
wiladah,2.4,1.0,"[3, 3, 3, 3, 3, 3, 1, 2, 2, 1]"
mencontohkan,3.2,1.0,"[4, 3, 3, 2, 3, 4, 4, 2, 3, 4]"
sri paduka,3.2,1.0,"[4, 4, 3, 4, 2, 2, 3, 4, 3, 3]"
umat,2.4,1.0,"[2, 1, 4, 1, 4, 4, 1, 2, 2, 3]"
penderma,2.4,1.0,"[3, 3, 2, 3, 3, 1, 1, 3, 2, 3]"
pengenalan,4.0,1.0,"[4, 4, 4, 4, 4, 4, 4, 4, 4, 4]"
labiovelar,3.2,1.0,"[4, 3, 2, 4, 2, 3, 3, 3, 4, 4]"
penggabungan,2.4,1.0,"[1, 2, 3, 3, 2, 2, 2, 3, 3, 3]"
langsung,2.4,1.0,"[2, 3, 2, 2, 1, 4, 2, 2, 3, 3]"
kroni,3.2,1.0,"[4, 4, 3, 3, 3, 4, 2, 4, 3, 2]"
sregep,3.2,1.0,"[4, 3, 3, 4, 4, 2, 3, 3, 3, 3]"
sangka,2.4,1.0,"[3, 0, 1, 3, 4, 3, 4, 2, 1, 3]"
menderaikan,2.4,1.0,"[2, 2, 3, 2, 2, 2, 2, 3, 3, 3]"
majenun,2.4,1.0,"[2, 3, 4, 3, 2, 1, 2, 3, 2, 2]"
cermin,2.4,1.0,"[3, 2, 2, 4, 3, 2, 2, 3, 2, 1]"
gol,2.4,1.0,"[1, 3, 3, 2, 2, 2, 2, 2, 4, 3]"
rampuh,2.4,1.0,"[4, 2, 2, 3, 3, 1, 3, 1, 2, 3]"
kampanye,2.4,1.0,"[4, 1, 1, 3, 2, 2, 2, 2, 4, 3]"
berputra,2.4,1.0,"[2, 1, 3, 3, 3, 2, 3, 2, 3, 2]"
berseni,3.2,1.0,"[4, 3, 4, 1, 3, 3, 2, 4, 4, 4]"
drama ria,2.4,1.0,"[4, 2, 3, 2, 3, 2, 4, 1, 1, 2]"
mendeteksi,2.4,1.0,"[4, 3, 2, 4, 1, 1, 2, 4, 1, 2]"
ambisi,3.2,1.0,"[4, 4, 3, 2, 2, 4, 2, 4, 4, 3]"
tedas,2.4,1.0,"[4, 2, 4, 2, 2, 2, 2, 3, 2, 1]"
berahi,4.0,1.0,"[4, 4, 4, 4, 4, 4, 4, 4, 4, 4]"
tepa salira,4.0,1.0,"[4, 4, 4, 4, 4, 4, 4, 4, 4, 4]"
pengumpulan,2.4,1.0,"[0, 1, 3, 4, 2, 3, 3, 1, 3, 4]"
mengira-ngira,2.4,1.0,"[4, 1, 3, 3, 3, 4, 1, 2, 2, 1]"
pengurus,2.4,1.0,"[2, 2, 3, 3, 4, 1, 4, 3, 1, 1]"
adab,2.4,1.0,"[4, 3, 1, 2, 3, 3, 3, 1, 2, 2]"
probabilitas,2.4,1.0,"[2, 3, 2, 2, 3, 2, 1, 4, 4, 1]"
vila,2.4,1.0,"[3, 0, 3, 2, 2, 1, 3, 4, 4, 2]"
degap,2.4,1.0,"[4, 3, 2, 3, 2, 2, 1, 2, 3, 2]"
kesetiaan,2.4,1.0,"[2, 1, 1, 4, 4, 3, 3, 3, 3, 0]"
mufaham,2.4,1.0,"[4, 3, 1, 0, 4, 3, 3, 1, 2, 3]"
penandasan,2.4,1.0,"[1, 2, 4, 1, 3, 1, 2, 4, 3, 3]"
komplemen,4.0,1.0,"[4, 4, 4, 4, 4, 4, 4, 4, 4, 4]"
terkemuka,4.0,1.0,"[4, 4, 4, 4, 4, 4, 4, 4, 4, 4]"
pelayan,3.2,1.0,"[4, 3, 1, 4, 4, 3, 4, 4, 1, 4]"
mahabah,3.2,1.0,"[4, 2, 4, 4, 1, 4, 4, 3, 2, 4]"
kegagahan,3.2,1.0,"[2, 4, 4, 4, 2, 4, 2, 4, 2, 4]"
bernafsu,2.4,1.0,"[2, 2, 3, 1, 3, 0, 4, 4, 3, 2]"
sekali-kali,2.4,1.0,"[2, 2, 2, 2, 3, 2, 2, 3, 4, 2]"
menembusi,2.4,1.0,"[2, 3, 3, 3, 3, 2, 3, 0, 3, 2]"
binasa,2.4,1.0,"[3, 1, 3, 2, 3, 3, 2, 2, 2, 3]"
efisien,3.2,1.0,"[4, 3, 4, 1, 4, 3, 3, 3, 3, 4]"
radikalis,2.4,1.0,"[2, 3, 3, 2, 2, 2, 3, 2, 2, 3]"
bergigi,2.4,1.0,"[0, 3, 4, 4, 2, 2, 2, 2, 2, 3]"
pelit,3.2,1.0,"[3, 4, 4, 2, 4, 3, 4, 3, 4, 1]"
uluran tangan,3.2,1.0,"[2, 3, 4, 3, 3, 4, 2, 4, 3, 4]"
melicinkan,3.2,1.0,"[3, 3, 4, 3, 4, 4, 3, 2, 2, 4]"
mengadunkan,2.4,1.0,"[3, 2, 2, 3, 2, 2, 4, 3, 2, 1]"
suasana,3.2,1.0,"[2, 4, 4, 3, 3, 4, 4, 2, 4, 2]"
merecoki,3.2,1.0,"[3, 4, 4, 1, 4, 3, 2, 3, 4, 4]"
sani,2.4,1.0,"[1, 3, 1, 3, 1, 4, 3, 3, 2, 3]"
cempiang,2.4,1.0,"[3, 0, 3, 2, 4, 2, 1, 4, 3, 2]"
kujarat,4.0,1.0,"[4, 4, 4, 4, 4, 4, 4, 4, 4, 4]"
zakelek,3.2,1.0,"[4, 3, 3, 4, 3, 3, 3, 4, 3, 2]"
margrit,2.4,1.0,"[2, 3, 4, 4, 1, 2, 0, 3, 2, 3]"
afdal,2.4,1.0,"[2, 2, 3, 3, 2, 1, 4, 3, 2, 2]"
meremehkan,3.2,1.0,"[4, 2, 2, 3, 4, 4, 4, 4, 3, 2]"
foto,2.4,1.0,"[2, 3, 2, 3, 3, 2, 2, 1, 3, 3]"
termasyhur,3.2,1.0,"[4, 3, 4, 2, 4, 3, 3, 4, 3, 2]"
mengimbuhkan,3.2,1.0,"[2, 2, 4, 4, 3, 2, 3, 4, 4, 4]"
tukar cincin,2.4,1.0,"[2, 2, 3, 2, 3, 2, 3, 3, 4, 0]"
betapa,3.2,1.0,"[3, 3, 4, 2, 3, 3, 4, 4, 3, 3]"
menambah,2.4,1.0,"[1, 2, 3, 4, 2, 3, 3, 2, 2, 2]"
abu,2.4,1.0,"[4, 2, 1, 2, 4, 3, 4, 0, 2, 2]"
bersemayam,3.2,1.0,"[3, 4, 4, 1, 2, 4, 3, 4, 4, 3]"
panas kuku,3.2,1.0,"[4, 4, 3, 2, 1, 3, 4, 3, 4, 4]"
distingtif,3.2,1.0,"[4, 4, 4, 3, 3, 4, 4, 3, 0, 3]"
pencegahan,3.2,1.0,"[1, 4, 3, 3, 3, 4, 3, 4, 4, 3]"
idaman,2.4,1.0,"[2, 3, 1, 3, 2, 4, 2, 2, 2, 3]"
mengacau,3.2,1.0,"[1, 3, 3, 4, 4, 3, 2, 4, 4, 4]"
jaswadi,2.4,1.0,"[1, 2, 1, 4, 4, 2, 4, 2, 1, 3]"
memukau,3.2,1.0,"[2, 4, 3, 4, 3, 4, 3, 3, 3, 3]"
muara,3.2,1.0,"[2, 4, 3, 4, 4, 4, 3, 4, 2, 2]"
berbahagia,3.2,1.0,"[3, 3, 2, 3, 3, 4, 4, 4, 4, 2]"
samad,2.4,1.0,"[3, 3, 3, 3, 1, 0, 4, 1, 2, 4]"
asa,2.4,1.0,"[3, 4, 2, 3, 2, 1, 3, 2, 2, 2]"
perhatian,3.2,1.0,"[3, 2, 4, 3, 4, 4, 2, 4, 2, 4]"
suplemen,4.0,1.0,"[4, 4, 4, 4, 4, 4, 4, 4, 4, 4]"
enak,4.0,1.0,"[4, 4, 4, 4, 4, 4, 4, 4, 4, 4]"
mendusin,3.2,1.0,"[3, 3, 2, 3, 4, 2, 3, 4, 4, 4]"
mewisuda,2.4,1.0,"[3, 2, 2, 3, 3, 2, 3, 2, 1, 3]"
mencengangkan,3.2,1.0,"[2, 4, 2, 3, 4, 4, 3, 4, 3, 3]"
plong,2.4,1.0,"[2, 1, 3, 4, 1, 3, 2, 1, 4, 3]"
kehormatan,4.0,1.0,"[4, 4, 4, 4, 4, 4, 4, 4, 4, 4]"
sesungguhnya,3.2,1.0,"[3, 3, 3, 3, 1, 4, 4, 4, 3, 4]"
penyerasian,2.4,1.0,"[2, 3, 1, 3, 1, 1, 3, 3, 3, 4]"
pemuaian,2.4,1.0,"[1, 3, 1, 4, 2, 3, 2, 3, 3, 2]"
pelatih,2.4,1.0,"[3, 2, 3, 2, 1, 4, 2, 3, 1, 3]"
berkenaan,3.2,1.0,"[2, 3, 1, 3, 4, 4, 4, 3, 4, 4]"
perkumpulan,2.4,1.0,"[4, 1, 1, 2, 3, 3, 4, 4, 0, 2]"
isi perut,2.4,1.0,"[4, 2, 0, 3, 1, 2, 2, 3, 4, 3]"
tahan lasak,3.2,1.0,"[4, 4, 3, 4, 2, 3, 2, 3, 3, 4]"
pemilik,2.4,1.0,"[3, 2, 3, 3, 4, 1, 2, 1, 3, 2]"
bergolongan,3.2,1.0,"[2, 3, 4, 4, 4, 2, 2, 4, 3, 4]"
bertransaksi,2.4,1.0,"[1, 2, 3, 3, 3, 4, 1, 3, 1, 3]"
kreatif,3.2,1.0,"[4, 4, 3, 2, 3, 4, 2, 4, 2, 4]"
berkecukupan,3.2,1.0,"[2, 4, 2, 2, 3, 3, 4, 4, 4, 4]"
heran,3.2,1.0,"[3, 4, 4, 3, 4, 3, 1, 4, 2, 4]"
astaga,2.4,1.0,"[2, 3, 2, 4, 4, 3, 1, 3, 2, 0]"
sangkut-paut,2.4,1.0,"[3, 3, 3, 3, 2, 2, 3, 3, 1, 1]"
permukiman,2.4,1.0,"[3, 3, 2, 3, 3, 3, 2, 2, 2, 1]"
kejadian,2.4,1.0,"[3, 2, 2, 2, 2, 0, 3, 4, 3, 3]"
mendapat,2.4,1.0,"[4, 2, 2, 3, 3, 2, 3, 1, 3, 1]"
grahita,2.4,1.0,"[3, 3, 4, 2, 3, 3, 1, 2, 2, 1]"
memusingkan,3.2,1.0,"[4, 3, 3, 4, 2, 4, 3, 2, 3, 4]"
memprediksi,2.4,1.0,"[1, 3, 4, 2, 4, 2, 2, 3, 1, 2]"
sebenarnya,3.2,1.0,"[2, 4, 2, 4, 4, 3, 4, 2, 3, 4]"
bercahaya,3.2,1.0,"[4, 2, 2, 4, 4, 2, 3, 4, 4, 3]"
menyepelekan,3.2,1.0,"[4, 4, 2, 2, 4, 4, 3, 3, 4, 2]"
berkategori,3.2,1.0,"[3, 4, 2, 3, 4, 3, 4, 4, 2, 3]"
autentik,2.4,1.0,"[4, 4, 2, 3, 3, 1, 1, 2, 2, 2]"
wawancara,2.4,1.0,"[4, 4, 2, 4, 3, 0, 1, 3, 2, 1]"
penahan,2.4,1.0,"[0, 0, 1, 4, 4, 2, 2, 4, 4, 3]"
dominasi,2.4,1.0,"[4, 1, 2, 1, 3, 2, 2, 3, 3, 3]"
memolakan,3.2,1.0,"[3, 4, 3, 3, 3, 3, 3, 4, 3, 3]"
menganggap,2.4,1.0,"[3, 1, 3, 3, 2, 2, 2, 3, 2, 3]"
melendeh,2.4,1.0,"[3, 2, 2, 2, 2, 3, 2, 2, 3, 3]"
pengasuh,2.4,1.0,"[2, 3, 2, 3, 3, 1, 2, 2, 3, 3]"
memendam,3.2,1.0,"[4, 4, 2, 4, 2, 3, 3, 3, 3, 4]"
prabu,3.2,1.0,"[3, 3, 4, 3, 2, 4, 3, 4, 3, 3]"
bapanda,2.4,1.0,"[2, 2, 3, 2, 3, 1, 3, 2, 3, 3]"
rotan,3.2,1.0,"[4, 2, 4, 3, 2, 2, 4, 3, 4, 4]"
kudus,3.2,1.0,"[4, 2, 4, 4, 4, 3, 2, 2, 4, 3]"
berderajat,3.2,1.0,"[4, 3, 2, 4, 4, 3, 3, 4, 2, 3]"
sukses,2.4,1.0,"[2, 4, 2, 2, 3, 1, 3, 3, 1, 3]"
indah ambang,3.2,1.0,"[4, 3, 2, 4, 4, 3, 3, 3, 3, 3]"
gombrong,2.4,1.0,"[2, 2, 3, 3, 4, 3, 3, 2, 1, 1]"
menebak,2.4,1.0,"[4, 1, 3, 3, 3, 2, 2, 2, 1, 3]"
tanganan,2.4,1.0,"[2, 2, 2, 2, 2, 3, 3, 4, 3, 1]"
ya,3.2,1.0,"[4, 3, 4, 4, 3, 3, 2, 4, 2, 3]"
rani,3.2,1.0,"[3, 4, 4, 1, 3, 4, 4, 3, 4, 2]"
dendam berahi,4.0,1.0,"[4, 4, 4, 4, 4, 4, 4, 4, 4, 4]"
gombrang,2.4,1.0,"[4, 2, 3, 3, 0, 3, 2, 2, 3, 2]"
kaci,3.2,1.0,"[1, 4, 2, 4, 4, 4, 3, 4, 3, 3]"
lembuk,2.4,1.0,"[3, 2, 2, 2, 3, 1, 3, 2, 4, 2]"
elegan,3.2,1.0,"[4, 3, 4, 4, 2, 4, 3, 3, 3, 2]"
gagah,4.0,1.0,"[4, 4, 4, 4, 4, 4, 4, 4, 4, 4]"
penolong,3.2,1.0,"[0, 4, 4, 4, 3, 3, 3, 4, 3, 4]"
antusiasme,2.4,1.0,"[3, 3, 1, 4, 3, 2, 2, 1, 4, 1]"
amanah,4.0,1.0,"[4, 4, 4, 4, 4, 4, 4, 4, 4, 4]"
mengganggu,3.2,1.0,"[3, 2, 3, 4, 4, 2, 3, 4, 3, 4]"
energi,2.4,1.0,"[4, 4, 4, 0, 3, 0, 4, -1, 2, 4]"
isbat,2.4,1.0,"[2, 3, 3, 3, 3, 2, 2, 1, 4, 1]"
menongkat,3.2,1.0,"[4, 4, 3, 2, 3, 4, 2, 4, 3, 3]"
cublik,3.2,1.0,"[3, 4, 3, 3, 4, 4, 3, 2, 3, 3]"
menggemburkan melambuk,2.4,1.0,"[2, 1, 3, 2, 3, 2, 2, 3, 3, 3]"
anggapan,2.4,1.0,"[4, 3, 3, 2, 1, 2, 4, 2, 2, 1]"
positif,3.2,1.0,"[4, 3, 3, 3, 2, 3, 4, 3, 3, 4]"
bersauh,3.2,1.0,"[3, 4, 2, 3, 4, 2, 3, 3, 4, 4]"
nyamleng,4.0,1.0,"[4, 4, 4, 4, 4, 4, 4, 4, 4, 4]"
bersaur,2.4,1.0,"[4, 3, 1, 1, 3, 3, 3, 2, 3, 1]"
tersengal-sengal,2.4,1.0,"[2, 4, 3, 1, 3, 3, -1, 3, 4, 2]"
menumbuk,3.2,1.0,"[3, 4, 4, 3, 3, 2, 3, 3, 4, 3]"
pegawai,2.4,1.0,"[3, 4, 1, 3, 1, 3, 4, 1, 3, 1]"
mesra,3.2,1.0,"[4, 2, 4, 2, 4, 2, 4, 2, 4, 4]"
penunggu,2.4,1.0,"[4, 2, 1, 3, 3, 3, 3, 2, 2, 1]"
memalu,2.4,1.0,"[0, 2, 4, 3, 3, 1, 2, 4, 3, 2]"
tajam pikiran,3.2,1.0,"[4, 3, 4, 4, 3, 3, 2, 2, 3, 4]"
garing,4.0,1.0,"[4, 4, 4, 4, 4, 4, 4, 4, 4, 4]"
bersitegang,3.2,1.0,"[4, 2, 4, 3, 3, 3, 4, 4, 3, 2]"
intrik,3.2,1.0,"[4, 4, 2, 2, 3, 2, 4, 4, 3, 4]"
manggala,2.4,1.0,"[4, 2, 4, 2, 2, 2, 3, 2, 2, 1]"
membalas,3.2,1.0,"[4, 4, 4, 2, 2, 4, 3, 2, 3, 4]"
permadani,2.4,1.0,"[2, 0, 3, 3, 1, 4, 4, 2, 3, 2]"
paparan,2.4,1.0,"[2, 3, 0, 4, 4, 0, 4, 3, 1, 3]"
kekekalan,2.4,1.0,"[4, 1, 3, 3, 3, 2, 2, 2, 2, 2]"
kredibel,2.4,1.0,"[3, 1, 4, 1, 3, 2, 1, 3, 4, 2]"
guar,2.4,1.0,"[3, 3, 3, 1, 2, 2, 3, 2, 3, 2]"
gerak hati,3.2,1.0,"[4, 2, 4, 2, 3, 3, 4, 2, 4, 4]"
kipu,3.2,1.0,"[3, 2, 3, 4, 4, 3, 4, 3, 3, 3]"
bumbu,4.0,1.0,"[4, 4, 4, 4, 4, 4, 4, 4, 4, 4]"
kemunculan,2.4,1.0,"[2, 4, 2, 2, 4, 1, 3, 2, 2, 2]"
keriaan,2.4,1.0,"[2, 2, 2, 4, 2, 1, 4, 2, 2, 3]"
sains,2.4,1.0,"[3, 0, 2, 3, 1, 4, 2, 3, 3, 3]"
nian,3.2,1.0,"[4, 3, 4, 4, 2, 3, 2, 4, 3, 3]"
kasatmata,3.2,1.0,"[2, 1, 3, 4, 4, 4, 3, 4, 4, 3]"
jamik,2.4,1.0,"[4, 3, 2, 4, 2, 1, 2, 0, 2, 4]"
keseimbangan,3.2,1.0,"[4, 4, 4, 3, 4, 1, 3, 4, 1, 4]"
lebai,3.2,1.0,"[3, 3, 4, 3, 3, 3, 4, 3, 2, 4]"
seringai,3.2,1.0,"[2, 3, 4, 4, 3, 4, 4, 2, 3, 3]"
berhasil,2.4,1.0,"[4, 3, 2, 2, 1, 2, 2, 4, 2, 2]"
terbatas,2.4,1.0,"[1, 4, 2, 1, 2, 3, 3, 3, 3, 2]"
definisi,2.4,1.0,"[4, 3, 2, 4, 3, 3, 1, 2, 1, 1]"
komplot,3.2,1.0,"[3, 4, 1, 4, 3, 3, 2, 4, 4, 4]"
afirmasi,2.4,1.0,"[4, 3, 1, 3, 2, 1, 3, 1, 4, 2]"
jamhur,2.4,1.0,"[3, 0, 1, 3, 2, 2, 4, 3, 4, 2]"
gres,3.2,1.0,"[3, 4, 4, 2, 3, 2, 4, 4, 4, 2]"
gerha,2.4,1.0,"[3, 2, 1, 3, 2, 4, 3, 2, 3, 1]"
mengalirkan darah,3.2,1.0,"[3, 1, 3, 4, 4, 2, 4, 3, 4, 4]"
dana,3.2,1.0,"[4, 3, 3, 3, 3, 3, 3, 3, 3, 4]"
tabung bambu,2.4,1.0,"[3, 3, 2, 1, 2, 4, 4, 3, 2, 0]"
tahu aturan,3.2,1.0,"[4, 3, 4, 3, 3, 3, 4, 3, 3, 2]"
menerka,2.4,1.0,"[3, 2, 4, 4, 2, 2, 3, 2, 2, 0]"
kerukunan,2.4,1.0,"[2, 3, 4, 3, 2, 4, 1, 1, 2, 2]"
keterbukaan,4.0,1.0,"[4, 4, 4, 4, 4, 4, 4, 4, 4, 4]"
kasual,2.4,1.0,"[4, 3, 2, 3, 1, 1, 1, 4, 2, 3]"
teja,3.2,1.0,"[4, 2, 2, 4, 4, 4, 4, 3, 4, 1]"
berlagak,3.2,1.0,"[4, 3, 2, 4, 4, 3, 4, 2, 4, 2]"
bersayap,3.2,1.0,"[4, 3, 1, 4, 4, 3, 4, 2, 3, 4]"
donor,2.4,1.0,"[4, 2, 2, 2, 4, 3, 2, 2, 2, 1]"
(warna) dadu,2.4,1.0,"[3, 2, 1, 1, 2, 3, 1, 4, 4, 3]"
akomodasi,2.4,1.0,"[3, 1, 3, 3, 3, 1, 4, 2, 3, 1]"
tebak,2.4,1.0,"[3, 4, 2, 2, 3, 2, 2, 1, 3, 2]"
cegar,3.2,1.0,"[3, 4, 3, 2, 4, 4, 3, 4, 3, 2]"
amat,3.2,1.0,"[3, 2, 2, 3, 3, 4, 4, 4, 3, 4]"
terbayang-bayang,2.4,1.0,"[3, 4, 1, 2, 2, 1, 3, 2, 3, 3]"
bertambatan,2.4,1.0,"[2, 2, 3, 2, 3, 3, 3, 2, 1, 3]"
menjalani,2.4,1.0,"[4, 2, 1, 2, 2, 4, 2, 0, 4, 3]"
keenakan,3.2,1.0,"[3, 4, 4, 2, 2, 3, 3, 4, 3, 4]"
asuh,2.4,1.0,"[2, 1, 2, 3, 2, 1, 2, 4, 3, 4]"
melewati,2.4,1.0,"[2, 3, 3, 4, 3, 2, 3, 1, 1, 2]"
jawara,2.4,1.0,"[1, 2, 1, 1, 2, 3, 4, 4, 2, 4]"
rakitan,2.4,1.0,"[3, 2, 4, 2, 1, 3, 3, 3, 2, 1]"
suara halus,3.2,1.0,"[3, 3, 3, 1, 3, 3, 4, 4, 4, 4]"
rawa,3.2,1.0,"[2, 3, 4, 4, 4, 3, 3, 3, 3, 3]"
pengukur,2.4,1.0,"[3, 3, 1, 4, 2, 3, 2, 3, 2, 1]"
mempercantik,2.4,1.0,"[2, 1, 2, 2, 1, 4, 3, 3, 4, 2]"
dalang,2.4,1.0,"[1, 2, 4, 2, 4, 2, 2, 2, 2, 3]"
mengangkat-angkat,3.2,1.0,"[3, 3, 4, 4, 3, 2, 2, 4, 3, 4]"
bentukan,2.4,1.0,"[2, 2, 3, 0, 2, 4, 3, 2, 3, 3]"
langgeng,3.2,1.0,"[4, 4, 2, 4, 2, 3, 2, 4, 3, 4]"
deduksi,2.4,1.0,"[2, 1, 4, 4, 2, 3, 1, 1, 2, 4]"
bestari,3.2,1.0,"[2, 2, 3, 4, 4, 4, 3, 2, 4, 4]"
ringan tulang,4.0,1.0,"[4, 4, 4, 4, 4, 4, 4, 4, 4, 4]"
prasarana,2.4,1.0,"[2, 0, 4, 4, 2, 1, 3, 3, 3, 2]"
menyandar,3.2,1.0,"[3, 4, 4, 3, 3, 4, 2, 3, 3, 3]"
wasiat,3.2,1.0,"[4, 3, 4, 3, 2, 4, 2, 3, 3, 4]"
bisnis,2.4,1.0,"[3, 3, 4, 2, 2, 3, 3, 1, 2, 1]"
langkah,3.2,1.0,"[3, 3, 2, 4, 4, 4, 2, 4, 4, 2]"
tongkeng,4.0,1.0,"[4, 4, 4, 4, 4, 4, 4, 4, 4, 4]"
menguntir,3.2,1.0,"[3, 3, 4, 4, 3, 2, 3, 4, 3, 3]"
masakan,2.4,1.0,"[3, 3, 1, 2, 3, 2, 4, 3, 2, 1]"
tergantung,2.4,1.0,"[3, 2, 2, 3, 2, 1, 4, 2, 2, 3]"
keputusan,3.2,1.0,"[2, 3, 4, 4, 1, 3, 4, 4, 3, 4]"
menyapih,3.2,1.0,"[3, 4, 2, 4, 2, 2, 3, 4, 4, 4]"
bayang-bayang,2.4,1.0,"[2, 2, 1, 2, 4, 4, 1, 3, 2, 3]"
bercokol,2.4,1.0,"[1, 3, 1, 2, 4, 3, 2, 2, 3, 3]"
sinkronisasi,2.4,1.0,"[3, 2, 3, 2, 2, 3, 2, 1, 3, 3]"
menjelajah,2.4,1.0,"[1, 2, 4, 1, 2, 2, 3, 4, 2, 3]"
mencari jalan,2.4,1.0,"[1, 3, 2, 3, 2, 1, 4, 4, 3, 1]"
meremas-remas,2.4,1.0,"[4, 1, 3, 2, 4, 2, 3, 2, 1, 2]"
terala,2.4,1.0,"[3, 4, 0, 3, 1, 3, 2, 2, 3, 3]"
memunculkan,2.4,1.0,"[1, 3, 0, 4, 2, 3, 2, 3, 3, 3]"
bermacam-macam,2.4,1.0,"[1, 3, 3, 2, 3, 2, 2, 2, 3, 3]"
upa-,3.2,1.0,"[4, 4, 2, 4, 4, 4, 2, 1, 4, 3]"
bulang,2.4,1.0,"[2, 3, 2, 1, 3, 3, 3, 2, 2, 3]"
kemurahan,3.2,1.0,"[2, 4, 3, 4, 4, 3, 3, 2, 3, 4]"
prayojana,2.4,1.0,"[2, 4, 1, 4, 3, 2, 2, 3, 3, 0]"
berduit,3.2,1.0,"[3, 4, 1, 3, 2, 4, 4, 4, 3, 4]"
biadab,2.4,1.0,"[2, 3, 2, 2, 1, 2, 2, 4, 2, 4]"
tajam,3.2,1.0,"[3, 3, 4, 3, 3, 3, 4, 3, 2, 4]"
limbukan,2.4,1.0,"[1, 3, 2, 4, 2, 4, 2, 1, 3, 2]"
individual,3.2,1.0,"[2, 3, 3, 2, 4, 3, 4, 3, 4, 4]"
suguhan,3.2,1.0,"[3, 4, 3, 4, 4, 1, 3, 2, 4, 4]"
terkadang,2.4,1.0,"[2, 0, 3, 3, 3, 2, 4, 2, 2, 3]"
debat,2.4,1.0,"[2, 2, 0, 3, 3, 2, 3, 2, 4, 3]"
kedalaman,2.4,1.0,"[2, 3, 3, 1, 2, 3, 0, 3, 4, 3]"
linuhung,2.4,1.0,"[1, 1, 4, 3, 3, 2, 2, 4, 2, 2]"
berseri,3.2,1.0,"[3, 4, 3, 2, 4, 1, 4, 4, 3, 4]"
korek,3.2,1.0,"[4, 1, 3, 4, 4, 2, 4, 3, 3, 4]"
infak,3.2,1.0,"[4, 3, 4, 3, 2, 3, 3, 3, 4, 3]"
maskapai,2.4,1.0,"[1, 4, 2, 2, 3, 1, 3, 2, 4, 2]"
mengarahkan,2.4,1.0,"[3, 2, 3, 3, 4, 2, 0, 1, 3, 3]"
ovum,3.2,1.0,"[3, 2, 4, 4, 4, 1, 2, 4, 4, 4]"
ugal-ugalan,2.4,1.0,"[3, 2, 3, 4, 2, 3, 1, 2, 0, 4]"
keurusan,3.2,1.0,"[4, 2, 3, 4, 3, 2, 4, 3, 3, 4]"
centil,4.0,1.0,"[4, 4, 4, 4, 4, 4, 4, 4, 4, 4]"
paradigma,2.4,1.0,"[3, 3, 2, 1, 3, 3, 1, 3, 3, 2]"
tempoh,2.4,1.0,"[3, 1, 2, 4, 3, 2, 3, 1, 3, 2]"
lentera,3.2,1.0,"[4, 4, 4, 4, 2, 3, 2, 4, 2, 3]"
berpilin,2.4,1.0,"[2, 3, 2, 2, 2, 3, 2, 2, 3, 3]"
kandis,3.2,1.0,"[3, 2, 4, 4, 3, 4, 4, 2, 3, 3]"
selamatan,3.2,1.0,"[3, 3, 3, 1, 3, 4, 4, 3, 4, 4]"
andal,4.0,1.0,"[4, 4, 4, 4, 4, 4, 4, 4, 4, 4]"
benci,3.2,1.0,"[3, 3, 4, 4, 3, 3, 2, 3, 4, 3]"
biduanda,4.0,1.0,"[4, 4, 4, 4, 4, 4, 4, 4, 4, 4]"
getas,4.0,1.0,"[4, 4, 4, 4, 4, 4, 4, 4, 4, 4]"
desakan,3.2,1.0,"[4, 3, 2, 4, 3, 3, 3, 3, 3, 4]"
pelupuk mata,3.2,1.0,"[3, 3, 3, 4, 2, 4, 4, 2, 3, 4]"
bertaruk,2.4,1.0,"[1, 3, 4, 1, 2, 3, 3, 2, 3, 2]"
konsensus,2.4,1.0,"[1, 2, 3, 3, 2, 3, 2, 3, 2, 3]"
meluncurkan,2.4,1.0,"[1, 3, 2, 3, 2, 3, 4, 1, 2, 3]"
anteng,3.2,1.0,"[4, 3, 3, 3, 3, 3, 4, 3, 3, 3]"
ulasan,2.4,1.0,"[1, 3, 4, 2, 3, 2, 3, 3, 2, 1]"
anak adam,2.4,1.0,"[4, 2, 3, 3, 2, 1, 4, 3, 0, 2]"
integrasi,2.4,1.0,"[4, 3, 2, 4, 2, 3, 3, 2, 0, 1]"
pendekar,2.4,1.0,"[4, 2, 2, 3, 3, 1, 4, 2, 2, 1]"
keperluan,4.0,1.0,"[4, 4, 4, 4, 4, 4, 4, 4, 4, 4]"
dikte,2.4,1.0,"[4, 3, 2, 4, 3, 2, 1, 1, 1, 3]"
lapang,2.4,1.0,"[1, 2, 2, 4, 1, 3, 4, 3, 2, 2]"
berilmu,3.2,1.0,"[4, 4, 3, 2, 4, 4, 4, 3, 1, 3]"
spesifikasi,2.4,1.0,"[3, 2, 3, 0, 2, 3, 3, 1, 3, 4]"
melantunkan,2.4,1.0,"[2, 3, 3, 1, 4, 1, 2, 2, 4, 2]"
meruncing,3.2,1.0,"[2, 4, 4, 4, 3, 3, 4, 3, 2, 3]"
dakaik,2.4,1.0,"[4, 3, 3, 2, 2, 2, 2, 3, 2, 1]"
desain,3.2,1.0,"[4, 2, 3, 3, 2, 4, 3, 3, 4, 4]"
memeluk,3.2,1.0,"[3, 3, 3, 2, 4, 4, 2, 4, 3, 4]"
bertunas,2.4,1.0,"[1, 2, 4, 3, 3, 2, 2, 2, 2, 3]"
ceri,3.2,1.0,"[2, 3, 4, 3, 4, 4, 3, 4, 2, 3]"
berkaitan,2.4,1.0,"[2, 1, 2, 2, 2, 3, 3, 2, 3, 4]"
ria,3.2,1.0,"[3, 2, 4, 4, 4, 3, 4, 3, 2, 3]"
pertolongan,3.2,1.0,"[4, 3, 2, 3, 4, 4, 3, 1, 4, 4]"
simpatisan,2.4,1.0,"[3, 3, 2, 2, 2, 2, 4, 2, 3, 1]"
liputan,2.4,1.0,"[2, 3, 4, 1, 3, 4, 2, 0, 2, 3]"
singkap,2.4,1.0,"[1, 3, 3, 3, 3, 3, 2, 1, 2, 3]"
sembir,3.2,1.0,"[4, 4, 1, 4, 3, 3, 4, 2, 4, 3]"
mendandankan,2.4,1.0,"[0, 3, 1, 1, 3, 4, 2, 2, 4, 4]"
ihsan,3.2,1.0,"[4, 3, 4, 4, 3, 3, 4, 2, 1, 4]"
penegasan,2.4,1.0,"[4, 2, 1, 3, 2, 4, 2, 1, 3, 2]"
defensif,3.2,1.0,"[4, 4, 4, 2, 4, 4, 3, 3, 2, 2]"
sepele,3.2,1.0,"[4, 3, 2, 4, 2, 4, 2, 3, 4, 4]"
bersangga,3.2,1.0,"[2, 4, 3, 2, 3, 3, 4, 4, 4, 3]"
peresapan,2.4,1.0,"[2, 2, 4, 4, 3, 3, 1, 2, 1, 2]"
selesa,2.4,1.0,"[2, 3, 4, 1, 3, 3, 2, 2, 2, 2]"
struktur,2.4,1.0,"[2, 3, 3, 2, 4, 3, 1, 1, 3, 2]"
terpuji,3.2,1.0,"[2, 4, 3, 3, 2, 4, 2, 4, 4, 4]"
ricuh,2.4,1.0,"[2, 2, 4, 3, 1, 2, 2, 3, 3, 2]"
ajudan,3.2,1.0,"[3, 4, 2, 4, 3, 3, 4, 3, 3, 3]"
wagu,3.2,1.0,"[4, 2, 3, 3, 3, 3, 4, 3, 3, 4]"
mengononkan,2.4,1.0,"[2, 2, 3, 3, 2, 1, 2, 4, 3, 2]"
perbaikan,2.4,1.0,"[4, 1, 4, 1, 3, 3, 2, 1, 3, 2]"
tabah,4.0,1.0,"[4, 4, 4, 4, 4, 4, 4, 4, 4, 4]"
gemi,2.4,1.0,"[2, 2, 3, 2, 3, 4, 2, 3, 1, 2]"
tenaga kerja,2.4,1.0,"[4, 2, 3, 1, 1, 2, 2, 3, 2, 4]"
pendahuluan,2.4,1.0,"[2, 2, 3, 4, 2, 0, 3, 3, 2, 3]"
menghebohkan,3.2,1.0,"[4, 4, 4, 3, 3, 1, 2, 3, 4, 4]"
ranum,4.0,1.0,"[4, 4, 4, 4, 4, 4, 4, 4, 4, 4]"
lembek,4.0,1.0,"[4, 4, 4, 4, 4, 4, 4, 4, 4, 4]"
kejuruan,2.4,1.0,"[4, 1, 2, 3, 1, 3, 4, 1, 3, 2]"
lektur,3.2,1.0,"[4, 3, 4, 4, 4, 3, 2, 3, 1, 4]"
berbetulan,2.4,1.0,"[1, 4, 3, 1, 4, 2, 2, 1, 3, 3]"
sukar,3.2,1.0,"[3, 1, 4, 4, 4, 2, 3, 4, 4, 3]"
pilihan,4.0,1.0,"[4, 4, 4, 4, 4, 4, 4, 4, 4, 4]"
semu,2.4,1.0,"[1, 2, 2, 3, 2, 2, 2, 4, 2, 4]"
rezeki,2.4,1.0,"[4, 3, 2, 1, 3, 3, 0, 3, 3, 2]"
baca,2.4,1.0,"[2, 2, 4, 3, 1, 2, 2, 2, 2, 4]"
trendi,2.4,1.0,"[4, 2, 3, 1, 3, 2, 2, 2, 1, 4]"
kegunaan,3.2,1.0,"[3, 2, 4, 3, 3, 4, 3, 4, 3, 3]"
imaji,2.4,1.0,"[2, 3, 2, 2, 3, 1, 3, 3, 3, 2]"
bahaduri,3.2,1.0,"[3, 4, 4, 4, 4, 3, 2, 3, 2, 3]"
semringah,3.2,1.0,"[2, 4, 4, 3, 4, 4, 3, 2, 4, 2]"
wirid,3.2,1.0,"[4, 4, 3, 3, 3, 4, 2, 4, 4, 1]"
cokol,3.2,1.0,"[2, 3, 2, 3, 3, 4, 4, 4, 4, 3]"
energik,4.0,1.0,"[4, 4, 4, 4, 4, 4, 4, 4, 4, 4]"
pemantapan,3.2,1.0,"[4, 3, 3, 3, 1, 3, 4, 3, 4, 4]"
makruf,3.2,1.0,"[4, 4, 4, 4, 4, 2, 3, 3, 2, 2]"
melisankan,2.4,1.0,"[1, 4, 1, 2, 4, 3, 2, 4, 2, 1]"
teraso,3.2,1.0,"[1, 3, 4, 3, 4, 4, 2, 3, 4, 4]"
intensi,2.4,1.0,"[2, 2, 3, 1, 1, 2, 3, 3, 3, 4]"
gutuk,3.2,1.0,"[4, 4, 2, 3, 3, 2, 4, 3, 3, 4]"
terkadang-kadang,2.4,1.0,"[2, 3, 2, 4, 3, 2, 3, 3, 0, 2]"
cemerlang,3.2,1.0,"[3, 3, 4, 3, 4, 4, 3, 3, 2, 3]"
gambir,2.4,1.0,"[1, 3, 3, 3, 2, 3, 4, 2, 3, 0]"
bermakna,3.2,1.0,"[3, 3, 2, 4, 4, 3, 3, 4, 3, 3]"
makbul,2.4,1.0,"[4, 3, 1, 2, 2, 1, 2, 3, 3, 3]"
jelak,2.4,1.0,"[2, 3, 3, 3, 2, 2, 2, 0, 4, 3]"
menyampaikan,2.4,1.0,"[3, 0, 4, 2, 1, 2, 3, 3, 3, 3]"
menyebut,2.4,1.0,"[2, 2, 2, 4, 3, 2, 2, 3, 2, 2]"
mementingkan,3.2,1.0,"[2, 4, 4, 3, 2, 4, 2, 4, 3, 4]"
tokcer,3.2,1.0,"[4, 3, 4, 2, 4, 4, 3, 4, 1, 3]"
serbaserbi,2.4,1.0,"[2, 2, 2, 3, 3, 2, 3, 3, 1, 3]"
bikinan,2.4,1.0,"[2, 4, 2, 3, 3, 1, 1, 2, 4, 2]"
kepiawaian,3.2,1.0,"[4, 2, 4, 2, 3, 3, 4, 4, 3, 3]"
penentuan,2.4,1.0,"[3, 2, 2, 2, 4, 3, 1, 2, 2, 3]"
nasabah,3.2,1.0,"[3, 3, 4, 3, 4, 3, 3, 3, 2, 4]"
segeh,2.4,1.0,"[4, 1, 1, 2, 2, 3, 2, 3, 2, 4]"
mengganjar,4.0,1.0,"[4, 4, 4, 4, 4, 4, 4, 4, 4, 4]"
terka,2.4,1.0,"[3, 1, 2, 1, 4, 3, 3, 3, 3, 1]"
linu,3.2,1.0,"[4, 3, 4, 4, 2, 3, 2, 4, 3, 3]"
mahfum,3.2,1.0,"[2, 4, 3, 3, 3, 4, 3, 4, 4, 2]"
teguran,2.4,1.0,"[4, 1, 2, 3, 3, 1, 2, 4, 1, 3]"
kemas,2.4,1.0,"[2, 2, 3, 3, 2, 2, 3, 3, 3, 1]"
tercapai,2.4,1.0,"[4, 1, 4, 0, 2, 2, 4, 2, 3, 2]"
lini,3.2,1.0,"[3, 3, 4, 3, 3, 3, 3, 3, 4, 3]"
atom,2.4,1.0,"[1, 1, 1, 2, 3, 3, 3, 4, 3, 3]"
faal,3.2,1.0,"[4, 3, 4, 4, 3, 3, 2, 3, 3, 3]"
berjenis-jenis,2.4,1.0,"[2, 3, 1, 3, 3, 2, 4, 2, 2, 2]"
mustakim,3.2,1.0,"[3, 1, 3, 3, 4, 3, 3, 4, 4, 4]"
jumpa muka,2.4,1.0,"[2, 4, 1, 4, 2, 2, 2, 2, 4, 1]"
malim,2.4,1.0,"[1, 2, 2, 3, 0, 3, 2, 3, 4, 4]"
kelimpahan,3.2,1.0,"[4, 3, 4, 4, 4, 3, 2, 2, 2, 4]"
mendengungkan,2.4,1.0,"[3, 3, 2, 4, 0, 3, 3, 2, 2, 2]"
genial,3.2,1.0,"[4, 4, 4, 3, 4, 3, 1, 2, 4, 3]"
alangkah,3.2,1.0,"[4, 2, 4, 4, 4, 4, 4, 1, 3, 2]"
spontan,2.4,1.0,"[4, 2, 3, 2, 2, 2, 1, 2, 3, 3]"
tolakan,3.2,1.0,"[2, 3, 4, 3, 2, 4, 4, 4, 3, 3]"
berkuasa,3.2,1.0,"[1, 1, 4, 4, 4, 4, 4, 4, 3, 3]"
tercermin,2.4,1.0,"[2, 2, 3, 3, 1, 4, 2, 1, 3, 3]"
mendikte,2.4,1.0,"[2, 2, 1, 2, 4, 3, 3, 1, 3, 3]"
keurus,3.2,1.0,"[4, 2, 3, 3, 4, 4, 4, 3, 3, 2]"
selera,2.4,1.0,"[2, 4, 3, 2, 4, 2, 1, 1, 2, 3]"
jigrah,2.4,1.0,"[4, 3, 4, 2, 1, 4, 3, 2, -1, 2]"
bonyok,4.0,1.0,"[4, 4, 4, 4, 4, 4, 4, 4, 4, 4]"
kismat,3.2,1.0,"[3, 4, 3, 3, 3, 3, 4, 4, 3, 2]"
tangkul,2.4,1.0,"[3, 4, 2, 2, 1, 2, 2, 3, 2, 3]"
kreasi,2.4,1.0,"[3, 2, 3, 0, 3, 3, 1, 3, 3, 3]"
terbuka mata,3.2,1.0,"[4, 3, 4, 2, 3, 3, 4, 3, 2, 4]"
pengandaian,2.4,1.0,"[3, 3, 3, 1, 3, 3, 2, 1, 1, 4]"
kapasitas,2.4,1.0,"[2, 2, 3, 1, 4, 3, 3, 0, 4, 2]"
berkait,2.4,1.0,"[4, 2, 2, 1, 2, 2, 1, 3, 3, 4]"
ciptaan,2.4,1.0,"[1, 1, 3, 2, 3, 3, 3, 3, 3, 2]"
hakimah,3.2,1.0,"[1, 3, 4, 4, 4, 4, 3, 2, 4, 3]"
akhlak,3.2,1.0,"[4, 4, 3, 2, 4, 4, 4, 1, 2, 4]"
menuntun,2.4,1.0,"[2, 2, 2, 3, 2, 4, 2, 3, 2, 2]"
lapangan,2.4,1.0,"[1, 4, 2, 3, 3, 4, 3, 1, 3, 0]"
mengipasi,2.4,1.0,"[3, 3, 1, 2, 2, 2, 3, 3, 2, 3]"
neces,3.2,1.0,"[2, 3, 2, 3, 4, 3, 4, 4, 4, 3]"
doktrin,2.4,1.0,"[2, 1, 3, 1, 2, 3, 4, 4, 2, 2]"
sibuk,3.2,1.0,"[2, 4, 3, 4, 4, 3, 3, 2, 4, 3]"
efektif,4.0,1.0,"[4, 4, 4, 4, 4, 4, 4, 4, 4, 4]"
gani,3.2,1.0,"[4, 4, 3, 4, 1, 3, 4, 3, 3, 3]"
hulubalang,2.4,1.0,"[3, 1, 3, 2, 3, 2, 2, 3, 3, 2]"
arif,3.2,1.0,"[4, 4, 3, 4, 3, 3, 2, 4, 2, 3]"
buyung,3.2,1.0,"[4, 3, 3, 3, 3, 2, 4, 4, 4, 2]"
lingkungan,2.4,1.0,"[2, 3, 2, 4, 3, 2, 2, 2, 2, 2]"
keluaran,2.4,1.0,"[2, 2, 3, 2, 3, 2, 3, 2, 2, 3]"
meragam,3.2,1.0,"[2, 4, 4, 2, 4, 4, 3, 4, 2, 3]"
pembimbing,2.4,1.0,"[3, 2, 2, 2, 0, 4, 3, 4, 3, 1]"
kisas,2.4,1.0,"[3, 1, 1, 3, 2, 2, 2, 3, 3, 4]"
menyerupai,3.2,1.0,"[4, 2, 3, 3, 4, 2, 4, 4, 2, 4]"
bumbung,2.4,1.0,"[3, 2, 3, 4, 3, 3, 2, 0, 2, 2]"
nomine,4.0,1.0,"[4, 4, 4, 4, 4, 4, 4, 4, 4, 4]"
bujang,3.2,1.0,"[2, 3, 3, 3, 4, 2, 4, 4, 3, 4]"
memahami,2.4,1.0,"[2, 2, 4, 1, 2, 2, 3, 3, 3, 2]"
khuluk,2.4,1.0,"[2, 2, 2, 2, 4, 2, 2, 2, 2, 4]"
konklusi,2.4,1.0,"[3, 3, 4, 2, 2, 2, 3, 1, 2, 2]"
suapan,3.2,1.0,"[2, 3, 4, 3, 4, 4, 3, 3, 2, 4]"
berperingkat,3.2,1.0,"[4, 0, 4, 4, 4, 4, 4, 3, 3, 2]"
panglima,2.4,1.0,"[4, 1, 1, 2, 2, 3, 3, 1, 3, 4]"
tenggang rasa,4.0,1.0,"[4, 4, 4, 4, 4, 4, 4, 4, 4, 4]"
berjunjungan,3.2,1.0,"[3, 4, 3, 3, 4, 4, 2, 2, 4, 3]"
legawa,3.2,1.0,"[2, 4, 3, 3, 4, 2, 4, 4, 2, 4]"
mengeja,2.4,1.0,"[1, 2, 4, 1, 2, 2, 3, 3, 3, 3]"
sambungan tangan,3.2,1.0,"[4, 4, 3, 1, 1, 4, 3, 4, 4, 4]"
jalan tengah,2.4,1.0,"[3, 2, 2, 2, 3, 1, 3, 3, 3, 2]"
natur,2.4,1.0,"[3, 3, 2, 3, 3, 2, 2, 2, 2, 2]"
ajojing,2.4,1.0,"[3, 3, 2, 0, 2, 4, 1, 3, 4, 2]"
berwibawa,2.4,1.0,"[4, 2, 3, 1, 2, 3, 3, 2, 3, 1]"
mengucapkan,2.4,1.0,"[2, 3, 2, 2, 4, 2, 3, 2, 2, 2]"
tunggak,2.4,1.0,"[2, 2, 3, 3, 4, 2, 1, 2, 3, 2]"
berdagang,2.4,1.0,"[3, 4, 3, 2, 0, 2, 2, 3, 2, 3]"
pukal,2.4,1.0,"[4, 3, 3, 1, 0, 4, 2, 4, 3, 0]"
bersaji,3.2,1.0,"[2, 3, 3, 3, 3, 3, 4, 4, 3, 4]"
orientasi,2.4,1.0,"[2, 2, 3, 1, 3, 4, 1, 0, 4, 4]"
daulat,3.2,1.0,"[2, 2, 4, 4, 4, 3, 3, 3, 4, 3]"
ilmu,3.2,1.0,"[4, 3, 4, 4, 2, 3, 4, 2, 3, 3]"
kontan,2.4,1.0,"[3, 3, 3, 1, 4, 3, 1, 3, 1, 2]"
sing,4.0,1.0,"[4, 4, 4, 4, 4, 4, 4, 4, 4, 4]"
berlanglang,3.2,1.0,"[4, 2, 3, 4, 4, 2, 4, 2, 3, 4]"
berlagu,3.2,1.0,"[2, 4, 3, 4, 4, 4, 3, 2, 2, 4]"
merger,2.4,1.0,"[3, 2, 2, 2, 1, 3, 4, 2, 1, 4]"
alih generasi,3.2,1.0,"[3, 4, 4, 4, 2, 3, 3, 3, 3, 3]"
permulaan,2.4,1.0,"[2, 2, 2, 3, 3, 2, 3, 1, 2, 4]"
kemegahan,3.2,1.0,"[2, 3, 2, 4, 2, 4, 4, 3, 4, 4]"
pesam,3.2,1.0,"[4, 4, 3, 2, 4, 2, 3, 3, 3, 4]"
kucur,3.2,1.0,"[4, 3, 4, 4, 4, 2, 2, 4, 3, 2]"
api,3.2,1.0,"[3, 3, 3, 2, 3, 3, 4, 3, 4, 4]"
caplok,2.4,1.0,"[2, 2, 4, 1, 4, 1, 2, 4, 3, 1]"
gangsar,3.2,1.0,"[4, 3, 4, 2, 3, 4, 4, 2, 2, 4]"
zakiah,3.2,1.0,"[4, 3, 3, 2, 3, 3, 3, 4, 3, 4]"
dakwa,2.4,1.0,"[2, 1, 3, 3, 2, 4, 2, 1, 4, 2]"
kelajuan,3.2,1.0,"[2, 3, 4, 4, 3, 4, 4, 1, 4, 3]"
kompetensi,2.4,1.0,"[4, 1, 2, 4, 3, 2, 3, 1, 1, 3]"
adiluhung,2.4,1.0,"[3, 3, -1, 1, 3, 2, 3, 3, 3, 4]"
konseptual,2.4,1.0,"[1, 3, 0, 2, 3, 2, 3, 4, 2, 4]"
sentosa,4.0,1.0,"[4, 4, 4, 4, 4, 4, 4, 4, 4, 4]"
bakti,3.2,1.0,"[3, 3, 4, 3, 3, 3, 4, 4, 3, 2]"
sebukan,2.4,1.0,"[4, 2, 2, 2, 1, 2, 3, 4, 2, 2]"
meraun,3.2,1.0,"[4, 1, 3, 3, 4, 4, 2, 4, 4, 3]"
merencanakan,2.4,1.0,"[1, 2, 3, 2, 0, 3, 4, 2, 4, 3]"
musara,2.4,1.0,"[2, 4, 3, 1, 2, 3, 2, 2, 2, 3]"
sandaran,2.4,1.0,"[2, 0, 3, 2, 1, 4, 3, 2, 3, 4]"
meriwayatkan,2.4,1.0,"[3, 0, 2, 4, 2, 2, 2, 4, 3, 2]"
gempa bumi,3.2,1.0,"[4, 4, 4, 4, 3, 2, 2, 3, 3, 3]"
banjir,3.2,1.0,"[2, 4, 3, 4, 4, 1, 3, 4, 4, 3]"
bertenggang,2.4,1.0,"[1, 3, 3, 1, 1, 3, 3, 3, 4, 2]"
melilit,2.4,1.0,"[2, 2, 4, 3, 0, 3, 3, 2, 2, 3]"
jajak,2.4,1.0,"[3, 1, 2, 2, 2, 3, 2, 3, 3, 3]"
mencerna,2.4,1.0,"[4, 1, 1, 2, 4, 2, 3, 2, 2, 3]"
testimoni,2.4,1.0,"[3, 4, 1, 3, 2, 2, 4, 2, 1, 2]"
kedoyanan,2.4,1.0,"[3, 2, 4, 3, 2, 1, 1, 3, 2, 3]"
salat,4.0,1.0,"[4, 4, 4, 4, 4, 4, 4, 4, 4, 4]"
bareng,2.4,1.0,"[3, 4, 1, 2, 1, 3, 2, 3, 2, 3]"
berotak tajam,3.2,1.0,"[2, 2, 4, 4, 4, 4, 4, 3, 4, 1]"
berlarasan,2.4,1.0,"[1, 2, 2, 3, 2, 3, 2, 3, 3, 3]"
pencatatan,2.4,1.0,"[4, 3, 2, 4, 2, 2, 2, 0, 3, 2]"
melontarkan,2.4,1.0,"[1, 1, 2, 4, 2, 2, 3, 3, 4, 2]"
mengabaikan,3.2,1.0,"[4, 3, 4, 4, 4, 4, 3, 2, 2, 2]"
berdarah,3.2,1.0,"[4, 4, 4, 1, 2, 2, 4, 3, 4, 4]"
manusia,2.4,1.0,"[2, 4, 3, 1, 2, 3, 2, 2, 2, 3]"
terpegah,4.0,1.0,"[4, 4, 4, 4, 4, 4, 4, 4, 4, 4]"
panil,3.2,1.0,"[4, 4, 4, 4, 4, 2, 2, 2, 3, 3]"
berpedoman,3.2,1.0,"[4, 2, 4, 2, 3, 4, 4, 2, 4, 3]"
kiat,2.4,1.0,"[0, 2, 2, 1, 4, 2, 3, 3, 3, 4]"
kias,3.2,1.0,"[4, 4, 3, 3, 4, 1, 3, 3, 4, 3]"
berpunya,3.2,1.0,"[4, 3, 2, 3, 3, 3, 4, 4, 4, 2]"
giliran,2.4,1.0,"[2, 3, 2, 1, 4, 2, 3, 3, 2, 2]"
administrator,2.4,1.0,"[3, 2, 3, 1, 3, 1, 3, 3, 2, 3]"
makna,4.0,1.0,"[4, 4, 4, 4, 4, 4, 4, 4, 4, 4]"
embel-embel,4.0,1.0,"[4, 4, 4, 4, 4, 4, 4, 4, 4, 4]"
berperang,2.4,1.0,"[0, 3, 3, 2, 4, 2, 2, 3, 3, 2]"
kedai susu,3.2,1.0,"[4, 2, 4, 2, 3, 3, 4, 3, 3, 4]"
kenyang,2.4,1.0,"[3, 3, 2, 4, 2, 0, 2, 4, 2, 2]"
heban,3.2,1.0,"[2, 4, 4, 3, 3, 4, 4, 2, 4, 2]"
daya pikir,2.4,1.0,"[3, 4, 3, 1, 2, 3, 1, 3, 2, 2]"
mutakhir,3.2,1.0,"[3, 4, 4, 4, 1, 4, 4, 3, 2, 3]"
interes,3.2,1.0,"[3, 3, 4, 4, 4, 2, 4, 2, 4, 2]"
kasihan,3.2,1.0,"[2, 3, 4, 4, 3, 4, 3, 3, 3, 3]"
melintangi,2.4,1.0,"[2, 2, 2, 3, 2, 2, 3, 4, 2, 2]"
buaian,2.4,1.0,"[0, 2, 4, 4, 2, 4, 2, 1, 4, 1]"
ketenteraman,3.2,1.0,"[3, 4, 4, 4, 3, 3, 1, 4, 3, 3]"
organisasi,2.4,1.0,"[1, 1, 3, 2, 3, 2, 4, 2, 3, 3]"
imitasi,2.4,1.0,"[1, 3, 2, 1, 3, 2, 3, 4, 2, 3]"
bertelinga merah,3.2,1.0,"[2, 2, 3, 4, 4, 3, 2, 4, 4, 4]"
mengentengkan,3.2,1.0,"[4, 4, 2, 3, 3, 4, 3, 2, 4, 3]"
mengutarakan,2.4,1.0,"[2, 4, 2, 2, 2, 3, 4, 3, 1, 1]"
iktifak,3.2,1.0,"[4, 4, 4, 1, 2, 4, 4, 4, 2, 3]"
berdaya,2.4,1.0,"[1, 2, 3, 2, 4, 4, 2, 3, 2, 1]"
puja,3.2,1.0,"[2, 3, 3, 3, 3, 4, 4, 2, 4, 4]"
menyanjung,3.2,1.0,"[2, 4, 3, 3, 3, 4, 3, 3, 3, 4]"
emong,2.4,1.0,"[2, 2, 2, 3, 2, 2, 3, 1, 3, 4]"
superior,3.2,1.0,"[4, 4, 3, 4, 3, 2, 4, 2, 3, 3]"
takar,2.4,1.0,"[3, 3, 1, 1, 1, 1, 4, 4, 3, 3]"
muktabar,2.4,1.0,"[3, 3, 2, 2, 3, 2, 2, 3, 2, 2]"
babaran,2.4,1.0,"[4, 1, 2, 2, 3, 3, 3, 2, 2, 2]"
presiden,2.4,1.0,"[2, 0, 2, 1, 4, 2, 3, 4, 2, 4]"
pemair,2.4,1.0,"[0, 3, 3, 2, 3, 3, 2, 2, 2, 4]"
berakibat,2.4,1.0,"[2, 4, 4, 3, 1, 1, 3, 2, 2, 2]"
gudi,3.2,1.0,"[3, 2, 3, 4, 4, 3, 2, 4, 3, 4]"
prakiraan,2.4,1.0,"[1, 4, 1, 2, 3, 2, 3, 3, 2, 3]"
terbaru,3.2,1.0,"[4, 3, 3, 4, 4, 2, 4, 2, 2, 4]"
meniru,3.2,1.0,"[3, 2, 4, 2, 4, 4, 2, 4, 3, 4]"
gempa,3.2,1.0,"[2, 4, 3, 3, 3, 4, 2, 4, 3, 4]"
berkekuatan,4.0,1.0,"[4, 4, 4, 4, 4, 4, 4, 4, 4, 4]"
jangka,2.4,1.0,"[1, 2, 1, 3, 4, 3, 3, 3, 2, 2]"
bahadur,4.0,1.0,"[4, 4, 4, 4, 4, 4, 4, 4, 4, 4]"
bayangkara,2.4,1.0,"[4, 3, 3, 1, 3, 2, 3, 0, 2, 3]"
lajnah,2.4,1.0,"[2, 2, 3, 2, 2, 1, 3, 3, 2, 4]"
pakat,3.2,1.0,"[4, 4, 3, 4, 3, 4, 3, 2, 2, 3]"
simpanan,2.4,1.0,"[3, 3, 2, -1, 3, 4, 3, 1, 3, 3]"
meronda,3.2,1.0,"[3, 3, 4, 2, 4, 3, 3, 2, 4, 4]"
persembahan,3.2,1.0,"[4, 4, 3, 4, 3, 2, 4, 2, 4, 2]"
santunan,2.4,1.0,"[1, 4, 2, 2, 2, 4, 0, 1, 4, 4]"
mengecat,3.2,1.0,"[4, 2, 3, 4, 4, 3, 4, 2, 2, 4]"
terkilan,2.4,1.0,"[3, 3, 2, 2, 2, 1, 4, 2, 4, 1]"
eksemplar,2.4,1.0,"[3, 3, 2, 1, 2, 3, 2, 2, 2, 4]"
perserupaan,3.2,1.0,"[3, 4, 4, 2, 3, 4, 4, 2, 3, 3]"
artifisial,2.4,1.0,"[2, 4, 1, 2, 1, 2, 3, 4, 2, 3]"
mati,3.2,1.0,"[4, 4, 3, 3, 3, 2, 4, 2, 4, 3]"
unda,2.4,1.0,"[3, 3, 1, 2, 3, 3, 1, 3, 2, 3]"
model,2.4,1.0,"[2, 1, 3, 3, 3, 4, 1, 1, 3, 3]"
vak,2.4,1.0,"[2, 3, 3, 4, 2, 4, 1, 1, 1, 3]"
eco,4.0,1.0,"[4, 4, 4, 4, 4, 4, 4, 4, 4, 4]"
pembaruan,3.2,1.0,"[2, 4, 2, 3, 4, 3, 4, 4, 4, 2]"
tenang,4.0,1.0,"[4, 4, 4, 4, 4, 4, 4, 4, 4, 4]"
teoretis,2.4,1.0,"[2, 2, 3, 2, 2, 3, 2, 3, 1, 4]"
reaksioner,2.4,1.0,"[1, 1, 1, 3, 1, 4, 4, 2, 4, 3]"
santun,3.2,1.0,"[4, 4, 0, 4, 4, 3, 4, 4, 1, 4]"
ornamen,4.0,1.0,"[4, 4, 4, 4, 4, 4, 4, 4, 4, 4]"
belagu,3.2,1.0,"[3, 3, 3, 3, 4, 3, 3, 4, 2, 4]"
pengalasan,2.4,1.0,"[3, 4, 0, 3, 2, 3, 2, 4, 1, 2]"
menelusuri,2.4,1.0,"[3, 1, 1, 4, 4, 2, 3, 1, 3, 2]"
buatan,2.4,1.0,"[4, 3, 2, 4, 1, 2, 3, 2, 2, 1]"
kenamaan,4.0,1.0,"[4, 4, 4, 4, 4, 4, 4, 4, 4, 4]"
dukungan,3.2,1.0,"[3, 3, 4, 3, 3, 4, 3, 2, 3, 4]"
berpegang,3.2,1.0,"[2, 4, 3, 3, 4, 3, 4, 3, 2, 4]"
pertemuan,2.4,1.0,"[2, 3, 1, 2, 2, 3, 4, 1, 3, 3]"
adika,4.0,1.0,"[4, 4, 4, 4, 4, 4, 4, 4, 4, 4]"
kadang-kadang,2.4,1.0,"[4, 0, 2, 4, 2, 3, 2, 2, 2, 3]"
final,2.4,1.0,"[3, 3, 3, 2, 2, 1, 4, 0, 3, 3]"
mengumumkan,2.4,1.0,"[2, 4, 3, 2, 0, 2, 4, 2, 3, 2]"
insinye,3.2,1.0,"[2, 3, 3, 2, 4, 4, 3, 3, 4, 4]"
terbayang,2.4,1.0,"[1, 2, 1, 4, 3, 3, 4, 3, 2, 1]"
tata tertib,2.4,1.0,"[2, 4, 1, 3, 4, 3, 2, 2, 1, 2]"
terjajah,2.4,1.0,"[1, 1, 2, 3, 4, 3, 1, 2, 3, 4]"
bertenaga,4.0,1.0,"[4, 4, 4, 4, 4, 4, 4, 4, 4, 4]"
ruji,2.4,1.0,"[4, 2, 3, 3, 1, 2, 4, 0, 2, 3]"
ketertiban,2.4,1.0,"[2, 2, 2, 0, 3, 3, 3, 3, 3, 3]"
terurus,3.2,1.0,"[3, 4, 4, 3, 1, 2, 3, 4, 4, 4]"
pinisepuh,2.4,1.0,"[3, 4, 4, 1, 3, 1, 0, 3, 2, 3]"
bukan main,3.2,1.0,"[3, 3, 2, 3, 4, 4, 4, 3, 3, 3]"
lembik,4.0,1.0,"[4, 4, 4, 4, 4, 4, 4, 4, 4, 4]"
seloroh,2.4,1.0,"[3, 4, 3, 2, 1, 3, 2, 3, 2, 1]"
dobrak,2.4,1.0,"[2, 4, 3, 2, 4, 2, 0, 3, 2, 2]"
bidasan,2.4,1.0,"[2, 2, 2, 4, 3, 3, 2, 2, 1, 3]"
tertib,3.2,1.0,"[3, 2, 4, 3, 4, 4, 2, 4, 4, 2]"
batasan,2.4,1.0,"[1, 2, 4, 2, 1, 2, 3, 2, 3, 4]"
menimba,3.2,1.0,"[2, 2, 3, 4, 4, 4, 4, 2, 3, 4]"
idam,2.4,1.0,"[3, 3, 2, 1, 2, 2, 3, 3, 1, 4]"
tabe,2.4,1.0,"[4, 2, 3, 3, 2, 2, 3, 3, 1, 1]"
melecehkan,3.2,1.0,"[3, 3, 4, 4, 4, 4, 3, 2, 3, 2]"
lila,3.2,1.0,"[3, 4, 2, 4, 2, 4, 3, 4, 4, 2]"
sering,2.4,1.0,"[3, 2, 2, 2, 4, 2, 1, 2, 4, 2]"
terbit selera,2.4,1.0,"[2, 2, 3, 3, 2, 4, -1, 4, 3, 2]"
meloloskan,2.4,1.0,"[1, 3, 2, 2, 3, 3, 2, 3, 3, 2]"
dadak,2.4,1.0,"[2, 3, 3, 3, 3, 2, 1, 3, 2, 2]"
jenang,3.2,1.0,"[1, 3, 3, 3, 2, 4, 4, 4, 4, 4]"
serbasama,2.4,1.0,"[2, 2, 3, 2, 3, 1, 4, 3, 2, 2]"
paduka tuan,3.2,1.0,"[4, 3, 3, 3, 4, 3, 4, 3, 1, 4]"
ceria,3.2,1.0,"[4, 3, 4, 1, 4, 3, 3, 4, 2, 4]"
kemudi,2.4,1.0,"[4, 2, 2, 2, 2, 1, 3, 2, 3, 3]"
absurd,2.4,1.0,"[2, 2, 3, 3, 2, 2, 3, 2, 1, 4]"
labuhan,2.4,1.0,"[2, 2, 1, 3, 2, 3, 4, 2, 2, 3]"
transaksi,3.2,1.0,"[3, 4, 3, 4, 2, 3, 3, 4, 3, 3]"
gobek,2.4,1.0,"[3, 3, 2, 1, 4, 3, 2, 1, 2, 3]"
menyusahkan,3.2,1.0,"[4, 4, 4, 2, 3, 4, 2, 3, 2, 4]"
ikutan,3.2,1.0,"[3, 3, 4, 4, 4, 3, 2, 2, 3, 4]"
terbayan,2.4,1.0,"[3, 2, 4, 4, 1, 3, 3, 1, 2, 1]"
saruk,3.2,1.0,"[4, 3, 2, 2, 3, 4, 2, 4, 4, 4]"
kemudahan,2.4,1.0,"[4, 3, 1, 1, 3, 3, 3, 3, 1, 2]"
dingin,3.2,1.0,"[2, 1, 3, 4, 3, 4, 4, 3, 4, 4]"
varia,2.4,1.0,"[0, 1, 3, 1, 4, 4, 1, 4, 3, 3]"
itifak,3.2,1.0,"[2, 4, 4, 4, 3, 2, 4, 2, 3, 4]"
ketibaan,2.4,1.0,"[2, 4, 3, 1, 3, 2, 4, 2, 2, 1]"
merawikan,2.4,1.0,"[3, 2, 3, 2, 3, 3, 2, 0, 4, 2]"
berpaut,2.4,1.0,"[3, 3, 1, 2, 2, 3, 3, 2, 2, 3]"
tiruan,2.4,1.0,"[2, 2, 4, 1, 3, 3, 1, 3, 2, 3]"
sebab,2.4,1.0,"[2, 3, 3, 2, 3, 2, 1, 3, 3, 2]"
membimbit,2.4,1.0,"[2, 1, 1, 3, 3, 3, 2, 3, 4, 2]"
percuma,3.2,1.0,"[3, 3, 2, 3, 4, 3, 3, 4, 4, 3]"
gemar,4.0,1.0,"[4, 4, 4, 4, 4, 4, 4, 4, 4, 4]"
sput,3.2,1.0,"[4, 2, 3, 3, 4, 4, 4, 2, 2, 4]"
merakit,2.4,1.0,"[4, 2, 2, 2, 0, 4, 2, 2, 3, 3]"
bertanduk,2.4,1.0,"[3, 1, 2, 4, 2, 4, 1, 1, 2, 4]"
anjung,3.2,1.0,"[1, 4, 2, 4, 4, 2, 4, 4, 4, 3]"
membubuhkan,3.2,1.0,"[3, 1, 3, 3, 4, 4, 4, 4, 3, 3]"
jasa,3.2,1.0,"[3, 2, 3, 3, 3, 4, 4, 2, 4, 4]"
jidur,2.4,1.0,"[4, 2, 2, 1, 4, 2, 1, 4, 2, 2]"
berpelajaran,3.2,1.0,"[4, 4, 4, 2, 2, 4, 4, 3, 2, 3]"
penerang,3.2,1.0,"[3, 3, 2, 4, 3, 3, 4, 4, 3, 3]"
menyanyikan,2.4,1.0,"[2, 2, 4, 3, 2, 2, 2, 2, 1, 4]"
impian,2.4,1.0,"[1, 2, 3, 4, 3, 1, 3, 3, 1, 3]"
perantaraan,3.2,1.0,"[2, 3, 3, 3, 4, 3, 4, 4, 4, 2]"
prasetia,2.4,1.0,"[1, 4, 1, 3, 2, 3, 3, 4, 2, 1]"
teratas,2.4,1.0,"[3, 2, 3, 2, 3, 2, 2, 2, 4, 1]"
berseluk,2.4,1.0,"[2, 2, 3, 3, 2, 2, 1, 1, 4, 4]"
simpuh,2.4,1.0,"[2, 3, 3, 3, 2, 2, 1, 3, 2, 3]"
belok,2.4,1.0,"[3, 4, 3, 2, 1, 3, 4, 0, 2, 2]"
mengambil ibarat,3.2,1.0,"[3, 4, 4, 3, 4, 2, 4, 2, 4, 2]"
hiruk-pikuk,3.2,1.0,"[2, 2, 2, 4, 4, 4, 4, 4, 2, 4]"
memartil,2.4,1.0,"[3, 1, 1, 4, 3, 3, 1, 3, 3, 2]"
pukauan,3.2,1.0,"[4, 4, 3, 4, 2, 3, 2, 3, 3, 4]"
konsolidasi,2.4,1.0,"[3, 3, 2, 3, 4, 2, 1, 3, 2, 1]"
sehat,3.2,1.0,"[3, 4, 2, 4, 2, 4, 3, 4, 3, 3]"
kelar,2.4,1.0,"[2, 1, 4, 3, 2, 4, 1, 2, 2, 3]"
kes,2.4,1.0,"[3, 3, 2, 2, 3, 4, 1, 3, 2, 1]"
mengoles,3.2,1.0,"[4, 3, 3, 2, 4, 3, 2, 3, 4, 4]"
berkandung,4.0,1.0,"[4, 4, 4, 4, 4, 4, 4, 4, 4, 4]"
berimbas,2.4,1.0,"[3, 3, 1, 2, 3, 0, 4, 2, 3, 3]"
memang,3.2,1.0,"[2, 4, 3, 4, 4, 4, 4, 1, 3, 3]"
luluh,4.0,1.0,"[4, 4, 4, 4, 4, 4, 4, 4, 4, 4]"
konstruktif,2.4,1.0,"[2, 1, 3, 2, 4, 2, 1, 3, 3, 3]"
rama,2.4,1.0,"[3, 2, 2, 3, 3, 2, 2, 3, 3, 1]"
girik,2.4,1.0,"[3, 4, 1, 3, 1, 3, 4, 1, 0, 4]"
elektromotif,2.4,1.0,"[3, 4, 1, 3, 4, 2, 3, 0, 1, 3]"
mencemaskan,3.2,1.0,"[2, 2, 4, 4, 4, 3, 4, 2, 3, 4]"
berkepercayaan,3.2,1.0,"[4, 4, 4, 2, 3, 4, 4, 3, 2, 2]"
tegang,3.2,1.0,"[4, 3, 3, 2, 4, 2, 3, 4, 4, 3]"
panitia,2.4,1.0,"[3, 2, 1, 2, 3, 3, 2, 3, 3, 2]"
bertepat guna,3.2,1.0,"[4, 3, 4, 4, 4, 3, 1, 2, 3, 4]"
melahirkan,2.4,1.0,"[1, 4, 3, 2, 3, 2, 2, 1, 2, 4]"
perusahaan,2.4,1.0,"[2, 3, 3, 3, 3, 2, 2, 2, 3, 1]"
afair,2.4,1.0,"[1, 2, 1, 4, 3, 3, 2, 3, 2, 3]"
budiman,3.2,1.0,"[4, 3, 2, 4, 3, 4, 3, 2, 4, 3]"
gemirang,3.2,1.0,"[3, 4, 3, 3, 4, 2, 4, 4, 2, 3]"
mustahil,2.4,1.0,"[3, 2, 2, 2, 2, 3, 3, 3, 1, 3]"
sesambat,4.0,1.0,"[4, 4, 4, 4, 4, 4, 4, 4, 4, 4]"
enteng,3.2,1.0,"[4, 2, 3, 4, 2, 2, 4, 3, 4, 4]"
mengimbasi,2.4,1.0,"[4, 2, 3, 2, 2, 3, 2, 2, 1, 3]"
tiang pancang,2.4,1.0,"[1, 4, 3, 3, 0, 2, 3, 2, 3, 3]"
otentik,2.4,1.0,"[1, 1, 4, 3, 2, 3, 2, 2, 3, 3]"
menangkap,2.4,1.0,"[1, 4, 3, 3, 3, 2, 1, 3, 1, 3]"
tersohor,4.0,1.0,"[4, 4, 4, 4, 4, 4, 4, 4, 4, 4]"
bawaan,2.4,1.0,"[3, 1, 2, 3, 2, 4, 2, 2, 3, 2]"
porsi,3.2,1.0,"[4, 3, 3, 4, 3, 4, 4, 2, 3, 2]"
ambilan,2.4,1.0,"[0, 2, 3, 3, 0, 4, 3, 3, 3, 3]"
dengar pendapat,2.4,1.0,"[3, 2, 3, 3, 2, 2, 3, 3, 3, 0]"
tajali,2.4,1.0,"[2, 3, 2, 3, 2, 2, 2, 2, 2, 4]"
anggar,2.4,1.0,"[3, 2, 3, 3, 2, 4, 4, 1, 1, 1]"
perembukan,3.2,1.0,"[4, 2, 4, 4, 3, 3, 2, 4, 4, 2]"
harmonisasi,2.4,1.0,"[3, 3, 2, 2, 3, 3, 2, 2, 3, 1]"
jiawang,4.0,1.0,"[4, 4, 4, 4, 4, 4, 4, 4, 4, 4]"
bedah,2.4,1.0,"[1, 4, 3, 3, 2, 2, 2, 2, 3, 2]"
memerikan,2.4,1.0,"[4, 2, 1, 2, 2, 3, 3, 3, 2, 2]"
maut,3.2,1.0,"[3, 2, 4, 4, 1, 4, 4, 4, 3, 3]"
objektif,3.2,1.0,"[4, 2, 2, 2, 4, 4, 4, 3, 3, 4]"
berlevel,3.2,1.0,"[2, 4, 2, 4, 3, 3, 4, 2, 4, 4]"
agam,4.0,1.0,"[4, 4, 4, 4, 4, 4, 4, 4, 4, 4]"
mapan,2.4,1.0,"[3, 2, 3, 4, 2, 3, 2, 2, 1, 2]"
emosi,2.4,1.0,"[3, 3, 4, 4, 2, 3, 2, 2, 0, 1]"
memuai,2.4,1.0,"[2, 3, 2, 3, 2, 2, 1, 4, 3, 2]"
hasil,2.4,1.0,"[2, 2, 2, 3, 3, 2, 3, 2, 2, 3]"
muhibah,3.2,1.0,"[4, 4, 4, 2, 2, 3, 4, 3, 3, 3]"
bangga,2.4,1.0,"[3, 3, 4, 2, 3, 2, 2, 0, 2, 3]"
sepada,2.4,1.0,"[2, 3, 3, 3, 4, 1, 1, 2, 4, 1]"
kikir,3.2,1.0,"[4, 2, 3, 4, 4, 2, 3, 3, 3, 4]"
bantalan,2.4,1.0,"[3, 4, 1, 3, 4, 2, -1, 1, 3, 4]"
menggambari,2.4,1.0,"[2, 2, 4, 2, 4, 2, 2, 2, 3, 1]"
cedok,2.4,1.0,"[2, 1, 2, 1, 3, 4, 4, 2, 3, 2]"
daya cipta,3.2,1.0,"[3, 2, 3, 4, 4, 3, 4, 4, 2, 3]"
benak kepala,2.4,1.0,"[2, 4, 1, 0, 3, 4, 1, 2, 4, 3]"
pemuja,2.4,1.0,"[4, 1, 4, 3, 2, 3, 1, 2, 2, 2]"
mandraguna,3.2,1.0,"[4, 4, 4, 4, 2, 2, 2, 4, 3, 3]"
ukur,2.4,1.0,"[1, 4, 4, 3, 4, 2, 1, 1, 1, 3]"
sadu,2.4,1.0,"[2, 2, 2, 2, 3, 3, 2, 3, 2, 3]"
prigel,3.2,1.0,"[3, 4, 2, 4, 3, 3, 3, 4, 3, 3]"
perkolasi,2.4,1.0,"[2, 2, 4, 1, 3, 1, 4, 2, 2, 3]"
jarak,2.4,1.0,"[2, 4, 2, 3, 2, 1, 3, 4, 2, 1]"
menceritakan,2.4,1.0,"[3, 3, 3, 2, 2, 2, 3, 1, 1, 4]"
muwafakat,2.4,1.0,"[3, 1, 3, 3, 1, 2, 4, 3, 2, 2]"
tambahan,4.0,1.0,"[4, 4, 4, 4, 4, 4, 4, 4, 4, 4]"
inventif,3.2,1.0,"[3, 4, 2, 4, 4, 4, 2, 3, 3, 3]"
bersulur,2.4,1.0,"[3, 3, 3, 2, 1, 1, 3, 2, 4, 2]"
abah,2.4,1.0,"[3, 1, 2, 1, 4, 3, 3, 2, 2, 3]"
berkinte,2.4,1.0,"[3, 1, 1, 3, 3, 3, 3, 2, 2, 3]"
kedodoran,2.4,1.0,"[3, 4, 2, 2, 2, 2, 1, 2, 3, 3]"
berpola,3.2,1.0,"[3, 3, 4, 4, 3, 4, 4, 2, 3, 2]"
kelelawar,2.4,1.0,"[2, 2, 2, 3, 4, 3, 3, 3, 0, 2]"
kicu,2.4,1.0,"[1, 2, 2, 2, 1, 3, 3, 3, 3, 4]"
hantu,2.4,1.0,"[2, 0, 1, 3, 2, 4, 3, 4, 3, 2]"
nilai,4.0,1.0,"[4, 4, 4, 4, 4, 4, 4, 4, 4, 4]"
mengakap,3.2,1.0,"[3, 4, 4, 3, 4, 2, 3, 2, 3, 4]"
berbusana,3.2,1.0,"[4, 4, 4, 3, 3, 2, 4, 2, 3, 3]"
otak,2.4,1.0,"[3, 1, 3, 2, 4, 4, 1, 1, 3, 2]"
pengertian,2.4,1.0,"[2, 1, 2, 4, 4, 3, 2, 1, 2, 3]"
ada,3.2,1.0,"[4, 2, 3, 3, 3, 4, 2, 4, 4, 3]"
tabah hati,4.0,1.0,"[4, 4, 4, 4, 4, 4, 4, 4, 4, 4]"
eksplorasi,3.2,1.0,"[1, 4, 2, 4, 3, 2, 4, 4, 4, 4]"
ingat-ingat,3.2,1.0,"[2, 4, 4, 4, 3, 3, 3, 4, 2, 3]"
realistis,3.2,1.0,"[3, 4, 4, 3, 4, 3, 4, 2, 2, 3]"
girik-girik,2.4,1.0,"[3, 1, 1, 2, 2, 2, 4, 4, 2, 3]"
masa kini,2.4,1.0,"[3, 4, 2, 0, 2, 3, 4, 2, 3, 1]"
mendaifkan,3.2,1.0,"[3, 0, 4, 4, 4, 3, 4, 4, 3, 3]"
utas,3.2,1.0,"[4, 2, 2, 4, 4, 4, 4, 3, 3, 2]"
bersesuaian,2.4,1.0,"[4, 3, 2, 2, 2, 2, 1, 4, 2, 2]"
bertuntun,2.4,1.0,"[1, 2, 3, 2, 1, 2, 2, 3, 4, 4]"
candu,2.4,1.0,"[2, 2, 3, 3, 0, 4, 3, 4, 2, 1]"
terkapah-kapah,2.4,1.0,"[3, 3, 4, 1, 4, 1, 3, 4, 0, 1]"
pagon,2.4,1.0,"[2, 4, 2, 1, 4, 4, 2, 3, 2, 0]"
kuala,3.2,1.0,"[4, 4, 3, 4, 1, 3, 1, 4, 4, 4]"
pelarasan,2.4,1.0,"[2, 2, 2, 3, 2, 2, 3, 3, 2, 3]"
aktual,3.2,1.0,"[4, 2, 3, 3, 4, 2, 4, 3, 4, 3]"
serta-merta,2.4,1.0,"[1, 3, 2, 2, 2, 3, 3, 2, 3, 3]"
pengapit,3.2,1.0,"[2, 3, 3, 2, 4, 3, 4, 3, 4, 4]"
terbelenggu,2.4,1.0,"[3, 2, 3, 2, 3, 2, 3, 2, 2, 2]"
bajik,3.2,1.0,"[3, 4, 4, 1, 4, 3, 2, 4, 3, 4]"
derajat,4.0,1.0,"[4, 4, 4, 4, 4, 4, 4, 4, 4, 4]"
petes,3.2,1.0,"[3, 3, 3, 3, 4, 4, 3, 2, 4, 3]"
ganjil,3.2,1.0,"[0, 1, 4, 4, 4, 4, 4, 4, 4, 3]"
berkeras hati,3.2,1.0,"[4, 4, 4, 1, 4, 1, 3, 4, 4, 3]"
kepesatan,3.2,1.0,"[3, 3, 3, 2, 4, 3, 4, 4, 4, 2]"
gerak-gerik,3.2,1.0,"[1, 4, 4, 3, 4, 4, 3, 1, 4, 4]"
esa,2.4,1.0,"[3, 2, 2, 2, 3, 2, 4, 1, 3, 2]"
renovasi,3.2,1.0,"[4, 4, 3, 3, 4, 4, 2, 3, 2, 3]"
cendera mata,3.2,1.0,"[3, 3, 4, 4, 3, 2, 4, 2, 3, 4]"
tikar,2.4,1.0,"[3, 2, 3, 1, 4, 3, 2, 2, 4, 0]"
usai,2.4,1.0,"[3, 4, 3, 2, 3, 2, 1, 1, 2, 3]"
kanjeng sultan,3.2,1.0,"[2, 4, 3, 4, 4, 2, 4, 3, 3, 3]"
ribut,3.2,1.0,"[4, 3, 3, 2, 3, 2, 3, 4, 4, 4]"
budak,3.2,1.0,"[3, 3, 1, 4, 4, 4, 3, 3, 3, 4]"
berpulas,2.4,1.0,"[1, 2, 3, 2, 3, 4, 2, 3, 2, 2]"
konformitas,3.2,1.0,"[3, 3, 2, 4, 4, 3, 3, 4, 4, 2]"
membingkis,3.2,1.0,"[4, 3, 3, 4, 4, 4, 3, 1, 2, 4]"
terkenal,4.0,1.0,"[4, 4, 4, 4, 4, 4, 4, 4, 4, 4]"
abadi,3.2,1.0,"[4, 2, 4, 3, 4, 4, 2, 3, 3, 3]"
darah,3.2,1.0,"[4, 4, 4, 4, 3, 2, 2, 4, 2, 3]"
merah,3.2,1.0,"[2, 3, 3, 3, 4, 3, 4, 4, 4, 2]"
asri,3.2,1.0,"[4, 4, 3, 3, 2, 3, 4, 2, 4, 3]"
takzim,2.4,1.0,"[3, 4, 3, 3, 2, 2, 3, 0, 2, 2]"
potensi,2.4,1.0,"[4, 1, 3, 1, 2, 4, 1, 2, 3, 3]"
proyeksi,2.4,1.0,"[3, 1, 3, 2, 4, 1, 4, 4, 1, 1]"
persekongkolan,3.2,1.0,"[3, 4, 3, 3, 3, 4, 3, 4, 3, 2]"
stamina,2.4,1.0,"[2, 4, 1, 2, 2, 2, 1, 3, 4, 3]"
maksud,2.4,1.0,"[1, 1, 3, 1, 3, 3, 2, 4, 3, 3]"
idiosinkratis,3.2,1.0,"[4, 2, 4, 3, 4, 3, 4, 1, 4, 3]"
mujarab,3.2,1.0,"[4, 3, 2, 3, 4, 2, 4, 3, 4, 3]"
keahlian,2.4,1.0,"[2, 3, 1, 3, 2, 3, 3, 2, 3, 2]"
tamat,2.4,1.0,"[4, 2, 3, 3, 1, 3, 3, 1, 2, 2]"
berdisiplin,3.2,1.0,"[3, 3, 4, 3, 3, 3, 2, 3, 4, 4]"
memaklumi,2.4,1.0,"[2, 2, 1, 2, 4, 2, 3, 3, 2, 3]"
penghargaan,3.2,1.0,"[3, 3, 3, 4, 3, 4, 3, 3, 3, 3]"
pangkat,4.0,1.0,"[4, 4, 4, 4, 4, 4, 4, 4, 4, 4]"
semak-semak,2.4,1.0,"[3, 4, 4, 1, 2, 2, 3, 2, 2, 1]"
pusat,2.4,1.0,"[2, 2, 2, 3, 4, 0, 2, 2, 4, 3]"
seia,2.4,1.0,"[3, 3, 3, 2, 3, 2, 3, 2, 1, 2]"
lepek,2.4,1.0,"[3, 2, 3, 3, 2, 1, 3, 3, 1, 3]"
dedengkot,2.4,1.0,"[3, 3, 4, 2, 2, 1, 2, 2, 4, 1]"
mengiler,2.4,1.0,"[4, 2, 2, 2, 3, 2, 2, 3, 2, 2]"
konco,3.2,1.0,"[4, 3, 4, 4, 2, 3, 4, 3, 3, 2]"
lelah,3.2,1.0,"[4, 4, 3, 3, 4, 3, 3, 3, 2, 3]"
bergengsi,3.2,1.0,"[3, 4, 4, 3, 4, 2, 3, 4, 3, 2]"
perbentrokan,4.0,1.0,"[4, 4, 4, 4, 4, 4, 4, 4, 4, 4]"
bijih,2.4,1.0,"[1, 3, 4, 3, 4, 3, 4, 0, 3, -1]"
campur,4.0,1.0,"[4, 4, 4, 4, 4, 4, 4, 4, 4, 4]"
berkeinginan,2.4,1.0,"[3, 2, 4, 2, 2, 2, 2, 3, 3, 1]"
paheman,3.2,1.0,"[2, 4, 2, 2, 4, 3, 4, 4, 4, 3]"
terikat,2.4,1.0,"[2, 4, 2, 3, 0, 2, 2, 3, 3, 3]"
rias,2.4,1.0,"[3, 2, 3, 2, 3, 2, 1, 3, 3, 2]"
cindur mata,3.2,1.0,"[2, 3, 3, 4, 3, 3, 4, 2, 4, 4]"
lapisan,2.4,1.0,"[1, 3, 1, 3, 4, 3, 3, 1, 3, 2]"
paramarta,3.2,1.0,"[4, 4, 2, 3, 3, 4, 4, 4, 2, 2]"
riah,2.4,1.0,"[3, 2, 3, 2, 2, 3, 2, 4, 2, 1]"
watak,2.4,1.0,"[1, 2, 1, 3, 4, 3, 2, 2, 2, 4]"
tokok,2.4,1.0,"[3, 3, 2, 1, 3, 4, 2, 2, 2, 2]"
melantik,2.4,1.0,"[2, 3, 1, 4, 2, 2, 3, 2, 3, 2]"
yamtuan,3.2,1.0,"[3, 2, 3, 4, 3, 4, 4, 4, 2, 3]"
gapah,4.0,1.0,"[4, 4, 4, 4, 4, 4, 4, 4, 4, 4]"
religiositas,2.4,1.0,"[2, 3, 2, 2, 2, 3, 3, 1, 3, 3]"
melarikan,2.4,1.0,"[3, 3, 2, 3, 2, 3, 2, 2, 2, 2]"
vakansi,2.4,1.0,"[2, 4, 2, 2, 2, 3, 2, 0, 3, 4]"
spesial,3.2,1.0,"[3, 2, 4, 4, 3, 3, 3, 4, 4, 2]"
asrama,2.4,1.0,"[2, 3, 1, 1, 4, 3, 3, 2, 3, 2]"
orisinal,2.4,1.0,"[2, 4, 3, 4, 0, 3, 1, 1, 3, 3]"
putus tali gantung,-1.6,1.0,"[0, -1, -3, -1, -3, -2, -1, 0, -3, -2]"
gobar hati,-1.6,1.0,"[0, -1, -4, -2, -2, -3, -2, 1, -2, -1]"
tersentuh (perasaan),-0.8,1.0,"[0, -1, -1, -1, 1, -1, -2, -2, -1, 0]"
isak,-4.0,1.0,"[-4, -4, -4, -4, -4, -4, -4, -4, -4, -4]"
larat hati,-2.4,1.0,"[-3, -4, -2, -2, -3, -4, -2, -1, 0, -3]"
nelangsa,-2.4,1.0,"[-3, -1, -1, -3, -3, -3, -2, -4, -2, -2]"
remuk redam,-4.0,1.0,"[-4, -4, -4, -4, -4, -4, -4, -4, -4, -4]"
salah benang,-0.8,1.0,"[-2, 0, -2, -1, -1, -1, -1, 1, 0, -1]"
sakit,-4.0,1.0,"[-4, -4, -4, -4, -4, -4, -4, -4, -4, -4]"
lara,-4.0,1.0,"[-4, -4, -4, -4, -4, -4, -4, -4, -4, -4]"
mencederai,-3.2,1.0,"[-3, -3, -3, -3, -4, -4, -2, -3, -3, -4]"
mengingkari,-3.2,1.0,"[-3, -3, -3, -3, -3, -2, -4, -4, -3, -4]"
mengkhianat,-3.2,1.0,"[-3, -4, -4, -1, -3, -4, -4, -3, -2, -4]"
mencelakai,-4.0,1.0,"[-4, -4, -4, -4, -4, -4, -4, -4, -4, -4]"
ngga,-1.6,1.0,"[-1, 0, -1, -2, -3, -3, -1, -2, -2, -1]"
lever,-1.6,1.0,"[-2, -1, -2, -2, -1, -3, -1, -1, -1, -2]"
kasian,-2.4,1.0,"[-2, -4, -3, -2, 0, -1, -3, -2, -3, -4]"
gamau,-3.2,1.0,"[-3, -4, -3, -2, -3, -4, -3, -3, -4, -3]"
kalau,-0.8,1.0,"[-1, 0, 0, -1, 0, -2, -1, -1, -2, 0]"
maunya,-0.8,1.0,"[-2, 0, -1, -2, -1, 0, -2, 1, 2, -3]"
seandainya,-0.8,1.0,"[0, -2, -1, -2, -1, -1, -1, 0, 0, 0]"
gatau,-0.8,1.0,"[-2, 1, -2, -1, -1, -1, -1, 0, -1, 0]"
apaan,-3.2,1.0,"[-3, -4, -4, -4, -2, -2, -2, -4, -3, -4]"
ngakak,-1.6,1.0,"[0, -2, -2, -3, 0, -2, -3, -3, 0, -1]"
atuh,-0.8,1.0,"[1, -2, -2, -1, 0, -1, -1, -1, -1, 0]"
sekali,-0.8,1.0,"[-2, -2, 0, -1, 0, -1, 0, 0, -1, -1]"
malem,-0.8,1.0,"[-1, -1, 0, -1, -2, -1, 1, -1, -1, -1]"
mencekau,-1.6,1.0,"[-2, -2, -3, -4, 0, -2, -2, 0, 1, -2]"
nangis,-4.0,1.0,"[-4, -4, -4, -4, -4, -4, -4, -4, -4, -4]"
rompok,-1.6,1.0,"[-1, -2, -2, -1, -2, -2, -1, -1, -2, -2]"
soalnya,-0.8,1.0,"[-1, 0, -2, 0, -1, 0, 0, -2, 0, -2]"
griya,-0.8,1.0,"[-1, -1, 0, 0, -1, -2, -3, 0, 1, -1]"
gubuk,-1.6,1.0,"[0, -3, -2, -1, -1, 0, -2, -3, -1, -3]"
putus jiwa,-4.0,1.0,"[-4, -4, -4, -4, -4, -4, -4, -4, -4, -4]"
berlalu dr dunia,-4.0,1.0,"[-4, -4, -4, -4, -4, -4, -4, -4, -4, -4]"
putus nyawa,-4.0,1.0,"[-4, -4, -4, -4, -4, -4, -4, -4, -4, -4]"
menarik napas penghabisan,-4.0,1.0,"[-4, -4, -4, -4, -4, -4, -4, -4, -4, -4]"
membuang nyawa,-4.0,1.0,"[-4, -4, -4, -4, -4, -4, -4, -4, -4, -4]"
hilang hayat,-3.2,1.0,"[-4, -4, -3, -2, -4, -4, -4, -2, -1, -4]"
putus napas,-3.2,1.0,"[-2, -3, -4, -3, -2, -4, -4, -3, -4, -3]"
kojor,-2.4,1.0,"[-4, -3, -3, -3, -1, -2, -2, -2, -1, -3]"
berputih tulang,-1.6,1.0,"[-2, -2, -1, -2, -2, -1, -1, -2, -2, -1]"
buntu,-2.4,1.0,"[-3, -1, -4, -3, -3, -2, -1, -4, -2, -1]"
berkalang tanah,-1.6,1.0,"[-2, -1, -1, -3, -1, -2, -1, -1, 0, -4]"
koit,-4.0,1.0,"[-4, -4, -4, -4, -4, -4, -4, -4, -4, -4]"
putus usia,-2.4,1.0,"[-2, -2, 0, -3, -2, -4, -4, -3, -1, -3]"
buntet,-1.6,1.0,"[-1, -1, -3, -2, 0, -3, -1, -2, -2, -1]"
tamat riwayatnya,-2.4,1.0,"[-2, -3, -1, -4, -2, -1, -2, -3, -3, -3]"
menamatkan riwayatnya,-2.4,1.0,"[-4, -2, -4, -2, -4, -2, -2, 0, -1, -3]"
hilang nyawa,-4.0,1.0,"[-4, -4, -4, -4, -4, -4, -4, -4, -4, -4]"
males,-3.2,1.0,"[-4, -3, -3, -4, -4, -3, -2, -3, -3, -3]"
pagina,-1.6,1.0,"[-2, -2, 0, -2, 0, -2, -2, -3, -1, -2]"
cetusan,-0.8,1.0,"[-1, -1, -1, 0, -2, -1, 1, 0, -2, -1]"
katanya,-0.8,1.0,"[0, 0, -1, 0, -2, 0, -1, -2, -1, -1]"
kronologi,-0.8,1.0,"[-3, -1, 1, -1, 1, -1, 0, -2, -1, -1]"
jalan buntu,-3.2,1.0,"[-2, -4, -4, -4, -4, -2, -2, -4, -2, -4]"
purwa,-1.6,1.0,"[0, -2, -1, -1, -2, -2, -3, -1, -3, -1]"
lanjut umur,-2.4,1.0,"[-2, -3, -1, -3, -1, -4, -2, -2, -2, -4]"
bangkot,-3.2,1.0,"[-3, -4, -3, -4, -2, -4, -4, -2, -4, -2]"
lanjut usia,-2.4,1.0,"[-3, -3, -1, -2, -3, -2, -2, -3, -3, -2]"
lepra,-4.0,1.0,"[-4, -4, -4, -4, -4, -4, -4, -4, -4, -4]"
berumur,-1.6,1.0,"[-2, 1, -2, -1, -3, -1, -1, -2, -2, -3]"
purba,-2.4,1.0,"[-4, -1, -1, -2, -2, -3, -1, -4, -3, -3]"
gacoan,-1.6,1.0,"[-2, -2, -1, -2, -1, -2, -2, -1, -2, -1]"
tambatan hati,-1.6,1.0,"[-3, -1, 0, -1, -1, -2, -3, -1, -1, -3]"
malam,-0.8,1.0,"[-1, -1, 0, -1, 0, 1, 0, -4, -1, -1]"
radang,-3.2,1.0,"[-4, -2, -4, -3, -3, -2, -3, -4, -4, -3]"
didih,-3.2,1.0,"[-4, -3, -2, -3, -2, -4, -4, -4, -3, -3]"
ngantuk,-1.6,1.0,"[-1, -1, -1, -2, 0, 0, -4, -1, -4, -2]"
rampang,-1.6,1.0,"[-2, -1, -2, -2, -2, -2, 0, -1, -2, -2]"
kecil hati,-3.2,1.0,"[-3, -3, -4, -4, -1, -4, -3, -4, -3, -3]"
tersirap hatinya,-1.6,1.0,"[-1, -2, -2, -1, -2, -3, -1, 0, -3, -1]"
mencak-mencak,-4.0,1.0,"[-4, -4, -4, -4, -4, -4, -4, -4, -4, -4]"
gaada,-2.4,1.0,"[-3, -3, -2, -3, -2, -2, -1, -2, -2, -4]"
penangkis,-2.4,1.0,"[-3, -3, -3, -3, -2, -2, -2, -2, -2, -2]"
menyibuk,-1.6,1.0,"[-1, -1, -2, -1, -2, -4, -1, -1, -1, -2]"
gara,-3.2,1.0,"[-3, -4, -3, -3, -3, -3, -2, -4, -3, -4]"
dikit,-3.2,1.0,"[-4, -4, -2, -1, -4, -4, -2, -4, -4, -3]"
ilang,-4.0,1.0,"[-4, -4, -4, -4, -4, -4, -4, -4, -4, -4]"
kepeng,-1.6,1.0,"[-2, -1, -1, -2, 0, -3, -1, -2, -2, -2]"
bodo,-4.0,1.0,"[-4, -4, -4, -4, -4, -4, -4, -4, -4, -4]"
air,-0.8,1.0,"[-1, 0, 0, -2, 0, -1, 0, -1, 1, -4]"
suri,-0.8,1.0,"[-3, 1, -3, -1, 1, -1, 0, -1, 0, -1]"
ihh,-4.0,1.0,"[-4, -4, -4, -4, -4, -4, -4, -4, -4, -4]"
menenes,-1.6,1.0,"[-1, 0, -2, -3, -3, -1, -1, -3, 0, -2]"
beliin,-0.8,1.0,"[0, 0, -2, 0, 0, -1, -1, 0, -2, -2]"
maafin,-2.4,1.0,"[-3, -3, -2, -3, -2, -1, -3, -2, -2, -3]"
menggalakkan memanas-manasi,-2.4,1.0,"[-2, -2, -3, -2, -2, -3, -2, -3, -3, -2]"
ngambek,-4.0,1.0,"[-4, -4, -4, -4, -4, -4, -4, -4, -4, -4]"
tidak masuk akal,-3.2,1.0,"[-4, -3, -3, -4, -4, -4, -2, -3, -2, -3]"
gangguan jiwa,-3.2,1.0,"[-3, -3, -1, -3, -4, -4, -2, -4, -4, -4]"
gelo,-1.6,1.0,"[-1, -3, -1, -1, -1, -2, -1, -1, -2, -3]"
gila-gila,-3.2,1.0,"[-3, -2, -3, -3, -3, -4, -4, -3, -4, -3]"
berubah akal,-1.6,1.0,"[0, 0, -2, 0, -2, -3, -2, -2, -4, -1]"
serem,-4.0,1.0,"[-4, -4, -4, -4, -4, -4, -4, -4, -4, -4]"
terlalu,-2.4,1.0,"[-2, -3, -1, -4, -3, -3, -3, -1, -3, -1]"
sakit jiwa,-3.2,1.0,"[-3, -4, -3, -2, -3, -2, -4, -3, -4, -4]"
gendeng,-1.6,1.0,"[-3, 0, 0, -1, -3, -4, -1, 0, -3, -1]"
berubah ingatan,-2.4,1.0,"[-2, -4, -2, -3, -1, -3, -1, -3, -1, -4]"
sinting,-4.0,1.0,"[-4, -4, -4, -4, -4, -4, -4, -4, -4, -4]"
sakit ingatan,-3.2,1.0,"[-4, -4, -3, -2, -4, -4, -4, -2, -3, -2]"
sesat akal,-1.6,1.0,"[-4, -2, 0, -2, 0, -3, -3, -2, -1, 1]"
duh,-3.2,1.0,"[-4, -2, -2, -4, -3, -4, -4, -3, -3, -3]"
emg,-0.8,1.0,"[0, 1, -1, 0, -2, -3, 0, -3, 0, 0]"
cerita khayal,-1.6,1.0,"[-1, -2, -1, 0, -2, -2, -1, -3, -3, -1]"
typo,-1.6,1.0,"[-3, -4, -1, 0, -2, -2, 0, -1, -1, -2]"
isapan jempol,-2.4,1.0,"[-2, -3, -3, -1, -3, -3, -1, -3, -1, -4]"
bales,-2.4,1.0,"[-1, -2, -2, -2, -4, -3, -2, -2, -4, -2]"
selisih,-3.2,1.0,"[-2, -4, -2, -4, -4, -4, -3, -4, -3, -2]"
ekstasi,-2.4,1.0,"[-4, -2, -3, -2, 0, -2, -2, -3, -3, -3]"
laper,-2.4,1.0,"[0, -4, -1, -4, -3, -2, -2, -4, 0, -4]"
membandel,-4.0,1.0,"[-4, -4, -4, -4, -4, -4, -4, -4, -4, -4]"
kiranya,-0.8,1.0,"[-1, -2, -1, 0, 0, -1, 1, -1, -2, -1]"
telat,-4.0,1.0,"[-4, -4, -4, -4, -4, -4, -4, -4, -4, -4]"
kopong,-3.2,1.0,"[-4, -2, -4, -2, -3, -4, -3, -4, -2, -4]"
nol,-2.4,1.0,"[-3, -3, -2, -3, -1, -3, -2, -1, -2, -4]"
nyari,-1.6,1.0,"[-2, -3, -3, -2, -2, 0, -1, 0, -2, -1]"
sorry,-3.2,1.0,"[-2, -2, -3, -4, -3, -4, -4, -4, -3, -3]"
bastar,-1.6,1.0,"[0, 0, -1, -2, -1, -2, -4, 1, -3, -4]"
tega,-4.0,1.0,"[-4, -4, -4, -4, -4, -4, -4, -4, -4, -4]"
kayaknya,-2.4,1.0,"[-1, -4, -3, -1, -2, -3, -3, -2, -2, -3]"
sampai rasa,-1.6,1.0,"[-2, -2, -1, -2, -1, -2, -1, -2, -3, 0]"
mentolo,-1.6,1.0,"[-2, -4, 0, -2, -1, -2, -2, -2, 0, -1]"
sampai hati,-1.6,1.0,"[-1, -1, -2, -2, -2, -1, 0, -3, -3, -1]"
tren,-1.6,1.0,"[-1, 0, -1, -2, -2, -1, -2, -2, -1, -4]"
imbas,-3.2,1.0,"[-3, -2, -3, -4, -4, -3, -3, -3, -3, -4]"
aliran udara,-0.8,1.0,"[-1, -1, -2, -2, -2, 0, -2, 1, 0, 1]"
melesit,-0.8,1.0,"[0, -3, 0, 0, 1, -2, -2, -2, 0, 0]"
kemungkinan,-0.8,1.0,"[0, 0, -2, -1, -1, 0, 0, -1, -2, -1]"
menggusari,-2.4,1.0,"[-2, -3, -3, -3, -2, -2, -3, -1, -3, -2]"
mencurat,-0.8,1.0,"[-1, -2, -2, -1, -2, -1, 0, 0, 1, 0]"
memarahi,-4.0,1.0,"[-4, -4, -4, -4, -4, -4, -4, -4, -4, -4]"
topan,-2.4,1.0,"[-1, -1, -2, -3, -2, -4, -4, -3, -1, -3]"
tembis,-2.4,1.0,"[-2, -3, -3, -2, -2, -2, -2, -4, -2, -2]"
mendamprat,-3.2,1.0,"[-3, -2, -4, -3, -3, -4, -1, -4, -4, -4]"
suak,-1.6,1.0,"[-1, 0, -4, -1, -1, -3, 0, -1, -1, -4]"
bongsor,-1.6,1.0,"[-3, -2, -1, -1, -2, 1, -2, -3, -2, -1]"
bias,-1.6,1.0,"[-1, -1, -1, -3, 0, -2, -4, -2, -2, 0]"
rajaman,-3.2,1.0,"[-3, -4, -2, -3, -3, -2, -4, -4, -4, -3]"
rantus,-2.4,1.0,"[-3, -2, -3, -2, -2, -1, -2, -2, -3, -4]"
nanya,-0.8,1.0,"[-1, 0, -1, -2, -1, -1, -1, 1, -1, -1]"
melelah,-2.4,1.0,"[-2, -3, -2, -4, -3, -3, -1, -2, -2, -2]"
bosen,-3.2,1.0,"[-4, -4, -4, -3, -1, -3, -2, -4, -3, -4]"
maksudnya,-0.8,1.0,"[0, -1, -1, 0, -1, -1, 1, -3, -2, 0]"
bersusah hati,-4.0,1.0,"[-4, -4, -4, -4, -4, -4, -4, -4, -4, -4]"
berkabung,-4.0,1.0,"[-4, -4, -4, -4, -4, -4, -4, -4, -4, -4]"
receh,-3.2,1.0,"[-2, -4, -4, -3, -4, -4, -4, -1, -2, -4]"
bermuram durja,-4.0,1.0,"[-4, -4, -4, -4, -4, -4, -4, -4, -4, -4]"
pls,-2.4,1.0,"[-3, -1, -2, -2, -2, -2, -4, -2, -2, -4]"
berlara-lara,-3.2,1.0,"[-3, -2, -2, -4, -4, -3, -4, -2, -4, -4]"
opp,-0.8,1.0,"[-2, -1, 0, -2, -1, -1, 0, -1, 0, 0]"
bersungkawa,-2.4,1.0,"[-3, -2, -4, 0, -2, -1, -2, -3, -3, -4]"
bersusah,-4.0,1.0,"[-4, -4, -4, -4, -4, -4, -4, -4, -4, -4]"
peluk,-2.4,1.0,"[-3, -3, -2, -2, -1, -2, -3, -3, -2, -3]"
tt,-1.6,1.0,"[-4, 1, -4, -1, -2, -1, -3, -1, -2, 1]"
menepis,-2.4,1.0,"[-3, -1, -3, -2, -4, -2, -4, -1, -2, -2]"
dekap,-1.6,1.0,"[-2, -1, -2, -4, -2, 0, -1, -3, -1, 0]"
gausah,-3.2,1.0,"[-3, -4, -3, -4, -3, -3, -3, -4, -2, -3]"
sengsara,-4.0,1.0,"[-4, -4, -4, -4, -4, -4, -4, -4, -4, -4]"
begini,-0.8,1.0,"[-2, -2, 0, -2, 0, 1, -1, 0, -2, 0]"
mengadang,-2.4,1.0,"[-1, -3, -2, -2, -4, -2, -2, -4, -3, -1]"
suruh,-1.6,1.0,"[-1, -3, -2, 0, -2, -2, -2, -1, -2, -1]"
dogma,-2.4,1.0,"[-3, -3, -3, -3, -2, -2, -2, -2, -2, -2]"
imut,-0.8,1.0,"[-2, 1, 0, 0, -1, -2, -1, -2, -1, 0]"
lapar,-4.0,1.0,"[-4, -4, -4, -4, -4, -4, -4, -4, -4, -4]"
keseser,-3.2,1.0,"[-4, -3, -4, -3, 0, -3, -3, -4, -4, -4]"
maksa,-4.0,1.0,"[-4, -4, -4, -4, -4, -4, -4, -4, -4, -4]"
luput,-2.4,1.0,"[-1, -3, -2, -2, -4, -1, -2, -3, -4, -2]"
jaman,-1.6,1.0,"[-2, -3, -1, 1, -1, -1, -2, -1, -3, -3]"
menggeliat,-2.4,1.0,"[-2, -3, -1, -2, -3, -3, -2, -2, -4, -2]"
tumpas,-3.2,1.0,"[-3, -4, -4, -3, -4, -2, -4, -2, -2, -4]"
keok,-1.6,1.0,"[-1, -1, 0, -3, -2, -4, -2, -2, 1, -2]"
tercecer,-2.4,1.0,"[-2, -2, -3, -3, -3, -2, -2, -3, -2, -2]"
gelibat,-1.6,1.0,"[-1, -2, -2, -3, -1, -1, -3, -1, -1, -1]"
berdesir,-1.6,1.0,"[-2, 0, -1, -1, -4, -2, -1, -3, -1, -1]"
tersuntuk,-3.2,1.0,"[-4, -4, -2, -4, -4, -2, -3, -2, -3, -4]"
block,-3.2,1.0,"[-2, -4, -3, -4, -3, -2, -4, -4, -4, -2]"
pening,-2.4,1.0,"[-3, -3, -1, -3, -1, -2, -3, -4, -3, -1]"
apanya,-2.4,1.0,"[-3, -3, -2, -3, -1, -2, -1, -3, -4, -2]"
pusing,-3.2,1.0,"[-2, -2, -4, -4, -4, -4, -3, -2, -4, -3]"
jenguk,-1.6,1.0,"[-2, -1, 0, -2, -2, -3, -3, -1, 0, -2]"
akunya,-0.8,1.0,"[-1, 0, -1, -2, -1, -1, -1, -1, 1, -1]"
runyam,-4.0,1.0,"[-4, -4, -4, -4, -4, -4, -4, -4, -4, -4]"
luyu,-0.8,1.0,"[0, -2, -1, 1, -1, 1, -3, -1, -2, 0]"
elusif,-1.6,1.0,"[-2, -2, -3, -1, -1, 0, -2, -2, -1, -2]"
memihak,-2.4,1.0,"[-2, -3, -3, -4, -3, -2, -2, -3, 0, -2]"
boong,-3.2,1.0,"[-3, -3, -4, -4, -3, -3, -3, -3, -2, -4]"
kesian,-2.4,1.0,"[-3, -2, -3, -3, -2, -1, -4, -3, -2, -1]"
sayu,-2.4,1.0,"[-2, -1, -4, -3, -3, -2, -2, -3, -2, -2]"
cenderung,-1.6,1.0,"[-1, -2, -1, -1, 0, -3, -1, -1, -3, -3]"
selit-belit,-2.4,1.0,"[-2, -3, -2, -3, -1, -2, -3, -3, -2, -3]"
miss,-3.2,1.0,"[-4, -3, -2, -3, -4, -2, -3, -4, -3, -4]"
napa,-1.6,1.0,"[0, -2, -2, 0, -2, -2, -2, -2, -1, -3]"
kesel,-4.0,1.0,"[-4, -4, -4, -4, -4, -4, -4, -4, -4, -4]"
closed,-2.4,1.0,"[-4, -3, -2, 0, -1, -4, -3, -2, -3, -2]"
maap,-2.4,1.0,"[0, -4, -4, -1, -2, -3, -2, -4, -3, -1]"
maafkan,-2.4,1.0,"[-3, -3, -1, -2, -2, -4, -2, -1, -3, -3]"
ndak,-2.4,1.0,"[-2, -2, -2, 0, -3, -2, -3, -4, -3, -3]"
rantaian,-2.4,1.0,"[-1, -2, -3, -2, -3, -3, -1, -2, -4, -3]"
mesti,-2.4,1.0,"[-3, -3, -2, -1, -2, -3, -2, -2, -3, -3]"
diserang,-3.2,1.0,"[-4, -1, -3, -4, -3, -3, -4, -3, -4, -3]"
wajib,-1.6,1.0,"[-1, -1, 0, -3, -1, -2, -2, -3, -2, -1]"
ketagihan,-2.4,1.0,"[-4, -3, -1, -2, -2, -2, -2, -3, -3, -2]"
bogem mentah,-4.0,1.0,"[-4, -4, -4, -4, -4, -4, -4, -4, -4, -4]"
nanti,-1.6,1.0,"[-2, -3, -2, -2, 0, 0, -2, 0, -3, -2]"
halah,-4.0,1.0,"[-4, -4, -4, -4, -4, -4, -4, -4, -4, -4]"
alay,-3.2,1.0,"[-3, -2, -4, -3, -4, -3, -4, -3, -3, -3]"
gergaji,-0.8,1.0,"[-1, -3, -1, 1, 1, -1, 1, -2, -2, -1]"
kemasukan,-2.4,1.0,"[-2, -3, -3, -3, -1, -3, -1, -2, -4, -2]"
berbayar,-2.4,1.0,"[-2, -3, -2, -2, -1, -4, -2, -3, -3, -2]"
tukang,-1.6,1.0,"[0, -2, -2, -2, -2, 0, -4, -2, 0, -2]"
memotong,-2.4,1.0,"[-1, -3, -4, -2, -4, -2, -3, -1, -1, -3]"
beri (uang),-1.6,1.0,"[1, -4, -2, -1, -3, -1, -1, -3, -2, 0]"
kesusupan,-1.6,1.0,"[-3, -2, -2, -2, -2, -1, -1, -1, -1, -1]"
pakar,-0.8,1.0,"[-2, 0, 0, -1, 0, -2, -2, 0, -1, 0]"
kawaei,-1.6,1.0,"[-2, -1, -1, -1, -2, -1, -2, -3, -1, -2]"
kebabaran,-1.6,1.0,"[-1, -1, -4, -1, -2, -2, -2, -1, -1, -1]"
runtuh,-4.0,1.0,"[-4, -4, -4, -4, -4, -4, -4, -4, -4, -4]"
terperenyak,-3.2,1.0,"[-4, -2, -4, -3, -2, -4, -4, -3, -4, -2]"
pailit,-4.0,1.0,"[-4, -4, -4, -4, -4, -4, -4, -4, -4, -4]"
tersingkir,-4.0,1.0,"[-4, -4, -4, -4, -4, -4, -4, -4, -4, -4]"
menetes,-2.4,1.0,"[-2, -2, -2, -1, -3, -3, -4, -3, -2, -2]"
roboh,-4.0,1.0,"[-4, -4, -4, -4, -4, -4, -4, -4, -4, -4]"
tercebur,-4.0,1.0,"[-4, -4, -4, -4, -4, -4, -4, -4, -4, -4]"
membiak,-2.4,1.0,"[-1, -3, -1, -2, -4, -3, -2, -1, -4, -3]"
nyesel,-4.0,1.0,"[-4, -4, -4, -4, -4, -4, -4, -4, -4, -4]"
biasin,-2.4,1.0,"[-2, -2, -2, -3, -2, -2, -4, -1, -3, -3]"
perusuhan,-3.2,1.0,"[-4, -2, -3, -4, -2, -4, -2, -4, -3, -4]"
kedapatan,-1.6,1.0,"[-1, -1, -2, -1, -1, -1, -2, -1, -4, -2]"
tertangkap tangan,-3.2,1.0,"[-4, -4, -2, -4, -4, -4, -3, -2, -2, -3]"
terpelanting,-2.4,1.0,"[-3, -3, -1, -4, -3, -3, -1, -2, -2, -2]"
melubangi,-2.4,1.0,"[-4, -3, -4, -2, -3, -1, -1, -2, -3, -1]"
tepergok,-4.0,1.0,"[-4, -4, -4, -4, -4, -4, -4, -4, -4, -4]"
kayanya,-1.6,1.0,"[0, -1, -1, -2, -2, -1, -3, -1, -1, -4]"
tertangkap basah,-2.4,1.0,"[-1, -1, -1, -3, -2, -4, -1, -3, -4, -4]"
membabar,-0.8,1.0,"[1, -1, -3, 1, -1, -1, -1, 1, -2, -2]"
terjerembab,-1.6,1.0,"[-3, -2, 0, 0, -3, 0, -1, -3, -2, -2]"
terbuang,-1.6,1.0,"[-2, -2, -2, 0, -2, -1, -2, -3, -2, 0]"
berhenti (tugas),-1.6,1.0,"[-1, -2, 0, 0, -3, -3, -2, -2, -2, -1]"
gogrok,-2.4,1.0,"[-4, 0, -2, -3, -3, -2, -1, -2, -4, -3]"
jelabak,-2.4,1.0,"[-3, -1, -4, -2, -1, -2, -2, -4, -3, -2]"
cape,-3.2,1.0,"[-4, -3, -4, -2, -4, -4, -3, -3, -3, -2]"
unjuk,-2.4,1.0,"[-3, -3, -2, -3, -1, -3, -3, -3, -3, 0]"
menyongsong,-1.6,1.0,"[-2, 0, -1, -2, -1, -1, -2, -3, -2, -2]"
kesebalikan,-1.6,1.0,"[-1, -1, -2, -1, -1, -1, -3, -2, -2, -2]"
sekutu,-2.4,1.0,"[-1, -1, -2, -4, -3, -4, -2, -3, -3, -1]"
kekang,-3.2,1.0,"[-4, -4, -2, -4, -3, -4, -4, -3, -1, -3]"
mengelukan,-1.6,1.0,"[-3, -2, -1, -2, -1, 0, -2, -2, -1, -2]"
berasa,-1.6,1.0,"[-3, 1, -1, -1, -1, -2, -2, -3, -3, -1]"
temenan,-1.6,1.0,"[-2, -3, -2, -1, 0, 0, -1, -3, -2, -2]"
ekstrem,-3.2,1.0,"[-4, -3, -2, -3, -4, -4, -4, -2, -2, -4]"
kebaca,-0.8,1.0,"[0, -1, 0, 0, -1, 0, -1, -4, -1, 0]"
asak,-2.4,1.0,"[-4, -2, -4, -1, -2, -2, -3, -1, -1, -4]"
radikal,-3.2,1.0,"[-3, -3, -4, -3, -3, -4, -1, -4, -4, -3]"
berjejal,-2.4,1.0,"[-3, -2, -2, -3, -4, -2, -2, -2, -2, -2]"
begah,-1.6,1.0,"[-2, -4, -3, 1, -2, -1, -2, -1, 0, -2]"
telak,-2.4,1.0,"[-2, -4, -2, -2, -3, -1, -1, -3, -3, -3]"
telik,-1.6,1.0,"[-2, -2, 1, -1, -1, -1, -4, -2, -3, -1]"
entah-berentah,-2.4,1.0,"[-4, -2, -2, -3, -1, -3, -4, -3, -1, -1]"
please,-2.4,1.0,"[-3, -1, -3, -2, -4, -2, -1, -3, -3, -2]"
tae,-3.2,1.0,"[-4, -4, -4, -3, -4, -2, -3, -4, -3, -1]"
si dia,-2.4,1.0,"[-3, -4, -1, -1, -3, -2, -1, -4, -2, -3]"
gaboleh,-3.2,1.0,"[-2, -3, -3, -3, -3, -3, -4, -4, -4, -3]"
denger,-2.4,1.0,"[-1, -4, -1, -3, -3, -4, -3, -2, -2, -1]"
disuruh,-1.6,1.0,"[-4, -3, 0, -1, 0, -1, -3, -2, 0, -2]"
entah,-2.4,1.0,"[-3, 0, -2, -2, -3, -2, -4, -3, -3, -2]"
kial,-3.2,1.0,"[-3, -3, -2, -4, -2, -4, -4, -4, -2, -4]"
nemu,-1.6,1.0,"[-3, -2, -3, -1, -1, -2, -4, -1, 1, 0]"
bot,-1.6,1.0,"[-2, -2, -1, -3, -3, -1, 0, -1, -2, -1]"
sepihak,-2.4,1.0,"[0, -3, -2, -4, -3, -2, -2, -4, -3, -1]"
wacana,-2.4,1.0,"[-4, -2, -2, -2, -2, -3, -3, -3, -2, -1]"
subang,-0.8,1.0,"[0, -3, 0, -1, -2, -1, -2, 1, 0, 0]"
giwang,-0.8,1.0,"[-1, 0, 0, -1, -1, -1, -1, -1, -2, 0]"
mengogah,-2.4,1.0,"[-4, -2, -2, -2, -4, -2, -2, 0, -2, -4]"
bulan,-0.8,1.0,"[-2, -1, -2, 1, 2, -3, -1, 0, 0, -2]"
polos,-1.6,1.0,"[-3, -2, 0, -2, -1, -1, -1, -1, -3, -2]"
sia,-4.0,1.0,"[-4, -4, -4, -4, -4, -4, -4, -4, -4, -4]"
maneh,-2.4,1.0,"[-4, -1, -3, -3, -3, -1, -2, -2, -2, -3]"
tindas,-4.0,1.0,"[-4, -4, -4, -4, -4, -4, -4, -4, -4, -4]"
pilih,-1.6,1.0,"[-3, -3, 1, -2, -2, -2, -3, 0, -1, -1]"
pilih-pilih,-2.4,1.0,"[-3, -3, -2, -1, -4, -2, -4, -3, -2, 0]"
bete,-4.0,1.0,"[-4, -4, -4, -4, -4, -4, -4, -4, -4, -4]"
payudara,-2.4,1.0,"[-3, -2, -1, -1, -4, -2, -3, -2, -4, -2]"
man,-0.8,1.0,"[1, 0, -1, 1, 0, -2, -2, -1, -1, -3]"
tetek,-3.2,1.0,"[0, -4, -3, -4, -4, -3, -2, -4, -4, -4]"
keonaran,-4.0,1.0,"[-4, -4, -4, -4, -4, -4, -4, -4, -4, -4]"
buah dada,-2.4,1.0,"[-3, -3, -4, -3, -2, -1, -2, -2, -3, -1]"
biarin,-2.4,1.0,"[-2, -3, -3, -3, -2, -2, -3, -1, -3, -2]"
kegemparan,-3.2,1.0,"[-4, -2, -4, -3, -2, -4, -4, -3, -3, -3]"
dempet,-2.4,1.0,"[-2, -2, -4, -2, -3, -1, -4, -3, -2, -1]"
sebel,-4.0,1.0,"[-4, -4, -4, -4, -4, -4, -4, -4, -4, -4]"
ucap,-1.6,1.0,"[-2, -3, 0, -3, -1, -1, -1, -1, -3, -1]"
bergadang,-3.2,1.0,"[-2, -3, -3, -3, -4, -4, -3, -3, -4, -3]"
dukacarita,-3.2,1.0,"[-3, -4, -4, -3, -3, -4, -2, -3, -2, -4]"
apasih,-3.2,1.0,"[-3, -4, -4, -2, -4, -4, -2, -4, -2, -3]"
bertindik,-2.4,1.0,"[-2, -3, -4, -2, 0, -2, -2, -3, -3, -3]"
drama duka,-3.2,1.0,"[-3, -3, -4, -4, -1, -3, -3, -4, -3, -4]"
oma,-1.6,1.0,"[-4, -1, -1, -3, -3, -2, 0, -1, -1, 0]"
penderitaan,-4.0,1.0,"[-4, -4, -4, -4, -4, -4, -4, -4, -4, -4]"
menugaskan,-0.8,1.0,"[0, -2, 0, -1, 0, -1, 0, 0, -2, -2]"
borak,-3.2,1.0,"[-3, -4, -4, -4, -4, -4, -3, -2, -3, -1]"
kepedihan,-4.0,1.0,"[-4, -4, -4, -4, -4, -4, -4, -4, -4, -4]"
pulak,-1.6,1.0,"[-1, -1, -1, -1, -1, -2, -3, -1, -2, -3]"
menyunduk,-2.4,1.0,"[-1, -4, -2, -1, -2, -3, -3, -1, -4, -3]"
buyut,-2.4,1.0,"[-2, -2, -1, -2, -3, -2, -4, -3, -3, -2]"
tragedi,-4.0,1.0,"[-4, -4, -4, -4, -4, -4, -4, -4, -4, -4]"
kecek,-2.4,1.0,"[-2, 0, -3, -3, -3, -3, -3, -3, -2, -2]"
kesialan,-4.0,1.0,"[-4, -4, -4, -4, -4, -4, -4, -4, -4, -4]"
daya muat,-1.6,1.0,"[-1, -2, 1, -2, -4, -2, -2, -2, -1, -1]"
kemalangan,-4.0,1.0,"[-4, -4, -4, -4, -4, -4, -4, -4, -4, -4]"
kegeruhan,-3.2,1.0,"[-4, -3, -3, -2, -4, -3, -4, -3, -2, -4]"
iyain,-1.6,1.0,"[0, -2, -1, -3, 0, -2, -1, -3, -2, -2]"
dikatain,-2.4,1.0,"[-3, -4, -1, -3, -3, -2, -1, -2, -2, -3]"
pokoknya,-2.4,1.0,"[-4, -2, -2, -1, -2, -4, -2, -1, -3, -3]"
daya tampung,-1.6,1.0,"[-1, -1, -3, -2, -1, -1, -1, -2, -2, -2]"
daya serap,-1.6,1.0,"[-4, 0, -2, -1, 0, -2, -2, 0, -3, -2]"
kenahasan,-1.6,1.0,"[-1, -2, -2, -2, -1, -1, -3, 0, -2, -2]"
bahala,-2.4,1.0,"[-3, -3, -2, -2, -2, -4, -1, -2, -3, -2]"
gerhana,-1.6,1.0,"[-1, 0, -3, -2, 0, -2, -3, 0, -3, -2]"
sedi,-1.6,1.0,"[-3, -3, -3, -2, -1, 1, -2, -1, -1, -1]"
bersengaja,-1.6,1.0,"[-3, -2, 1, -2, 0, 1, -3, -2, -3, -3]"
segitu,-2.4,1.0,"[-3, -2, -2, -2, -2, -4, -3, -4, -1, -1]"
php,-3.2,1.0,"[-4, -3, -1, -3, -4, -2, -3, -4, -4, -4]"
fk,-3.2,1.0,"[-2, -3, -3, -3, -3, -2, -4, -4, -4, -4]"
tendas,-3.2,1.0,"[-4, -4, -4, -2, -3, -3, -4, -2, -4, -2]"
dikira,-2.4,1.0,"[-3, -3, -2, -3, -1, -3, -1, -3, -2, -3]"
gabut,-4.0,1.0,"[-4, -4, -4, -4, -4, -4, -4, -4, -4, -4]"
hiatus,-1.6,1.0,"[-2, -2, 0, -1, -3, -2, -2, -2, -2, 0]"
membiarkan,-2.4,1.0,"[-4, -3, -1, -1, -3, -3, -4, -2, 0, -3]"
gasuka,-3.2,1.0,"[-3, -3, -4, -3, -2, -3, -4, -3, -3, -4]"
lepaskan,-1.6,1.0,"[-2, -2, -1, -1, -3, -2, -2, -1, 0, -2]"
rasa,-1.6,1.0,"[-2, 0, -4, -3, -2, -1, -1, -1, 0, -2]"
huhuhu,-1.6,1.0,"[-2, -2, -2, -3, -2, -1, -1, -1, -1, -1]"
kosong,-3.2,1.0,"[-2, -2, -4, -2, -4, -3, -3, -4, -4, -4]"
rasa hati,-1.6,1.0,"[-2, -2, -3, 1, -2, -1, -1, -1, -4, -1]"
mendiamkan,-2.4,1.0,"[-1, -2, -3, -2, -2, -4, -2, -2, -4, -2]"
tertegun,-2.4,1.0,"[-2, -3, -3, -3, -4, -3, -1, -3, 0, -2]"
cabe,-1.6,1.0,"[-2, -2, -1, -4, -1, -1, -2, -1, -1, -1]"
kuota,-1.6,1.0,"[-2, 0, -2, -3, -2, -1, -1, -1, -2, -2]"
lengang,-3.2,1.0,"[-4, -3, -2, -4, -3, -3, -1, -4, -4, -4]"
tengkulak,-4.0,1.0,"[-4, -4, -4, -4, -4, -4, -4, -4, -4, -4]"
campakkan,-3.2,1.0,"[-4, -4, -4, -3, -3, -4, -1, -3, -4, -2]"
syur,-2.4,1.0,"[-3, -3, -2, -4, -1, -1, -3, -3, -2, -2]"
sepi,-2.4,1.0,"[-2, -2, -3, -2, -3, -3, -2, -1, -2, -4]"
naon,-1.6,1.0,"[0, -1, -4, -1, -2, -1, -1, -2, 0, -4]"
mematung,-2.4,1.0,"[-2, -3, -3, -1, -3, -3, -2, -2, -3, -2]"
keluarkan,-2.4,1.0,"[-3, -2, -1, -3, -2, -3, -2, -3, -2, -3]"
memaafkan,-2.4,1.0,"[-3, -3, -1, -3, -3, -3, -2, -1, -2, -3]"
terperanjat,-2.4,1.0,"[-4, -2, -2, -1, -3, -2, -2, -3, -3, -2]"
leave,-2.4,1.0,"[-1, -3, -4, -2, -3, -2, -3, -2, -4, 0]"
spam,-2.4,1.0,"[-3, -2, -2, -2, -3, -2, -3, -3, -3, -1]"
mentang,-2.4,1.0,"[-3, -3, -2, 0, -4, -1, -1, -3, -4, -3]"
tobat,-1.6,1.0,"[-2, -2, -2, 0, -1, -3, 0, -2, -2, -2]"
mentang-mentang,-3.2,1.0,"[-2, -4, -3, -3, -3, -3, -3, -4, -3, -4]"
menahankan,-1.6,1.0,"[-1, -2, -1, 0, -3, -2, -3, -1, -3, 0]"
resistan,-1.6,1.0,"[-2, -1, 0, -2, -1, -3, -2, 0, -2, -3]"
maapin,-3.2,1.0,"[-4, -4, -3, -1, -4, -2, -2, -4, -4, -4]"
berat tangan,-3.2,1.0,"[-3, -4, -2, -3, -3, -4, -4, -4, -4, -1]"
berat hati,-3.2,1.0,"[-3, -3, -4, -4, -4, -3, -3, -1, -4, -3]"
lembam,-3.2,1.0,"[-4, -4, -3, -3, -4, -2, -2, -4, -3, -3]"
macem,-1.6,1.0,"[-2, -1, -2, -3, -2, 0, -1, 0, -2, -3]"
realitas,-2.4,1.0,"[-3, -1, -2, -2, -2, -4, -2, -2, -3, -3]"
alpa,-2.4,1.0,"[-2, -2, -3, -2, -2, -3, -4, 0, -3, -3]"
yauda,-3.2,1.0,"[-3, -3, -4, -3, -3, -4, -4, -4, -1, -3]"
gigit,-1.6,1.0,"[-2, -1, -2, -1, 0, -2, -2, -2, -2, -2]"
ihhh,-3.2,1.0,"[-2, -4, -3, -1, -3, -4, -3, -4, -4, -4]"
sorang,-1.6,1.0,"[-1, 0, -1, -2, -2, -2, -2, -1, -1, -4]"
berat pinggul,-1.6,1.0,"[0, -2, -3, -1, -1, -4, -2, 1, -2, -2]"
merasa,-1.6,1.0,"[2, -3, -3, -1, -1, -2, -2, -2, -2, -2]"
milih,-1.6,1.0,"[-3, -1, -4, -1, 0, -1, -1, 0, -2, -3]"
kerubut,-2.4,1.0,"[-2, -3, -1, -3, -2, -3, -2, -4, -1, -3]"
penyebab,-2.4,1.0,"[-1, -3, -3, -2, -3, -4, -1, -2, -2, -3]"
kempes,-3.2,1.0,"[-3, -4, -4, -3, -3, -4, -3, -3, -2, -3]"
bye,-2.4,1.0,"[-1, -3, -2, -2, -3, -2, -2, -3, -3, -3]"
ketauan,-3.2,1.0,"[-3, -4, -2, -3, -3, -4, -3, -4, -4, -2]"
wabah,-4.0,1.0,"[-4, -4, -4, -4, -4, -4, -4, -4, -4, -4]"
uar-uar,-2.4,1.0,"[-1, -3, -2, -4, -3, -3, -2, -2, -1, -3]"
wara-wara,-2.4,1.0,"[-2, -2, -3, -2, -2, -4, -4, -2, -2, -1]"
istirahat,-1.6,1.0,"[-3, -2, -3, -3, -1, 0, 0, 0, -3, -1]"
gajadi,-2.4,1.0,"[-1, -1, -2, -4, -4, -2, -3, -2, -2, -3]"
dirimu,-0.8,1.0,"[2, -1, -2, 0, 0, -1, -2, 0, -2, -2]"
ati,-0.8,1.0,"[-1, -1, -2, -2, 0, -1, 0, 0, 0, -1]"
ngerasa,-1.6,1.0,"[0, -1, -2, -1, -3, -3, -2, -2, -2, 0]"
jelus,-1.6,1.0,"[-2, -3, -1, -1, -3, -2, -1, -1, -1, -1]"
dajal,-4.0,1.0,"[-4, -4, -4, -4, -4, -4, -4, -4, -4, -4]"
mbeling,-1.6,1.0,"[-2, -3, -1, -2, -2, 0, -2, -1, -1, -2]"
iri,-3.2,1.0,"[-2, -3, -3, -3, -3, -3, -4, -4, -3, -4]"
ngeselin,-4.0,1.0,"[-4, -4, -4, -4, -4, -4, -4, -4, -4, -4]"
ngatain,-4.0,1.0,"[-4, -4, -4, -4, -4, -4, -4, -4, -4, -4]"
junjungan,-1.6,1.0,"[-3, -2, -2, -2, -1, -2, -1, 0, -2, -1]"
lari-lari,-1.6,1.0,"[-2, -3, -2, -1, -1, -3, -2, 0, 0, -2]"
panas hati,-4.0,1.0,"[-4, -4, -4, -4, -4, -4, -4, -4, -4, -4]"
jail,-3.2,1.0,"[-4, -4, -3, -4, -4, 0, -3, -2, -4, -4]"
lemot,-4.0,1.0,"[-4, -4, -4, -4, -4, -4, -4, -4, -4, -4]"
bukannya,-2.4,1.0,"[-3, -3, -2, -3, -3, -2, -1, -2, -4, -1]"
gemes,-1.6,1.0,"[-2, -3, 0, -1, -2, -2, 0, -3, -2, -1]"
kebiri,-3.2,1.0,"[-3, -3, -3, -3, -3, -3, -3, -4, -4, -3]"
terhenti,-2.4,1.0,"[-2, -2, -1, -2, -4, -2, -4, -2, -2, -3]"
manah,-1.6,1.0,"[0, -3, -2, -1, -1, 0, -2, -1, -3, -3]"
mabok,-3.2,1.0,"[-4, -2, -3, -4, -4, -3, -3, -3, -3, -3]"
dipanggil,-0.8,1.0,"[-2, -2, 0, 0, 1, -1, 0, -2, -2, 0]"
mager,-3.2,1.0,"[-4, -2, -3, -4, -4, -4, -2, -2, -4, -3]"
item,-3.2,1.0,"[-4, -4, -3, -3, -2, -3, -3, -2, -4, -4]"
rip,-4.0,1.0,"[-4, -4, -4, -4, -4, -4, -4, -4, -4, -4]"
membandungi,-0.8,1.0,"[0, 2, -1, 1, 0, -2, -1, -3, -2, -2]"
haih,-3.2,1.0,"[-4, -4, -2, -3, -4, -4, -2, -2, -3, -4]"
muda,-1.6,1.0,"[-3, -2, -4, 0, -2, -2, -1, -1, 0, -1]"
tuhkan,-3.2,1.0,"[-4, -3, -3, -3, -3, -4, -4, -4, -3, -1]"
memperduakan,-2.4,1.0,"[-1, -3, -2, -2, -1, -3, -4, -1, -4, -3]"
gubrisan,-1.6,1.0,"[-2, -2, -1, -1, 0, -3, -2, -1, -2, -2]"
pengindahan,-1.6,1.0,"[-2, -3, -2, 0, -1, -1, -2, -2, -2, -1]"
ribet,-3.2,1.0,"[-3, -3, -4, -4, -4, -4, -3, -3, -1, -3]"
master,-0.8,1.0,"[0, 0, -2, 1, -2, 0, -2, -3, 0, 0]"
tertanggung,-3.2,1.0,"[-4, -1, -3, -4, -4, -4, -4, -1, -3, -4]"
diapain,-2.4,1.0,"[-2, -3, 0, -4, -2, -4, -2, -3, -1, -3]"
tangan panas,-3.2,1.0,"[-4, -4, -2, -3, -2, -3, -4, -2, -4, -4]"
merugi,-4.0,1.0,"[-4, -4, -4, -4, -4, -4, -4, -4, -4, -4]"
meninggal,-3.2,1.0,"[-4, -4, -4, -3, -4, -1, -3, -2, -4, -3]"
ngerjain,-1.6,1.0,"[-3, -2, -1, -2, 0, -1, -2, -2, -2, -1]"
puntung,-2.4,1.0,"[-1, -2, -3, -3, -1, -4, -3, -3, -1, -3]"
njir,-2.4,1.0,"[-2, -4, -3, -2, 0, -2, -3, -3, -1, -4]"
dipaksa,-3.2,1.0,"[-4, -3, -2, -4, -3, -2, -4, -3, -4, -3]"
pembaiatan,-2.4,1.0,"[-3, -1, -2, -2, -1, -3, -3, -2, -3, -4]"
labil,-3.2,1.0,"[-2, -3, -2, -4, -4, -4, -4, -4, -3, -2]"
kontradiksi,-2.4,1.0,"[-3, -2, -1, -2, -2, -3, -3, -3, -2, -3]"
apalah,-1.6,1.0,"[-2, -2, -1, 0, -2, -2, -3, -1, -2, -1]"
ditinggal,-3.2,1.0,"[-4, -4, -3, -3, -3, -4, -3, -1, -4, -3]"
temenin,-2.4,1.0,"[-3, -2, -3, -3, -3, -2, -3, 0, -3, -2]"
kerumitan,-4.0,1.0,"[-4, -4, -4, -4, -4, -4, -4, -4, -4, -4]"
khilaf,-3.2,1.0,"[-2, -4, -3, -4, -4, -3, -2, -4, -4, -2]"
nihh,-2.4,1.0,"[-3, -2, -3, -3, -1, -3, -3, -3, -1, -2]"
mewajibkan,-1.6,1.0,"[-3, 0, -1, 0, -4, -2, 0, -2, -3, -1]"
lagian,-2.4,1.0,"[-4, -2, -3, -4, -2, -2, -2, -3, -1, -1]"
negasi,-1.6,1.0,"[-2, -3, -4, -1, -2, -2, 1, 0, -2, -1]"
meh,-4.0,1.0,"[-4, -4, -4, -4, -4, -4, -4, -4, -4, -4]"
kota,-0.8,1.0,"[0, -1, -1, 0, 0, -1, 0, -1, -1, -3]"
memperkeruh,-3.2,1.0,"[-4, -4, -4, -4, -2, -4, -1, -4, -2, -3]"
mencolong,-4.0,1.0,"[-4, -4, -4, -4, -4, -4, -4, -4, -4, -4]"
kekusutan,-3.2,1.0,"[-2, -3, -3, -4, -2, -4, -4, -2, -4, -4]"
rudapaksa,-3.2,1.0,"[-2, -4, -4, -3, -3, -3, -4, -2, -4, -3]"
keruwetan,-3.2,1.0,"[-3, -4, -3, -2, -4, -3, -3, -4, -4, -2]"
sedihnya,-4.0,1.0,"[-4, -4, -4, -4, -4, -4, -4, -4, -4, -4]"
teledor,-4.0,1.0,"[-4, -4, -4, -4, -4, -4, -4, -4, -4, -4]"
kot,-0.8,1.0,"[-2, 0, -2, 0, 0, 0, 0, -2, 0, -2]"
terserah,-2.4,1.0,"[-3, -2, -2, -4, -2, 0, -3, -4, -2, -2]"
sepertinya,-1.6,1.0,"[-1, -1, -1, -1, -2, -3, -2, -4, 0, -1]"
kagak,-2.4,1.0,"[-1, -3, -1, -3, -4, -3, -1, -3, -2, -3]"
matanya,-1.6,1.0,"[-1, -1, 0, -2, -3, -1, -2, -3, 0, -3]"
berduka,-4.0,1.0,"[-4, -4, -4, -4, -4, -4, -4, -4, -4, -4]"
pamer,-2.4,1.0,"[-3, -3, -3, -2, -2, 0, -3, -3, -3, -2]"
pucat,-3.2,1.0,"[-1, -4, -4, -4, -2, -3, -4, -2, -4, -4]"
bah,-2.4,1.0,"[-2, -2, -2, -1, -2, -4, -3, -3, -3, -2]"
impas,-2.4,1.0,"[-2, -3, -3, -2, -2, -2, 0, -4, -3, -3]"
menakjubi,-0.8,1.0,"[-2, -3, 0, 1, 1, 0, -2, -2, 0, -1]"
bandang,-3.2,1.0,"[-3, -4, -2, -3, -3, -4, -4, -4, -3, -2]"
rasisme,-4.0,1.0,"[-4, -4, -4, -4, -4, -4, -4, -4, -4, -4]"
sirik,-4.0,1.0,"[-4, -4, -4, -4, -4, -4, -4, -4, -4, -4]"
gapernah,-2.4,1.0,"[-4, -3, -2, -3, -2, -3, -3, -1, -2, -1]"
penasaran,-2.4,1.0,"[-3, -3, -3, -1, -3, -2, -3, -2, -3, -1]"
beton,-1.6,1.0,"[-1, -2, -2, -1, -1, -4, -1, -1, -1, -2]"
menunggui,-2.4,1.0,"[-4, -1, -1, -3, -1, -4, -2, -2, -2, -4]"
umpan,-2.4,1.0,"[-4, -1, -3, -3, -2, -2, -2, -2, -4, -1]"
cadas,-2.4,1.0,"[-1, -2, -3, -3, -2, -2, -1, -4, -3, -3]"
hih,-3.2,1.0,"[-3, -3, -4, -4, -4, -1, -4, -4, -3, -2]"
menutup,-2.4,1.0,"[-2, -1, 0, -1, -3, -4, -3, -4, -4, -2]"
korban,-3.2,1.0,"[-3, -3, -4, -2, -3, -3, -3, -3, -4, -4]"
kurban,-2.4,1.0,"[-1, -2, -2, -4, -2, -3, -4, -2, -2, -2]"
sikit,-2.4,1.0,"[-2, -2, -1, -3, -4, -4, -2, -1, -2, -3]"
bongkah,-1.6,1.0,"[-1, -2, 0, -1, -3, -1, -2, -2, -2, -2]"
bodoamat,-3.2,1.0,"[-3, -1, -4, -3, -3, -4, -4, -2, -4, -4]"
dengkik,-3.2,1.0,"[-1, -4, -2, -4, -4, -4, -3, -4, -3, -3]"
takda,-1.6,1.0,"[-2, -2, 0, -2, -1, -2, -2, -1, -1, -3]"
obat,-2.4,1.0,"[-2, -3, -4, -1, -3, -2, -2, -3, -4, 0]"
tetua,-1.6,1.0,"[-3, 0, -1, -3, 0, -2, -1, -1, -3, -2]"
error,-4.0,1.0,"[-4, -4, -4, -4, -4, -4, -4, -4, -4, -4]"
jir,-2.4,1.0,"[-2, -2, -3, -1, -2, -3, -3, -4, -1, -3]"
impoten,-4.0,1.0,"[-4, -4, -4, -4, -4, -4, -4, -4, -4, -4]"
kiri,-2.4,1.0,"[-3, -2, -4, -2, -4, 1, -3, -3, -3, -1]"
perih,-3.2,1.0,"[-1, -1, -4, -4, -4, -4, -3, -3, -4, -4]"
babi,-3.2,1.0,"[-3, -3, -4, -4, -3, -2, -4, -3, -2, -4]"
habitat,-1.6,1.0,"[-2, -3, 0, -2, -2, -1, -2, -2, -2, 0]"
penyudah,-1.6,1.0,"[0, -3, -2, -1, -3, -1, -1, -1, -2, -2]"
gebetan,-1.6,1.0,"[-1, -2, 0, -2, -3, -3, -1, 0, -2, -2]"
jutek,-4.0,1.0,"[-4, -4, -4, -4, -4, -4, -4, -4, -4, -4]"
gerombolan,-3.2,1.0,"[-3, -4, -3, -2, -4, -2, -4, -2, -4, -4]"
ora,-2.4,1.0,"[-2, -2, -4, -4, -3, -2, -4, -2, -1, 0]"
gatel,-2.4,1.0,"[-4, 0, -2, -3, -1, -2, -3, -3, -4, -2]"
mencuru,-2.4,1.0,"[-2, -3, -4, -2, -2, -1, -3, -2, -4, -1]"
nongol,-1.6,1.0,"[-2, -2, -1, -2, 0, -2, -2, -2, -1, -2]"
barzakh,-3.2,1.0,"[-4, -4, -4, -3, -3, -3, -4, -2, -2, -3]"
pejabat,-2.4,1.0,"[0, -3, -2, -1, -3, -4, -3, -2, -3, -3]"
keganjilan,-3.2,1.0,"[-4, -3, -3, -2, -2, -3, -4, -3, -4, -4]"
ketidaktentuan,-4.0,1.0,"[-4, -4, -4, -4, -4, -4, -4, -4, -4, -4]"
menjaraki,-2.4,1.0,"[-3, -3, -3, -3, -3, -2, -2, -3, -2, 0]"
sad,-3.2,1.0,"[-4, -2, -2, -3, -4, -4, -3, -2, -4, -4]"
comeback,-1.6,1.0,"[0, -2, -3, -2, -3, -1, -2, -1, -1, -1]"
udahan,-3.2,1.0,"[-2, -4, -3, -4, -3, -3, -3, -3, -3, -4]"
ugh,-3.2,1.0,"[-3, -3, -4, -3, -4, -3, -2, -3, -4, -3]"
next,-1.6,1.0,"[-1, -3, -1, -1, -3, 0, -1, -2, -2, -2]"
penutup,-2.4,1.0,"[-4, -3, -2, -1, -3, -1, -3, -2, -3, -2]"
menjenguk,-3.2,1.0,"[-1, -4, -3, -3, -4, -4, -4, -3, -2, -4]"
sayup,-2.4,1.0,"[-1, -3, -3, -2, -1, -3, 0, -3, -4, -4]"
ish,-3.2,1.0,"[-2, -4, -3, -3, -4, -4, -4, -4, -2, -2]"
doh,-3.2,1.0,"[-3, -4, -2, -2, -4, -3, -4, -4, -3, -3]"
keanehan,-3.2,1.0,"[-4, -2, -3, -4, -1, -4, -4, -4, -2, -4]"
mengorek-ngorek,-3.2,1.0,"[-4, -4, -3, -3, -3, -4, -2, -2, -3, -4]"
diet,-2.4,1.0,"[-4, -2, -1, -2, -2, -1, -3, -3, -3, -3]"
syedih,-4.0,1.0,"[-4, -4, -4, -4, -4, -4, -4, -4, -4, -4]"
berhala,-3.2,1.0,"[-3, -2, -3, -4, -3, -4, -4, -3, -4, -2]"
kesudahan,-2.4,1.0,"[-2, -3, -1, -1, -2, -2, -3, -3, -4, -3]"
iih,-4.0,1.0,"[-4, -4, -4, -4, -4, -4, -4, -4, -4, -4]"
tai,-4.0,1.0,"[-4, -4, -4, -4, -4, -4, -4, -4, -4, -4]"
kemaknagandaan,-2.4,1.0,"[-2, -3, -3, -3, -2, -3, -2, -3, -2, -1]"
masa bodoh,-3.2,1.0,"[-2, -3, -3, -3, -4, -3, -3, -4, -3, -4]"
dimarahin,-4.0,1.0,"[-4, -4, -4, -4, -4, -4, -4, -4, -4, -4]"
nyuruh,-2.4,1.0,"[-4, -3, -3, -2, -2, -2, -2, -4, -2, 0]"
dibales,-2.4,1.0,"[-3, -2, -4, -2, -2, -2, -3, -3, -2, -1]"
kampret,-4.0,1.0,"[-4, -4, -4, -4, -4, -4, -4, -4, -4, -4]"
jin,-2.4,1.0,"[-2, -3, -1, -4, -4, -3, -2, 0, -1, -4]"
mikirin,-2.4,1.0,"[-4, -3, -3, -2, -1, -2, -3, -2, -2, -2]"
murtad,-4.0,1.0,"[-4, -4, -4, -4, -4, -4, -4, -4, -4, -4]"
mogok,-4.0,1.0,"[-4, -4, -4, -4, -4, -4, -4, -4, -4, -4]"
setan,-3.2,1.0,"[-3, -4, -4, -2, -3, -2, -3, -4, -3, -4]"
nyebut,-2.4,1.0,"[-3, -2, -1, -4, -4, -2, -2, -3, -1, -2]"
piye,-2.4,1.0,"[-2, -1, -4, 0, -2, -4, -2, -2, -3, -4]"
gusur,-4.0,1.0,"[-4, -4, -4, -4, -4, -4, -4, -4, -4, -4]"
memojokkan,-3.2,1.0,"[-3, -3, -3, -4, -4, -4, -3, -2, -3, -3]"
demon,-2.4,1.0,"[-1, -2, -3, -1, -3, -3, -1, -4, -3, -3]"
durhaka,-4.0,1.0,"[-4, -4, -4, -4, -4, -4, -4, -4, -4, -4]"
iblis,-3.2,1.0,"[-3, -4, -3, -3, -4, -2, -3, -4, -4, -2]"
baperan,-3.2,1.0,"[-3, -4, -4, -2, -3, -3, -2, -4, -4, -3]"
ngikutin,-1.6,1.0,"[-3, -1, 1, -2, -2, -2, -2, -2, -1, -2]"
sebentar,-1.6,1.0,"[-2, -1, -2, -2, -3, -2, -1, 0, -2, -1]"
makhluk halus,-3.2,1.0,"[-3, -4, -2, -3, -3, -3, -3, -4, -3, -4]"
got,-2.4,1.0,"[-4, -1, -3, -3, -3, -4, -1, -3, -3, 1]"
bunuh,-4.0,1.0,"[-4, -4, -4, -4, -4, -4, -4, -4, -4, -4]"
siluman,-4.0,1.0,"[-4, -4, -4, -4, -4, -4, -4, -4, -4, -4]"
tumpahan hati,-2.4,1.0,"[0, -4, -2, -2, -3, -2, -2, -4, -2, -3]"
momok,-3.2,1.0,"[-4, -4, -4, -4, -1, -4, -2, -3, -3, -3]"
berantem,-3.2,1.0,"[-2, -3, -3, -4, -3, -4, -4, -4, -4, -1]"
mangkas,-1.6,1.0,"[-1, -3, -2, 0, 1, -2, -2, -2, -3, -2]"
belain,-1.6,1.0,"[-3, -3, -1, -2, -1, 1, -1, -2, -2, -2]"
sundal bolong,-4.0,1.0,"[-4, -4, -4, -4, -4, -4, -4, -4, -4, -4]"
nahan,-2.4,1.0,"[-4, -3, -3, -1, -3, -2, -1, -2, -3, -2]"
sian,-2.4,1.0,"[-2, -2, -2, -2, -3, -4, -3, -2, -2, -2]"
jahil,-3.2,1.0,"[-4, -4, -3, -3, -2, -4, -4, -2, -2, -4]"
singgah,-1.6,1.0,"[-2, -1, -2, -2, -3, 1, 0, -2, -3, -2]"
bersekongkol,-3.2,1.0,"[-2, -2, -4, -3, -4, -4, -3, -4, -3, -3]"
life,-1.6,1.0,"[-1, -3, -3, -2, -2, -2, 0, -1, 0, -2]"
bidah,-2.4,1.0,"[-3, -4, -1, -3, -2, -2, -3, -2, -4, 0]"
menantang,-3.2,1.0,"[-3, -4, -3, -3, -3, -3, -3, -3, -3, -4]"
berselingkuh,-4.0,1.0,"[-4, -4, -4, -4, -4, -4, -4, -4, -4, -4]"
bohong,-4.0,1.0,"[-4, -4, -4, -4, -4, -4, -4, -4, -4, -4]"
classy,-1.6,1.0,"[-4, 0, -2, -2, -2, -1, -1, 0, -2, -2]"
melumatkan,-3.2,1.0,"[-3, -4, -4, -3, -3, -3, -3, -3, -3, -3]"
oon,-4.0,1.0,"[-4, -4, -4, -4, -4, -4, -4, -4, -4, -4]"
orok,-2.4,1.0,"[-2, -3, -1, -1, -2, -3, -4, -4, -2, -2]"
selingkuh,-4.0,1.0,"[-4, -4, -4, -4, -4, -4, -4, -4, -4, -4]"
pelosot,-2.4,1.0,"[-4, -3, -3, -2, -1, -1, -3, -3, -3, -1]"
meremukkan,-3.2,1.0,"[-4, -4, -2, -4, -4, -2, -3, -2, -3, -4]"
keburu,-2.4,1.0,"[-4, -2, -2, -1, -3, -2, -2, -4, -1, -3]"
gadai,-2.4,1.0,"[-2, -3, -2, -2, -4, -3, -1, -1, -3, -3]"
meruntuhkan,-3.2,1.0,"[-4, -3, -3, -1, -3, -3, -4, -4, -3, -4]"
anjing,-3.2,1.0,"[-4, -3, -4, -4, -2, -3, -3, -4, -3, -2]"
naena,-1.6,1.0,"[-1, -3, -2, -1, -1, -3, -1, -2, -1, -1]"
jabang bayi,-2.4,1.0,"[-3, -3, -1, -2, -1, -3, -3, -3, -2, -3]"
membinasakan,-4.0,1.0,"[-4, -4, -4, -4, -4, -4, -4, -4, -4, -4]"
berdalih,-3.2,1.0,"[-3, -4, -3, -2, -4, -4, -4, -3, -2, -3]"
why,-1.6,1.0,"[-1, -2, -2, -3, -1, -2, -1, 0, -1, -3]"
modus,-2.4,1.0,"[-2, -2, -2, -2, -3, -2, -3, -2, -3, -3]"
bobrok,-4.0,1.0,"[-4, -4, -4, -4, -4, -4, -4, -4, -4, -4]"
tidurin,-1.6,1.0,"[-1, -3, -3, -3, 0, -2, 0, -1, -1, -2]"
cariin,-1.6,1.0,"[-1, -1, -2, -2, -2, -2, -1, -1, -1, -3]"
mengandut,-2.4,1.0,"[-4, -3, -2, -2, -4, -2, 0, -3, -3, -1]"
berdengung,-2.4,1.0,"[-1, -2, -2, -3, -3, -3, -1, -3, -4, -2]"
merusakkan,-3.2,1.0,"[-4, -3, -2, -4, -4, -4, -4, -2, -3, -2]"
menyelusur,-2.4,1.0,"[-4, -3, -3, -2, -2, -2, -1, -1, -3, -3]"
berkonspirasi,-3.2,1.0,"[-2, -2, -4, -4, -3, -4, -4, -2, -4, -3]"
kurus,-2.4,1.0,"[-1, -3, -1, -3, -3, -2, -2, -4, -1, -4]"
berantak,-3.2,1.0,"[-4, -3, -4, -2, -3, -3, -4, -2, -3, -4]"
bully,-4.0,1.0,"[-4, -4, -4, -4, -4, -4, -4, -4, -4, -4]"
berkomplot,-3.2,1.0,"[-2, -4, -3, -3, -3, -4, -4, -1, -4, -4]"
ngomongin,-2.4,1.0,"[-1, -2, -3, -1, -3, -3, -2, -4, -3, -2]"
stalk,-3.2,1.0,"[-4, -2, -3, -4, -3, -4, -3, -4, -2, -3]"
meruntuh,-3.2,1.0,"[-3, -4, -2, -3, -4, -3, -3, -2, -4, -4]"
jeriji,-3.2,1.0,"[-2, -3, -3, -3, -4, -4, -4, -3, -3, -3]"
sange,-4.0,1.0,"[-4, -4, -4, -4, -4, -4, -4, -4, -4, -4]"
berkongkalikong,-3.2,1.0,"[-4, -4, -4, -4, -2, -4, -3, -2, -2, -3]"
serong,-3.2,1.0,"[-4, -2, -4, -2, -3, -3, -4, -4, -3, -3]"
makian,-4.0,1.0,"[-4, -4, -4, -4, -4, -4, -4, -4, -4, -4]"
cemong,-3.2,1.0,"[-3, -3, -4, -4, -1, -3, -4, -4, -3, -3]"
kekurangan,-2.4,1.0,"[-2, -2, -1, -3, -2, -3, -1, -2, -4, -4]"
lilit,-2.4,1.0,"[-2, -3, -3, -3, -3, -2, -2, -2, -2, -2]"
hinaan,-4.0,1.0,"[-4, -4, -4, -4, -4, -4, -4, -4, -4, -4]"
penghinaan,-4.0,1.0,"[-4, -4, -4, -4, -4, -4, -4, -4, -4, -4]"
kurung,-2.4,1.0,"[-2, -4, 0, -2, -2, -4, -3, -3, -3, -1]"
cemooh,-4.0,1.0,"[-4, -4, -4, -4, -4, -4, -4, -4, -4, -4]"
mengumpat,-3.2,1.0,"[-4, -2, -2, -3, -3, -3, -4, -4, -3, -4]"
terabai,-2.4,1.0,"[-3, -2, -3, -2, -2, -3, -1, -3, -3, -2]"
mencemooh,-4.0,1.0,"[-4, -4, -4, -4, -4, -4, -4, -4, -4, -4]"
merem,-1.6,1.0,"[-1, -1, 0, -2, -1, -3, -1, -2, -3, -2]"
lock,-1.6,1.0,"[-2, -2, -2, -3, -1, -1, -2, 0, -1, -2]"
kelemahan,-3.2,1.0,"[-4, -4, -3, -4, -4, -2, -3, -3, -4, -1]"
kejelekan,-4.0,1.0,"[-4, -4, -4, -4, -4, -4, -4, -4, -4, -4]"
ngilang,-2.4,1.0,"[-1, -3, -3, -3, 0, -3, -3, -3, -2, -3]"
berkerak,-1.6,1.0,"[-2, 1, -2, -2, -1, -3, -2, -2, -1, -2]"
kedaifan,-2.4,1.0,"[-4, -2, -1, -3, -1, -2, -3, -2, -4, -2]"
kehinaan keaiban,-3.2,1.0,"[-2, -4, -4, -3, -4, -4, -2, -3, -2, -4]"
kontras,-2.4,1.0,"[-2, -3, 1, -3, -4, -3, -2, -3, -1, -4]"
mengejek,-3.2,1.0,"[-3, -2, -4, -4, -4, -3, -2, -4, -3, -3]"
perang,-2.4,1.0,"[-2, -1, -2, -4, -2, -1, -2, -4, -3, -3]"
perundungan,-3.2,1.0,"[-4, -3, -2, -1, -4, -3, -4, -4, -4, -3]"
marahin,-3.2,1.0,"[-4, -3, -3, -3, -3, -3, -3, -4, -2, -4]"
berkelakar,-3.2,1.0,"[-3, -3, -3, -2, -4, -4, -4, -2, -4, -3]"
menyakiti,-4.0,1.0,"[-4, -4, -4, -4, -4, -4, -4, -4, -4, -4]"
penyepelean,-3.2,1.0,"[-2, -3, -4, -4, -4, -2, -4, -3, -4, -2]"
pait,-3.2,1.0,"[-4, -4, -3, -4, -3, -2, -3, -2, -3, -4]"
ngertiin,-2.4,1.0,"[-3, -1, 0, -3, -3, -3, -3, -4, -3, -1]"
kecabulan,-4.0,1.0,"[-4, -4, -4, -4, -4, -4, -4, -4, -4, -4]"
menjijikkan,-4.0,1.0,"[-4, -4, -4, -4, -4, -4, -4, -4, -4, -4]"
tuak,-2.4,1.0,"[-2, -1, -3, -2, -3, -2, -2, -4, -4, -1]"
tauu,-2.4,1.0,"[-1, -3, -3, -3, -3, -2, -3, -2, -2, -2]"
perbedaan,-1.6,1.0,"[-2, -1, -4, -2, 0, -2, 0, -1, -2, -2]"
terhina direndahkan,-2.4,1.0,"[1, -2, -3, -3, -3, -3, -1, -4, -3, -3]"
menista,-3.2,1.0,"[-2, -4, -4, -3, -2, -4, -4, -3, -3, -3]"
memburukkan,-4.0,1.0,"[-4, -4, -4, -4, -4, -4, -4, -4, -4, -4]"
kroco,-3.2,1.0,"[-4, -3, -4, -4, -4, -2, -3, -3, -3, -2]"
mencela,-4.0,1.0,"[-4, -4, -4, -4, -4, -4, -4, -4, -4, -4]"
menyindir,-3.2,1.0,"[-3, -4, -3, -2, -2, -4, -3, -3, -4, -4]"
kebusukan,-4.0,1.0,"[-4, -4, -4, -4, -4, -4, -4, -4, -4, -4]"
kumuh,-3.2,1.0,"[-2, -2, -3, -4, -4, -4, -4, -3, -4, -2]"
terpalit-palit,-2.4,1.0,"[-3, -2, -1, -3, -2, -3, -2, -4, -2, -2]"
tersinggung,-4.0,1.0,"[-4, -4, -4, -4, -4, -4, -4, -4, -4, -4]"
terbesit,-1.6,1.0,"[-2, 0, -1, -1, -2, -3, -3, 1, -3, -2]"
bercengkerama,-1.6,1.0,"[-1, 0, -3, -1, -3, -2, -1, -1, -1, -3]"
bercumbu-cumbu,-2.4,1.0,"[-2, -2, -3, -3, -2, -1, -2, -3, -4, -2]"
cemeeh,-3.2,1.0,"[-4, -2, -4, -3, -3, -3, -4, -3, -3, -3]"
sekadar,-2.4,1.0,"[-3, -2, -4, -3, -1, -3, -1, -4, -2, -1]"
bernoda,-3.2,1.0,"[-4, -3, -2, -3, -4, -2, -4, -4, -2, -4]"
kebejatan,-4.0,1.0,"[-4, -4, -4, -4, -4, -4, -4, -4, -4, -4]"
mencibir,-4.0,1.0,"[-4, -4, -4, -4, -4, -4, -4, -4, -4, -4]"
terbiar,-2.4,1.0,"[-4, -4, -2, -2, -4, -1, -2, -2, -3, 0]"
rasa malu,-3.2,1.0,"[-3, -3, -4, -4, -3, -2, -3, -3, -3, -4]"
berolok-olok,-3.2,1.0,"[-3, -3, -3, -4, -4, -1, -4, -4, -4, -2]"
disakiti,-4.0,1.0,"[-4, -4, -4, -4, -4, -4, -4, -4, -4, -4]"
membenci,-4.0,1.0,"[-4, -4, -4, -4, -4, -4, -4, -4, -4, -4]"
berulah,-3.2,1.0,"[-2, -3, -3, -3, -3, -4, -3, -3, -4, -4]"
kekejian,-4.0,1.0,"[-4, -4, -4, -4, -4, -4, -4, -4, -4, -4]"
menggampangkan,-2.4,1.0,"[-2, -3, -3, -2, -2, -1, -2, -2, -4, -3]"
gausa,-2.4,1.0,"[-2, -2, -1, -1, -3, -3, -3, -2, -3, -4]"
kebobrokan,-3.2,1.0,"[-2, -3, -4, -3, -4, -3, -3, -3, -4, -3]"
nyebelin,-3.2,1.0,"[-4, -3, -4, -4, -3, -2, -2, -4, -3, -3]"
bermain-main,-1.6,1.0,"[-1, -1, 0, -2, -2, -3, -2, -2, -2, -1]"
bercumbuan,-2.4,1.0,"[-2, -4, -1, -3, -3, -2, -3, -3, -2, -1]"
cercaan,-3.2,1.0,"[-2, -4, -4, -2, -4, -4, -2, -3, -3, -4]"
ldr,-1.6,1.0,"[-2, -1, -3, -1, -1, -3, 0, -1, -2, -2]"
menangis,-4.0,1.0,"[-4, -4, -4, -4, -4, -4, -4, -4, -4, -4]"
mengerik,-2.4,1.0,"[-3, -3, -3, -1, -2, -2, -4, 0, -3, -3]"
lemes,-2.4,1.0,"[-3, -3, -1, -1, -2, -2, -3, -3, -2, -4]"
jahad,-3.2,1.0,"[-3, -4, -4, -3, -2, -3, -4, -4, -2, -3]"
monyet,-2.4,1.0,"[-3, -2, -2, -4, -3, -1, -2, -2, -1, -4]"
astaghfirullah,-2.4,1.0,"[-4, -2, -2, -1, -2, -4, -2, -4, -2, -1]"
keletihan,-2.4,1.0,"[-3, -1, -2, 0, -2, -2, -3, -3, -4, -4]"
ketiduran,-2.4,1.0,"[-2, -4, -2, -3, -2, -2, -4, -1, -3, -1]"
gapaham,-3.2,1.0,"[-4, -2, -4, -4, -3, -3, -3, -3, -3, -3]"
kelamaan,-3.2,1.0,"[-3, -3, -3, -3, -4, -2, -3, -3, -4, -4]"
punah,-3.2,1.0,"[-4, -2, -3, -4, -4, -4, -2, -3, -4, -2]"
lesu,-3.2,1.0,"[-4, -3, -4, -4, -2, -2, -3, -4, -2, -4]"
ketinggalan,-2.4,1.0,"[-3, -2, -4, -1, -1, -3, -3, -2, -3, -2]"
apasi,-2.4,1.0,"[-2, -3, -3, -3, -1, -3, -3, -3, -2, -1]"
mampus,-4.0,1.0,"[-4, -4, -4, -4, -4, -4, -4, -4, -4, -4]"
keramat,-2.4,1.0,"[-2, -3, -4, -2, -3, -3, -2, -2, -1, -2]"
campur aduk,-1.6,1.0,"[-2, -2, -1, -1, -2, -1, -1, -1, -3, -2]"
soms,-3.2,1.0,"[-3, -3, -4, -3, -4, -3, -3, -3, -2, -4]"
stress,-4.0,1.0,"[-4, -4, -4, -4, -4, -4, -4, -4, -4, -4]"
kemayu,-2.4,1.0,"[-4, -2, -3, -4, -1, -1, -1, -4, -3, -1]"
mencangkum,-2.4,1.0,"[-3, -4, -2, -3, -2, -1, -2, -3, -1, -3]"
berlama-lama,-1.6,1.0,"[-3, -3, -1, -2, -1, -2, -2, -1, -1, 0]"
diginiin,-2.4,1.0,"[-3, -2, -1, -4, -1, -3, -3, -2, -2, -3]"
sihh,-1.6,1.0,"[-1, -3, -3, -2, -2, 0, 0, -2, -2, -1]"
yakali,-2.4,1.0,"[-2, -3, -2, -1, -1, -1, -3, -3, -4, -4]"
sakral,-1.6,1.0,"[-1, -1, 0, -1, -2, -1, -3, -3, -1, -3]"
ngenes,-3.2,1.0,"[-2, -4, -3, -4, -4, -2, -4, -2, -4, -3]"
bertendensi,-2.4,1.0,"[-2, -2, -2, -3, -3, -1, -1, -3, -4, -3]"
kalut,-2.4,1.0,"[-2, -1, -2, -3, -3, -2, -1, -4, -3, -3]"
lenguh,-3.2,1.0,"[-3, -3, -4, -3, -4, -2, -4, -3, -2, -4]"
jahanam,-4.0,1.0,"[-4, -4, -4, -4, -4, -4, -4, -4, -4, -4]"
gangerti,-2.4,1.0,"[-2, -1, -3, -2, -2, -4, -3, -3, -3, -1]"
gegara,-2.4,1.0,"[-2, -2, -2, -2, -1, -3, -3, -3, -4, -2]"
godain,-2.4,1.0,"[-4, 0, -1, -3, -3, -2, -4, -2, -3, -2]"
idiot,-4.0,1.0,"[-4, -4, -4, -4, -4, -4, -4, -4, -4, -4]"
ambigu,-2.4,1.0,"[-2, -3, -4, -4, -1, -1, -3, -1, -3, -2]"
utang,-3.2,1.0,"[-4, -4, -2, -3, -3, -4, -3, -2, -4, -3]"
sialan,-4.0,1.0,"[-4, -4, -4, -4, -4, -4, -4, -4, -4, -4]"
mls,-3.2,1.0,"[-4, -4, -2, -4, -2, -4, -4, -3, -4, -1]"
kesunyian,-2.4,1.0,"[-2, -1, -3, -3, -4, 0, -3, -3, -3, -2]"
kebalik,-2.4,1.0,"[-3, -2, -3, -1, -4, -4, -2, 0, -3, -2]"
amoral,-2.4,1.0,"[-1, -3, -3, -2, -3, -2, -4, -2, -1, -3]"
membekas,-2.4,1.0,"[-1, -2, -4, -3, -3, 0, -4, -4, -2, -1]"
anti,-1.6,1.0,"[-2, -1, -3, -1, 1, -1, -2, -3, -4, 0]"
gabole,-1.6,1.0,"[-1, -1, -1, -2, -2, -3, 0, -2, -2, -2]"
ganggu,-3.2,1.0,"[-2, -4, -4, -3, -3, -3, -4, -3, -2, -4]"
sentimen,-2.4,1.0,"[-3, -3, -1, -2, -4, -3, -1, -2, -2, -3]"
kerelaan,-1.6,1.0,"[-2, -3, 1, -2, -2, -3, 0, -2, -1, -2]"
mulut,-0.8,1.0,"[0, -1, -2, -1, -1, -1, 0, -1, 0, -1]"
boro,-1.6,1.0,"[-1, -2, -3, 0, -3, -2, 0, 0, -2, -3]"
kasam,-2.4,1.0,"[-2, -3, -3, -2, -1, -4, -2, -3, -3, -1]"
kepencet,-1.6,1.0,"[-1, -2, -2, -1, -2, -1, 0, -2, -3, -2]"
bantet,-2.4,1.0,"[-3, -4, -2, -1, -2, -4, -2, -3, -1, -2]"
sin,-0.8,1.0,"[-1, 0, -2, 1, -1, -3, -2, -1, 1, 0]"
kesumat,-3.2,1.0,"[-3, -3, -3, -4, -2, -2, -4, -4, -3, -4]"
bokek,-4.0,1.0,"[-4, -4, -4, -4, -4, -4, -4, -4, -4, -4]"
muncikari,-4.0,1.0,"[-4, -4, -4, -4, -4, -4, -4, -4, -4, -4]"
menipis,-2.4,1.0,"[-3, -3, -1, -1, -1, -2, -3, -4, -2, -4]"
asusila,-4.0,1.0,"[-4, -4, -4, -4, -4, -4, -4, -4, -4, -4]"
menciut,-2.4,1.0,"[-1, -2, -3, -2, -4, -3, -2, -3, -2, -2]"
bengkak hati,-2.4,1.0,"[-2, -2, -3, -2, -2, -2, -2, -2, -4, -3]"
kekosongan,-2.4,1.0,"[-4, -2, -3, -1, -3, -4, -1, -2, -2, -2]"
dendam,-4.0,1.0,"[-4, -4, -4, -4, -4, -4, -4, -4, -4, -4]"
gaenak,-2.4,1.0,"[-2, 0, -3, -3, -1, -2, -4, -2, -4, -3]"
susahnya,-2.4,1.0,"[-2, -3, -1, -2, -4, -3, -2, -2, -3, -2]"
mucikari,-4.0,1.0,"[-4, -4, -4, -4, -4, -4, -4, -4, -4, -4]"
maapkan,-2.4,1.0,"[-2, -4, -1, -4, -3, -3, -2, -2, -2, -1]"
vulgar,-2.4,1.0,"[-3, -3, -3, -3, 0, -4, -3, 0, -3, -2]"
ndut,-3.2,1.0,"[-3, -4, -4, -4, -2, -3, -4, -3, -1, -4]"
menurun,-2.4,1.0,"[-2, -4, -4, -3, -2, -1, -3, -2, -2, -1]"
kehilangan,-3.2,1.0,"[-4, -2, -4, -3, -3, -4, -2, -2, -4, -4]"
kecoa,-2.4,1.0,"[-3, -2, -2, -4, -2, -2, -3, -1, -2, -3]"
pokonya,-1.6,1.0,"[-1, -4, -3, -3, -1, -1, -1, -1, 1, -2]"
gituan,-2.4,1.0,"[-3, -2, -2, -4, -3, -3, -2, -1, -2, -2]"
ratapan,-2.4,1.0,"[-2, -2, -2, -3, -3, -1, -3, -2, -3, -3]"
kesepian,-3.2,1.0,"[-4, -4, -3, -1, -3, -3, -3, -4, -4, -3]"
bersalah,-3.2,1.0,"[-3, -4, -4, -4, -3, -3, -2, -2, -3, -4]"
kampit,-0.8,1.0,"[-1, -2, 0, -2, -2, 1, 0, 0, 0, -2]"
menunggunya,-1.6,1.0,"[-1, -2, -2, -1, -2, -1, 0, -2, -3, -2]"
mendengu,-2.4,1.0,"[-2, 0, -3, -4, -4, -2, -3, -3, -1, -2]"
gaje,-2.4,1.0,"[-1, -3, -1, -2, -2, -2, -3, -2, -4, -4]"
sakitnya,-3.2,1.0,"[-3, -3, -4, -3, -3, -3, -3, -2, -4, -4]"
kesenjangan,-3.2,1.0,"[-3, -4, -3, -4, -2, -3, -4, -2, -3, -4]"
cedih,-2.4,1.0,"[-4, -1, -2, -2, -1, -3, -3, -3, -2, -3]"
menjauhkan,-3.2,1.0,"[-3, -3, -3, -3, -3, -4, -3, -4, -3, -3]"
jijik,-4.0,1.0,"[-4, -4, -4, -4, -4, -4, -4, -4, -4, -4]"
nyakitin,-4.0,1.0,"[-4, -4, -4, -4, -4, -4, -4, -4, -4, -4]"
ngadu,-2.4,1.0,"[-2, -2, -1, -3, -3, -4, -3, -4, 0, -2]"
najis,-3.2,1.0,"[-4, -2, -3, -4, -2, -4, -4, -3, -2, -4]"
kzl,-4.0,1.0,"[-4, -4, -4, -4, -4, -4, -4, -4, -4, -4]"
ego,-2.4,1.0,"[-4, -3, -2, -3, -2, -1, -3, -3, -1, -2]"
geli,-1.6,1.0,"[-3, -2, -2, -1, -2, -2, -3, 0, -1, 0]"
kambing,-2.4,1.0,"[-3, -3, -3, -1, -2, -3, -2, -3, -2, -2]"
diblock,-3.2,1.0,"[-4, -3, -3, -2, -4, -3, -3, -3, -4, -3]"
crash,-3.2,1.0,"[-4, -3, -3, -3, -4, -4, -3, -4, -1, -3]"
menyampah,-3.2,1.0,"[-4, -1, -3, -3, -3, -3, -4, -4, -4, -3]"
maruk,-2.4,1.0,"[-2, -2, -2, -3, -4, -3, -2, -2, -2, -2]"
abaikan,-1.6,1.0,"[-2, -2, -1, -2, -1, -2, -2, -2, -2, 0]"
ninggalin,-3.2,1.0,"[-3, -4, -3, -4, -4, -4, -3, -3, -3, -1]"
otaknya,-1.6,1.0,"[0, -2, -3, -1, 0, -2, -3, -2, 0, -3]"
renggang,-2.4,1.0,"[-2, -4, -1, -2, -4, 0, -2, -3, -3, -3]"
amarah,-4.0,1.0,"[-4, -4, -4, -4, -4, -4, -4, -4, -4, -4]"
meradang,-3.2,1.0,"[-4, -2, -4, -3, -3, -2, -3, -4, -4, -3]"
buangan,-3.2,1.0,"[-2, -3, -3, -3, -4, -3, -4, -4, -3, -3]"
nyangka,-2.4,1.0,"[-3, -3, -4, -2, -3, -2, -1, -2, -2, -2]"
dilupain,-3.2,1.0,"[-3, -4, -4, -4, -2, -3, -4, -4, -2, -2]"
kebo,-3.2,1.0,"[-4, -3, -2, -2, -4, -4, -4, -3, -2, -4]"
nyasar,-3.2,1.0,"[-2, -3, -3, -4, -4, -4, -3, -2, -3, -4]"
terungkap,-2.4,1.0,"[-1, -2, -4, -3, -3, -3, -1, -3, -2, -2]"
bocor,-3.2,1.0,"[-3, -2, -4, -3, -3, -4, -3, -3, -4, -3]"
terekspos,-3.2,1.0,"[-4, -3, -2, -4, -3, -2, -4, -3, -3, -4]"
mengusai,-1.6,1.0,"[-2, 0, -2, -1, 1, -3, -3, -2, -2, -2]"
pensiun,-2.4,1.0,"[-3, -3, -2, -3, -2, -3, -3, -1, -2, -2]"
dibully,-4.0,1.0,"[-4, -4, -4, -4, -4, -4, -4, -4, -4, -4]"
kontol,-4.0,1.0,"[-4, -4, -4, -4, -4, -4, -4, -4, -4, -4]"
mimpiin,-1.6,1.0,"[-2, -2, -2, -2, -1, -3, -1, -1, 0, -2]"
susila,-1.6,1.0,"[0, -1, -2, -2, -2, -3, -2, -1, -2, -1]"
begadang,-2.4,1.0,"[-1, -2, -2, -3, -2, -3, -2, -2, -4, -3]"
eks,-2.4,1.0,"[-4, -1, -2, -3, -3, -2, -2, -4, -2, -1]"
mudarat,-4.0,1.0,"[-4, -4, -4, -4, -4, -4, -4, -4, -4, -4]"
delete,-2.4,1.0,"[-4, -2, -3, 0, -4, -2, -2, -4, -1, -2]"
cerewet,-4.0,1.0,"[-4, -4, -4, -4, -4, -4, -4, -4, -4, -4]"
patah,-3.2,1.0,"[-3, -4, -3, -4, -4, -4, -2, -3, -4, -1]"
jerawat,-2.4,1.0,"[-3, -4, -2, -3, -1, -4, -1, -1, -4, -1]"
bawel,-3.2,1.0,"[-4, -3, -4, -4, -2, -3, -4, -4, -2, -2]"
teganya,-3.2,1.0,"[-4, -3, -3, -3, -4, -1, -4, -3, -3, -4]"
menghilang,-2.4,1.0,"[-1, -4, -3, -2, -1, -2, -4, -2, -2, -3]"
hamburan,-2.4,1.0,"[-3, -2, -3, -3, -1, -2, -2, -2, -3, -3]"
rongsokan,-2.4,1.0,"[-2, -3, -4, -2, -3, -2, -2, -1, -3, -2]"
mencret,-3.2,1.0,"[-3, -2, -3, -3, -4, -2, -4, -4, -3, -4]"
mamam,-2.4,1.0,"[-3, -3, -3, -2, -3, -2, -1, -1, -2, -4]"
iluminasi,-2.4,1.0,"[-3, -3, -2, -2, -2, -1, -4, -2, -2, -3]"
selingkuhan,-4.0,1.0,"[-4, -4, -4, -4, -4, -4, -4, -4, -4, -4]"
jones,-2.4,1.0,"[-3, -3, -1, -2, -2, -4, -3, -3, -1, -2]"
banyak bicara,-2.4,1.0,"[-2, -3, -3, -1, -3, -3, -1, -3, -3, -2]"
hapus,-2.4,1.0,"[-2, -4, -2, -3, -3, -4, -3, 0, -2, -1]"
mantan,-2.4,1.0,"[-4, -3, -2, -3, -2, -2, -2, -2, -2, -2]"
iseng,-2.4,1.0,"[-2, -2, -4, -1, -3, -4, -3, -1, -3, -1]"
zakar,-2.4,1.0,"[-1, -3, -3, -2, -3, -2, -2, -3, -4, -1]"
air liur,-1.6,1.0,"[-3, -1, -1, -2, -1, -1, -3, -3, -1, 0]"
berengsek,-4.0,1.0,"[-4, -4, -4, -4, -4, -4, -4, -4, -4, -4]"
laporin,-2.4,1.0,"[-1, -2, -4, -3, -1, -3, -4, -3, -3, 0]"
pelecehan,-4.0,1.0,"[-4, -4, -4, -4, -4, -4, -4, -4, -4, -4]"
berenti,-2.4,1.0,"[-2, -2, -4, -1, -3, -3, -2, -3, -2, -2]"
syahwat,-1.6,1.0,"[-1, -1, -3, -1, -1, -2, -2, -1, -2, -2]"
tinggikan,-1.6,1.0,"[-2, -1, 0, -2, -3, 0, -2, -3, -2, -1]"
nyinyir,-3.2,1.0,"[-4, -2, -4, -4, -4, -2, -4, -3, -4, -1]"
bercerai-berai,-4.0,1.0,"[-4, -4, -4, -4, -4, -4, -4, -4, -4, -4]"
igau,-2.4,1.0,"[-3, -3, -1, -2, -2, -4, -2, -1, -3, -3]"
kenapasih,-2.4,1.0,"[-3, -1, -2, -2, -3, -3, -1, -2, -3, -4]"
nyesek,-3.2,1.0,"[-4, -3, -4, -3, -2, -2, -4, -3, -3, -4]"
anjay,-2.4,1.0,"[-3, -4, -2, -2, -2, -2, 0, -3, -2, -4]"
penyumbat,-2.4,1.0,"[-1, -1, -4, -4, -3, -3, -1, -4, -1, -2]"
ucek,-2.4,1.0,"[-2, -2, -4, -4, -2, -1, -3, -2, -3, -1]"
tersingkap,-2.4,1.0,"[-3, -4, -2, -3, 0, -3, -3, -3, -1, -2]"
balesnya,-1.6,1.0,"[-2, -3, -3, -3, 1, -1, 0, -3, -1, -1]"
pantesan,-1.6,1.0,"[0, -1, -4, -1, 1, -1, -3, -2, -3, -2]"
erotis,-3.2,1.0,"[-3, -3, -4, -4, -4, -4, -2, -2, -3, -3]"
curi,-4.0,1.0,"[-4, -4, -4, -4, -4, -4, -4, -4, -4, -4]"
beperkara,-3.2,1.0,"[-4, -4, -3, -3, -3, -3, -4, -2, -3, -3]"
kutuk,-4.0,1.0,"[-4, -4, -4, -4, -4, -4, -4, -4, -4, -4]"
hilang ingatan,-3.2,1.0,"[-2, -4, -2, -3, -4, -2, -4, -3, -4, -4]"
anjuran,-1.6,1.0,"[-2, 0, -2, -2, -2, -2, -3, -1, -1, -1]"
buah bibir,-1.6,1.0,"[-1, 0, -4, -2, -1, -1, -3, -1, -1, -2]"
teriak,-1.6,1.0,"[-3, -2, -1, -4, -1, 0, -1, 0, -2, -2]"
mengerem,-1.6,1.0,"[-1, -1, 1, -2, -2, -2, -3, -2, -3, -1]"
tiri,-1.6,1.0,"[0, -1, -2, -1, -3, -3, 0, -1, -4, -1]"
kerut merut,-2.4,1.0,"[-3, -1, -4, -3, -2, -3, -2, -2, -2, -2]"
rabies,-3.2,1.0,"[-3, -4, -2, -3, -3, -4, -3, -4, -3, -3]"
teriakan,-3.2,1.0,"[-3, -2, -4, -4, -3, -4, -3, -4, -2, -3]"
mengutil,-3.2,1.0,"[-4, -2, -2, -4, -4, -4, -2, -3, -4, -3]"
keteledoran,-3.2,1.0,"[-4, -3, -4, -4, -2, -4, -3, -2, -3, -3]"
menjarah,-3.2,1.0,"[-3, -4, -4, -3, -3, -2, -3, -4, -4, -2]"
menjarak,-2.4,1.0,"[-3, -3, -2, 0, -2, -1, -4, -3, -2, -4]"
paksa,-3.2,1.0,"[-2, -3, -3, -3, -4, -2, -4, -4, -3, -4]"
relung,-1.6,1.0,"[0, -1, -1, -1, -3, -2, -1, -4, -1, -2]"
heula,-1.6,1.0,"[0, -2, -2, -2, -2, -1, -2, -2, -1, -2]"
atut,-1.6,1.0,"[-1, -2, -1, 0, -1, -3, -1, -3, -3, -1]"
perpegangan,-1.6,1.0,"[-3, -3, -2, -1, -3, -1, 0, -1, -2, 0]"
congkel,-3.2,1.0,"[-3, -4, -4, -4, -3, -3, -2, -4, -2, -3]"
keinget,-1.6,1.0,"[-2, -2, 0, -3, -1, -1, -2, -2, -3, 0]"
membanding,-2.4,1.0,"[-1, -4, -2, -2, -2, -3, -3, -4, -2, -1]"
gempal,-1.6,1.0,"[-2, -2, -2, -1, 2, -3, -2, -2, -2, -2]"
menghambat,-2.4,1.0,"[-4, -2, -2, -1, -3, -1, -2, -3, -3, -3]"
menyakitkan,-3.2,1.0,"[-3, -4, -3, -3, -4, -3, -3, -2, -3, -4]"
asam,-1.6,1.0,"[-1, -1, -4, -2, -2, -1, -2, -1, 0, -2]"
mengaur,-2.4,1.0,"[-2, -1, -4, -4, -3, -2, -1, -2, -3, -2]"
traumatis,-3.2,1.0,"[-4, -3, -3, -4, -4, -3, -2, -3, -4, -2]"
pingsan,-2.4,1.0,"[-3, -2, -3, -3, -1, -2, -2, -2, -4, -2]"
latihan,-1.6,1.0,"[-1, -2, -2, -3, -1, 0, -2, -1, -3, -1]"
mengekang,-3.2,1.0,"[-3, -4, -3, -3, -4, -4, -2, -2, -4, -3]"
mencomot,-3.2,1.0,"[-4, -3, -4, -4, -3, -3, -2, -3, -4, -2]"
tembak-menembak,-4.0,1.0,"[-4, -4, -4, -4, -4, -4, -4, -4, -4, -4]"
ngamen,-2.4,1.0,"[-1, -3, -4, -2, -3, -1, -3, -2, -3, -2]"
tenggelem,-2.4,1.0,"[-2, -2, -4, -3, -2, -3, -2, -2, -2, -2]"
genangan,-1.6,1.0,"[-1, -2, -1, -3, -1, -4, -2, 0, -1, -1]"
menderita,-4.0,1.0,"[-4, -4, -4, -4, -4, -4, -4, -4, -4, -4]"
nyamuk,-0.8,1.0,"[-1, -1, 1, -2, 0, 0, -1, -1, -2, -1]"
dibuang,-2.4,1.0,"[-2, -3, -2, -3, -2, -2, -3, -3, -3, -1]"
bad,-3.2,1.0,"[-4, -4, -2, -3, -4, -2, -4, -2, -4, -3]"
menanggung,-1.6,1.0,"[-2, -1, 0, -3, -2, -1, -3, -1, 0, -3]"
gatal,-2.4,1.0,"[-1, -1, -2, -3, -3, -3, -2, -3, -3, -3]"
seram,-3.2,1.0,"[-2, -3, -3, -4, -3, -4, -4, -4, -3, -2]"
jleb,-2.4,1.0,"[-1, -2, -4, -3, -3, -2, -4, -3, 0, -2]"
pemisah,-2.4,1.0,"[-4, -3, -1, -2, -2, -2, -2, -3, -1, -4]"
idih,-2.4,1.0,"[-3, -2, -3, 0, -1, -3, -4, -3, -1, -4]"
memperbandingkan,-2.4,1.0,"[-2, -3, -3, -4, 0, -3, -3, -2, -3, -1]"
badung,-3.2,1.0,"[-4, -3, -3, -4, -4, -4, -3, -2, -1, -4]"
blokir,-2.4,1.0,"[-3, -3, -3, -2, -2, -3, -3, -1, -3, -1]"
perkutut,-2.4,1.0,"[-2, -1, -4, -3, -3, -1, -3, -1, -4, -2]"
ngeri,-3.2,1.0,"[-4, -2, -4, -3, -3, -3, -3, -2, -4, -4]"
egois,-4.0,1.0,"[-4, -4, -4, -4, -4, -4, -4, -4, -4, -4]"
kubang,-2.4,1.0,"[-3, -1, -2, -4, -1, -1, -4, -4, -1, -3]"
abg,-1.6,1.0,"[-4, -1, 0, 0, -4, -2, -1, -1, -1, -2]"
meninggi,-1.6,1.0,"[-2, -2, -3, 1, -1, -2, -1, -3, -1, -2]"
hama,-2.4,1.0,"[-4, -2, -2, -1, -4, -3, -1, -1, -3, -3]"
hambat,-3.2,1.0,"[-4, -4, -4, -4, -2, -3, -3, -3, -2, -3]"
digituin,-1.6,1.0,"[-2, -2, -2, -2, 0, -1, -4, 0, -1, -2]"
nyariin,-1.6,1.0,"[-2, -2, 0, -3, -1, -1, -2, -3, -1, -1]"
ngarep,-1.6,1.0,"[-2, -2, -1, -2, 0, 0, -2, -1, -3, -3]"
ngeluh,-3.2,1.0,"[-2, -3, -3, -4, -3, -4, -3, -3, -3, -4]"
sisa,-3.2,1.0,"[-2, -4, -4, -3, -4, -2, -3, -4, -2, -4]"
dimakan,-1.6,1.0,"[-2, -1, -2, -2, -2, -1, -3, 0, 0, -3]"
menggelapkan,-3.2,1.0,"[-4, -4, -4, -2, -3, -2, -3, -4, -4, -2]"
bolong,-2.4,1.0,"[0, -2, -3, -3, 0, -2, -4, -3, -4, -3]"
merinding,-2.4,1.0,"[-2, -3, -4, -2, -3, -1, -2, -2, -2, -3]"
rinding,-2.4,1.0,"[-2, -2, -4, -2, -2, -2, -4, -1, -2, -3]"
tembam,-3.2,1.0,"[-3, -2, -4, -4, -2, -3, -3, -4, -3, -4]"
tersentuh,-1.6,1.0,"[-2, -2, -1, -1, -2, -2, -2, -1, -1, -2]"
kontaminasi,-3.2,1.0,"[-2, -3, -4, -4, -3, -4, -3, -4, -3, -2]"
hate,-4.0,1.0,"[-4, -4, -4, -4, -4, -4, -4, -4, -4, -4]"
dalem,-1.6,1.0,"[-2, 0, -4, -3, -1, -2, -1, -2, 0, -1]"
salahku,-3.2,1.0,"[-4, -3, -3, -4, -4, -4, -3, -3, -2, -2]"
kelembaman,-2.4,1.0,"[-4, -3, -3, -2, -4, -1, -1, -2, -1, -3]"
tempik,-3.2,1.0,"[-4, -2, -2, -3, -3, -3, -4, -4, -4, -3]"
tendang,-2.4,1.0,"[-3, -2, -4, -1, -1, -1, -3, -4, -2, -3]"
penghabisan,-2.4,1.0,"[-3, -1, -4, -3, -2, -3, -4, 0, -3, -1]"
desah,-2.4,1.0,"[-1, -1, -1, -2, -3, -4, -3, -2, -4, -3]"
cuekin,-2.4,1.0,"[-3, -3, -1, -4, -3, -2, -1, -3, -2, -2]"
pikun,-3.2,1.0,"[-3, -4, -3, -4, -4, -3, -3, -4, -3, -1]"
kelu,-2.4,1.0,"[-3, -3, -2, -2, -1, -3, -4, -2, -2, -2]"
tinggalkan,-2.4,1.0,"[-3, -2, -3, -3, -2, -1, -1, -4, -2, -3]"
miris,-3.2,1.0,"[-3, -4, -4, -2, -4, -3, -2, -3, -3, -4]"
typonya,-2.4,1.0,"[-3, -3, -3, -2, -4, -2, -2, -1, -2, -2]"
berburu,-2.4,1.0,"[-3, -4, -2, -1, -2, -1, -3, -3, -2, -3]"
merampok,-4.0,1.0,"[-4, -4, -4, -4, -4, -4, -4, -4, -4, -4]"
ringkus,-4.0,1.0,"[-4, -4, -4, -4, -4, -4, -4, -4, -4, -4]"
membesar,-1.6,1.0,"[-3, -1, -1, -3, -2, -2, -1, -2, 0, -1]"
diketawain,-3.2,1.0,"[-3, -3, -4, -2, -4, -3, -4, -3, -3, -3]"
nyeri,-3.2,1.0,"[-3, -4, -3, -4, -4, -3, -3, -2, -2, -4]"
hack,-3.2,1.0,"[-4, -3, -3, -4, -3, -3, -2, -3, -3, -4]"
terminasi,-2.4,1.0,"[-4, 0, -4, -3, -3, -2, -2, -2, -2, -2]"
sedih,-4.0,1.0,"[-4, -4, -4, -4, -4, -4, -4, -4, -4, -4]"
henti,-3.2,1.0,"[-4, -3, -2, -3, -4, -2, -3, -3, -4, -4]"
melupai diri,-2.4,1.0,"[-3, -3, -2, -2, -2, -2, -3, -2, -3, -2]"
pengeluaran,-2.4,1.0,"[-3, -3, -3, -2, -2, -2, -1, -4, -1, -3]"
dikangenin,-1.6,1.0,"[-2, -3, -1, 0, -1, -1, -4, 1, -3, -2]"
gapuk,-2.4,1.0,"[-2, -1, -3, -1, -4, -4, -3, -2, -3, -1]"
membendung,-2.4,1.0,"[-3, -1, -2, -3, -3, -1, -2, -1, -4, -4]"
nyerah,-2.4,1.0,"[-3, -1, -2, -2, -2, -2, -3, -3, -3, -3]"
merebut,-2.4,1.0,"[-2, -3, 0, -2, -3, -4, -4, -3, -2, -1]"
edan,-2.4,1.0,"[-4, -1, -3, -3, -3, -1, -3, -2, -2, -2]"
jerit,-2.4,1.0,"[-1, -3, -4, -2, -3, -2, -2, -2, -3, -2]"
merampas,-3.2,1.0,"[-4, -4, -4, -4, -4, -1, -2, -4, -4, -1]"
nabrak,-3.2,1.0,"[-2, -4, -4, -4, -2, -3, -2, -4, -4, -3]"
menilap,-3.2,1.0,"[-3, -2, -2, -4, -4, -4, -4, -3, -3, -3]"
pekik,-4.0,1.0,"[-4, -4, -4, -4, -4, -4, -4, -4, -4, -4]"
ngiler,-2.4,1.0,"[-2, -2, -4, -2, -4, -2, -3, 0, -3, -2]"
maghrib,-1.6,1.0,"[-2, -2, -3, -2, -1, 0, -1, -1, -3, -1]"
mencatut,-2.4,1.0,"[-2, -3, -3, -3, -1, -1, -3, -3, -3, -2]"
mencaplok,-2.4,1.0,"[-2, -2, -4, -1, -3, -4, -3, -1, -2, -2]"
rindunya,-1.6,1.0,"[-2, -4, -2, -2, 0, -1, 0, -2, -2, -1]"
ingetin,-1.6,1.0,"[-1, -2, -1, -2, -2, -2, -2, 0, -3, -1]"
membopong,-2.4,1.0,"[-2, -2, -3, -2, -4, -1, -2, -3, -3, -2]"
seksi,-2.4,1.0,"[-2, -4, -3, -2, -3, -2, -2, -3, -1, -2]"
addict,-2.4,1.0,"[-2, -2, -2, -4, -1, -2, -3, -4, -4, 0]"
fail,-4.0,1.0,"[-4, -4, -4, -4, -4, -4, -4, -4, -4, -4]"
kepindahan,-2.4,1.0,"[-3, -3, -1, -2, -2, -1, -4, -2, -2, -4]"
duet,-1.6,1.0,"[-1, -1, -1, -2, -1, -3, -2, -1, -2, -2]"
guram,-1.6,1.0,"[-4, -2, -2, -1, 0, -4, -1, 1, -2, -1]"
diusir,-3.2,1.0,"[-2, -1, -4, -4, -3, -4, -3, -3, -4, -4]"
mewek,-4.0,1.0,"[-4, -4, -4, -4, -4, -4, -4, -4, -4, -4]"
unmood,-2.4,1.0,"[-1, -3, -1, -2, -2, -3, -2, -3, -3, -4]"
membekap,-2.4,1.0,"[-3, -4, -2, -3, -3, -1, -3, 0, -2, -3]"
ejekan,-3.2,1.0,"[-4, -4, -4, -2, -4, -4, -3, -1, -3, -3]"
bajak,-3.2,1.0,"[-4, -2, -3, -2, -4, -4, -3, -3, -3, -4]"
week,-3.2,1.0,"[-4, -2, -4, -3, -3, -4, -2, -4, -4, -2]"
menggodai,-2.4,1.0,"[-3, -4, -2, 0, -3, -3, -3, 0, -4, -2]"
gajih,-1.6,1.0,"[-2, -1, -2, -1, -2, -2, 0, -1, -2, -3]"
ketinggian,-1.6,1.0,"[-1, -2, -1, -1, -2, -1, -1, -3, -2, -2]"
bolos,-2.4,1.0,"[-2, -3, -3, -2, -2, -3, -3, -1, -2, -3]"
pengguguran,-2.4,1.0,"[-3, -2, -2, -1, -2, -4, -2, -3, -3, -2]"
olok-olok,-4.0,1.0,"[-4, -4, -4, -4, -4, -4, -4, -4, -4, -4]"
mantannya,-2.4,1.0,"[0, -2, -2, -2, -4, -3, -4, -2, -4, -1]"
mengumbar,-2.4,1.0,"[-2, -3, -3, -3, -4, -2, -2, -1, -3, -1]"
krg,-1.6,1.0,"[-2, -1, -2, 0, -1, -1, -3, -1, -4, -1]"
berkabut,-2.4,1.0,"[-1, -3, -3, -4, -1, -2, -3, -3, -3, -1]"
layuh,-2.4,1.0,"[-2, -2, -3, -2, 0, -4, -3, -2, -4, -2]"
kelainan,-3.2,1.0,"[-2, -4, -2, -4, -2, -3, -3, -4, -4, -4]"
unfollow,-1.6,1.0,"[-3, -2, 0, -2, -3, -1, -1, -2, 0, -2]"
risiko,-2.4,1.0,"[-2, -1, -2, -2, -4, -3, -3, -3, -2, -2]"
kedinginan,-2.4,1.0,"[-3, -3, -2, -1, -3, -1, -2, -2, -3, -4]"
ancaman,-3.2,1.0,"[-3, -3, -2, -2, -4, -4, -4, -3, -3, -4]"
batuk,-3.2,1.0,"[-3, -3, -3, -4, -4, -4, -2, -4, -4, -1]"
sembarangan,-3.2,1.0,"[-4, -3, -3, -4, -3, -1, -3, -4, -3, -4]"
ngadepin,-1.6,1.0,"[-2, -1, -3, 0, -1, -1, -1, -3, -2, -2]"
tumben,-1.6,1.0,"[-1, -1, -2, -2, -3, -1, -3, -1, -1, -1]"
kurusuhan,-3.2,1.0,"[-3, -3, -4, -3, -3, -3, -3, -3, -3, -4]"
sindiran,-2.4,1.0,"[-3, -2, -3, -3, -2, -2, 0, -4, -3, -2]"
redup,-2.4,1.0,"[-3, -3, -2, -2, -2, -2, -3, -1, -2, -4]"
kentut,-1.6,1.0,"[-1, -3, -2, 0, -2, 1, -2, -3, -2, -2]"
mainin,-1.6,1.0,"[-1, -1, -2, -1, -1, -2, -1, -3, -1, -3]"
musuhan,-3.2,1.0,"[-4, -4, -3, -4, -3, -3, -4, -1, -3, -3]"
qada,-1.6,1.0,"[-2, -2, -1, -2, -2, -1, -4, -1, -2, 1]"
gabakal,-3.2,1.0,"[-3, -3, -3, -4, -4, -4, -3, -1, -3, -4]"
abu-abu,-1.6,1.0,"[-1, 0, -2, 0, -4, -2, -3, -1, -2, -1]"
hoax,-4.0,1.0,"[-4, -4, -4, -4, -4, -4, -4, -4, -4, -4]"
emergensi,-3.2,1.0,"[-4, -2, -4, -4, -3, -4, -4, -1, -2, -4]"
seenaknya,-3.2,1.0,"[-4, -3, -2, -4, -4, -2, -3, -2, -4, -4]"
muak,-4.0,1.0,"[-4, -4, -4, -4, -4, -4, -4, -4, -4, -4]"
mual,-4.0,1.0,"[-4, -4, -4, -4, -4, -4, -4, -4, -4, -4]"
acak-acakan,-4.0,1.0,"[-4, -4, -4, -4, -4, -4, -4, -4, -4, -4]"
close,-1.6,1.0,"[-1, -2, -3, 0, 0, -2, -2, -3, -1, -2]"
tbc,-2.4,1.0,"[-2, -2, -4, -3, -2, -2, -4, -2, -1, -2]"
shy,-2.4,1.0,"[-4, -2, -2, -2, -2, -2, -2, -1, -4, -3]"
paranormal,-1.6,1.0,"[-3, 0, -3, -2, -1, 0, -1, -2, -1, -3]"
demo,-2.4,1.0,"[-3, -2, -2, -4, -3, -2, -2, -3, -3, 0]"
lost,-2.4,1.0,"[-2, -3, 0, -3, -3, -1, -3, -3, -3, -3]"
gangguin,-2.4,1.0,"[-2, -4, -4, -2, -3, -2, -3, 0, -2, -2]"
melankolis,-1.6,1.0,"[-1, -3, -2, -3, 0, 0, -2, 0, -2, -3]"
kabut,-1.6,1.0,"[0, -4, -2, 1, -2, -2, -1, -1, -3, -2]"
kabur,-1.6,1.0,"[-1, -2, -3, -3, -2, 0, 0, 0, -2, -3]"
protes,-2.4,1.0,"[-2, -2, -1, -2, -3, -4, -3, -2, -3, -2]"
melupakanmu,-2.4,1.0,"[-1, -2, -2, -3, -3, -3, -2, -3, -3, -2]"
jealous,-2.4,1.0,"[-2, -2, -2, -1, -2, -4, -1, -3, -3, -4]"
ketularan,-3.2,1.0,"[-3, -4, -3, -3, -3, -2, -4, -4, -3, -3]"
grogi,-3.2,1.0,"[-4, -4, -3, -4, -1, -3, -3, -3, -3, -4]"
keburukan,-4.0,1.0,"[-4, -4, -4, -4, -4, -4, -4, -4, -4, -4]"
batuk kering,-2.4,1.0,"[-3, -4, -1, -1, -2, -3, -3, -1, -4, -2]"
tauk,-2.4,1.0,"[-1, -3, -2, -4, -2, -3, 0, -4, -2, -3]"
malapateka,-2.4,1.0,"[-2, -2, -2, -3, -3, -3, -2, -2, -1, -4]"
membolos,-2.4,1.0,"[-2, -4, -2, -3, -2, -2, -2, -2, -2, -3]"
kegedean,-1.6,1.0,"[-3, -1, -3, -1, -1, -3, 0, -2, -1, -1]"
muram,-3.2,1.0,"[-2, -4, -4, -4, -4, -4, -2, -2, -2, -4]"
sotoy,-3.2,1.0,"[-4, -2, -4, -2, -4, -4, -3, -3, -3, -3]"
ampuni,-1.6,1.0,"[0, 0, -1, -3, -3, -3, 0, -3, -2, -1]"
derai,-2.4,1.0,"[-3, -1, -3, -3, -3, -3, 1, -3, -2, -4]"
nyalahin,-3.2,1.0,"[-2, -4, -2, -4, -2, -4, -3, -4, -3, -4]"
mafia,-4.0,1.0,"[-4, -4, -4, -4, -4, -4, -4, -4, -4, -4]"
enek,-3.2,1.0,"[-4, -4, -2, -3, -3, -4, -1, -4, -4, -3]"
gaakan,-1.6,1.0,"[-2, -1, -3, -3, -1, -3, -1, -2, 0, 0]"
keterlaluan,-4.0,1.0,"[-4, -4, -4, -4, -4, -4, -4, -4, -4, -4]"
penutupan,-1.6,1.0,"[-2, -4, 1, -1, -1, -3, -1, -3, -1, -1]"
kecelakaan,-4.0,1.0,"[-4, -4, -4, -4, -4, -4, -4, -4, -4, -4]"
kolera,-3.2,1.0,"[-3, -4, -3, -4, -4, -1, -1, -4, -4, -4]"
ganjal,-2.4,1.0,"[-2, -1, -3, -2, -2, -3, -2, -3, -2, -4]"
guncangan,-1.6,1.0,"[-1, -2, -2, 0, 0, -2, -3, -3, 1, -4]"
tandanya,-1.6,1.0,"[-3, -1, 0, -3, -2, -2, -2, 0, -2, -1]"
sogok,-3.2,1.0,"[-4, -4, -4, -2, -1, -3, -4, -3, -3, -4]"
penyimpangan,-3.2,1.0,"[-3, -3, -4, -4, -4, -4, -2, -2, -3, -3]"
bhay,-2.4,1.0,"[-4, -4, -3, -3, 0, -2, -2, -3, -2, -1]"
bersimbah,-2.4,1.0,"[-2, -2, -4, -4, -1, -3, 0, -2, -3, -3]"
saum,-1.6,1.0,"[-2, -2, -1, -1, -1, -2, -2, -2, -1, -2]"
cacing karawit,-2.4,1.0,"[-2, -4, -3, -2, -4, -2, -3, -1, 0, -3]"
ringkas,-1.6,1.0,"[-1, -1, -2, -2, -1, -2, -2, -2, -2, -1]"
yalord,-1.6,1.0,"[-3, -1, 1, 0, -3, -3, -2, -3, -2, 0]"
cemeti dewa,-1.6,1.0,"[-3, 0, -3, -2, -2, 0, -1, -2, -2, -1]"
nyesal,-3.2,1.0,"[-3, -4, -3, -3, -2, -4, -4, -4, -4, -1]"
narkotika,-3.2,1.0,"[-1, -4, -4, -3, -4, -4, -3, -4, -2, -3]"
syedi,-3.2,1.0,"[-3, -4, -1, -3, -4, -4, -3, -3, -4, -3]"
standar,-1.6,1.0,"[1, -3, -3, -4, -1, -1, -1, -2, -1, -1]"
bangett,-1.6,1.0,"[-3, -2, 0, -1, -2, 0, -2, -2, -2, -2]"
beud,-1.6,1.0,"[-3, -1, -1, -2, -2, -1, -1, -2, -1, -2]"
cabean,-2.4,1.0,"[0, -4, -2, -2, -3, -3, -3, -2, -3, -2]"
tiduran,-1.6,1.0,"[-1, -2, -2, 0, -2, -1, -1, -1, -2, -4]"
menyunu,-1.6,1.0,"[0, -3, -1, -3, -1, -2, -2, -1, -2, -1]"
senengnya,-0.8,1.0,"[-2, 0, 0, 1, 1, -2, -1, -2, -2, -1]"
kuyup,-2.4,1.0,"[-3, -2, -2, -2, 0, -3, -2, -3, -4, -3]"
berkelir,-2.4,1.0,"[-4, -2, 0, -4, -3, 0, -4, -1, -3, -3]"
menata,-1.6,1.0,"[0, -1, -2, -3, -2, -3, 0, -2, 0, -3]"
gundik,-1.6,1.0,"[-2, -3, -2, -1, -1, -2, -1, -2, 0, -2]"
terluka,-4.0,1.0,"[-4, -4, -4, -4, -4, -4, -4, -4, -4, -4]"
belia,-1.6,1.0,"[-2, -1, -2, -4, 0, -1, -2, -1, -1, -2]"
albumnya,-1.6,1.0,"[-1, -3, -2, -1, -2, -1, 0, -1, -4, -1]"
kesibukan,-2.4,1.0,"[-4, -3, -3, 0, -2, -2, -3, -4, -1, -2]"
mengasuh,-1.6,1.0,"[-3, -2, -1, 0, -2, -2, -1, -2, -2, -1]"
alah,-3.2,1.0,"[-3, -3, -4, -4, -2, -3, -4, -2, -4, -3]"
hadeh,-3.2,1.0,"[-3, -3, -4, -2, -4, -4, -3, -2, -4, -3]"
seenak,-3.2,1.0,"[-3, -3, -2, -4, -4, -3, -3, -3, -4, -3]"
udeh,-2.4,1.0,"[-2, -4, -2, -1, -2, -2, -2, -3, -2, -4]"
tergeluncur,-2.4,1.0,"[-3, 0, -2, -1, -3, -3, -3, -1, -4, -4]"
remaja,-1.6,1.0,"[-1, -2, -2, -2, 0, -2, -1, 0, -3, -3]"
image,-1.6,1.0,"[-3, -3, -1, -4, -1, -1, 0, -1, -1, -1]"
bawain,-2.4,1.0,"[-2, -2, -1, -2, -4, -2, -1, -3, -4, -3]"
puasa,-1.6,1.0,"[0, -2, -2, 0, -2, -1, -1, -2, -3, -3]"
berkerut,-1.6,1.0,"[0, -3, -3, -2, 0, -2, -1, -1, -1, -3]"
cacing jantung,-3.2,1.0,"[-3, -4, -3, -2, -4, -2, -4, -4, -2, -4]"
cacing ginjal,-3.2,1.0,"[-3, -4, -4, -2, -2, -3, -4, -3, -4, -3]"
brutal,-4.0,1.0,"[-4, -4, -4, -4, -4, -4, -4, -4, -4, -4]"
hamster,-2.4,1.0,"[-3, -2, -1, -3, -2, -3, -3, -3, -3, -1]"
diajarin,-2.4,1.0,"[-4, -3, -1, -4, -2, -3, -1, -4, 0, -2]"
luda,-2.4,1.0,"[-2, -2, -2, -2, -3, -1, -4, -3, -2, -3]"
giniin,-1.6,1.0,"[-2, -4, -3, 0, -1, -2, -1, 0, 0, -3]"
tetiba,-2.4,1.0,"[-1, -4, -2, -2, -1, -2, -2, -3, -4, -3]"
beginian,-2.4,1.0,"[-2, -3, -2, -3, -3, -2, -2, -3, -3, -1]"
menebat,-2.4,1.0,"[-3, -2, -2, -1, -3, -3, -3, -1, -2, -4]"
amatin,-1.6,1.0,"[-2, -1, -1, -1, 0, -2, -2, -3, -2, -2]"
diliatin,-2.4,1.0,"[-3, -1, -4, -2, -3, -2, -2, -2, -3, -2]"
cacing gilig,-3.2,1.0,"[-2, -4, -3, -3, -4, -4, -4, -3, -2, -3]"
memperapikan,-1.6,1.0,"[-1, -2, -1, -1, -2, -1, -3, -1, -2, -2]"
senonoh,-4.0,1.0,"[-4, -4, -4, -4, -4, -4, -4, -4, -4, -4]"
garuk,-2.4,1.0,"[-1, -3, -2, -3, -2, -4, -2, -2, -4, -1]"
bisain,-1.6,1.0,"[0, -1, -1, -3, -1, -2, -2, -2, -2, -2]"
timang,-0.8,1.0,"[0, -2, -2, -1, 1, -1, 0, -1, 0, -2]"
insane,-3.2,1.0,"[-3, -3, -4, -3, -2, -4, -4, -4, -3, -2]"
sambel,-1.6,1.0,"[-1, 0, 0, -2, 0, -2, -2, -2, -3, -4]"
gjd,-2.4,1.0,"[-2, -3, -4, -1, -3, -2, -3, -3, -2, -1]"
kemaluan,-2.4,1.0,"[-3, -2, -4, -3, -2, -2, -2, -3, -1, -2]"
kualat,-3.2,1.0,"[-4, -2, -2, -3, -4, -2, -4, -4, -3, -4]"
terselulur,-1.6,1.0,"[0, -3, -1, 0, -2, -2, -2, -3, -1, -2]"
penyakit,-3.2,1.0,"[-4, -3, -3, -1, -3, -4, -4, -4, -3, -3]"
memangnya,-1.6,1.0,"[-2, 0, -2, -3, -1, -2, -2, -1, -1, -2]"
gersang,-2.4,1.0,"[-3, -3, 0, -1, -3, -2, -4, -3, -2, -3]"
ditolak,-3.2,1.0,"[-2, -3, -4, -4, -4, -3, -2, -4, -2, -4]"
menjilat-jilat,-1.6,1.0,"[0, -2, -1, -2, -2, 0, -2, -1, -3, -3]"
jahatin,-2.4,1.0,"[-3, -1, -2, -3, -1, -2, -2, -3, -4, -3]"
cacing hati,-1.6,1.0,"[-1, -1, -3, -1, -2, -2, -1, -2, -2, -1]"
babu,-4.0,1.0,"[-4, -4, -4, -4, -4, -4, -4, -4, -4, -4]"
menyedihkan,-3.2,1.0,"[-1, -4, -4, -4, -4, -3, -2, -2, -4, -4]"
menimpa,-2.4,1.0,"[-2, -2, -1, -4, -4, -2, -1, -3, -3, -2]"
guncang,-2.4,1.0,"[-2, -3, -3, -3, -3, -1, -2, -3, -3, -1]"
kontroversi,-3.2,1.0,"[-3, -3, -3, -4, -4, -4, -2, -4, -2, -3]"
mblo,-2.4,1.0,"[-3, -3, -2, -3, 0, -2, -2, -3, -4, -2]"
bagaimana pun,-1.6,1.0,"[-2, 0, -2, 0, -2, -3, -2, -2, -2, -1]"
gakuat,-2.4,1.0,"[-2, -2, -1, -3, -3, -3, -1, -3, -4, -2]"
poor,-3.2,1.0,"[-4, -2, -3, -3, -3, -4, -3, -4, -3, -3]"
mata-mata,-2.4,1.0,"[-1, -1, -2, -3, -4, -2, -4, -4, -1, -2]"
kenapaaa,-2.4,1.0,"[-2, -3, -3, -2, -1, -3, -4, -3, -2, -1]"
pikulan,-1.6,1.0,"[0, -3, 0, -2, -2, -2, 0, -3, -2, -2]"
lau,-1.6,1.0,"[-3, -2, -1, 0, -2, -1, -2, -3, -3, 1]"
tergelicik,-2.4,1.0,"[-3, -2, -3, -2, -1, -2, -3, -2, -4, -2]"
menjilat,-2.4,1.0,"[-1, -4, -4, -1, -2, -2, -3, -4, -2, -1]"
selir,-3.2,1.0,"[-2, -4, -4, -3, -4, -2, -3, -3, -3, -4]"
yaoi,-4.0,1.0,"[-4, -4, -4, -4, -4, -4, -4, -4, -4, -4]"
ngidam,-1.6,1.0,"[-2, -1, -2, -2, 1, -2, -2, -2, -2, -2]"
napsu,-2.4,1.0,"[-1, -1, -2, -3, -2, -4, -3, -2, -3, -3]"
zalim,-4.0,1.0,"[-4, -4, -4, -4, -4, -4, -4, -4, -4, -4]"
tergelingsir,-2.4,1.0,"[-3, -3, -2, -3, -3, -2, -1, -2, -1, -4]"
bau kencur,-3.2,1.0,"[-4, -3, -4, -3, -2, -4, -4, -3, -2, -3]"
alergi,-2.4,1.0,"[-2, -2, -2, -2, -3, -2, -4, -3, -2, -2]"
kodok,-1.6,1.0,"[-3, -2, -2, -3, -1, 0, 0, -3, -1, -1]"
drop,-2.4,1.0,"[-3, -3, -4, -1, -3, -2, -3, -2, 0, -3]"
sedikit-dikitnya,-2.4,1.0,"[-2, -1, -1, -4, -2, -2, -4, -3, -2, -3]"
xx,-0.8,1.0,"[0, -1, -2, -1, -1, 0, -1, 0, -2, 0]"
belikan,-0.8,1.0,"[-1, -1, -1, -1, 0, -1, 0, -2, -1, 0]"
menyundut,-2.4,1.0,"[-3, -2, 0, -4, -3, -2, -2, -1, -4, -3]"
pengangguran,-3.2,1.0,"[-4, -3, -4, -3, -4, -3, -2, -3, -2, -4]"
pataka,-2.4,1.0,"[-2, -3, -4, -1, -4, -4, -2, 0, -2, -2]"
berkurang,-2.4,1.0,"[-2, 0, -4, -1, -1, -4, -3, -3, -3, -3]"
siapanya,-1.6,1.0,"[0, -2, -2, -1, -1, -2, -3, -1, -2, -2]"
mahh,-2.4,1.0,"[-1, -4, -1, -4, -2, -3, -1, -2, -4, -2]"
gamungkin,-2.4,1.0,"[-2, -2, -4, -4, -3, -1, -1, -2, -2, -3]"
matiin,-1.6,1.0,"[-2, -1, -4, 0, -2, -2, -3, 0, -1, -1]"
perbantahan,-2.4,1.0,"[-3, -3, -2, -2, -3, -2, -2, -2, -2, -3]"
nape,-2.4,1.0,"[-3, -4, -2, -3, -1, -3, -1, -4, -1, -2]"
selagi,-1.6,1.0,"[-2, -1, 0, 0, -2, -4, -2, -2, -1, -2]"
cacing gila,-3.2,1.0,"[-3, -2, -3, -4, -4, -3, -3, -4, -4, -2]"
eek,-4.0,1.0,"[-4, -4, -4, -4, -4, -4, -4, -4, -4, -4]"
malesin,-3.2,1.0,"[-4, -3, -2, -2, -4, -2, -4, -4, -3, -4]"
anak bawang,-1.6,1.0,"[-2, -1, -1, 0, -1, -2, -1, -3, -2, -3]"
dinistain,-3.2,1.0,"[-4, -4, -1, -3, -4, -3, -4, -1, -4, -4]"
yahhh,-2.4,1.0,"[-1, -3, -4, -2, -1, -1, -3, -4, -3, -2]"
meloloh,-2.4,1.0,"[-1, -2, -2, -4, -3, -3, -2, -2, -3, -2]"
bokep,-4.0,1.0,"[-4, -4, -4, -4, -4, -4, -4, -4, -4, -4]"
jahatnya,-3.2,1.0,"[-4, -2, -2, -3, -4, -4, -3, -4, -2, -4]"
seksologis,-1.6,1.0,"[-1, -2, 0, -2, -4, -1, -1, 0, -2, -3]"
claim,-2.4,1.0,"[-3, -3, -3, -2, -2, -2, 0, -1, -4, -4]"
cemberut,-3.2,1.0,"[-3, -2, -4, -2, -4, -4, -2, -4, -3, -4]"
jangann,-2.4,1.0,"[-3, -3, -2, -2, -1, -1, -4, -2, -4, -2]"
gilak,-3.2,1.0,"[-4, -3, -3, -3, -4, -3, -4, -2, -4, -2]"
tergulir,-2.4,1.0,"[-4, -2, -3, -1, -4, -3, -2, -1, -2, -2]"
boros,-4.0,1.0,"[-4, -4, -4, -4, -4, -4, -4, -4, -4, -4]"
berair,-0.8,1.0,"[-2, -2, 1, -2, -1, -3, 0, 0, 1, 0]"
akumah,-2.4,1.0,"[-2, -3, -2, -4, -2, -2, -3, -1, -2, -3]"
goodbye,-2.4,1.0,"[-3, -2, -3, -2, -2, -3, -2, -2, -3, -2]"
meski,-1.6,1.0,"[-3, -1, -2, -2, -1, -1, -2, -1, -1, -2]"
meskipun,-1.6,1.0,"[-1, 0, -3, -3, -3, -3, -2, -1, 0, 0]"
semena,-2.4,1.0,"[-3, -2, -4, -2, -2, -1, -3, -3, -2, -2]"
memanas-manasi,-2.4,1.0,"[-2, -2, -3, -2, -1, -2, -4, -2, -3, -3]"
curcol,-2.4,1.0,"[-3, -1, -3, -2, -2, -3, -3, -2, -3, -2]"
merajam,-4.0,1.0,"[-4, -4, -4, -4, -4, -4, -4, -4, -4, -4]"
kenyataannya,-1.6,1.0,"[0, -3, -2, 0, -1, -2, -3, -2, -2, -1]"
keparat,-4.0,1.0,"[-4, -4, -4, -4, -4, -4, -4, -4, -4, -4]"
linggis,-3.2,1.0,"[-2, -3, -3, -4, -4, -2, -4, -2, -4, -4]"
menghanguskan,-2.4,1.0,"[-2, -3, -4, -2, -3, -2, -1, -3, -2, -2]"
badmood,-3.2,1.0,"[-4, -3, -3, -2, -4, -4, -4, -3, -2, -3]"
die,-3.2,1.0,"[-4, -3, -2, -4, -4, -4, -2, -4, -4, -1]"
malak,-3.2,1.0,"[-4, -4, -4, -3, 0, -4, -3, -4, -4, -2]"
kesiannya,-3.2,1.0,"[-4, -4, -4, -2, -1, -4, -3, -3, -3, -4]"
terpeleset,-3.2,1.0,"[-3, -3, -4, -4, -3, -4, -2, -3, -4, -2]"
terselusur,-2.4,1.0,"[-1, -2, -3, -2, -4, -2, -1, -2, -3, -4]"
ihhhh,-2.4,1.0,"[-2, -3, -4, -3, -2, -1, -1, -4, -2, -2]"
bobroq,-3.2,1.0,"[-2, -3, -4, -3, -4, -2, -3, -3, -4, -4]"
tuyul,-3.2,1.0,"[-3, -2, -4, -1, -4, -3, -4, -4, -3, -4]"
digantung,-2.4,1.0,"[-3, -2, -2, -3, -4, -2, -1, -3, -2, -2]"
pdhal,-1.6,1.0,"[-2, -2, -2, -2, -1, 0, -3, -1, -2, -1]"
kerat,-0.8,1.0,"[-1, 0, -1, -1, -1, 1, -2, 0, -2, -1]"
raiso,-2.4,1.0,"[-4, -2, -2, -3, -1, -2, -3, 0, -4, -3]"
excited,-0.8,1.0,"[-3, -1, -1, -2, 0, -1, 1, 0, -1, 0]"
terguling,-2.4,1.0,"[1, -3, -2, -2, -4, -3, -4, -3, -2, -2]"
ketewasan,-2.4,1.0,"[-2, -2, -4, -3, -1, -2, -2, -2, -3, -3]"
dibalik,-2.4,1.0,"[-2, -4, -2, -3, -3, -1, -4, -2, -1, -2]"
berkemas-kemas,-1.6,1.0,"[0, -1, -3, -1, 0, -1, -3, -1, -2, -4]"
mencari,-2.4,1.0,"[-1, -2, -1, -2, -2, -4, -3, -1, -4, -4]"
menyusut,-1.6,1.0,"[-2, -1, -3, -2, 0, -1, -2, -1, -2, -2]"
becek,-3.2,1.0,"[-4, -4, -1, -1, -4, -4, -4, -2, -4, -4]"
yaudh,-2.4,1.0,"[0, -2, -2, -4, -3, -3, -2, -1, -3, -4]"
jaat,-2.4,1.0,"[-3, -3, -2, -2, -1, -3, -3, -2, -3, -2]"
rentan,-3.2,1.0,"[-3, -4, -2, -3, -4, -2, -3, -3, -4, -4]"
iyasih,-1.6,1.0,"[1, 0, -3, -3, -2, 0, -2, -2, -4, -1]"
rusak binasa,-3.2,1.0,"[-4, -3, -3, -2, -3, -3, -4, -3, -4, -3]"
menyebelahkan,-4.0,1.0,"[-4, -4, -4, -4, -4, -4, -4, -4, -4, -4]"
anjer,-2.4,1.0,"[0, -1, -4, -4, -3, -3, -3, -3, -2, -1]"
alat vital,-1.6,1.0,"[-2, -2, -2, -1, -2, -1, -3, -1, -1, -1]"
gibah,-2.4,1.0,"[-2, -2, -3, -3, -2, -3, -2, -4, -2, -1]"
aurat,-1.6,1.0,"[-2, -2, -3, -2, -2, -1, -2, -1, 0, -1]"
rasain,-2.4,1.0,"[-3, -3, -1, -3, -3, -2, -2, -2, -1, -4]"
alat kelamin,-2.4,1.0,"[0, -2, -4, -3, -2, -4, -2, -3, -3, -1]"
pgen,-0.8,1.0,"[-1, -2, -2, -2, -1, 0, -1, 2, -1, 0]"
kutu busuk,-3.2,1.0,"[-2, -4, -2, -3, -3, -4, -4, -4, -2, -4]"
makelar,-2.4,1.0,"[-3, -4, -1, -3, -3, 0, -3, -2, -2, -3]"
manuver,-2.4,1.0,"[0, -3, -3, -3, -3, -3, -3, -1, -3, -2]"
getir,-3.2,1.0,"[-4, -3, -4, -2, -4, -3, -3, -4, -1, -4]"
memek,-4.0,1.0,"[-4, -4, -4, -4, -4, -4, -4, -4, -4, -4]"
kalah,-3.2,1.0,"[-3, -3, -4, -3, -2, -3, -4, -4, -2, -4]"
tekanan,-2.4,1.0,"[-2, -1, -3, -4, -3, -1, -2, -3, -4, -1]"
mengawasi,-1.6,1.0,"[-4, 0, -2, -2, -1, -2, -1, -1, -1, -2]"
ngesot,-1.6,1.0,"[-2, -2, -2, -2, -1, -1, -1, -2, -1, -2]"
mengidamkan,-1.6,1.0,"[-2, -2, -2, -1, -1, -2, 0, -2, -2, -2]"
sudahlah,-2.4,1.0,"[-4, -2, -2, -2, -3, -2, -2, -3, -2, -2]"
mengesampingkan,-3.2,1.0,"[-3, -3, -4, -3, -1, -4, -4, -4, -4, -2]"
tergelecik,-3.2,1.0,"[-3, -2, -4, -4, -4, -2, -2, -4, -3, -4]"
dilarang,-2.4,1.0,"[-2, -2, -2, -3, -2, -1, -4, -2, -3, -3]"
mainstream,-2.4,1.0,"[-1, -2, -3, -2, -1, -2, -4, -3, -2, -4]"
iyak,-1.6,1.0,"[0, -1, -1, -1, -1, -2, -3, -3, -2, -2]"
pahit,-2.4,1.0,"[-3, -1, -3, -4, -1, -3, -1, -3, -3, -2]"
cacing tambang,-1.6,1.0,"[-3, 1, -1, -1, -1, -3, -2, -3, 1, -4]"
seperti,-0.8,1.0,"[0, 1, -2, 1, -1, -4, -3, 0, 0, 0]"
bertolak,-1.6,1.0,"[-1, 0, 0, -2, -2, -2, -3, -2, -1, -3]"
bini gelap,-4.0,1.0,"[-4, -4, -4, -4, -4, -4, -4, -4, -4, -4]"
nyolong,-3.2,1.0,"[-3, -4, -2, -4, -3, -4, -2, -4, -4, -2]"
ulah,-2.4,1.0,"[-1, -2, -4, -2, -4, -4, -3, -1, -2, -1]"
mengompori,-3.2,1.0,"[-4, -4, -3, -4, -3, -3, -2, -2, -3, -4]"
yaahh,-2.4,1.0,"[-2, -3, -3, -1, -3, -2, -2, -3, -3, -2]"
jangankan,-2.4,1.0,"[-1, -4, -3, -2, -2, -3, 0, -4, -4, -1]"
lieur,-2.4,1.0,"[-3, -2, -2, -4, -2, -4, -2, -1, -3, -1]"
kena,-2.4,1.0,"[-3, -2, -1, -3, -3, -1, -4, -3, -2, -2]"
menghempaskan,-3.2,1.0,"[-1, -4, -2, -4, -2, -4, -4, -3, -4, -4]"
mengharap,-2.4,1.0,"[-2, -3, -3, -2, -2, -4, -2, -2, -2, -2]"
dahh,-2.4,1.0,"[-3, -1, -2, -3, -2, -3, -1, -4, -3, -2]"
karin,-1.6,1.0,"[-2, -2, -1, -2, -1, -2, -2, -1, -2, -1]"
gblk,-3.2,1.0,"[-4, -4, -4, -3, -2, -3, -4, -2, -4, -2]"
tembakau,-2.4,1.0,"[-3, -1, -2, -3, -2, -1, -2, -4, -3, -3]"
kerjain,-2.4,1.0,"[-1, -1, -3, -2, -2, -3, -3, -4, -3, -2]"
suspend,-2.4,1.0,"[-3, -1, -2, -4, -2, -2, -2, -2, -2, -4]"
mayat,-3.2,1.0,"[-2, -3, -3, -4, -4, -4, -4, -2, -4, -2]"
buah simalakama,-2.4,1.0,"[-2, -2, -1, -3, -3, -3, -3, -3, -3, -1]"
salah langkah,-2.4,1.0,"[-3, -3, -3, -2, -2, -1, -3, -1, -2, -4]"
mumet,-3.2,1.0,"[-4, -3, -4, -3, -3, -2, -3, -3, -4, -3]"
debu,-2.4,1.0,"[-1, -4, -2, -3, -2, -3, -1, -3, -2, -3]"
itunya,-1.6,1.0,"[-2, -1, -2, -1, -2, -3, -1, -3, -1, 0]"
lap kaki,-1.6,1.0,"[-2, -1, -1, -1, -2, -3, -2, 0, -2, -2]"
pedes,-1.6,1.0,"[-1, -4, -2, 0, -2, -1, -2, -1, -2, -1]"
jera,-2.4,1.0,"[-3, -2, -2, -1, -4, -2, -3, -2, -2, -3]"
begak,-2.4,1.0,"[-2, -4, -2, -2, -2, -2, -3, -4, -2, -1]"
tercela,-3.2,1.0,"[-4, -4, -3, -3, -3, -2, -3, -4, -4, -2]"
alone,-2.4,1.0,"[-1, -2, -3, -2, -2, -3, -4, -2, -2, -3]"
muntahan,-3.2,1.0,"[-4, -2, -4, -2, -4, -3, -4, -4, -4, -1]"
bercelah,-2.4,1.0,"[-1, -4, -3, -4, -3, -1, -3, -1, -2, -2]"
menghisap,-0.8,1.0,"[0, 1, -1, -3, -3, -1, -1, -1, 2, -1]"
segitunya,-2.4,1.0,"[-1, -1, -4, -2, -3, -1, -4, -3, -4, -1]"
membidikkan,-1.6,1.0,"[-1, -1, -1, -2, -2, 0, -3, -2, -1, -3]"
stalking,-3.2,1.0,"[-3, -2, -4, -4, -1, -4, -4, -4, -4, -2]"
naudzubillah,-4.0,1.0,"[-4, -4, -4, -4, -4, -4, -4, -4, -4, -4]"
keling,-2.4,1.0,"[-3, -3, -1, -3, -1, -4, -3, -1, -2, -3]"
kencing,-2.4,1.0,"[-2, -4, -1, -3, -2, -3, 0, -2, -4, -3]"
awan kelabu,-2.4,1.0,"[-1, -2, -2, -2, -2, -4, -3, -2, -3, -3]"
gemuruh,-2.4,1.0,"[-2, -1, -3, -2, -1, -3, -3, -2, -3, -4]"
fresh,-1.6,1.0,"[-2, -2, -1, -2, -2, -1, -2, -2, -1, -1]"
semata-mata,-1.6,1.0,"[-4, -1, -3, -2, -2, -1, -1, 0, 0, -2]"
ngeden,-1.6,1.0,"[-2, 1, -2, -2, -3, 0, -2, -1, -3, -2]"
sensi,-3.2,1.0,"[-4, -3, -4, -2, -4, -3, -2, -3, -4, -3]"
menjambret,-4.0,1.0,"[-4, -4, -4, -4, -4, -4, -4, -4, -4, -4]"
jauhin,-2.4,1.0,"[-3, -4, -2, -2, -1, 0, -4, -3, -3, -2]"
lucunya,-1.6,1.0,"[-4, -2, -1, -2, -1, 0, -1, -3, -1, -1]"
kejedot,-3.2,1.0,"[-4, -4, -4, -4, -3, -2, -3, -4, -2, -2]"
umpatan,-3.2,1.0,"[-4, -1, -4, -4, -2, -4, -3, -4, -3, -3]"
tersangkut,-2.4,1.0,"[-3, -1, -2, -3, -3, -1, -3, -4, -2, -2]"
nyontek,-4.0,1.0,"[-4, -4, -4, -4, -4, -4, -4, -4, -4, -4]"
rombak,-1.6,1.0,"[-3, -1, -2, -1, -2, -2, 1, -1, -2, -3]"
kecemerlangan,-0.8,1.0,"[-2, -1, 1, -1, 0, 0, -2, -2, 1, -2]"
tersiksa,-4.0,1.0,"[-4, -4, -4, -4, -4, -4, -4, -4, -4, -4]"
dibeliin,-0.8,1.0,"[0, -1, -1, 1, -1, 1, -1, -2, -2, -2]"
sedihhh,-4.0,1.0,"[-4, -4, -4, -4, -4, -4, -4, -4, -4, -4]"
bersedih,-4.0,1.0,"[-4, -4, -4, -4, -4, -4, -4, -4, -4, -4]"
bongkar,-2.4,1.0,"[-3, -1, -1, -3, -2, -3, -2, -4, -3, -2]"
ngarti,-2.4,1.0,"[-3, -2, -2, -2, -2, -3, -1, -3, -3, -3]"
mencucut,-2.4,1.0,"[-1, -3, -4, -1, -1, -4, -3, -3, -2, -2]"
hutang,-4.0,1.0,"[-4, -4, -4, -4, -4, -4, -4, -4, -4, -4]"
gbs,-1.6,1.0,"[-2, -2, -2, -2, -2, -1, -2, -1, -1, -1]"
disalahin,-2.4,1.0,"[-1, -4, -3, -2, -2, -2, -3, -3, -1, -3]"
incess,-2.4,1.0,"[-2, -4, -3, -3, -2, -1, -2, -4, -3, 0]"
kabeh,-1.6,1.0,"[-1, -4, 0, -2, -1, -2, -2, -1, -2, -1]"
kabar angin,-2.4,1.0,"[-1, -4, -3, -2, -4, 0, -2, -2, -2, -4]"
angkot,-0.8,1.0,"[0, -1, -1, -3, -2, 1, -1, -1, 0, 0]"
problem,-3.2,1.0,"[-3, -4, -3, -3, -2, -3, -3, -4, -3, -4]"
yampun,-2.4,1.0,"[-1, -3, -3, -3, -1, -4, -2, -3, -3, -1]"
kesurupan,-4.0,1.0,"[-4, -4, -4, -4, -4, -4, -4, -4, -4, -4]"
komat-kamit,-2.4,1.0,"[-3, -1, -2, -2, -2, -2, -4, -2, -2, -4]"
teror,-4.0,1.0,"[-4, -4, -4, -4, -4, -4, -4, -4, -4, -4]"
pundung,-3.2,1.0,"[-2, -4, -4, -2, -2, -4, -3, -3, -4, -4]"
jadul,-2.4,1.0,"[-2, -2, -1, -3, -4, -1, -3, -4, -2, -2]"
tersungkap,-2.4,1.0,"[-3, -4, -4, -3, -1, -2, -1, -2, -2, -2]"
lengket,-1.6,1.0,"[-1, -1, -1, -2, -2, 0, -1, -3, -2, -3]"
injek,-2.4,1.0,"[-2, -1, -2, -1, -4, -4, -3, -2, -2, -3]"
melarat,-3.2,1.0,"[-3, -4, -2, -4, -3, -4, -4, -3, -4, -1]"
tanah tandus,-2.4,1.0,"[-4, -3, -3, -2, -2, -1, -4, -3, -1, -1]"
menyayat,-3.2,1.0,"[-3, -4, -2, -3, -4, -4, -2, -3, -4, -3]"
kesedihan,-4.0,1.0,"[-4, -4, -4, -4, -4, -4, -4, -4, -4, -4]"
meretek,-2.4,1.0,"[-2, -2, -1, -2, -2, -2, -4, -3, -3, -3]"
coplok,-2.4,1.0,"[-3, -3, -3, -3, -1, -3, -3, -2, -2, -1]"
mengempaskan,-2.4,1.0,"[-2, -1, -3, -3, -1, -3, -2, -4, -1, -4]"
terror,-4.0,1.0,"[-4, -4, -4, -4, -4, -4, -4, -4, -4, -4]"
menyandingkan,-1.6,1.0,"[-2, -3, -1, -2, -2, -2, -1, -2, -1, 0]"
ketakutan,-3.2,1.0,"[-4, -2, -4, -2, -3, -3, -4, -4, -4, -2]"
kejepit,-3.2,1.0,"[-3, -4, -4, -2, -3, -3, -2, -4, -4, -3]"
muskil,-1.6,1.0,"[-1, -1, 0, 0, -4, -2, -1, -4, -1, -2]"
aahh,-2.4,1.0,"[-2, -2, -2, -2, -1, -3, -4, -2, -4, -2]"
kedukaan,-3.2,1.0,"[-2, -4, -2, -4, -4, -4, -3, -2, -3, -4]"
kurungan,-3.2,1.0,"[-4, -4, -2, -4, -4, -3, -1, -4, -3, -3]"
memungut,-1.6,1.0,"[0, -2, -2, -3, -3, -1, 1, -1, -2, -3]"
astagfirulloh,-3.2,1.0,"[-3, -4, -3, -4, -4, -4, -4, -1, -3, -2]"
peles,-0.8,1.0,"[2, -2, 0, -1, -2, -1, 0, -1, -1, -2]"
muntah,-2.4,1.0,"[-2, -3, -3, -2, -3, -2, -1, -2, -2, -4]"
rapet,-1.6,1.0,"[-3, -1, -1, -1, -2, -2, -2, -1, -2, -1]"
kedaluwarsa,-2.4,1.0,"[-2, -4, -3, 0, -2, -2, -2, -2, -3, -4]"
kocak,-1.6,1.0,"[-1, -1, -2, -3, -3, -1, 0, -3, -1, -1]"
eror,-3.2,1.0,"[-3, -4, -4, -2, -4, -4, -2, -2, -3, -4]"
kenceng,-1.6,1.0,"[-1, -3, -3, 0, 0, -2, -3, -2, -1, -1]"
melar,-1.6,1.0,"[-2, -2, -2, -3, 0, -1, -2, -2, -1, -1]"
death,-2.4,1.0,"[-3, -3, -1, -2, -3, -2, -2, -4, -2, -2]"
inkarnasi,-0.8,1.0,"[0, 0, -1, -1, 0, -1, -1, -1, -2, -1]"
menghidu,-0.8,1.0,"[-2, -1, 0, -1, -1, 0, 0, -2, 0, -1]"
geledek,-1.6,1.0,"[-2, -3, -2, 0, -2, -1, -2, -2, -1, -1]"
terpacul,-3.2,1.0,"[-2, -3, -4, -4, -2, -3, -4, -4, -4, -2]"
pembesar,-1.6,1.0,"[-2, -1, -1, -3, -2, -1, 0, -3, -2, -1]"
menembok,-0.8,1.0,"[-1, -1, -2, -4, -1, 0, -1, 1, 0, 1]"
najisin,-3.2,1.0,"[-2, -4, -2, -4, -3, -4, -4, -3, -2, -4]"
jiji,-3.2,1.0,"[-2, -1, -4, -4, -4, -2, -4, -4, -4, -3]"
yaudahlah,-2.4,1.0,"[-2, -1, -2, -4, -2, -3, -1, -2, -3, -4]"
nusuk,-2.4,1.0,"[-3, -3, -2, -1, -2, -3, -2, -4, -2, -2]"
jigong,-3.2,1.0,"[-3, -2, -2, -3, -4, -4, -3, -4, -3, -4]"
dahlah,-2.4,1.0,"[-2, -4, -3, -4, -3, -2, -1, -2, -1, -2]"
uler,-2.4,1.0,"[-2, -2, -1, -2, -3, -3, -3, -3, -2, -3]"
lebay,-3.2,1.0,"[-4, -2, -4, -3, -2, -4, -3, -2, -4, -4]"
menggelikan,-2.4,1.0,"[-3, -2, -1, -3, -3, -4, -2, -1, -2, -3]"
kerasukan,-4.0,1.0,"[-4, -4, -4, -4, -4, -4, -4, -4, -4, -4]"
berseteru,-3.2,1.0,"[-4, -4, -2, -4, -4, -3, -4, -2, -3, -2]"
emmm,-1.6,1.0,"[-4, -1, -2, -2, 0, -3, 0, -1, -1, -2]"
keladi,-2.4,1.0,"[-4, -2, -1, -4, -4, -2, -1, -2, -2, -2]"
lengket-lengket,-2.4,1.0,"[-3, -2, -1, -3, -3, -4, 0, -2, -2, -4]"
idk,-2.4,1.0,"[-1, -2, -4, -2, -3, -2, -2, -2, -4, -2]"
politik,-0.8,1.0,"[0, -1, 0, 0, -3, 0, -1, -2, -1, 0]"
geledah,-2.4,1.0,"[-2, -3, -4, 0, -3, -4, -1, -4, 0, -3]"
ngespam,-2.4,1.0,"[0, -3, -2, -2, -2, -3, -1, -4, -3, -4]"
potongan,-1.6,1.0,"[-1, -1, -1, -2, 0, -2, -2, -3, -2, -2]"
kepanikan,-3.2,1.0,"[-3, -2, -4, -3, -3, -4, -4, -3, -3, -3]"
ngilu,-3.2,1.0,"[-4, -4, -3, -3, -3, -4, -3, -3, -2, -3]"
tilam,-3.2,1.0,"[-4, -2, -2, -4, -4, -3, -4, -3, -3, -3]"
bencong,-4.0,1.0,"[-4, -4, -4, -4, -4, -4, -4, -4, -4, -4]"
pusink,-2.4,1.0,"[-2, -2, -4, -1, -3, -1, -4, -2, -3, -2]"
fitnah,-4.0,1.0,"[-4, -4, -4, -4, -4, -4, -4, -4, -4, -4]"
sesak,-2.4,1.0,"[-2, -2, -3, -2, -3, -1, -3, -2, -3, -3]"
berlutut,-1.6,1.0,"[-2, -3, 0, -2, -2, -1, -2, -1, -2, -1]"
menunggangkan,-0.8,1.0,"[-2, -1, -3, 0, 1, -2, -1, 0, 0, 0]"
menusuk,-3.2,1.0,"[-3, -4, -4, -3, -3, -2, -3, -3, -3, -4]"
pecat,-4.0,1.0,"[-4, -4, -4, -4, -4, -4, -4, -4, -4, -4]"
kumat,-3.2,1.0,"[-3, -3, -4, -3, -2, -4, -4, -4, -4, -1]"
keceriaan,-0.8,1.0,"[-1, -1, -1, -1, 1, 0, -1, 0, -2, -2]"
menyodok,-2.4,1.0,"[-1, -3, -3, -3, -3, -2, -2, -2, -2, -3]"
sotau,-3.2,1.0,"[-3, -2, -4, -4, -4, -3, -4, -2, -2, -4]"
pitnah,-2.4,1.0,"[-2, -2, -3, -2, -3, -1, -2, -3, -3, -3]"
yelah,-2.4,1.0,"[-2, -2, -3, -3, -1, -3, -2, -2, -2, -4]"
diduain,-2.4,1.0,"[-3, -3, -2, -2, -1, -2, -4, -3, -2, -2]"
nyet,-3.2,1.0,"[-4, -4, -4, -4, -3, -2, -1, -3, -4, -3]"
pendek tali,-3.2,1.0,"[-4, -2, -2, -4, -4, -1, -4, -4, -4, -3]"
gemetar,-2.4,1.0,"[-4, -3, -2, -3, -3, -1, -3, -4, 0, -1]"
bau,-3.2,1.0,"[-4, -3, -4, -4, -4, -3, -2, -3, -1, -4]"
pojok,-2.4,1.0,"[-3, -2, -1, -4, -2, -2, -3, -3, -2, -2]"
ngomel,-3.2,1.0,"[-2, -4, -4, -3, -3, -2, -4, -3, -3, -4]"
numpuk,-2.4,1.0,"[-2, -1, -3, -2, -2, -4, -3, -1, -3, -3]"
hambar,-2.4,1.0,"[0, -4, -3, -1, -1, -3, -4, -1, -3, -4]"
down,-2.4,1.0,"[-3, -2, -3, -3, -3, -2, -2, -1, -3, -2]"
mesiu,-0.8,1.0,"[0, -1, 0, 0, -2, -2, -1, -2, 0, 0]"
neraka,-4.0,1.0,"[-4, -4, -4, -4, -4, -4, -4, -4, -4, -4]"
nganggur,-2.4,1.0,"[-2, -3, -3, -3, -4, -1, -3, -1, -3, -1]"
penertiban,-1.6,1.0,"[-2, -2, -3, -2, -2, -2, -1, 0, 0, -2]"
blur,-3.2,1.0,"[-2, -4, -4, -4, -4, -3, -3, -3, -3, -2]"
terlangah,-2.4,1.0,"[-2, -4, -1, 1, -2, -4, -3, -3, -4, -2]"
mupeng,-1.6,1.0,"[0, -3, -1, -1, -2, -2, -3, 0, -2, -2]"
berlangau,-3.2,1.0,"[-4, -2, -4, -3, -3, -3, -4, -3, -2, -4]"
bertekuk lutut,-2.4,1.0,"[-2, -1, -1, -4, -3, -1, -4, -3, -3, -2]"
guntur,-2.4,1.0,"[-4, -2, -1, -3, -4, -3, -1, -2, -3, -1]"
delay,-2.4,1.0,"[-3, -2, -4, -4, -3, -1, -1, -3, -3, 0]"
bangsat,-4.0,1.0,"[-4, -4, -4, -4, -4, -4, -4, -4, -4, -4]"
keretakan,-3.2,1.0,"[-4, -2, -4, -4, -2, -4, -3, -4, -2, -3]"
mengap,-2.4,1.0,"[-2, -2, -3, -4, -2, -2, -3, -2, -3, -1]"
sendirian,-2.4,1.0,"[-2, -2, -2, -3, -2, -2, -1, -3, -4, -3]"
sahara,-1.6,1.0,"[-2, -1, -2, -1, -2, -3, -2, -2, -1, 0]"
mencair,-0.8,1.0,"[0, -2, -2, -2, -1, -2, -1, 1, 1, 0]"
belaka,-0.8,1.0,"[0, -1, -2, -1, -1, -1, -2, 0, 0, 0]"
menggigil,-3.2,1.0,"[-4, -3, -4, -3, -4, -4, -3, -1, -3, -3]"
masalah,-3.2,1.0,"[-4, -3, -3, -3, -3, -4, -3, -3, -2, -4]"
menyogok,-4.0,1.0,"[-4, -4, -4, -4, -4, -4, -4, -4, -4, -4]"
mencelampakkan,-2.4,1.0,"[-1, -3, -1, -3, -2, -3, -3, -4, -3, -1]"
mencuri,-4.0,1.0,"[-4, -4, -4, -4, -4, -4, -4, -4, -4, -4]"
berkecamuk,-3.2,1.0,"[-1, -3, -4, -3, -3, -4, -3, -3, -4, -4]"
cucok,-0.8,1.0,"[-1, 0, 1, -3, 0, -1, -1, -2, -1, 0]"
diancurin,-2.4,1.0,"[-3, -4, -3, -3, 0, -2, -2, -3, -2, -2]"
tersapu,-2.4,1.0,"[-3, -2, -1, -4, -3, -1, -3, -1, -3, -3]"
kapok,-2.4,1.0,"[-2, -4, -3, -2, -1, -2, -2, -4, -2, -2]"
gabaik,-2.4,1.0,"[-2, -1, -3, -3, -4, -3, -2, -1, -3, -2]"
mencocok,-2.4,1.0,"[-2, -3, -2, -4, -3, -2, -2, -2, -2, -2]"
bercekak,-2.4,1.0,"[-2, -2, -1, -4, -3, -4, -2, -4, -3, 1]"
bogum,-2.4,1.0,"[-4, -3, -1, -2, -2, -4, -2, -2, -2, -2]"
majikan,-2.4,1.0,"[-2, -2, -2, -4, -1, -2, -3, -3, -4, -1]"
igauan,-2.4,1.0,"[-4, 0, -4, -1, -3, -2, -4, 0, -3, -3]"
stres,-3.2,1.0,"[-4, -4, -3, -3, -3, -3, -2, -3, -3, -4]"
bualan,-3.2,1.0,"[-4, -4, -4, -1, -3, -4, -4, -4, -2, -2]"
menghempas,-3.2,1.0,"[-4, -1, -3, -4, -4, -3, -3, -2, -4, -4]"
dipamerin,-2.4,1.0,"[-2, -3, -3, -3, -3, -1, -3, -2, -2, -2]"
teraniaya,-3.2,1.0,"[-3, -4, -2, -3, -4, -3, -4, -2, -4, -3]"
beling,-0.8,1.0,"[-1, 0, -1, -1, -2, 0, -1, -1, 1, -2]"
kesucian,-0.8,1.0,"[0, -1, 0, -2, 0, -2, -1, 1, -1, -2]"
cubit,-2.4,1.0,"[-4, -2, -3, -1, -1, -2, -2, -4, -2, -3]"
bobol,-3.2,1.0,"[-3, -4, -2, -3, -3, -4, -4, -3, -2, -4]"
pipis,-1.6,1.0,"[-1, -2, 0, -1, -3, -4, 0, -2, -3, 0]"
lirih,-2.4,1.0,"[-3, -1, -2, -3, -2, -3, -4, -2, -1, -3]"
rewel,-3.2,1.0,"[-3, -3, -4, -3, -3, -2, -4, -2, -4, -4]"
amit,-3.2,1.0,"[-2, -4, -4, -4, -4, -3, -1, -3, -3, -4]"
nyampah,-3.2,1.0,"[-3, -3, -4, -3, -3, -2, -4, -2, -4, -4]"
depresi,-3.2,1.0,"[-3, -3, -4, -1, -2, -3, -4, -4, -4, -4]"
dukacita,-2.4,1.0,"[-3, -3, -1, 1, -4, -3, -2, -3, -4, -2]"
hembus,-2.4,1.0,"[-3, 0, -1, -2, -4, -2, -3, -2, -3, -4]"
boker,-2.4,1.0,"[-3, -1, -3, -3, -2, -2, -4, -1, -3, -2]"
rokok,-2.4,1.0,"[-1, -3, -1, -4, -2, -2, -1, -4, -4, -2]"
membanjiri,-2.4,1.0,"[-2, -3, -3, -3, -4, -2, -2, -3, 0, -2]"
berdarah dingin,-3.2,1.0,"[-2, -2, -4, -3, -4, -4, -2, -4, -3, -4]"
manjaan,-2.4,1.0,"[-3, -3, -3, -1, -2, 0, -3, -2, -3, -4]"
merogoh,-2.4,1.0,"[-3, -3, -4, -3, -1, -4, -1, -2, -2, -1]"
merogok,-2.4,1.0,"[-4, -3, -1, -3, -3, -1, -3, -3, 0, -3]"
ditidurin,-3.2,1.0,"[-4, -3, -3, -4, -4, -3, -4, -2, -3, -2]"
rosak,-2.4,1.0,"[-2, -3, -1, -2, -2, -4, -2, -2, -3, -3]"
santet,-4.0,1.0,"[-4, -4, -4, -4, -4, -4, -4, -4, -4, -4]"
bergejolak,-2.4,1.0,"[-2, -3, -1, -3, -2, -3, -4, -2, -1, -3]"
dilema,-2.4,1.0,"[-2, -4, -4, -2, -2, -3, -3, -2, -3, 1]"
apek,-3.2,1.0,"[-3, -4, -3, -4, -4, -2, -2, -3, -3, -4]"
gabutuh,-2.4,1.0,"[-2, -2, -2, -3, -2, -1, -3, -4, -2, -3]"
kejam,-3.2,1.0,"[-3, -2, -4, -2, -4, -3, -4, -3, -3, -4]"
menyerah,-3.2,1.0,"[-3, -4, -4, -3, -3, -4, -4, -1, -2, -4]"
kesenduan,-1.6,1.0,"[-3, -2, -1, -1, -2, -3, -1, -1, -1, -1]"
penjelmaan,-2.4,1.0,"[-2, -3, -3, -3, -3, -2, -1, -4, -1, -2]"
konsekuensi,-2.4,1.0,"[-1, -4, -3, -3, -2, -3, -2, -3, -2, -1]"
lapang hati,-0.8,1.0,"[-2, -1, -1, 0, -2, 0, -1, -1, 1, -1]"
pajak,-2.4,1.0,"[-2, -2, -2, -3, -3, -3, -3, -1, -3, -2]"
yodah,-1.6,1.0,"[0, -1, -3, -4, -2, 0, -2, -2, -1, -1]"
gagal,-3.2,1.0,"[-4, -1, -4, -4, -4, -3, -3, -2, -4, -3]"
menyisihkan,-1.6,1.0,"[-1, -1, -1, 0, -2, -1, -3, -3, -2, -2]"
terajam,-3.2,1.0,"[-3, -2, -2, -4, -3, -3, -4, -4, -3, -4]"
tkde,-0.8,1.0,"[1, 0, -2, -2, -2, 0, 0, 1, -3, -1]"
berseberangan,-2.4,1.0,"[-1, -1, -2, -2, -2, -2, -3, -4, -4, -3]"
banyol,-2.4,1.0,"[-4, -3, -1, -3, -3, -1, -3, -2, -2, -2]"
kesayuan,-1.6,1.0,"[-2, -3, -2, 0, 1, -4, -1, 0, -3, -2]"
bermusuhan,-3.2,1.0,"[-3, -4, -2, -3, -4, -3, -3, -4, -4, -2]"
pelosok,-2.4,1.0,"[-1, -3, -1, -3, -2, -2, -4, -2, -3, -3]"
anjeng,-4.0,1.0,"[-4, -4, -4, -4, -4, -4, -4, -4, -4, -4]"
pending,-2.4,1.0,"[-3, -2, -2, -2, -3, -3, -2, -3, -2, -2]"
cry,-2.4,1.0,"[-1, -4, -3, -3, -1, -1, -2, -3, -3, -3]"
mules,-3.2,1.0,"[-1, -3, -4, -4, -2, -2, -4, -4, -4, -4]"
berketar-ketar,-2.4,1.0,"[-3, -4, -3, -3, -3, -3, -2, -2, -2, 1]"
komplikasi,-2.4,1.0,"[-4, -3, -1, -1, -2, -2, -3, -2, -2, -4]"
persoalan,-2.4,1.0,"[0, -4, -2, -3, -3, -4, -2, -4, -2, 0]"
isukan,-0.8,1.0,"[-1, -1, -2, -1, -1, -1, 0, 0, -1, 0]"
anjis,-0.8,1.0,"[-1, -1, -1, -2, -2, 2, 0, -1, -1, -1]"
melet,-2.4,1.0,"[-3, -4, -1, -2, -1, -2, -4, -1, -3, -3]"
taik,-4.0,1.0,"[-4, -4, -4, -4, -4, -4, -4, -4, -4, -4]"
buta hati,-3.2,1.0,"[-4, -2, -3, -3, -4, -3, -3, -3, -4, -3]"
kantong tipis,-3.2,1.0,"[-4, -3, -2, -2, -4, -4, -4, -4, -3, -2]"
hilaf,-3.2,1.0,"[-3, -3, -3, -4, -2, -4, -1, -4, -4, -4]"
ex,-0.8,1.0,"[2, -1, -1, 0, -2, -2, -1, 0, -2, -1]"
anjg,-4.0,1.0,"[-4, -4, -4, -4, -4, -4, -4, -4, -4, -4]"
ngeles,-2.4,1.0,"[-3, -2, -2, -2, -2, -3, -4, 0, -3, -3]"
godaan,-2.4,1.0,"[-4, -3, -3, -1, -2, -1, -2, -3, -3, -2]"
murung,-3.2,1.0,"[-2, -3, -4, -4, -3, -4, -3, -3, -3, -3]"
jutekin,-4.0,1.0,"[-4, -4, -4, -4, -4, -4, -4, -4, -4, -4]"
berkelok-kelok,-1.6,1.0,"[0, -2, -2, -2, -1, -3, -1, 0, -2, -3]"
huhuu,-3.2,1.0,"[-2, -4, -2, -3, -3, -4, -3, -3, -4, -4]"
belenggu,-2.4,1.0,"[-2, -3, -3, -3, -2, -3, -2, -2, -2, -2]"
merebak,-2.4,1.0,"[-1, -3, -3, -3, -4, -2, -2, -2, -1, -3]"
meledak,-3.2,1.0,"[-3, -3, -4, -2, -4, -4, -4, -3, -2, -3]"
hayoloh,-2.4,1.0,"[-3, -3, -4, -2, -4, -2, -2, -2, 0, -2]"
melembung,-2.4,1.0,"[-3, -1, -2, -3, -4, -2, -3, -1, -4, -1]"
mengecerkan,-1.6,1.0,"[-1, -2, 0, -2, -2, -3, -2, -1, -2, -1]"
bagal,-2.4,1.0,"[-2, -3, -3, -4, -3, -2, 0, -4, -2, -1]"
anjlok,-3.2,1.0,"[-4, -3, -4, -2, -3, -4, -3, -3, -3, -3]"
haters,-4.0,1.0,"[-4, -4, -4, -4, -4, -4, -4, -4, -4, -4]"
gosah,-2.4,1.0,"[-4, -3, -3, -2, -2, -3, -2, -2, -1, -2]"
bandar,-3.2,1.0,"[-4, -4, -3, -1, -4, -4, -1, -4, -3, -4]"
berdosa,-3.2,1.0,"[-4, -3, -3, -4, -4, -3, -3, -4, -2, -2]"
gonggongan (anjing),-2.4,1.0,"[-4, -2, -3, -3, -1, -2, -2, -3, -1, -3]"
kgk,-2.4,1.0,"[-3, -2, -2, -3, -3, -4, -1, -1, -2, -3]"
nyiksa,-3.2,1.0,"[-4, -3, -2, -2, -3, -4, -3, -4, -3, -4]"
maho,-3.2,1.0,"[-4, -2, -3, -4, -3, -3, -4, -2, -3, -4]"
compeng,-3.2,1.0,"[-4, -2, -4, -3, -2, -4, -3, -4, -3, -3]"
ciplak,-2.4,1.0,"[-2, -2, -2, -3, -3, -3, -3, -4, 0, -2]"
mengalah,-1.6,1.0,"[-2, -3, -1, -2, 0, -3, -1, -1, -2, -1]"
cabul,-4.0,1.0,"[-4, -4, -4, -4, -4, -4, -4, -4, -4, -4]"
berkurangan,-2.4,1.0,"[-3, -3, 0, -3, -4, -2, -1, -3, -1, -4]"
gelagap,-1.6,1.0,"[-2, -1, -1, -2, -1, -3, -1, -2, -1, -2]"
pengganggu,-3.2,1.0,"[-2, -3, -3, -4, -3, -4, -2, -4, -3, -4]"
gembul,-2.4,1.0,"[-2, -2, -2, -2, -3, -2, -3, -2, -2, -4]"
betina,-1.6,1.0,"[-2, 1, -1, -1, -2, -4, -2, 1, -2, -4]"
konyol,-2.4,1.0,"[-3, -3, -4, -2, -3, -2, -2, -1, -1, -3]"
cengeng,-3.2,1.0,"[-3, -3, -3, -3, -4, -4, -2, -3, -3, -4]"
beraduk,-2.4,1.0,"[-3, -2, -4, -2, -1, -3, -3, -2, -2, -2]"
ngancem,-3.2,1.0,"[-3, -2, -3, -4, -4, -4, -2, -2, -4, -4]"
elak,-2.4,1.0,"[-3, -2, -3, -3, -4, 0, -2, -3, -1, -3]"
murahan,-3.2,1.0,"[-3, -3, -4, -4, -2, -3, -2, -4, -4, -3]"
pedofil,-4.0,1.0,"[-4, -4, -4, -4, -4, -4, -4, -4, -4, -4]"
sebarang,-1.6,1.0,"[-3, -2, -1, -3, -1, -2, -2, -1, 1, -2]"
ngetawain,-3.2,1.0,"[-3, -3, -4, -2, -4, -4, -4, -2, -3, -3]"
ragu,-2.4,1.0,"[-2, -3, -3, -2, -2, -3, -3, -1, -3, -2]"
gone,-1.6,1.0,"[0, -2, -4, -2, -1, -2, -1, -1, 0, -3]"
pedih,-3.2,1.0,"[-3, -2, -3, -3, -2, -4, -4, -4, -4, -3]"
suudzon,-3.2,1.0,"[-4, -3, -4, -4, -2, -4, -2, -4, -2, -3]"
pencucuk,-2.4,1.0,"[-2, -3, -3, -2, -2, -2, -2, -3, -3, -2]"
golek,-0.8,1.0,"[-1, -1, 0, -1, 0, -2, -1, 1, -2, -1]"
diare,-3.2,1.0,"[-4, -4, -3, -4, -3, -4, -3, -3, -2, -2]"
berlelehan,-2.4,1.0,"[-4, -3, -2, -1, -1, -1, -4, -3, -1, -4]"
berat telinga,-2.4,1.0,"[-2, -3, -1, -2, -1, -4, -2, -2, -3, -4]"
mengada,-2.4,1.0,"[-1, -2, -3, -1, -2, -3, -3, -3, -2, -4]"
mendingan,-2.4,1.0,"[-4, -1, -1, -1, -3, -4, -3, -1, -3, -3]"
ngestalk,-3.2,1.0,"[-4, -3, -3, -3, -2, -4, -3, -3, -4, -3]"
begitu saja,-1.6,1.0,"[-2, -1, -1, -2, -2, -3, -2, -1, -1, -1]"
bersatu,-0.8,1.0,"[1, 0, -2, -1, 0, 1, -2, -1, -1, -3]"
faedahnya,-0.8,1.0,"[0, -1, -1, -2, -3, 0, 0, 0, 0, -1]"
petaka,-3.2,1.0,"[-3, -4, -3, -3, -2, -3, -3, -4, -4, -3]"
jatohnya,-0.8,1.0,"[0, -3, 0, -2, -1, 0, 1, 0, -3, 0]"
terpelecok,-2.4,1.0,"[-1, -3, -2, -1, -3, -4, -3, -3, -2, -2]"
benguk,-1.6,1.0,"[-1, -2, -2, -2, -2, 1, -2, -3, -2, -1]"
semangatin,-0.8,1.0,"[0, -1, 0, 0, -1, -4, 0, -2, -1, 1]"
ringkih,-3.2,1.0,"[-3, -4, -3, -3, -3, -4, -2, -3, -4, -3]"
timpa,-2.4,1.0,"[-3, -4, -2, -1, -3, -3, -2, -2, -1, -3]"
sunu,-1.6,1.0,"[-3, -1, -3, -3, 1, 1, -2, 0, -3, -3]"
tunggang,-0.8,1.0,"[-1, -1, -1, 0, 0, -1, -2, -1, 1, -2]"
kata,-0.8,1.0,"[-2, 1, 0, -1, -2, 1, -1, -1, -1, -2]"
guling,-2.4,1.0,"[-3, -4, -2, -2, -2, -3, -3, -2, -1, -2]"
singkir,-4.0,1.0,"[-4, -4, -4, -4, -4, -4, -4, -4, -4, -4]"
damprat,-3.2,1.0,"[-3, -4, -2, -4, -4, -2, -3, -4, -3, -3]"
ingkar,-3.2,1.0,"[-3, -4, -4, -2, -4, -3, -3, -2, -3, -4]"
aur,-2.4,1.0,"[-3, -2, -3, -2, -1, -3, -2, -2, -3, -3]"
adang,-2.4,1.0,"[-3, -3, -2, -2, -3, -2, -2, -3, -3, -1]"
rem,-4.0,1.0,"[-4, -4, -4, -4, -4, -4, -4, -4, -4, -4]"
jelek,-4.0,1.0,"[-4, -4, -4, -4, -4, -4, -4, -4, -4, -4]"
pencet,-1.6,1.0,"[-2, -2, 0, -1, -2, 0, -2, -2, -3, -2]"
perkara,-3.2,1.0,"[-4, -2, -3, -3, -4, -3, -2, -3, -4, -4]"
anggur,-3.2,1.0,"[-3, -2, -4, -3, -2, -4, -2, -4, -4, -4]"
darah dingin,-3.2,1.0,"[-3, -3, -2, -4, -2, -4, -3, -3, -4, -4]"
remuk,-3.2,1.0,"[-4, -4, -4, -4, -2, -4, -3, -2, -2, -3]"
tangkap tangan,-3.2,1.0,"[-3, -4, -4, -1, -3, -3, -4, -4, -4, -2]"
khianat,-3.2,1.0,"[-4, -4, -4, -3, -2, -3, -3, -4, -3, -2]"
kutil,-3.2,1.0,"[-3, -3, -4, -4, -3, -3, -4, -2, -3, -3]"
kelakar,-3.2,1.0,"[-3, -4, -4, -3, -1, -3, -4, -3, -3, -4]"
renti,-2.4,1.0,"[-4, -3, -2, -3, -3, -1, -1, -1, -3, -3]"
cecer,-2.4,1.0,"[-1, -4, -2, -3, -2, -2, -3, -2, -4, -1]"
poko,-1.6,1.0,"[-2, 0, -1, -3, -2, -2, -2, -2, -1, -1]"
belah,-4.0,1.0,"[-4, -4, -4, -4, -4, -4, -4, -4, -4, -4]"
nang,-4.0,1.0,"[-4, -4, -4, -4, -4, -4, -4, -4, -4, -4]"
usil,-2.4,1.0,"[-3, -3, -2, -2, -2, -4, -2, -2, -3, -1]"
usir,-3.2,1.0,"[-4, -1, -4, -3, -4, -3, -3, -3, -4, -3]"
hidu,-0.8,1.0,"[-1, -3, 0, -2, 0, -1, 0, -1, 0, 0]"
buang nyawa,-4.0,1.0,"[-4, -4, -4, -4, -4, -4, -4, -4, -4, -4]"
sapu,-2.4,1.0,"[-4, -2, -2, -3, -2, -3, 0, -2, -3, -3]"
otot,-3.2,1.0,"[-4, -4, -3, -2, -4, -3, -1, -4, -3, -4]"
cela,-3.2,1.0,"[-4, -4, -3, -3, -3, -2, -4, -4, -2, -3]"
jahat,-3.2,1.0,"[-3, -3, -2, -4, -2, -4, -4, -2, -4, -4]"
mula,-2.4,1.0,"[-3, 0, -1, -2, -4, -2, -3, -3, -4, -2]"
palit,-2.4,1.0,"[-2, -2, -3, -2, -2, -3, -2, -3, -3, -2]"
keluar,-2.4,1.0,"[-2, -3, -2, -3, -3, -3, -1, -3, -3, -1]"
tamat riwayat,-2.4,1.0,"[-3, -1, -3, -1, -2, -3, -3, -2, -4, -2]"
selusur,-2.4,1.0,"[-2, -2, -3, -2, -3, -4, -2, -2, -3, -1]"
celampak,-2.4,1.0,"[-2, -1, -3, -2, -3, -3, -2, -3, -3, -2]"
sentuh asa,-0.8,1.0,"[-1, 1, -1, 0, 0, 0, 0, -2, -4, -1]"
cengkerama,-1.6,1.0,"[-2, -4, -1, -2, -3, -1, -1, 0, -1, -1]"
tau,-3.2,1.0,"[-4, -2, -4, -2, -3, -3, -3, -4, -3, -4]"
curat,-0.8,1.0,"[1, 0, -2, -1, 0, -1, -1, -1, -2, -1]"
masuk,-2.4,1.0,"[-4, -4, -3, -3, 0, 0, 0, -4, -2, -4]"
kayak,-2.4,1.0,"[0, -3, -1, -4, -3, -3, -3, -1, -3, -3]"
buruk,-4.0,1.0,"[-4, -4, -4, -4, -4, -4, -4, -4, -4, -4]"
pihak,-2.4,1.0,"[-2, -1, -2, -3, -3, -4, -2, -4, -3, 0]"
apa,-2.4,1.0,"[-2, -4, -3, -2, -3, -3, -2, -2, -1, -2]"
cebik,-2.4,1.0,"[-3, -1, -3, -4, -3, -2, -3, -3, -1, -1]"
kesi,-2.4,1.0,"[-2, -1, -3, -3, -2, -3, -4, 0, -4, -2]"
anda,-0.8,1.0,"[-1, 0, 0, 0, -1, -2, -1, -1, 0, -2]"
ekspos,-3.2,1.0,"[-4, -3, -3, -3, -3, -3, -2, -3, -4, -4]"
lutut,-1.6,1.0,"[0, -1, -2, -1, -3, -1, -2, -2, -2, -2]"
dalih,-3.2,1.0,"[-4, -4, -2, -4, -3, -2, -3, -3, -4, -3]"
hilang ingat,-3.2,1.0,"[-1, -3, -4, -3, -4, -3, -4, -3, -3, -4]"
desir,-1.6,1.0,"[-1, -3, -1, -2, -1, -2, -2, 0, -1, -3]"
kusut,-3.2,1.0,"[-3, -3, -2, -4, -2, -3, -3, -4, -4, -4]"
wara,-2.4,1.0,"[-3, -2, -4, -2, -4, -1, -3, -1, -2, -2]"
keruh,-3.2,1.0,"[-2, -3, -4, -3, -3, -4, -3, -4, -3, -3]"
sengal,-3.2,1.0,"[-4, -3, -2, -3, -4, -1, -4, -4, -3, -4]"
kerumit,-4.0,1.0,"[-4, -4, -4, -4, -4, -4, -4, -4, -4, -4]"
tugas,-0.8,1.0,"[-2, -1, -2, 0, 0, 1, -1, -3, 0, 0]"
salah,-3.2,1.0,"[-4, -4, -2, -3, -4, -1, -4, -2, -4, -4]"
sekongkol,-3.2,1.0,"[-3, -3, -4, -4, -2, -4, -4, -4, -2, -2]"
ancam,-3.2,1.0,"[-3, -3, -3, -4, -2, -4, -2, -3, -4, -4]"
ganggu jiwa,-3.2,1.0,"[-3, -3, -4, -4, -2, -3, -3, -4, -2, -4]"
kerut,-1.6,1.0,"[-1, -1, -4, -1, 0, -2, -2, -1, -3, -1]"
uar,-2.4,1.0,"[-2, -3, -2, -1, -4, -2, -1, -4, -2, -3]"
sanding,-1.6,1.0,"[-1, -2, -3, -1, -2, -1, -2, -2, -1, -1]"
tantang,-3.2,1.0,"[-4, -4, -1, -2, -4, -2, -4, -4, -3, -4]"
dengu,-2.4,1.0,"[-4, -2, -1, -3, -3, -3, -2, -1, -3, -2]"
loloh,-2.4,1.0,"[-3, -2, -3, -2, -1, -3, -3, -1, -3, -3]"
mungkin,-0.8,1.0,"[-1, -1, -2, 1, -1, -1, -1, -1, 0, -1]"
peleset,-3.2,1.0,"[-2, -2, -4, -4, -4, -4, -2, -4, -3, -3]"
kecil,-2.4,1.0,"[-3, -3, -4, -3, -2, -2, 0, -1, -2, -4]"
jepit,-3.2,1.0,"[-3, -3, -2, -4, -3, -3, -3, -3, -4, -4]"
gulir,-2.4,1.0,"[-2, -2, -3, -3, -2, -2, -2, -2, -3, -3]"
panik,-3.2,1.0,"[-4, -4, -2, -3, -4, -4, -3, -3, -4, -1]"
malang,-4.0,1.0,"[-4, -4, -4, -4, -4, -4, -4, -4, -4, -4]"
leceh,-4.0,1.0,"[-4, -4, -4, -4, -4, -4, -4, -4, -4, -4]"
gantung,-2.4,1.0,"[-4, -4, -2, -3, -1, -2, -4, -3, 0, -1]"
tekuk lutut,-2.4,1.0,"[-2, -3, -3, -2, -1, -2, -3, -3, -4, -1]"
lama,-3.2,1.0,"[-2, -4, -4, -4, -2, -2, -4, -4, -2, -4]"
lesit,-0.8,1.0,"[0, 0, -1, 0, -2, -2, 0, -1, -1, -1]"
rebak,-2.4,1.0,"[-3, -2, -1, -3, 0, -2, -3, -4, -3, -3]"
susah,-2.4,1.0,"[-2, -4, -1, -4, -2, -1, -2, -2, -2, -4]"
balik,-2.4,1.0,"[-3, -2, -3, -2, -2, -3, -1, -3, -3, -2]"
kobar,-1.6,1.0,"[-4, -1, -2, -2, -1, -2, -3, -1, 1, -1]"
ikut,-2.4,1.0,"[-3, -2, -3, -3, -1, -2, -2, -2, -4, -2]"
kompor,-3.2,1.0,"[-2, -4, -4, -2, -4, -4, -4, -4, -4, 0]"
celah,-2.4,1.0,"[-2, -1, -1, -3, -4, -4, -4, -2, -1, -2]"
junjung,-1.6,1.0,"[-3, -1, -1, -3, -2, -1, -1, -1, -2, -1]"
aduk,-2.4,1.0,"[-3, -1, -2, -2, -3, -2, -3, -2, -3, -3]"
gelicik,-2.4,1.0,"[-2, -4, -1, -4, -1, -2, -2, -4, -3, -1]"
tangkis,-2.4,1.0,"[-2, -3, -4, -3, -3, -2, -2, -3, -1, -1]"
itu,-1.6,1.0,"[-2, -2, 0, -3, -2, 0, -1, -4, -1, -1]"
lumat,-3.2,1.0,"[-3, -3, -3, -4, -3, -3, -3, -2, -4, -4]"
henti tugas,-1.6,1.0,"[-2, -1, -2, -2, -2, -1, -1, -2, -1, -2]"
jambret,-4.0,1.0,"[-4, -4, -4, -4, -4, -4, -4, -4, -4, -4]"
jelma,-2.4,1.0,"[-2, -3, -2, -1, 0, -1, -4, -4, -4, -3]"
muram durja,-4.0,1.0,"[-4, -4, -4, -4, -4, -4, -4, -4, -4, -4]"
empas,-2.4,1.0,"[-3, -2, -2, -2, -2, -3, -3, -3, -1, -3]"
bual,-3.2,1.0,"[-3, -4, -4, -4, -3, -2, -4, -2, -2, -4]"
ratap,-2.4,1.0,"[-2, -2, -2, -3, -2, -3, -2, -2, -3, -3]"
gaco,-1.6,1.0,"[-3, -2, -2, -2, -2, -3, 2, 0, -2, -2]"
sayat,-3.2,1.0,"[-2, -3, -3, -3, -3, -2, -4, -4, -4, -4]"
dah,-2.4,1.0,"[-1, -2, -3, -4, -2, -1, -3, -2, -3, -3]"
putih tulang,-1.6,1.0,"[-1, -2, -2, -1, 0, -3, -2, 0, -3, -2]"
pisah,-2.4,1.0,"[-2, -3, -2, -3, -3, -2, -3, -1, -3, -2]"
sodok,-2.4,1.0,"[-1, -3, -4, -4, 0, -1, -2, -4, -4, -1]"
cibir,-4.0,1.0,"[-4, -4, -4, -4, -4, -4, -4, -4, -4, -4]"
lupa diri,-2.4,1.0,"[-1, -3, -2, -2, -2, -2, -2, -4, -3, -3]"
perenyak,-3.2,1.0,"[-3, -4, -3, -2, -3, -3, -3, -4, -3, -4]"
tanda,-1.6,1.0,"[-2, -4, -2, -2, -1, -1, -1, 0, -1, -2]"
simpan,-2.4,1.0,"[2, -4, -3, -2, -3, -2, -4, -2, -3, -3]"
keri,-3.2,1.0,"[-4, -2, -3, -4, -4, -4, -3, -4, -3, -1]"
pergok,-4.0,1.0,"[-4, -4, -4, -4, -4, -4, -4, -4, -4, -4]"
ketar,-2.4,1.0,"[-4, -3, 1, -3, -1, -2, -2, -3, -3, -4]"
samping,-3.2,1.0,"[-3, -4, -3, -2, -3, -4, -4, -2, -3, -4]"
tagih,-2.4,1.0,"[-2, -2, -3, 0, -3, -3, -3, -3, -4, -1]"
mata,-1.6,1.0,"[-2, -1, -1, -1, -3, -2, 0, -1, -2, -3]"
lain,-3.2,1.0,"[-4, -2, -3, -4, -4, -2, -3, -2, -4, -4]"
cetus,-0.8,1.0,"[-2, 0, 1, -1, 0, -1, -1, -1, -1, -2]"
sampah,-3.2,1.0,"[-2, -2, -4, -4, -3, -4, -3, -4, -3, -3]"
rampas,-3.2,1.0,"[-3, -3, -3, -4, -3, -4, -3, -3, -3, -3]"
sanggama,-1.6,1.0,"[-2, -2, 0, -1, -1, -1, -2, -1, -3, -3]"
rogoh,-2.4,1.0,"[-2, -3, -4, -2, -1, -3, -2, -2, -2, -3]"
rogok,-2.4,1.0,"[-2, -1, -3, -3, -3, -3, -1, -2, -3, -3]"
buang,-2.4,1.0,"[-1, -4, -2, -1, -2, -3, -3, -2, -2, -4]"
cari,-2.4,1.0,"[-2, -3, -3, -2, -4, -3, -2, 0, -2, -3]"
diri,-0.8,1.0,"[1, -2, -1, -2, -2, -1, -1, 0, 0, 0]"
cair,-0.8,1.0,"[1, 1, 0, -2, -1, 0, -1, -3, 0, -3]"
isu,-0.8,1.0,"[0, -1, 0, -2, -2, -1, 0, 0, 0, -2]"
galak panas,-2.4,1.0,"[-3, -3, -2, -3, -4, -2, -1, -3, -2, -1]"
sungkap,-2.4,1.0,"[-4, -1, -3, -4, -1, -1, -2, -4, -3, -1]"
ecer,-1.6,1.0,"[-2, -2, -2, -1, -1, -2, -1, -3, 1, -3]"
mungut,-1.6,1.0,"[-1, -4, -3, -2, -1, -1, -1, 0, -1, -2]"
tumpah hati,-2.4,1.0,"[-2, -3, -4, -2, -2, -2, -2, -4, -1, -2]"
rang,-2.4,1.0,"[-2, -2, -3, -2, -4, -1, -3, -2, -3, -2]"
hina rendah,-2.4,1.0,"[-1, -2, -1, -4, -2, -3, -3, -2, -3, -3]"
pacul,-3.2,1.0,"[-4, -4, -3, -3, -3, -3, -4, -3, -3, -2]"
baiat,-2.4,1.0,"[-2, -4, -2, -2, -2, -3, -2, -3, -1, -3]"
lembung,-2.4,1.0,"[0, -3, -2, -2, -4, -3, -3, -2, -3, -2]"
kapah,-1.6,1.0,"[-2, -1, -1, -3, -1, -3, -1, -3, -1, 0]"
surup,-4.0,1.0,"[-4, -4, -4, -4, -4, -4, -4, -4, -4, -4]"
isap jempol,-2.4,1.0,"[-2, -3, -1, -4, -2, -2, -2, -4, -1, -3]"
cerca,-3.2,1.0,"[-4, -3, -3, -4, -2, -4, -2, -4, -4, -2]"
sisih,-1.6,1.0,"[-1, -2, 0, -2, -2, -3, -3, -1, 0, -2]"
sial,-4.0,1.0,"[-4, -4, -4, -4, -4, -4, -4, -4, -4, -4]"
tumbuk,-2.4,1.0,"[-3, -3, -4, -1, -4, -2, 0, -2, -2, -3]"
halang,-2.4,1.0,"[-2, -2, -3, -3, -2, -2, -2, -4, -3, -1]"
tilap,-3.2,1.0,"[-3, -4, -4, -2, -4, -4, -4, -2, -2, -3]"
cangkum,-2.4,1.0,"[-2, -4, -3, -2, -2, -2, -3, -3, -1, -2]"
onar,-4.0,1.0,"[-4, -4, -4, -4, -4, -4, -4, -4, -4, -4]"
panggil,-0.8,1.0,"[0, 0, 0, -1, -1, -1, -1, -1, -1, -2]"
rundung,-3.2,1.0,"[-3, -4, -3, -3, -4, -4, -3, -1, -4, -3]"
jilat,-2.4,1.0,"[-2, -2, -1, -2, -2, -2, -4, -4, -2, -3]"
tanggung,-1.6,1.0,"[0, -1, -2, -3, -4, 0, -1, -4, 0, -1]"
rugi,-4.0,1.0,"[-4, -4, -4, -4, -4, -4, -4, -4, -4, -4]"
gerombol,-3.2,1.0,"[-4, -2, -3, -4, -3, -2, -3, -3, -4, -4]"
colong,-4.0,1.0,"[-4, -4, -4, -4, -4, -4, -4, -4, -4, -4]"
gelingsir,-2.4,1.0,"[-3, -3, -3, -1, -2, -4, -2, -4, -1, -1]"
soal,-0.8,1.0,"[-2, 1, -2, -1, -1, -2, 0, 0, -1, 0]"
catut,-2.4,1.0,"[-3, -3, -4, -2, -4, -2, -2, -1, 0, -3]"
cumbu,-2.4,1.0,"[-4, -3, 0, -3, -1, -1, -3, -3, -3, -3]"
gonggong anjing,-2.4,1.0,"[-3, -4, -3, -1, -1, -3, -2, -2, -3, -2]"
kandut,-2.4,1.0,"[-1, -4, -2, -1, -4, -3, -2, -3, 0, -4]"
rantai,-2.4,1.0,"[-4, -1, -3, -2, -1, -3, -2, -2, -3, -3]"
keji,-4.0,1.0,"[-4, -4, -4, -4, -4, -4, -4, -4, -4, -4]"
tumpuk,-3.2,1.0,"[-4, -2, -2, -4, -3, -3, -4, -3, -4, -3]"
rajam,-4.0,1.0,"[-4, -4, -4, -4, -4, -4, -4, -4, -4, -4]"
sendiri,-2.4,1.0,"[-3, -2, -2, -2, -1, -3, -2, -3, -4, -2]"
pelanting,-2.4,1.0,"[-3, -3, -3, -3, -4, -2, -1, -1, -2, -2]"
tebat,-2.4,1.0,"[0, -1, -3, -2, -3, -3, -3, -2, -3, -4]"
kecamuk,-3.2,1.0,"[-2, -4, -2, -4, -3, -4, -4, -3, -2, -4]"
bejat,-4.0,1.0,"[-4, -4, -4, -4, -4, -4, -4, -4, -4, -4]"
pegang,-1.6,1.0,"[-2, -2, -1, -3, -2, -3, 0, -2, 0, -1]"
larang,-2.4,1.0,"[-1, -3, 0, -3, -4, -3, -3, -4, -1, -2]"
rangsang,-2.4,1.0,"[-2, -1, -4, -2, -4, -2, -3, -3, -1, -2]"
tembok,-0.8,1.0,"[0, 0, -1, -1, -1, 0, -2, 0, 0, -3]"
gadang,-3.2,1.0,"[-4, -4, -4, -3, -1, -4, -2, -3, -4, -3]"
kelok,-1.6,1.0,"[-1, -2, -1, -2, -1, -3, -1, -3, -1, -1]"
ledak,-3.2,1.0,"[-4, -2, -1, -4, -2, -3, -4, -4, -4, -4]"
cebur,-4.0,1.0,"[-4, -4, -4, -4, -4, -4, -4, -4, -4, -4]"
abai,-2.4,1.0,"[-1, -1, -2, -3, -1, -4, -4, -2, -4, -2]"
serang,-3.2,1.0,"[-3, -2, -4, -3, -4, -3, -4, -3, -2, -4]"
rongsok,-2.4,1.0,"[-1, -4, -4, -2, -2, -4, -2, -4, 0, -1]"
tindik,-2.4,1.0,"[-4, -2, -2, -3, -3, -1, -4, -3, -2, 0]"
luka,-4.0,1.0,"[-4, -4, -4, -4, -4, -4, -4, -4, -4, -4]"
jangan,-2.4,1.0,"[-3, -4, -3, -2, -2, -1, -3, -1, -3, -2]"
kerak,-1.6,1.0,"[-1, -3, -1, -3, -1, -2, -3, -2, 0, 0]"
bekap,-2.4,1.0,"[-3, -4, -2, 0, -2, -2, -3, -2, -4, -2]"
pikul,-1.6,1.0,"[-1, -2, -2, -2, -1, -1, -2, -2, -2, -1]"
ciut,-2.4,1.0,"[-2, -2, -2, -1, -4, -3, -1, -4, -1, -4]"
kereta,-3.2,1.0,"[-4, -4, -2, -3, -4, -2, -4, -3, -4, -2]"
sundut,-2.4,1.0,"[0, -2, -3, -1, -3, -2, -3, -4, -3, -3]"
cemas,-2.4,1.0,"[-3, -3, -2, -2, -3, -2, -2, -2, -3, -2]"
sunduk,-2.4,1.0,"[0, -3, -3, -4, -4, -3, -1, -2, -2, -2]"
kongkalikong,-3.2,1.0,"[-2, -4, -2, -4, -4, -3, -2, -3, -4, -4]"
susup,-1.6,1.0,"[-3, -2, -2, -1, -1, 2, -1, -1, -4, -3]"
campak,-3.2,1.0,"[-2, -3, -2, -3, -4, -4, -3, -4, -3, -4]"
babar,-0.8,1.0,"[0, -2, -1, 0, 0, 0, -2, -1, -3, 1]"
tembak,-4.0,1.0,"[-4, -4, -4, -4, -4, -4, -4, -4, -4, -4]"
yg tuan,-2.4,1.0,"[-3, -4, -3, -3, -2, -2, -2, -1, -1, -3]"
alir udara,-0.8,1.0,"[-2, -3, 0, 0, -1, 0, -2, 0, 0, 0]"
tegun,-2.4,1.0,"[-2, -2, -4, -4, -2, -3, -2, -3, -1, -1]"
tekan mental,-3.2,1.0,"[-3, -3, -4, -3, -3, -3, -4, -2, -3, -4]"
tangkap,-2.4,1.0,"[-2, -4, -2, -1, -2, -2, -4, -1, -2, -4]"
nahas,-1.6,1.0,"[-2, -1, -2, -2, 0, -3, -2, -1, -1, -2]"
sambat,-2.4,1.0,"[0, -4, -1, -2, -3, -4, -3, -2, -3, -2]"
tanduk,-1.6,1.0,"[-3, 0, -2, -1, -1, -3, -2, -3, 0, -1]"
cekak,-2.4,1.0,"[-2, -1, -3, -3, -2, -4, -3, 0, -3, -3]"
nenes,-1.6,1.0,"[0, -1, -1, -2, -2, -2, 0, 0, -4, -4]"
cekau,-1.6,1.0,"[-4, -3, 0, -2, -1, -1, 0, -2, -2, -1]"
ekang,-3.2,1.0,"[-3, -3, -3, -2, -4, -3, -4, -3, -3, -4]"
besit,-1.6,1.0,"[-1, -2, -1, -1, -2, 0, -2, -2, -4, -1]"
jabat,-2.4,1.0,"[-2, -3, -2, -4, -3, -2, -2, -2, -2, -2]"
busuk,-4.0,1.0,"[-4, -4, -4, -4, -4, -4, -4, -4, -4, -4]"
tarik napas habis,-4.0,1.0,"[-4, -4, -4, -4, -4, -4, -4, -4, -4, -4]"
semayam,-2.4,1.0,"[-2, -2, -4, -3, -3, -1, -2, -1, -3, -3]"
potong,-1.6,1.0,"[-3, -1, -2, 0, -3, -1, -2, -1, 0, -3]"
genang,-1.6,1.0,"[0, -1, -3, -1, -4, -2, -2, -1, -1, -1]"
hina aib,-3.2,1.0,"[-4, -3, -3, -4, -4, -3, -3, -2, -2, -4]"
sengaja,-1.6,1.0,"[-1, -1, -3, -2, -1, 0, -3, -2, -1, -2]"
geleng,-2.4,1.0,"[-4, -4, -3, -4, -3, -1, -1, -3, 0, -1]"
selulur,-1.6,1.0,"[-3, 0, -1, -3, -1, -3, -2, -2, -1, 0]"
sembarang,-3.2,1.0,"[-2, -3, -4, -4, -4, -3, -1, -4, -4, -3]"
kalang tanah,-1.6,1.0,"[-3, -2, 0, 0, -1, -2, -1, -3, -3, -1]"
antem,-3.2,1.0,"[-3, -4, -4, -2, -4, -4, -1, -4, -3, -3]"
gelap,-3.2,1.0,"[-2, -4, -3, -3, -3, -4, -3, -4, -2, -4]"
menep,-2.4,1.0,"[-2, -2, -4, -1, -2, -4, -2, -2, -3, -2]"
umpat,-3.2,1.0,"[-3, -2, -2, -2, -4, -4, -4, -3, -4, -4]"
biak,-2.4,1.0,"[-2, -2, -2, -4, -3, -3, -2, -2, -1, -3]"
batas waktu,-2.4,1.0,"[-2, -1, -2, -3, -3, 0, -2, -3, -4, -4]"
tetes,-2.4,1.0,"[-3, -2, -2, -4, -1, -3, -3, -3, -1, -2]"
maki,-4.0,1.0,"[-4, -4, -4, -4, -4, -4, -4, -4, -4, -4]"
songsong,-1.6,1.0,"[-2, -1, -1, 1, -2, -1, -2, -2, -3, -3]"
tusuk,-3.2,1.0,"[-3, -4, -3, -3, -3, -1, -4, -4, -3, -4]"
sungkawa,-2.4,1.0,"[-1, -3, -2, -2, -3, -4, -2, -1, -2, -4]"
gerecok,-3.2,1.0,"[-2, -3, -3, -3, -3, -4, -4, -4, -2, -4]"
umbar,-2.4,1.0,"[-3, -2, -3, -2, -2, -2, -1, -1, -4, -4]"
telinga merah,-2.4,1.0,"[-2, -2, -1, -4, 0, -3, -3, -3, -3, -3]"
sakit ingat,-3.2,1.0,"[-3, -4, -3, -3, -4, -4, -4, -3, -2, -2]"
tolak,-3.2,1.0,"[-3, -2, -4, -3, -4, -4, -4, -4, -3, -1]"
bandel,-4.0,1.0,"[-4, -4, -4, -4, -4, -4, -4, -4, -4, -4]"
jarah,-3.2,1.0,"[-4, -3, -3, -4, -3, -4, -3, -2, -3, -3]"
aniaya,-3.2,1.0,"[-2, -4, -3, -3, -3, -3, -3, -4, -4, -3]"
daif,-2.4,1.0,"[-1, -4, -2, -3, -2, -4, -2, -1, -3, -2]"
lubang,-2.4,1.0,"[-2, -2, -1, -4, -1, -4, -2, -2, -3, -3]"
dosa,-3.2,1.0,"[-4, -4, -4, -3, -2, -4, -2, -3, -3, -3]"
ejek,-3.2,1.0,"[-3, -3, -4, -2, -3, -4, -4, -4, -2, -3]"
jauh,-3.2,1.0,"[-3, -4, -2, -2, -3, -4, -3, -4, -3, -4]"
berangan,-2.4,1.0,"[-3, -1, -2, -4, -3, -1, -2, -3, -4, -1]"
rampok,-4.0,1.0,"[-4, -4, -4, -4, -4, -4, -4, -4, -4, -4]"
lendeh,-2.4,1.0,"[-3, -2, -2, -3, -2, -3, -3, -2, -2, -2]"
parah,-4.0,1.0,"[-4, -4, -4, -4, -4, -4, -4, -4, -4, -4]"
peranjat,-2.4,1.0,"[-3, -4, -4, -2, -3, -1, -1, -3, -2, -1]"
hina,-4.0,1.0,"[-4, -4, -4, -4, -4, -4, -4, -4, -4, -4]"
geruh,-3.2,1.0,"[-2, -2, -3, -4, -3, -4, -3, -4, -4, -3]"
lalu dr dunia,-4.0,1.0,"[-4, -4, -4, -4, -4, -4, -4, -4, -4, -4]"
cucut,-2.4,1.0,"[-3, -3, -3, -3, -2, -4, -2, 0, -2, -2]"
retek,-2.4,1.0,"[-3, -3, -3, -1, -4, -3, -2, -1, -2, -2]"
kasi,-2.4,1.0,"[-2, -4, -4, 0, -4, -2, -1, -1, -3, -3]"
cucuk,-2.4,1.0,"[0, -3, -3, -4, -2, -1, -3, -4, -3, -1]"
jedot,-3.2,1.0,"[-4, -3, -2, -3, -2, -3, -4, -4, -4, -3]"
celaka,-4.0,1.0,"[-4, -4, -4, -4, -4, -4, -4, -4, -4, -4]"
patung,-2.4,1.0,"[-3, -3, -3, -3, -3, -2, -3, 0, -2, -2]"
sindir,-2.4,1.0,"[-3, -3, -3, -2, -3, -1, -2, -3, -2, -2]"
bukan,-2.4,1.0,"[-3, -1, -1, -3, -4, -2, -3, -3, -2, -2]"
geliat,-2.4,1.0,"[-2, -3, -2, -2, -3, -3, -1, -4, -2, -2]"
alami,-2.4,1.0,"[-1, -3, -3, -2, -3, -2, -4, -1, -2, -3]"
lepas,-1.6,1.0,"[-2, 0, -1, -1, -1, -4, -3, -3, -1, 0]"
comot,-3.2,1.0,"[-4, -4, -2, -4, -4, -3, -4, -3, -1, -3]"
siksa,-4.0,1.0,"[-4, -4, -4, -4, -4, -4, -4, -4, -4, -4]"
acak,-4.0,1.0,"[-4, -4, -4, -4, -4, -4, -4, -4, -4, -4]"
sendu,-1.6,1.0,"[-2, -2, -1, -3, -2, -1, 0, 0, -3, -2]"
acau,-3.2,1.0,"[-1, -2, -4, -3, -4, -4, -3, -4, -4, -3]"
hempas,-3.2,1.0,"[-4, -4, -3, -2, -4, -2, -4, -2, -4, -3]"
derita,-4.0,1.0,"[-4, -4, -4, -4, -4, -4, -4, -4, -4, -4]"
bantah,-2.4,1.0,"[-2, -3, -4, -3, -3, -2, -2, -1, -1, -3]"
hangus,-2.4,1.0,"[-3, -3, 0, -3, -4, -2, -2, -2, -3, -2]"
ampas kopi,-1.6,1.0,"[-2, -2, -1, -2, -2, -2, -1, -3, -1, 0]"
simbah,-2.4,1.0,"[-2, -2, -3, -1, -2, -3, -4, -1, -3, -3]"
bidik,-1.6,1.0,"[-2, -2, -2, -2, 0, -1, -1, -4, -1, -1]"
lari,-1.6,1.0,"[-1, -3, -3, -2, 0, 0, -2, -2, -2, -1]"
dengung,-2.4,1.0,"[-2, -3, -3, -2, -2, -1, -2, -3, -3, -3]"
olok,-3.2,1.0,"[-3, -3, -4, -4, -2, -2, -4, -3, -4, -3]"
kelir,-2.4,1.0,"[0, -2, -2, -1, -3, -3, -2, -3, -4, -4]"
geluncur,-2.4,1.0,"[-2, -1, -3, -4, -3, -2, -2, -2, -2, -3]"
musuh,-3.2,1.0,"[-4, -4, -2, -2, -3, -3, -4, -4, -3, -3]"
kurang,-2.4,1.0,"[-3, -3, -1, -3, -2, -3, -2, -3, -1, -3]"
tendensi,-2.4,1.0,"[-2, -2, -2, -1, -2, -2, -4, -3, -3, -3]"
gelecik,-3.2,1.0,"[-4, -3, -3, -3, -2, -4, -2, -4, -4, -3]"
balik akal,-3.2,1.0,"[-4, -3, -3, -4, -4, -2, -4, -4, -3, -1]"
pelecok,-2.4,1.0,"[-2, -3, -1, -1, -2, -4, -1, -4, -4, -2]"
bendung,-2.4,1.0,"[-2, -3, -4, -1, -3, -3, -3, -1, -2, -2]"
tular,-3.2,1.0,"[-4, -2, -4, -4, -2, -3, -3, -3, -3, -4]"
timbal,-1.6,1.0,"[-2, -1, -1, 0, -4, 0, -3, -2, -1, -2]"
cedera,-3.2,1.0,"[-3, -4, -3, -4, -3, -4, -3, -4, -2, -2]"
lot,-4.0,1.0,"[-4, -4, -4, -4, -4, -4, -4, -4, -4, -4]"
ubah ingat,-2.4,1.0,"[-2, -1, -3, -4, -2, -2, -3, -1, -4, -2]"
anjur,-1.6,1.0,"[-1, -2, -1, -1, -1, -2, -2, -2, -2, -2]"
ramal,-1.6,1.0,"[0, -1, -2, -1, -2, -2, -3, -2, -1, -2]"
ruwet,-3.2,1.0,"[-3, -4, -4, -2, -3, -3, -4, -3, -2, -4]"
mencak,-4.0,1.0,"[-4, -4, -4, -4, -4, -4, -4, -4, -4, -4]"
seteru,-3.2,1.0,"[-4, -4, -4, -2, -3, -3, -3, -3, -3, -3]"
lagi,-2.4,1.0,"[-1, -3, -2, -3, 0, -4, -3, -3, -2, -3]"
tutup,-1.6,1.0,"[0, -3, -3, -3, 0, 1, -2, -4, -1, -1]"
lanyak,-2.4,1.0,"[-3, -3, -3, -1, -2, -2, -3, -4, -2, -1]"
curu,-2.4,1.0,"[-2, -4, -1, -2, -1, -4, -3, 0, -4, -3]"
nista,-4.0,1.0,"[-4, -4, -4, -4, -4, -4, -4, -4, -4, -4]"
sumbat,-2.4,1.0,"[-3, -1, -3, -2, -2, -1, -3, -3, -4, -2]"
erik,-2.4,1.0,"[-4, -1, -3, -4, -2, -2, -2, -1, -4, -1]"
beri uang,-1.6,1.0,"[-2, 0, -2, -3, -2, -1, 0, -4, 1, -3]"
sembah,-1.6,1.0,"[-4, -2, -2, -1, -2, 0, -3, 0, 0, -2]"
ubah akal,-1.6,1.0,"[-2, -1, -3, -2, -1, -1, -3, 0, -1, -2]"
tambat hati,-1.6,1.0,"[0, -3, 0, -2, -2, 0, -3, -2, -2, -2]"
ogah,-2.4,1.0,"[-2, -2, 0, -4, -4, -3, -2, -2, -2, -3]"
simpang,-3.2,1.0,"[-4, -4, -3, -3, -3, -4, -2, -3, -3, -3]"
noda,-3.2,1.0,"[-4, -3, -4, -3, -3, -2, -3, -3, -3, -4]"
langah,-2.4,1.0,"[-3, -1, -2, -2, -4, -1, -3, -4, -2, -2]"
langau,-3.2,1.0,"[-3, -4, -4, -3, -3, -4, -3, -2, -2, -4]"
beda,-1.6,1.0,"[-3, -1, -1, -1, -2, -1, -2, -1, -2, -2]"
hambur,-2.4,1.0,"[-3, -2, -3, -3, -3, -4, -2, -1, -3, 0]"
tangkap basah,-2.4,1.0,"[-1, -2, -2, -1, -3, -3, -3, -3, -4, -2]"
bandung,-0.8,1.0,"[-2, 0, -1, 0, -1, -1, 0, -1, -1, -1]"
bisik,-1.6,1.0,"[-1, -2, -1, -3, -1, 1, -3, -2, -3, -1]"
ngaceng,-4.0,1.0,"[-4, -4, -4, -4, -4, -4, -4, -4, -4, -4]"
jihat,-3.2,1.0,"[-4, -2, -3, -4, -4, -3, -3, -3, -3, -3]"
mengarau,-3.2,1.0,"[-1, -3, -4, -2, -3, -4, -4, -4, -3, -4]"
tubruk,-2.4,1.0,"[-1, -3, -3, -3, -3, -3, -3, -4, 0, -1]"
lesap,-2.4,1.0,"[-4, -3, -4, 0, -3, -3, -3, -1, -1, -2]"
mentransformasikan,-4.0,1.0,"[-4, -4, -4, -4, -4, -4, -4, -4, -4, -4]"
gabung,-4.0,1.0,"[-4, -4, -4, -4, -4, -4, -4, -4, -4, -4]"
gasak,-4.0,1.0,"[-4, -4, -4, -4, -4, -4, -4, -4, -4, -4]"
mengerut,-2.4,1.0,"[-4, -2, -1, -3, -3, -2, -1, -3, -3, -2]"
inersia,-3.2,1.0,"[-4, -3, -4, -3, -4, -3, -4, -4, -1, -2]"
lebur,-4.0,1.0,"[-4, -4, -4, -4, -4, -4, -4, -4, -4, -4]"
senyampang,-3.2,1.0,"[-3, -4, -2, -4, -3, -3, -2, -4, -4, -3]"
hadirin,-2.4,1.0,"[-2, -4, 0, -3, -3, -1, -3, -4, -3, -1]"
pantang,-3.2,1.0,"[-3, -3, -3, -2, -3, -4, -3, -3, -4, -4]"
porno,-4.0,1.0,"[-4, -4, -4, -4, -4, -4, -4, -4, -4, -4]"
berkarut,-4.0,1.0,"[-4, -4, -4, -4, -4, -4, -4, -4, -4, -4]"
tingkeb,-2.4,1.0,"[-2, -3, -2, -2, -1, -4, -4, -3, 0, -3]"
bayi,-2.4,1.0,"[-2, -3, -4, -1, -3, -1, -1, -2, -4, -3]"
empot-empotan,-4.0,1.0,"[-4, -4, -4, -4, -4, -4, -4, -4, -4, -4]"
bergulir,-2.4,1.0,"[-2, -2, -2, -3, -3, -4, -3, -1, -3, -1]"
lembu liar,-2.4,1.0,"[-3, -3, -2, -1, -3, -2, -2, -3, -3, -2]"
kemandang,-2.4,1.0,"[-1, -3, -2, -1, -4, -3, -3, -3, -3, -1]"
rantas,-2.4,1.0,"[-3, -2, -2, -3, -3, -3, -1, -2, -2, -3]"
sambung,-2.4,1.0,"[-3, -3, -3, -2, -1, -3, -4, -3, 0, -2]"
aus,-4.0,1.0,"[-4, -4, -4, -4, -4, -4, -4, -4, -4, -4]"
menggulung,-3.2,1.0,"[-3, -3, -3, -4, -4, -1, -4, -3, -3, -4]"
moyang,-3.2,1.0,"[-3, -3, -4, -4, -4, -4, -3, -2, -2, -3]"
berang,-4.0,1.0,"[-4, -4, -4, -4, -4, -4, -4, -4, -4, -4]"
singkil,-3.2,1.0,"[-1, -4, -4, -4, -2, -4, -3, -4, -3, -3]"
deru,-2.4,1.0,"[-4, -1, -3, -2, -3, -2, -3, -3, -2, -1]"
menumpuk,-2.4,1.0,"[-2, -3, -3, -1, -3, -1, -3, -3, -3, -2]"
represi,-3.2,1.0,"[-4, -2, -3, -4, -4, -3, -3, -4, -3, -2]"
distorsi,-3.2,1.0,"[0, -4, -3, -4, -4, -4, -4, -4, -2, -3]"
risi,-2.4,1.0,"[-1, -1, -4, -3, -4, -3, -3, 0, -3, -2]"
semak hati,-4.0,1.0,"[-4, -4, -4, -4, -4, -4, -4, -4, -4, -4]"
lintasan,-3.2,1.0,"[-2, -4, -3, -3, -1, -4, -4, -3, -4, -4]"
petung,-2.4,1.0,"[-4, -2, -3, -2, -4, -1, -2, -2, -2, -2]"
risa,-3.2,1.0,"[-4, -3, -4, -3, -2, -3, -3, -4, -3, -3]"
benyot,-3.2,1.0,"[-3, -3, -4, -4, -3, -3, -3, -3, -4, -2]"
bromocorah,-4.0,1.0,"[-4, -4, -4, -4, -4, -4, -4, -4, -4, -4]"
medok,-2.4,1.0,"[-2, -3, -3, -2, -3, -3, -1, -2, -2, -3]"
lencana,-2.4,1.0,"[-3, -4, -1, -2, -3, 0, -3, -2, -3, -3]"
ekshibisi,-2.4,1.0,"[-2, -2, -2, -4, -3, -2, -3, -2, -1, -3]"
dua kali,-2.4,1.0,"[-3, -2, -2, -3, 0, -2, -1, -4, -3, -4]"
mengheningkan,-2.4,1.0,"[-1, -2, -1, -2, -4, -4, -3, -3, -2, -2]"
melingkupi,-2.4,1.0,"[-2, -4, -4, -3, 0, -3, -2, -2, -3, -1]"
menyegam,-3.2,1.0,"[-4, -4, -4, -4, -2, -4, -2, -2, -4, -2]"
mencagil,-3.2,1.0,"[-4, -3, -2, -3, -4, -4, -4, -1, -4, -3]"
memampat,-2.4,1.0,"[-1, -3, -2, -3, -2, -1, -3, -3, -3, -3]"
mengkaji,-4.0,1.0,"[-4, -4, -4, -4, -4, -4, -4, -4, -4, -4]"
gelogok,-2.4,1.0,"[-2, -3, -3, -2, -3, -4, -2, -2, -1, -2]"
gapil mulut,-3.2,1.0,"[-4, -3, -4, -4, -3, -1, -2, -4, -3, -4]"
penyudahan,-2.4,1.0,"[-2, -1, -2, -1, -4, -1, -2, -3, -4, -4]"
selesma,-2.4,1.0,"[-3, -2, -2, -1, -4, -2, -2, -3, -2, -3]"
pari-,-2.4,1.0,"[-4, -3, -1, -3, -3, -1, -4, -3, 1, -3]"
khafi,-4.0,1.0,"[-4, -4, -4, -4, -4, -4, -4, -4, -4, -4]"
melumangkan,-4.0,1.0,"[-4, -4, -4, -4, -4, -4, -4, -4, -4, -4]"
beromong kosong,-3.2,1.0,"[-3, -4, -4, -3, -4, -3, -4, -4, -1, -2]"
berkecandan,-3.2,1.0,"[-3, -4, -3, -4, -2, -3, -2, -4, -4, -3]"
membasmi,-4.0,1.0,"[-4, -4, -4, -4, -4, -4, -4, -4, -4, -4]"
memetuahkan,-2.4,1.0,"[-2, -2, -4, -2, -1, -4, -1, -3, -3, -2]"
mencegat,-2.4,1.0,"[-2, -2, -3, -2, -4, -2, -2, -1, -4, -2]"
pulsa,-2.4,1.0,"[-1, -1, -4, -3, -2, -2, -4, -2, -2, -3]"
merancukan,-3.2,1.0,"[-2, -2, -4, -2, -4, -4, -3, -4, -4, -3]"
berluruhan,-2.4,1.0,"[-4, -2, -2, -3, -2, -2, -1, -3, -2, -3]"
titis,-2.4,1.0,"[-3, -2, -1, -3, -3, -2, -4, -3, -1, -2]"
tersantet,-2.4,1.0,"[-2, -2, -1, -2, -3, -4, -3, -3, -2, -2]"
unjuk rasa,-2.4,1.0,"[-4, -1, -4, -1, -3, -1, -3, -2, -3, -2]"
ketupat bengkulu,-4.0,1.0,"[-4, -4, -4, -4, -4, -4, -4, -4, -4, -4]"
tawar,-3.2,1.0,"[-2, -2, -3, -3, -3, -4, -4, -4, -3, -4]"
cacatan,-4.0,1.0,"[-4, -4, -4, -4, -4, -4, -4, -4, -4, -4]"
titik,-2.4,1.0,"[-2, -1, -1, -4, -3, -2, -2, -2, -3, -4]"
terpelekok,-2.4,1.0,"[-3, -2, -2, -1, -3, -4, -3, -2, -1, -3]"
betung,-2.4,1.0,"[-2, -3, -4, -3, -2, -2, -1, -1, -4, -2]"
membuang,-3.2,1.0,"[-4, -4, -3, -2, -3, -3, -3, -3, -3, -4]"
menjauh,-2.4,1.0,"[-3, -4, -3, -3, -4, -1, 1, -2, -2, -3]"
berganda,-2.4,1.0,"[-2, -3, -4, -2, -2, -3, -1, -2, -3, -2]"
beranjak,-2.4,1.0,"[-1, -2, -1, -2, -3, -3, -4, -2, -3, -3]"
menyulam,-4.0,1.0,"[-4, -4, -4, -4, -4, -4, -4, -4, -4, -4]"
bengal,-3.2,1.0,"[-4, -3, -2, -4, -3, -4, -4, -3, -2, -3]"
serius,-4.0,1.0,"[-4, -4, -4, -4, -4, -4, -4, -4, -4, -4]"
kusut hati,-4.0,1.0,"[-4, -4, -4, -4, -4, -4, -4, -4, -4, -4]"
memupus,-4.0,1.0,"[-4, -4, -4, -4, -4, -4, -4, -4, -4, -4]"
barua,-4.0,1.0,"[-4, -4, -4, -4, -4, -4, -4, -4, -4, -4]"
merobek,-3.2,1.0,"[-4, -3, -3, -4, -1, -3, -4, -2, -4, -4]"
judes,-3.2,1.0,"[-2, -3, -3, -4, -2, -3, -3, -4, -4, -4]"
belembang,-4.0,1.0,"[-4, -4, -4, -4, -4, -4, -4, -4, -4, -4]"
betas,-2.4,1.0,"[-2, -3, -2, -4, -4, -2, -1, -3, -2, -1]"
madat,-2.4,1.0,"[-3, -2, -3, -1, -4, -4, -2, 0, -2, -3]"
sensasi,-4.0,1.0,"[-4, -4, -4, -4, -4, -4, -4, -4, -4, -4]"
sandung,-4.0,1.0,"[-4, -4, -4, -4, -4, -4, -4, -4, -4, -4]"
catak,-3.2,1.0,"[-4, -3, -3, -4, -4, -2, -4, -2, -2, -4]"
interlokusi,-2.4,1.0,"[-2, -2, -3, -1, -2, -4, -2, -3, -2, -3]"
rongseng,-3.2,1.0,"[-3, -3, -4, -3, -4, -2, -4, -3, -2, -4]"
baya,-3.2,1.0,"[-1, -3, -3, -4, -2, -3, -4, -4, -4, -4]"
merinin,-2.4,1.0,"[-4, -1, -3, -1, -2, -2, -3, -2, -4, -2]"
cacing kalung,-3.2,1.0,"[-4, -3, -3, -4, -3, -4, -4, -1, -3, -3]"
kemakmuran,-2.4,1.0,"[-2, -3, -4, -2, -2, -4, -2, -2, -2, -1]"
tertular,-3.2,1.0,"[-3, -4, -2, 0, -4, -4, -4, -3, -4, -4]"
borok,-4.0,1.0,"[-4, -4, -4, -4, -4, -4, -4, -4, -4, -4]"
restan,-2.4,1.0,"[-1, -4, -3, -4, -3, -2, -2, -2, -2, -1]"
menoleransi,-2.4,1.0,"[-4, -2, -1, -3, -2, -3, -2, -2, -3, -2]"
mencaci,-4.0,1.0,"[-4, -4, -4, -4, -4, -4, -4, -4, -4, -4]"
mamah,-3.2,1.0,"[-3, -4, -4, -2, -1, -4, -3, -4, -4, -3]"
mendorong,-3.2,1.0,"[-4, -2, -3, -3, -3, -2, -4, -4, -4, -3]"
pancakara,-3.2,1.0,"[-3, -3, -4, -3, -4, -3, -4, -1, -3, -4]"
mempertenggangkan,-2.4,1.0,"[-2, -3, -2, -2, -4, -3, -2, -2, -1, -3]"
hunjam,-3.2,1.0,"[-3, -4, -4, -4, -4, -4, -3, -2, -2, -2]"
angkat tangan,-4.0,1.0,"[-4, -4, -4, -4, -4, -4, -4, -4, -4, -4]"
sumbang,-3.2,1.0,"[-4, -3, -3, -4, -1, -4, -2, -4, -3, -4]"
cekuh,-2.4,1.0,"[-4, -3, -2, -1, -1, -1, -3, -3, -4, -2]"
anjing tanah,-4.0,1.0,"[-4, -4, -4, -4, -4, -4, -4, -4, -4, -4]"
dering,-2.4,1.0,"[-3, -2, -2, -2, -3, -4, -2, -2, -2, -2]"
mentok,-4.0,1.0,"[-4, -4, -4, -4, -4, -4, -4, -4, -4, -4]"
jendala,-4.0,1.0,"[-4, -4, -4, -4, -4, -4, -4, -4, -4, -4]"
puyeng,-3.2,1.0,"[-4, -4, -3, -1, -3, -2, -4, -3, -4, -4]"
kelesa,-3.2,1.0,"[-3, -2, -3, -3, -4, -4, -3, -4, -4, -2]"
bertambah,-4.0,1.0,"[-4, -4, -4, -4, -4, -4, -4, -4, -4, -4]"
kerdak,-3.2,1.0,"[-3, -4, -4, -3, -4, -4, -1, -3, -2, -4]"
menggelabur,-4.0,1.0,"[-4, -4, -4, -4, -4, -4, -4, -4, -4, -4]"
penuturan,-2.4,1.0,"[0, -3, -4, -3, -2, -1, -4, -1, -2, -4]"
pemalak,-4.0,1.0,"[-4, -4, -4, -4, -4, -4, -4, -4, -4, -4]"
fasid,-4.0,1.0,"[-4, -4, -4, -4, -4, -4, -4, -4, -4, -4]"
celoteh,-3.2,1.0,"[-4, -1, -3, -4, -4, -4, -4, -1, -4, -3]"
membalik belakang,-4.0,1.0,"[-4, -4, -4, -4, -4, -4, -4, -4, -4, -4]"
berselang,-2.4,1.0,"[-2, -2, -3, -3, -2, -3, -3, -2, -2, -2]"
tais,-2.4,1.0,"[-1, -1, -3, -2, -4, -2, -4, -3, -3, -1]"
kelasah-kelusuh,-4.0,1.0,"[-4, -4, -4, -4, -4, -4, -4, -4, -4, -4]"
orang-orangan,-2.4,1.0,"[-2, -2, -4, -2, -1, -3, -2, -3, -2, -3]"
gencet,-4.0,1.0,"[-4, -4, -4, -4, -4, -4, -4, -4, -4, -4]"
termuat,-2.4,1.0,"[-1, -3, -1, -3, -2, -4, -2, -3, -2, -3]"
membersihkan,-4.0,1.0,"[-4, -4, -4, -4, -4, -4, -4, -4, -4, -4]"
mewalakkan,-4.0,1.0,"[-4, -4, -4, -4, -4, -4, -4, -4, -4, -4]"
unit,-3.2,1.0,"[-2, -4, -4, -3, -3, -3, -3, -4, -3, -3]"
menjaga,-2.4,1.0,"[-1, -2, -4, -3, -3, -3, -1, -2, -3, -2]"
anjungan,-2.4,1.0,"[-2, -2, -4, -3, -2, -2, -3, -1, -3, -2]"
tahi angin,-3.2,1.0,"[-4, -3, -3, -3, -2, -3, -4, -4, -2, -4]"
kerekau,-2.4,1.0,"[-3, -4, -4, -1, -2, -2, -1, -2, -2, -3]"
musir,-3.2,1.0,"[-4, -2, -2, -4, -4, -3, -3, -4, -3, -3]"
melarang,-2.4,1.0,"[-3, -3, -3, -2, 0, -1, -4, -2, -2, -4]"
merangkum,-2.4,1.0,"[-1, -3, -4, -3, -2, -3, -2, -3, -2, -1]"
merangkul,-2.4,1.0,"[-3, -2, -1, -2, -4, -2, -2, -3, -2, -3]"
orang bunian,-3.2,1.0,"[-3, -4, -4, -4, -3, -3, -3, -4, -2, -2]"
merintangi,-3.2,1.0,"[-4, -4, -4, -4, -3, -2, -2, -2, -3, -4]"
merangkup,-2.4,1.0,"[-1, -3, -2, -2, -4, -3, -2, -2, -4, -1]"
merangkus,-3.2,1.0,"[-4, -4, -4, -4, -3, -3, -3, -1, -3, -3]"
mengabdi,-2.4,1.0,"[-3, -4, -1, -3, -1, -3, -1, -4, -1, -3]"
bersesak-sesak,-2.4,1.0,"[-4, -3, -2, -4, -3, -1, -2, -2, -2, -1]"
membohong,-3.2,1.0,"[-3, -2, -3, -3, -4, -2, -4, -4, -3, -4]"
karut,-4.0,1.0,"[-4, -4, -4, -4, -4, -4, -4, -4, -4, -4]"
suari,-2.4,1.0,"[-4, -2, -2, -2, -2, -2, -4, -1, -3, -2]"
obat bedil,-2.4,1.0,"[-3, -2, -1, 0, -4, -3, -2, -3, -4, -2]"
sarau,-4.0,1.0,"[-4, -4, -4, -4, -4, -4, -4, -4, -4, -4]"
bayu,-3.2,1.0,"[-3, -2, -3, -4, -4, -3, -2, -4, -3, -4]"
mengusir,-3.2,1.0,"[-4, -4, -4, -4, -2, -3, -3, -1, -4, -3]"
miliun,-4.0,1.0,"[-4, -4, -4, -4, -4, -4, -4, -4, -4, -4]"
berhelat,-3.2,1.0,"[-4, -2, -3, -4, -3, -3, -3, -4, -4, -2]"
lisong,-2.4,1.0,"[-2, -2, -2, -3, -3, -2, -2, -3, -2, -3]"
selekeh,-4.0,1.0,"[-4, -4, -4, -4, -4, -4, -4, -4, -4, -4]"
bertara,-2.4,1.0,"[-3, -3, -3, -2, -2, -3, -2, -2, -1, -3]"
runcing,-3.2,1.0,"[-3, -4, -4, -2, -4, -4, -3, -2, -4, -2]"
disparitas,-3.2,1.0,"[-2, -4, -3, -3, -2, -3, -3, -4, -4, -4]"
gelongsor,-3.2,1.0,"[-3, -4, -3, -3, -4, -4, -4, -2, -3, -2]"
tesis,-2.4,1.0,"[-1, 0, -3, -2, -3, -3, -4, -3, -1, -4]"
relai,-4.0,1.0,"[-4, -4, -4, -4, -4, -4, -4, -4, -4, -4]"
berlik,-3.2,1.0,"[-4, -4, -4, -4, -4, -2, -3, -3, -2, -2]"
naik pitam,-3.2,1.0,"[-4, -4, -2, -4, -4, -4, -2, -1, -4, -3]"
tulup,-2.4,1.0,"[-3, -2, -2, -3, -2, -2, -3, -4, -1, -2]"
pembohong,-3.2,1.0,"[-3, -3, -4, -4, -4, -2, -1, -3, -4, -4]"
bertandang,-3.2,1.0,"[-4, -3, -3, -4, -4, -4, -3, -3, -1, -3]"
vibrasi,-2.4,1.0,"[-2, -2, -2, -3, -1, -2, -3, -3, -3, -3]"
menjerkah,-4.0,1.0,"[-4, -4, -4, -4, -4, -4, -4, -4, -4, -4]"
fakir,-4.0,1.0,"[-4, -4, -4, -4, -4, -4, -4, -4, -4, -4]"
kode,-2.4,1.0,"[-2, -3, -2, -3, -2, -2, -2, -2, -3, -3]"
cencala,-4.0,1.0,"[-4, -4, -4, -4, -4, -4, -4, -4, -4, -4]"
kerusuhan,-4.0,1.0,"[-4, -4, -4, -4, -4, -4, -4, -4, -4, -4]"
genitalia,-2.4,1.0,"[-4, -2, -1, -3, -4, 0, -4, -4, -1, -1]"
sigar,-2.4,1.0,"[-2, -2, -1, -3, -2, -4, -3, -2, -4, -1]"
pengungkit,-2.4,1.0,"[-3, -3, -3, -3, -1, -3, -2, -3, -1, -2]"
fadihat,-4.0,1.0,"[-4, -4, -4, -4, -4, -4, -4, -4, -4, -4]"
indehoi,-2.4,1.0,"[-3, -3, -2, -1, -2, -3, -2, -1, -4, -3]"
ta,-2.4,1.0,"[-3, -1, -3, -2, -2, -3, -1, -3, -4, -2]"
akik,-2.4,1.0,"[-2, -3, -2, -2, -3, -2, -4, -1, -3, -2]"
jamah,-4.0,1.0,"[-4, -4, -4, -4, -4, -4, -4, -4, -4, -4]"
bolsak,-3.2,1.0,"[-4, -2, -3, -2, -3, -3, -4, -4, -3, -4]"
mendusta,-3.2,1.0,"[-2, -4, -2, -3, -4, -2, -3, -4, -4, -4]"
mendustai,-2.4,1.0,"[-2, -4, -3, -2, -2, -2, -2, -4, -2, -1]"
urung,-4.0,1.0,"[-4, -4, -4, -4, -4, -4, -4, -4, -4, -4]"
kasiku,-3.2,1.0,"[-4, -3, -4, -4, -3, -3, -3, -3, -3, -2]"
penyadaran,-2.4,1.0,"[0, -3, -2, -3, -2, -3, -2, -3, -4, -2]"
cirit,-4.0,1.0,"[-4, -4, -4, -4, -4, -4, -4, -4, -4, -4]"
menjolok,-2.4,1.0,"[0, -3, -4, -4, -4, -1, -2, -2, -2, -2]"
apkiran,-3.2,1.0,"[-4, -2, -2, -4, -4, -3, -4, -3, -4, -2]"
memenuhi,-2.4,1.0,"[-4, -3, -4, -2, -3, -2, 0, -1, -3, -2]"
hubungan singkat,-3.2,1.0,"[-4, -2, -3, -4, -3, -4, -4, -3, -3, -2]"
adiktif,-3.2,1.0,"[-4, -4, -3, -3, -2, -4, -3, -3, -2, -4]"
menyingkap,-3.2,1.0,"[-4, -4, -3, -2, -1, -4, -3, -4, -4, -3]"
lubuk,-2.4,1.0,"[-2, -4, -2, -4, -2, -3, 0, -2, -2, -3]"
meredup,-2.4,1.0,"[-3, -1, -3, -4, -3, -1, -2, -3, -1, -3]"
lelucon,-3.2,1.0,"[-4, -4, -4, -2, -3, -3, -3, -3, -4, -2]"
umbul-umbul,-2.4,1.0,"[-1, -2, -2, -3, -3, -3, -4, -4, -2, 0]"
pautan,-3.2,1.0,"[-3, -4, -4, -2, -2, -4, -1, -4, -4, -4]"
menyangkak hati,-3.2,1.0,"[-4, -2, -3, -4, -3, -3, -3, -2, -4, -4]"
kadam,-2.4,1.0,"[-3, -1, -2, -2, -2, -3, -3, -2, -2, -4]"
turut,-2.4,1.0,"[-1, -3, -4, -3, -1, -3, -2, -2, -2, -3]"
hot,-3.2,1.0,"[-4, -3, -3, -3, -2, -3, -4, -4, -2, -4]"
jalan lingkar,-3.2,1.0,"[-3, -4, -4, -2, -4, -4, -3, -2, -4, -2]"
menguji,-4.0,1.0,"[-4, -4, -4, -4, -4, -4, -4, -4, -4, -4]"
coreng moreng,-3.2,1.0,"[-4, -3, -1, -4, -3, -3, -4, -4, -2, -4]"
iri hati,-4.0,1.0,"[-4, -4, -4, -4, -4, -4, -4, -4, -4, -4]"
setia,-3.2,1.0,"[-4, -2, -4, -3, -4, -3, -2, -2, -4, -4]"
kurang darah,-3.2,1.0,"[-4, -2, -4, -4, -4, -3, -3, -2, -3, -3]"
makmum,-2.4,1.0,"[-3, -2, -2, -2, -3, -2, -3, -3, -2, -2]"
deriji,-3.2,1.0,"[-3, -3, -4, -4, -4, -2, -4, -3, -3, -2]"
terburu,-2.4,1.0,"[-1, -4, 0, -3, -3, -4, -1, -4, -1, -3]"
sedu,-4.0,1.0,"[-4, -4, -4, -4, -4, -4, -4, -4, -4, -4]"
cunam,-2.4,1.0,"[-3, -1, -2, -2, -3, -4, -2, -2, -1, -4]"
kekeramatan,-4.0,1.0,"[-4, -4, -4, -4, -4, -4, -4, -4, -4, -4]"
bermukah,-3.2,1.0,"[-3, -2, -3, -4, -3, -4, -3, -4, -3, -3]"
sampean,-3.2,1.0,"[-2, -4, -4, -3, -4, -2, -3, -4, -2, -4]"
jendera,-3.2,1.0,"[-4, -4, -4, -3, -4, -4, -2, -2, -3, -2]"
menggelabu,-3.2,1.0,"[-3, -4, -4, -4, -4, -4, -3, -2, -1, -3]"
bedol,-3.2,1.0,"[-2, -2, -4, -3, -4, -4, -4, -3, -3, -3]"
pemakai bahasa,-2.4,1.0,"[-2, -1, -1, -2, -3, -2, -3, -3, -3, -4]"
arca,-2.4,1.0,"[-2, -2, -2, -3, -3, -2, -2, -3, -4, -1]"
sistem,-3.2,1.0,"[-3, -4, -4, -4, -1, -3, -3, -4, -2, -4]"
buang-buang air,-4.0,1.0,"[-4, -4, -4, -4, -4, -4, -4, -4, -4, -4]"
menyiasat,-2.4,1.0,"[-3, -2, -2, -4, -3, -2, -3, -2, -1, -2]"
lecet,-3.2,1.0,"[-3, -1, -4, -4, -2, -4, -3, -4, -3, -4]"
walang hati,-4.0,1.0,"[-4, -4, -4, -4, -4, -4, -4, -4, -4, -4]"
pemburu,-4.0,1.0,"[-4, -4, -4, -4, -4, -4, -4, -4, -4, -4]"
dampratan,-4.0,1.0,"[-4, -4, -4, -4, -4, -4, -4, -4, -4, -4]"
bersenda gurau,-3.2,1.0,"[-2, -4, -2, -4, -3, -4, -3, -3, -3, -4]"
bertala-tala,-2.4,1.0,"[-1, -3, -1, 0, -4, -2, -4, -4, -3, -2]"
tegal,-3.2,1.0,"[-4, -2, -4, -2, -4, -4, -3, -3, -3, -3]"
pengumpil,-2.4,1.0,"[-2, -4, -3, -3, -3, -1, -2, -1, -3, -2]"
bersinggungan,-2.4,1.0,"[-1, -4, -2, -1, -4, -2, -4, -3, -2, -1]"
menduri,-3.2,1.0,"[-3, -4, -2, -4, -2, -4, -2, -4, -4, -3]"
berbantahan,-2.4,1.0,"[-1, -2, -1, -3, -3, -4, -2, -3, -2, -3]"
bahasa,-3.2,1.0,"[-3, -2, -4, -2, -4, -3, -4, -3, -4, -3]"
gugup,-4.0,1.0,"[-4, -4, -4, -4, -4, -4, -4, -4, -4, -4]"
gugus,-3.2,1.0,"[-4, -2, -4, -2, -3, -3, -4, -3, -4, -3]"
bercikun-cikun,-4.0,1.0,"[-4, -4, -4, -4, -4, -4, -4, -4, -4, -4]"
merorod,-3.2,1.0,"[-4, -4, -4, -4, -2, -3, -4, -3, -1, -3]"
(tua) uzur,-2.4,1.0,"[-2, -2, -1, -3, -2, -4, -2, -2, -4, -2]"
rompes,-3.2,1.0,"[-4, -4, -4, -3, -4, -4, -2, -4, -2, -1]"
kepalang,-2.4,1.0,"[-1, -4, -1, -3, -3, -4, -4, -2, -1, -1]"
ulam-ulam,-4.0,1.0,"[-4, -4, -4, -4, -4, -4, -4, -4, -4, -4]"
pandemi,-4.0,1.0,"[-4, -4, -4, -4, -4, -4, -4, -4, -4, -4]"
atribut,-2.4,1.0,"[-2, -3, -2, -4, -1, -4, -3, -3, 0, -2]"
deskripsi,-3.2,1.0,"[-3, -3, -4, -3, -3, -4, -3, -4, -4, -1]"
geblek,-4.0,1.0,"[-4, -4, -4, -4, -4, -4, -4, -4, -4, -4]"
bungsu,-2.4,1.0,"[-3, -2, -3, -2, -2, -2, -3, -2, -3, -2]"
menyembunyikan,-2.4,1.0,"[-2, -3, -3, -3, -3, -3, -1, -3, -1, -2]"
beranggar lidah,-2.4,1.0,"[-1, -4, -3, -3, -2, -2, -4, -2, -2, -1]"
londang,-2.4,1.0,"[-1, -2, -2, -2, -2, -3, -3, -2, -3, -4]"
mengesel,-4.0,1.0,"[-4, -4, -4, -4, -4, -4, -4, -4, -4, -4]"
kerabit,-2.4,1.0,"[-2, -1, -1, -3, -2, -3, -4, -2, -2, -4]"
berangsang,-4.0,1.0,"[-4, -4, -4, -4, -4, -4, -4, -4, -4, -4]"
hilang akal,-4.0,1.0,"[-4, -4, -4, -4, -4, -4, -4, -4, -4, -4]"
berkecenderungan,-2.4,1.0,"[-4, -4, -1, 0, -2, -2, -3, -3, -4, -1]"
junior,-3.2,1.0,"[-3, -4, -4, -4, -3, -3, -1, -4, -4, -2]"
penjara,-3.2,1.0,"[-3, -3, -4, -4, -4, -4, 0, -4, -4, -2]"
menyesak,-3.2,1.0,"[-3, -2, -4, -4, -4, -3, -4, -4, -2, -2]"
banyak cakap,-3.2,1.0,"[-4, -3, -3, -2, -4, -4, -3, -3, -3, -3]"
antitesis,-2.4,1.0,"[-1, -2, -2, -4, -2, -1, -2, -3, -4, -3]"
mengotori,-4.0,1.0,"[-4, -4, -4, -4, -4, -4, -4, -4, -4, -4]"
bercucuran,-4.0,1.0,"[-4, -4, -4, -4, -4, -4, -4, -4, -4, -4]"
mengelih,-3.2,1.0,"[-3, -4, -4, -3, -3, -3, -3, -2, -4, -3]"
penanggung,-3.2,1.0,"[-4, -3, -4, -4, -2, -3, -3, -4, -2, -3]"
barut,-2.4,1.0,"[-2, -4, -4, -1, -3, -1, -2, -3, -3, -1]"
mengelis,-2.4,1.0,"[-3, -4, -2, -2, -2, 0, -3, -3, -3, -2]"
pipitan,-2.4,1.0,"[-2, -2, -2, -4, -4, -4, -2, 0, -3, -1]"
intiha,-2.4,1.0,"[-4, -3, -3, -2, -3, 0, -2, -2, -3, -2]"
tenggalam,-2.4,1.0,"[-2, -1, -3, -2, -1, -3, -2, -3, -4, -3]"
menyesar,-2.4,1.0,"[-2, -3, -1, -2, -2, -3, -2, -4, -2, -3]"
menyesap,-2.4,1.0,"[-2, -1, -3, -2, -2, -2, -3, -3, -3, -3]"
sayap,-3.2,1.0,"[-4, -3, -4, -4, -2, -4, -4, -3, -2, -2]"
pelak,-2.4,1.0,"[-3, -3, -2, -3, -1, -4, -2, -2, -1, -3]"
cemomot,-3.2,1.0,"[-3, -3, -3, -2, -3, -3, -4, -4, -4, -3]"
bebal,-2.4,1.0,"[-3, -3, -4, -1, -3, -1, -2, -4, -2, -1]"
antuk,-3.2,1.0,"[-4, -2, -1, -4, -4, -4, -3, -3, -3, -4]"
lantaran,-3.2,1.0,"[-3, -3, -3, -3, -2, -2, -4, -4, -4, -4]"
satelit,-2.4,1.0,"[-2, -4, -3, -1, -2, -1, -3, -2, -3, -3]"
berangsur,-2.4,1.0,"[-2, -3, -3, -2, -1, -3, -2, -3, -2, -3]"
danyang,-3.2,1.0,"[-3, -3, -4, -4, -3, -4, -3, -4, -2, -2]"
seleweng,-4.0,1.0,"[-4, -4, -4, -4, -4, -4, -4, -4, -4, -4]"
mendangkung,-2.4,1.0,"[-2, -1, -4, -2, -1, -4, -2, -2, -2, -4]"
soak,-4.0,1.0,"[-4, -4, -4, -4, -4, -4, -4, -4, -4, -4]"
menghujat,-3.2,1.0,"[-3, -3, -3, -4, -4, -4, -3, -4, -3, -1]"
berombongan,-3.2,1.0,"[-2, -4, -4, -4, -3, -2, -3, -3, -4, -3]"
caing,-2.4,1.0,"[-4, -4, -3, -2, -2, -2, -2, -2, 0, -3]"
sorak,-2.4,1.0,"[-1, -2, -4, -3, -2, -3, -3, -1, -1, -4]"
taburan,-2.4,1.0,"[-3, -2, -3, -2, -2, -3, -4, -3, -2, 0]"
imbesil,-4.0,1.0,"[-4, -4, -4, -4, -4, -4, -4, -4, -4, -4]"
pelir,-4.0,1.0,"[-4, -4, -4, -4, -4, -4, -4, -4, -4, -4]"
cukup,-4.0,1.0,"[-4, -4, -4, -4, -4, -4, -4, -4, -4, -4]"
kemban,-4.0,1.0,"[-4, -4, -4, -4, -4, -4, -4, -4, -4, -4]"
keris,-3.2,1.0,"[-4, -3, -4, -4, -3, -4, -3, -3, -2, -2]"
tersumbat,-4.0,1.0,"[-4, -4, -4, -4, -4, -4, -4, -4, -4, -4]"
bercekcok,-3.2,1.0,"[-3, -4, -3, -4, -2, -4, -4, -3, -2, -3]"
asan tak asan,-4.0,1.0,"[-4, -4, -4, -4, -4, -4, -4, -4, -4, -4]"
jual murah,-2.4,1.0,"[-2, -1, -2, -4, -2, -2, -3, -2, -2, -4]"
bertengking,-3.2,1.0,"[-4, -2, -4, -2, -4, -4, -1, -3, -4, -4]"
mengonfirmasi,-3.2,1.0,"[-4, -3, -2, -4, -4, -3, -4, -2, -3, -3]"
bergundang,-4.0,1.0,"[-4, -4, -4, -4, -4, -4, -4, -4, -4, -4]"
pengamitan,-3.2,1.0,"[-4, -3, -3, -2, -4, -4, -4, -2, -3, -3]"
memecah,-3.2,1.0,"[-3, -3, -3, -3, -4, -3, -4, -2, -4, -3]"
menafikan,-3.2,1.0,"[-3, -4, -4, -3, -4, -2, -3, -3, -3, -3]"
menyakar,-4.0,1.0,"[-4, -4, -4, -4, -4, -4, -4, -4, -4, -4]"
pepet,-4.0,1.0,"[-4, -4, -4, -4, -4, -4, -4, -4, -4, -4]"
ketat,-2.4,1.0,"[-4, -1, -4, -3, -4, -1, -1, -1, -3, -2]"
cuma,-2.4,1.0,"[-3, -1, -2, -3, -3, -1, -1, -4, -4, -2]"
berdompol,-3.2,1.0,"[-2, -3, -3, -4, -4, -4, -2, -4, -3, -3]"
mencecak,-2.4,1.0,"[-1, -3, -3, -4, -3, -1, -2, -3, -2, -2]"
melumur,-3.2,1.0,"[-4, -4, -3, -3, 0, -3, -4, -4, -4, -3]"
melukat,-3.2,1.0,"[-3, -4, -2, -4, -2, -3, -4, -3, -3, -4]"
aborsi,-2.4,1.0,"[-4, -4, -1, -3, -1, -1, -3, -2, -1, -4]"
lembu hutan,-2.4,1.0,"[-2, -4, -3, -2, -3, -2, -3, -1, -2, -2]"
jalu,-3.2,1.0,"[-3, -4, -4, -3, -3, -3, -2, -3, -4, -3]"
puntianak,-4.0,1.0,"[-4, -4, -4, -4, -4, -4, -4, -4, -4, -4]"
berbicara,-2.4,1.0,"[-3, -3, -4, -1, -3, -3, -2, -2, -1, -2]"
pengacauan,-3.2,1.0,"[-4, -3, -3, -4, -3, -3, -3, -3, -3, -3]"
pinggir,-3.2,1.0,"[-3, -4, -4, -4, -2, -4, -2, -1, -4, -4]"
merangsang,-3.2,1.0,"[-3, -1, -4, -4, -2, -4, -3, -4, -4, -3]"
menjatuhkan,-3.2,1.0,"[-4, -3, -3, -3, -3, -4, -3, -3, -3, -3]"
kerabu,-4.0,1.0,"[-4, -4, -4, -4, -4, -4, -4, -4, -4, -4]"
debil,-4.0,1.0,"[-4, -4, -4, -4, -4, -4, -4, -4, -4, -4]"
laif,-4.0,1.0,"[-4, -4, -4, -4, -4, -4, -4, -4, -4, -4]"
bentul,-2.4,1.0,"[-3, -2, -3, -1, -3, -4, -1, -3, -2, -2]"
renyang,-4.0,1.0,"[-4, -4, -4, -4, -4, -4, -4, -4, -4, -4]"
berbecak-becak,-2.4,1.0,"[-1, -3, -4, -3, -3, -1, -3, -2, -2, -2]"
penabalan,-2.4,1.0,"[-2, -3, -2, -3, -3, -2, -4, 0, -2, -3]"
berona,-2.4,1.0,"[-2, -3, -2, -3, -1, -3, -3, -2, -3, -2]"
bagian,-3.2,1.0,"[-3, -4, -4, -4, -3, -3, -3, -4, -1, -3]"
laik,-4.0,1.0,"[-4, -4, -4, -4, -4, -4, -4, -4, -4, -4]"
bundak,-2.4,1.0,"[-3, -4, -3, -2, -3, -3, -1, -3, 0, -2]"
narkotik,-2.4,1.0,"[-2, -3, -3, -2, -3, -3, -2, -2, -2, -2]"
resan,-4.0,1.0,"[-4, -4, -4, -4, -4, -4, -4, -4, -4, -4]"
koyak,-2.4,1.0,"[-4, -2, 0, -3, -2, -2, -3, -2, -3, -3]"
anggota,-2.4,1.0,"[-2, -3, -4, -1, -3, -2, -2, -2, -2, -3]"
mempersakiti,-4.0,1.0,"[-4, -4, -4, -4, -4, -4, -4, -4, -4, -4]"
benjut,-3.2,1.0,"[-4, -3, -2, -3, -2, -4, -4, -4, -4, -2]"
terbuni,-4.0,1.0,"[-4, -4, -4, -4, -4, -4, -4, -4, -4, -4]"
penyangkal,-3.2,1.0,"[-4, -4, -3, -4, -3, -2, -2, -4, -2, -4]"
coleng,-3.2,1.0,"[-4, -4, -4, -3, -1, -3, -4, -3, -3, -3]"
terpangah,-3.2,1.0,"[-4, -4, -4, -4, -2, -3, -4, -1, -2, -4]"
tindih,-3.2,1.0,"[-1, -4, -4, -3, -3, -2, -4, -4, -4, -3]"
(olahraga) bokser,-4.0,1.0,"[-4, -4, -4, -4, -4, -4, -4, -4, -4, -4]"
sano,-3.2,1.0,"[-2, -4, -3, -3, -3, -4, -2, -3, -4, -4]"
keset,-3.2,1.0,"[-4, -2, -4, -4, -3, -4, -4, -3, -2, -2]"
bening,-3.2,1.0,"[-3, -2, -3, -3, -1, -4, -4, -4, -4, -4]"
lebar mulut,-3.2,1.0,"[-4, -2, -4, -3, -3, -3, -3, -4, -4, -2]"
ambles,-3.2,1.0,"[-4, -2, -3, -4, -3, -3, -4, -3, -4, -2]"
konglomerasi,-3.2,1.0,"[-3, -3, -4, -4, -4, -1, -3, -4, -3, -3]"
prapendapat,-2.4,1.0,"[-3, -4, -1, -3, -2, -2, -3, -2, -1, -3]"
generasi,-2.4,1.0,"[-3, -2, -2, -3, -2, -3, -3, -2, -1, -3]"
menunjang,-2.4,1.0,"[-3, -3, -3, -4, -2, -2, -1, -1, -3, -2]"
memapas,-4.0,1.0,"[-4, -4, -4, -4, -4, -4, -4, -4, -4, -4]"
abses,-3.2,1.0,"[-4, -4, -4, -3, -4, 0, -3, -4, -3, -3]"
berhandai-handai,-2.4,1.0,"[-3, -3, -2, -3, -3, -2, -1, -3, -1, -3]"
jawatan,-2.4,1.0,"[-1, -4, -4, -4, -1, -3, -3, -1, -1, -2]"
geriap,-3.2,1.0,"[-3, -4, -4, -4, -4, -4, -3, -2, -3, -1]"
bersara,-2.4,1.0,"[-2, -3, -1, -2, -4, 0, -3, -2, -4, -3]"
absen,-2.4,1.0,"[-3, -2, -1, -2, -2, -4, -3, -3, -2, -2]"
serampu,-2.4,1.0,"[-2, -3, -1, -1, -2, -3, -3, -4, -3, -2]"
candala,-4.0,1.0,"[-4, -4, -4, -4, -4, -4, -4, -4, -4, -4]"
batel,-3.2,1.0,"[-4, -2, -2, -3, -3, -3, -4, -4, -4, -3]"
tumpat,-3.2,1.0,"[-2, -3, -4, -3, -3, -4, -4, -4, -2, -3]"
berjejak,-2.4,1.0,"[-1, -2, -2, -4, -4, -2, -2, -4, -2, -1]"
degil,-4.0,1.0,"[-4, -4, -4, -4, -4, -4, -4, -4, -4, -4]"
dangkar,-3.2,1.0,"[-2, -3, -4, -3, -4, -4, -3, -3, -2, -4]"
talak,-2.4,1.0,"[-1, -4, -4, -3, 0, -3, -3, -1, -2, -3]"
kedengkian,-4.0,1.0,"[-4, -4, -4, -4, -4, -4, -4, -4, -4, -4]"
berbahaya,-3.2,1.0,"[-4, -2, -4, -1, -4, -3, -4, -2, -4, -4]"
mengguguk,-4.0,1.0,"[-4, -4, -4, -4, -4, -4, -4, -4, -4, -4]"
harus,-4.0,1.0,"[-4, -4, -4, -4, -4, -4, -4, -4, -4, -4]"
menggiatkan,-3.2,1.0,"[-4, -3, -1, -4, -4, -3, -4, -3, -4, -2]"
cucup,-2.4,1.0,"[-2, -2, -3, -4, -1, -3, -1, -2, -4, -2]"
menebeng,-2.4,1.0,"[-4, -3, -2, -3, -1, -1, -2, -4, -2, -2]"
kepala angin,-2.4,1.0,"[-2, -3, -3, -3, -2, -4, 0, -3, -2, -2]"
berasal,-2.4,1.0,"[-4, -1, -3, -2, -1, -3, -3, -3, -2, -2]"
berasak,-2.4,1.0,"[-2, -2, -3, -4, -2, -3, -2, -3, -1, -2]"
padang luas,-2.4,1.0,"[-2, -4, -2, -2, -2, -1, -3, -2, -4, -2]"
menyelundupi,-2.4,1.0,"[-2, -4, -3, -4, -3, -2, -1, -1, -2, -2]"
kusut pikiran,-3.2,1.0,"[-4, -3, -3, -3, -3, -4, -2, -3, -4, -3]"
galas,-3.2,1.0,"[-3, -4, -4, 0, -3, -3, -4, -4, -3, -4]"
temporer,-3.2,1.0,"[-2, -4, -3, -4, -4, -2, -3, -4, -2, -4]"
kocar-kacir,-4.0,1.0,"[-4, -4, -4, -4, -4, -4, -4, -4, -4, -4]"
sambungan jiwa,-2.4,1.0,"[-2, -3, -1, -4, -2, -3, -1, -4, -2, -2]"
laknat,-4.0,1.0,"[-4, -4, -4, -4, -4, -4, -4, -4, -4, -4]"
pikiran tumpul,-2.4,1.0,"[-4, -4, -1, -2, -1, -3, -3, -1, -3, -2]"
siratan,-2.4,1.0,"[-1, -2, -3, -3, -3, 0, -4, -2, -3, -3]"
epidemi,-4.0,1.0,"[-4, -4, -4, -4, -4, -4, -4, -4, -4, -4]"
bacok,-3.2,1.0,"[-4, -3, -3, -4, -4, -4, -4, -3, -4, 1]"
kepialu,-3.2,1.0,"[-4, -4, -3, -4, -4, -2, -4, -2, -3, -2]"
desau,-2.4,1.0,"[-1, -3, -2, -1, -2, -3, -4, -4, -4, 0]"
jenewer,-3.2,1.0,"[-4, -4, -4, -3, -2, -4, -4, -1, -3, -3]"
mencium,-2.4,1.0,"[-2, -4, -1, -2, -3, -1, -3, -2, -3, -3]"
mengernai,-3.2,1.0,"[-3, -4, -4, -4, -3, -3, -3, -3, -2, -3]"
merekomendasi,-2.4,1.0,"[-3, -3, -1, -3, -2, -2, -2, -3, -3, -2]"
nistaan,-4.0,1.0,"[-4, -4, -4, -4, -4, -4, -4, -4, -4, -4]"
berkemandang,-2.4,1.0,"[-4, -2, -3, -2, -1, -2, -2, -3, -3, -2]"
separuh,-2.4,1.0,"[-2, -2, -2, -2, 1, -4, -3, -4, -3, -3]"
keloyoan,-2.4,1.0,"[-1, -4, -4, -1, -2, -4, -3, -2, 0, -3]"
gerah,-4.0,1.0,"[-4, -4, -4, -4, -4, -4, -4, -4, -4, -4]"
menyekar,-3.2,1.0,"[-4, -3, -2, -4, -3, -3, -4, -3, -3, -3]"
rusuk,-3.2,1.0,"[-3, -2, -4, -3, -3, -2, -3, -4, -4, -4]"
cangkul,-3.2,1.0,"[-4, -4, -2, -3, -3, -4, -4, -3, -2, -3]"
tertangguh,-2.4,1.0,"[-2, -3, -2, -3, -2, -3, -2, -2, -3, -2]"
trek,-2.4,1.0,"[-3, -1, -1, -2, -3, -2, -4, -2, -3, -3]"
minum,-2.4,1.0,"[-3, -3, -3, -3, 0, -2, -2, -4, -3, -1]"
beringat,-2.4,1.0,"[-1, -1, -2, -2, -4, -3, -4, -3, -1, -3]"
wreda,-3.2,1.0,"[-4, -4, -3, -3, -1, -2, -4, -4, -4, -3]"
petus,-2.4,1.0,"[-2, 0, -2, -3, -2, -3, -3, -4, -3, -2]"
loksek,-3.2,1.0,"[-4, -4, -3, -4, -2, -1, -4, -3, -3, -4]"
mencemari,-3.2,1.0,"[-4, -3, -3, -3, -1, -4, -4, -3, -4, -3]"
mencopet,-4.0,1.0,"[-4, -4, -4, -4, -4, -4, -4, -4, -4, -4]"
daing,-3.2,1.0,"[-3, -4, -2, -4, -4, -3, -2, -3, -4, -3]"
kongkong,-2.4,1.0,"[-1, -2, -2, -4, -2, -3, -3, -3, -2, -2]"
sara bara,-4.0,1.0,"[-4, -4, -4, -4, -4, -4, -4, -4, -4, -4]"
rapun,-4.0,1.0,"[-4, -4, -4, -4, -4, -4, -4, -4, -4, -4]"
eban,-3.2,1.0,"[-4, -2, -3, -4, -3, -3, -3, -4, -2, -4]"
tuhmah,-2.4,1.0,"[-3, -3, -3, -4, -1, -2, -4, -2, -1, -1]"
perit,-3.2,1.0,"[-3, -2, -3, -3, -4, -3, -4, -2, -4, -4]"
merasuk hati,-2.4,1.0,"[-2, -2, -2, -4, -1, -2, -2, -4, -4, -1]"
minus,-2.4,1.0,"[-3, -2, -1, -3, 0, -4, -2, -4, -3, -2]"
erotan,-3.2,1.0,"[-3, -4, -3, -3, -3, -3, -2, -3, -4, -4]"
se-sat pusat,-3.2,1.0,"[-4, -4, -3, -4, -3, -4, -2, -2, -4, -2]"
menyikut,-4.0,1.0,"[-4, -4, -4, -4, -4, -4, -4, -4, -4, -4]"
khalifatullah,-3.2,1.0,"[-1, -4, -4, -3, -2, -4, -3, -3, -4, -4]"
desersi,-2.4,1.0,"[-4, 0, -2, -3, -4, -2, -3, -2, -2, -2]"
penobatan,-2.4,1.0,"[-1, -1, -4, -3, -2, -3, -1, -4, -2, -3]"
setengah,-2.4,1.0,"[-2, -3, -2, -3, -1, -3, -3, -3, -3, -1]"
direksi,-2.4,1.0,"[-2, -2, -2, -1, -2, -4, -3, -2, -3, -3]"
kecap,-3.2,1.0,"[-1, -4, -4, -4, -3, -2, -4, -3, -3, -4]"
pamflet,-2.4,1.0,"[-3, -2, -2, -2, -2, -3, -3, -2, -2, -3]"
tercampak,-4.0,1.0,"[-4, -4, -4, -4, -4, -4, -4, -4, -4, -4]"
kebimbangan,-3.2,1.0,"[-4, -3, -1, -3, -3, -3, -3, -4, -4, -4]"
pangkur,-3.2,1.0,"[-4, -3, -4, -4, -4, -2, -4, -2, -1, -4]"
bablas,-4.0,1.0,"[-4, -4, -4, -4, -4, -4, -4, -4, -4, -4]"
somplak,-3.2,1.0,"[-3, -2, -4, -2, -3, -4, -2, -4, -4, -4]"
memamah,-3.2,1.0,"[-4, -3, -4, -2, -2, -3, -4, -4, -3, -3]"
doi,-2.4,1.0,"[-2, -3, -3, -2, -3, -1, -3, -3, 0, -4]"
iming-iming,-2.4,1.0,"[-4, -1, -1, -2, -4, -2, -3, -4, -2, -1]"
menyabet,-4.0,1.0,"[-4, -4, -4, -4, -4, -4, -4, -4, -4, -4]"
kegegeran,-2.4,1.0,"[-2, -3, -2, -2, -2, -4, -1, -4, -2, -2]"
menyeterui,-4.0,1.0,"[-4, -4, -4, -4, -4, -4, -4, -4, -4, -4]"
merumung,-2.4,1.0,"[-2, -3, -3, -3, -1, -3, -3, -3, -1, -2]"
mengembat,-4.0,1.0,"[-4, -4, -4, -4, -4, -4, -4, -4, -4, -4]"
menjual,-4.0,1.0,"[-4, -4, -4, -4, -4, -4, -4, -4, -4, -4]"
derek,-4.0,1.0,"[-4, -4, -4, -4, -4, -4, -4, -4, -4, -4]"
mata betung,-2.4,1.0,"[-2, -1, -2, -4, -3, -1, -3, -3, -3, -2]"
hasud,-4.0,1.0,"[-4, -4, -4, -4, -4, -4, -4, -4, -4, -4]"
koteng,-2.4,1.0,"[-3, -4, -1, -2, -4, -1, -3, -2, 0, -4]"
hulu,-2.4,1.0,"[-3, -3, -3, -1, -1, -3, -3, -2, -4, -1]"
kesukaran,-3.2,1.0,"[-3, -3, -4, -4, -2, -2, -3, -4, -4, -3]"
pembantah,-3.2,1.0,"[-4, -4, -3, -1, -4, -4, -2, -3, -4, -3]"
meninggalkan,-3.2,1.0,"[-3, -2, -4, -3, -2, -4, -3, -4, -4, -3]"
semuanya,-2.4,1.0,"[-2, -1, -3, -3, -4, -3, -1, -3, -3, -1]"
patah pucuk,-4.0,1.0,"[-4, -4, -4, -4, -4, -4, -4, -4, -4, -4]"
ketupat bangkahulu,-4.0,1.0,"[-4, -4, -4, -4, -4, -4, -4, -4, -4, -4]"
gedang,-3.2,1.0,"[-3, -3, -3, -4, -4, -4, -3, -4, -3, -1]"
sitoplasma,-4.0,1.0,"[-4, -4, -4, -4, -4, -4, -4, -4, -4, -4]"
pengumuman,-2.4,1.0,"[-1, -2, -2, -4, -4, -2, -2, -3, -1, -3]"
terbenam,-4.0,1.0,"[-4, -4, -4, -4, -4, -4, -4, -4, -4, -4]"
kesenyapan,-3.2,1.0,"[-3, -3, -4, -1, -4, -4, -3, -3, -4, -3]"
puisi,-2.4,1.0,"[-2, -2, -4, -1, -3, -1, -2, -4, -2, -3]"
penggelapan,-3.2,1.0,"[-3, -3, -2, -4, -3, -3, -4, -3, -4, -3]"
telerang,-2.4,1.0,"[-2, -2, -1, -2, -3, -3, -3, -1, -3, -4]"
permusuhan,-4.0,1.0,"[-4, -4, -4, -4, -4, -4, -4, -4, -4, -4]"
terasing,-4.0,1.0,"[-4, -4, -4, -4, -4, -4, -4, -4, -4, -4]"
digresi,-3.2,1.0,"[-3, -2, -4, -3, -4, -3, -2, -4, -4, -3]"
penyap,-2.4,1.0,"[-3, -3, -3, -1, -1, -3, -3, -2, -2, -3]"
lancip,-3.2,1.0,"[-2, -4, -3, -3, -4, -4, -4, -4, -1, -3]"
celomes,-3.2,1.0,"[-4, -1, -4, -4, -2, -4, -2, -4, -3, -4]"
implementasi,-3.2,1.0,"[-3, -4, -3, -4, -4, -3, -4, -3, -2, -2]"
semrawut,-4.0,1.0,"[-4, -4, -4, -4, -4, -4, -4, -4, -4, -4]"
atresia,-2.4,1.0,"[-3, -3, -2, -3, -1, -2, -3, -4, -1, -2]"
menjejaki,-3.2,1.0,"[-4, -4, -3, -3, -3, -2, -3, -4, -2, -4]"
lopak,-3.2,1.0,"[-3, -4, -3, -4, -3, -2, -2, -4, -4, -3]"
membahana,-2.4,1.0,"[-3, -2, 0, -3, -2, -3, -3, -4, -1, -3]"
bersurai,-2.4,1.0,"[-2, -2, -4, -1, -1, -4, -1, -4, -2, -3]"
asid,-4.0,1.0,"[-4, -4, -4, -4, -4, -4, -4, -4, -4, -4]"
menggoyang,-2.4,1.0,"[-1, -2, -3, -3, -2, -2, -2, -4, -2, -3]"
lekukan,-2.4,1.0,"[-3, -2, -4, -2, -2, -4, -2, -3, -2, 0]"
langsuir,-3.2,1.0,"[-4, -3, -3, -4, -3, -2, -3, -3, -3, -4]"
random,-3.2,1.0,"[-3, -4, -2, -4, -3, -4, -3, -4, -2, -3]"
menakali,-3.2,1.0,"[-4, -4, -4, -2, -3, -3, -4, -3, -2, -3]"
pupus,-4.0,1.0,"[-4, -4, -4, -4, -4, -4, -4, -4, -4, -4]"
dukun,-2.4,1.0,"[-2, -2, -3, -2, -3, -4, -2, -2, -2, -2]"
mengharubirukan,-3.2,1.0,"[-3, -3, -2, -3, -4, -3, -3, -4, -3, -4]"
irsyad,-2.4,1.0,"[-3, -2, -3, -3, -2, -1, -1, -3, -2, -4]"
rurut,-4.0,1.0,"[-4, -4, -4, -4, -4, -4, -4, -4, -4, -4]"
gelantung,-3.2,1.0,"[-3, -4, -3, -3, -4, -4, -3, -3, -4, -1]"
diplomasi,-4.0,1.0,"[-4, -4, -4, -4, -4, -4, -4, -4, -4, -4]"
buram,-2.4,1.0,"[-1, -3, -2, -4, -4, -2, -1, -2, -3, -2]"
pengintai,-2.4,1.0,"[-2, -1, -3, -2, -3, -1, -3, -3, -2, -4]"
menginapkan (jenazah),-2.4,1.0,"[-2, -4, -2, 0, -3, -1, -3, -2, -4, -3]"
carik,-4.0,1.0,"[-4, -4, -4, -4, -4, -4, -4, -4, -4, -4]"
terpaksa,-3.2,1.0,"[-4, -3, -4, -4, -2, -2, -2, -4, -3, -4]"
terbelakang,-2.4,1.0,"[-4, -2, -1, -3, -4, -2, -2, -2, -1, -3]"
bertimbal,-2.4,1.0,"[-3, -3, -1, -1, -3, -2, -2, -4, -2, -3]"
mencerca,-4.0,1.0,"[-4, -4, -4, -4, -4, -4, -4, -4, -4, -4]"
pelana,-2.4,1.0,"[-1, -4, -3, -1, -3, -3, -4, -3, -1, -1]"
buras,-3.2,1.0,"[-2, -3, -4, -3, -4, -4, -4, -2, -4, -2]"
folder,-4.0,1.0,"[-4, -4, -4, -4, -4, -4, -4, -4, -4, -4]"
blangko,-2.4,1.0,"[-4, -4, -2, -3, -2, -2, -2, -2, -2, -1]"
badan,-2.4,1.0,"[0, -2, -3, -3, -2, -4, -3, -3, -2, -2]"
tamparan,-2.4,1.0,"[-2, -4, -3, -3, -4, 0, -2, -1, -3, -2]"
berpoleng,-2.4,1.0,"[-2, -2, -1, -2, -3, -2, -3, -3, -4, -2]"
membekam,-3.2,1.0,"[-3, -4, -2, -4, -4, -3, -3, -4, -2, -3]"
tipu muslihat,-4.0,1.0,"[-4, -4, -4, -4, -4, -4, -4, -4, -4, -4]"
menyeluk,-2.4,1.0,"[-2, -2, -3, -3, -2, -1, -4, -2, -2, -3]"
kata-kata,-3.2,1.0,"[-4, -4, -4, -2, -2, -2, -4, -4, -3, -3]"
jengkang,-4.0,1.0,"[-4, -4, -4, -4, -4, -4, -4, -4, -4, -4]"
stok,-2.4,1.0,"[-3, -1, -4, 0, -4, -3, -2, -3, -2, -2]"
jalan arteri,-3.2,1.0,"[-4, -4, -4, -2, -4, -3, -2, -3, -4, -2]"
inferioritas,-4.0,1.0,"[-4, -4, -4, -4, -4, -4, -4, -4, -4, -4]"
mencakar,-3.2,1.0,"[-2, -4, -4, -3, -4, -4, -3, -2, -3, -3]"
comberan,-3.2,1.0,"[-3, -2, -3, -4, -4, -3, -3, -3, -4, -3]"
gaul,-2.4,1.0,"[-3, -3, -2, -2, -3, -3, -1, -1, -2, -4]"
bab,-3.2,1.0,"[-4, -2, -3, -4, -2, -4, -3, -2, -4, -4]"
menampak,-3.2,1.0,"[-3, -4, -4, -2, -3, -3, -4, -2, -3, -4]"
beringas,-3.2,1.0,"[-4, -3, -4, -3, -3, -2, -2, -4, -3, -4]"
pada,-2.4,1.0,"[-3, -1, -3, -3, -2, 1, -4, -3, -3, -3]"
rudin,-4.0,1.0,"[-4, -4, -4, -4, -4, -4, -4, -4, -4, -4]"
memarak,-2.4,1.0,"[0, -2, -4, -2, -4, -4, -3, -2, -3, 0]"
vampir,-4.0,1.0,"[-4, -4, -4, -4, -4, -4, -4, -4, -4, -4]"
menggaet,-4.0,1.0,"[-4, -4, -4, -4, -4, -4, -4, -4, -4, -4]"
pincang,-3.2,1.0,"[-4, -3, -1, -3, -3, -4, -4, -3, -3, -4]"
indolensi,-3.2,1.0,"[-4, -4, -3, -4, -3, -3, -3, -1, -4, -3]"
bercakar-cakaran,-3.2,1.0,"[-3, -3, -3, -4, -4, -4, -4, -3, -2, -2]"
dekadensi,-4.0,1.0,"[-4, -4, -4, -4, -4, -4, -4, -4, -4, -4]"
ambruk,-4.0,1.0,"[-4, -4, -4, -4, -4, -4, -4, -4, -4, -4]"
sebagai,-2.4,1.0,"[-3, -4, -1, -2, -2, -4, -2, -4, 0, -2]"
rubuh,-4.0,1.0,"[-4, -4, -4, -4, -4, -4, -4, -4, -4, -4]"
pawana,-3.2,1.0,"[-3, -3, -4, -4, -2, -4, -2, -3, -4, -3]"
radius,-3.2,1.0,"[-3, -4, -2, -2, -4, -3, -3, -4, -4, -3]"
kerikil,-2.4,1.0,"[-3, -2, -4, -1, -2, -3, -2, -2, -2, -3]"
berambu-rambu,-3.2,1.0,"[-3, -4, -3, -2, -4, -3, -2, -4, -4, -3]"
menghalang,-3.2,1.0,"[-2, -3, -4, -3, -2, -4, -2, -4, -4, -4]"
cemar,-4.0,1.0,"[-4, -4, -4, -4, -4, -4, -4, -4, -4, -4]"
lekat,-2.4,1.0,"[-4, -2, -4, -2, -4, 0, -3, -1, 0, -4]"
periksa,-4.0,1.0,"[-4, -4, -4, -4, -4, -4, -4, -4, -4, -4]"
lekap,-2.4,1.0,"[-3, -3, -2, -2, -4, -2, -3, -2, -2, -1]"
cemat,-4.0,1.0,"[-4, -4, -4, -4, -4, -4, -4, -4, -4, -4]"
bunting,-2.4,1.0,"[0, -4, -2, -1, -4, -3, -2, -1, -4, -3]"
disentri,-4.0,1.0,"[-4, -4, -4, -4, -4, -4, -4, -4, -4, -4]"
babak,-3.2,1.0,"[-4, -3, -3, -2, -4, -4, -2, -3, -4, -3]"
kemerosotan,-4.0,1.0,"[-4, -4, -4, -4, -4, -4, -4, -4, -4, -4]"
gabas,-4.0,1.0,"[-4, -4, -4, -4, -4, -4, -4, -4, -4, -4]"
kohor,-2.4,1.0,"[-2, -3, 0, -2, -4, -3, -4, -2, -2, -2]"
berlebih-lebih,-3.2,1.0,"[-1, -4, -3, -2, -3, -3, -4, -4, -4, -4]"
pertunjuk,-2.4,1.0,"[-2, -2, -3, -2, -3, -3, -3, -2, -1, -3]"
gunjingan,-4.0,1.0,"[-4, -4, -4, -4, -4, -4, -4, -4, -4, -4]"
artikel,-3.2,1.0,"[-3, -3, -4, -3, -3, -4, -3, -3, -3, -3]"
berjubal,-2.4,1.0,"[-1, -2, -2, -1, -3, -4, -2, -2, -4, -3]"
menyemir,-4.0,1.0,"[-4, -4, -4, -4, -4, -4, -4, -4, -4, -4]"
pongsu,-3.2,1.0,"[-4, -4, -2, -1, -2, -4, -4, -4, -3, -4]"
tatah-tatah,-4.0,1.0,"[-4, -4, -4, -4, -4, -4, -4, -4, -4, -4]"
anarki,-3.2,1.0,"[-4, -3, -4, -4, -3, -3, -2, -3, -3, -3]"
mencepung,-4.0,1.0,"[-4, -4, -4, -4, -4, -4, -4, -4, -4, -4]"
azab,-4.0,1.0,"[-4, -4, -4, -4, -4, -4, -4, -4, -4, -4]"
menegah,-4.0,1.0,"[-4, -4, -4, -4, -4, -4, -4, -4, -4, -4]"
menyumpahi,-4.0,1.0,"[-4, -4, -4, -4, -4, -4, -4, -4, -4, -4]"
dabih,-2.4,1.0,"[-2, -3, -3, -4, -3, -2, -1, -2, -3, -1]"
menyisikan,-3.2,1.0,"[-2, -3, -2, -4, -3, -4, -4, -4, -2, -4]"
pinak,-2.4,1.0,"[-2, -2, -3, -2, -4, -2, -1, -1, -4, -3]"
cempeng,-3.2,1.0,"[-4, -3, -3, -4, -4, -3, -4, -2, -1, -4]"
linguis,-2.4,1.0,"[-3, 0, -2, -4, -3, -3, -3, -3, -1, -2]"
perguaman,-3.2,1.0,"[-2, -4, -4, -4, -4, -3, -4, -4, -1, -2]"
telimpuh,-2.4,1.0,"[-3, -3, -1, -3, -2, -3, -3, -2, -1, -3]"
dangkung,-2.4,1.0,"[-3, -2, -4, -1, -3, -3, -3, -1, -1, -3]"
menyurut,-2.4,1.0,"[-1, -2, -3, -3, -3, -2, 0, -3, -4, -3]"
mengadili,-3.2,1.0,"[-2, -3, -3, -4, -4, -4, -2, -4, -3, -3]"
pita,-3.2,1.0,"[-3, -2, -3, -4, -3, -4, -3, -2, -4, -4]"
membual,-3.2,1.0,"[-4, -4, -1, -4, -3, -4, -4, -4, -2, -2]"
awa-,-2.4,1.0,"[-3, -3, -2, -3, -2, -2, -2, -4, -1, -2]"
bergulat,-3.2,1.0,"[-2, -4, -4, -4, -3, -3, -3, -2, -4, -3]"
penyigian,-2.4,1.0,"[-2, -2, -3, -3, -2, -3, -2, -1, -2, -4]"
jambak,-4.0,1.0,"[-4, -4, -4, -4, -4, -4, -4, -4, -4, -4]"
cekah,-3.2,1.0,"[-2, -3, -2, -3, -3, -3, -4, -4, -4, -4]"
berlanggaran,-3.2,1.0,"[-3, -4, -1, -4, -4, -2, -4, -2, -4, -4]"
melunyah,-2.4,1.0,"[-3, -4, -2, -2, -2, -3, -1, -3, -2, -2]"
ujar,-3.2,1.0,"[-4, -3, -3, -4, -3, -2, -3, -4, -3, -3]"
cepol,-3.2,1.0,"[-3, -3, -2, -3, -3, -4, -3, -3, -4, -4]"
lemau,-3.2,1.0,"[-2, -4, -3, -4, -2, -4, -2, -4, -4, -3]"
melepas,-4.0,1.0,"[-4, -4, -4, -4, -4, -4, -4, -4, -4, -4]"
simpang-siur,-3.2,1.0,"[-4, -3, -2, -3, -3, -4, -4, -3, -3, -3]"
penengah,-2.4,1.0,"[-3, -2, -3, -2, -4, -1, -3, 0, -2, -4]"
menjebol,-2.4,1.0,"[-2, -3, -3, -3, -2, -4, -1, -1, -1, -4]"
menyetrap,-2.4,1.0,"[-2, -3, -1, -4, -2, -1, -2, -4, -4, -1]"
subversif,-3.2,1.0,"[-4, -2, -2, -4, -2, -4, -4, -4, -3, -3]"
menyembarangi,-4.0,1.0,"[-4, -4, -4, -4, -4, -4, -4, -4, -4, -4]"
menimang-nimang,-2.4,1.0,"[-3, -1, -2, -2, -2, -4, -2, -3, -2, -3]"
balkon,-2.4,1.0,"[-4, -2, -3, -1, -2, -3, -2, -3, -1, -3]"
juwita,-3.2,1.0,"[-4, -2, -3, -4, -4, -4, -2, -4, -1, -4]"
tersimbah,-4.0,1.0,"[-4, -4, -4, -4, -4, -4, -4, -4, -4, -4]"
tersila,-2.4,1.0,"[-2, -3, -2, -1, -2, -3, -1, -4, -2, -4]"
tambeng,-4.0,1.0,"[-4, -4, -4, -4, -4, -4, -4, -4, -4, -4]"
anyir,-3.2,1.0,"[-3, -3, -3, -4, -4, -4, -3, -3, -1, -4]"
penghormatan,-2.4,1.0,"[-4, -1, -1, -4, -2, -1, -4, -2, -1, -4]"
berdekus,-2.4,1.0,"[-3, -2, -3, -2, -3, -2, -2, -3, -2, -2]"
madani,-3.2,1.0,"[-4, -3, -3, -4, -3, 0, -4, -4, -3, -4]"
menganggur,-3.2,1.0,"[-4, -3, -3, -4, -3, -3, 0, -4, -4, -4]"
berdikit-dikit,-2.4,1.0,"[-3, -3, -3, -3, -2, -3, -1, -3, -1, -2]"
ayat,-3.2,1.0,"[-4, -2, -4, -4, -2, -4, -4, -3, -2, -3]"
semprot,-4.0,1.0,"[-4, -4, -4, -4, -4, -4, -4, -4, -4, -4]"
reguk,-2.4,1.0,"[-1, -4, -3, -4, -1, -2, -2, -3, -1, -3]"
seluruhnya,-2.4,1.0,"[-3, -3, -3, -3, -2, -2, -3, -2, -3, 0]"
jelata,-4.0,1.0,"[-4, -4, -4, -4, -4, -4, -4, -4, -4, -4]"
berak air,-3.2,1.0,"[-3, -4, -3, -4, -3, -3, -4, -1, -4, -3]"
selia,-3.2,1.0,"[-3, -4, -3, -3, -4, -4, -3, -3, -3, -2]"
memejalkan,-2.4,1.0,"[-2, -3, -4, -1, -3, -4, -1, -1, -1, -4]"
kendati,-2.4,1.0,"[-1, -1, -4, -2, -2, -3, -3, -3, -2, -3]"
tunggang gunung,-3.2,1.0,"[-3, -2, -3, -4, -3, -3, -3, -4, -3, -4]"
gembung,-2.4,1.0,"[-4, 0, -2, -3, -4, -2, -2, -3, -1, -3]"
menjodohkan,-2.4,1.0,"[-2, -3, -2, -2, -3, -4, -1, -1, -4, -2]"
melindur,-2.4,1.0,"[-3, -2, -3, -4, 0, -3, -2, -2, -3, -2]"
tuntut,-2.4,1.0,"[-2, -4, -3, -3, -2, -3, -1, -1, -2, -3]"
beredak,-4.0,1.0,"[-4, -4, -4, -4, -4, -4, -4, -4, -4, -4]"
semena-mena,-4.0,1.0,"[-4, -4, -4, -4, -4, -4, -4, -4, -4, -4]"
kedung,-2.4,1.0,"[-3, 0, -3, -3, -3, -1, -3, -3, -2, -3]"
antek,-2.4,1.0,"[-3, -2, 0, -1, -3, -2, -3, -3, -3, -4]"
mandiri,-2.4,1.0,"[-3, -2, -1, -4, -3, -2, -3, -3, -2, -1]"
bancang,-4.0,1.0,"[-4, -4, -4, -4, -4, -4, -4, -4, -4, -4]"
perdata,-2.4,1.0,"[-2, -2, -2, -3, -2, -2, -3, -4, -2, -2]"
tertumbuk,-3.2,1.0,"[-4, -4, -4, -4, -2, -3, -4, -4, -1, -2]"
tawon,-2.4,1.0,"[-3, -2, -3, -2, -4, -4, -1, -3, -1, -1]"
terisolasi,-2.4,1.0,"[-4, -2, -2, -2, -2, -1, -3, -2, -4, -2]"
putus akal,-4.0,1.0,"[-4, -4, -4, -4, -4, -4, -4, -4, -4, -4]"
ringan lidah,-3.2,1.0,"[-4, -3, -3, -3, -4, -2, -4, -1, -4, -4]"
terperosok,-4.0,1.0,"[-4, -4, -4, -4, -4, -4, -4, -4, -4, -4]"
menebuk,-2.4,1.0,"[-3, -3, -3, -3, -3, -3, -1, -2, 0, -3]"
ain,-4.0,1.0,"[-4, -4, -4, -4, -4, -4, -4, -4, -4, -4]"
topek,-3.2,1.0,"[-4, -1, -4, -3, -3, -3, -4, -3, -3, -4]"
alur,-3.2,1.0,"[-4, -3, -3, -2, -4, -4, -2, -3, -3, -4]"
serak,-3.2,1.0,"[-4, -3, -2, -2, -3, -3, -4, -4, -4, -3]"
terlengar,-3.2,1.0,"[-3, -4, -2, -1, -4, -3, -4, -4, -3, -4]"
frustasi,-2.4,1.0,"[-2, -3, -3, -4, -2, -2, -2, -4, -1, -1]"
penyemat,-3.2,1.0,"[-3, -4, -2, -2, -3, -3, -3, -4, -4, -4]"
ganggang,-2.4,1.0,"[-1, -2, -3, -2, -2, -4, -2, -3, -2, -3]"
bimbingan,-2.4,1.0,"[-3, -2, -2, -3, -1, -3, -3, -2, -2, -3]"
mewujudkan,-2.4,1.0,"[-2, -4, -3, -2, -3, -3, -3, 0, -1, -3]"
peniadaan,-2.4,1.0,"[-3, -3, -1, -3, -1, -1, -3, -3, -3, -3]"
penolak,-2.4,1.0,"[-3, -1, -3, -3, -3, -4, -2, -3, -1, -1]"
geluduk,-2.4,1.0,"[-4, -4, -3, -2, -2, -3, -2, 0, -1, -3]"
arsip,-4.0,1.0,"[-4, -4, -4, -4, -4, -4, -4, -4, -4, -4]"
papakerma,-4.0,1.0,"[-4, -4, -4, -4, -4, -4, -4, -4, -4, -4]"
istan,-4.0,1.0,"[-4, -4, -4, -4, -4, -4, -4, -4, -4, -4]"
buang air besar,-4.0,1.0,"[-4, -4, -4, -4, -4, -4, -4, -4, -4, -4]"
tongong,-2.4,1.0,"[-3, -2, -4, -3, -2, -2, -1, -2, -3, -2]"
tuntunan,-2.4,1.0,"[-3, -4, -2, -4, -1, -1, -2, 0, -4, -3]"
kecapekan,-2.4,1.0,"[-4, -3, -1, -1, -2, -2, -2, -2, -3, -4]"
inventori,-2.4,1.0,"[-2, -4, -3, -4, -3, -3, -2, -2, 0, -1]"
melabrak,-4.0,1.0,"[-4, -4, -4, -4, -4, -4, -4, -4, -4, -4]"
sedikit,-3.2,1.0,"[-4, -2, -4, -2, -4, -4, -3, -3, -3, -3]"
khinzir,-3.2,1.0,"[-1, -4, -4, -3, -3, -4, -4, -2, -4, -3]"
curna,-4.0,1.0,"[-4, -4, -4, -4, -4, -4, -4, -4, -4, -4]"
menghuni,-2.4,1.0,"[-2, -3, -3, -1, -3, 0, -2, -3, -3, -4]"
merayapi,-2.4,1.0,"[-2, -2, -4, -2, -2, -2, -3, -2, -1, -4]"
oles,-3.2,1.0,"[-3, -3, -4, -2, -4, -4, -4, -4, -2, -2]"
mendemonstrasikan,-3.2,1.0,"[-1, -3, -4, -4, -3, -4, -4, -2, -3, -4]"
cuka belanda,-4.0,1.0,"[-4, -4, -4, -4, -4, -4, -4, -4, -4, -4]"
mengalihkan,-4.0,1.0,"[-4, -4, -4, -4, -4, -4, -4, -4, -4, -4]"
berdampingan,-2.4,1.0,"[-2, -3, 0, -4, -3, -2, -4, -3, 0, -3]"
menggeletar,-3.2,1.0,"[-2, -4, -4, -4, -3, -2, -4, -3, -2, -4]"
kompas,-2.4,1.0,"[-1, -4, -2, -2, -2, -2, -3, -3, -4, -1]"
raib,-2.4,1.0,"[-2, -2, -2, -3, -1, -3, -2, -2, -4, -3]"
terbongkar,-2.4,1.0,"[-1, -3, -2, -3, -2, -3, -3, -3, -3, -1]"
pandir,-4.0,1.0,"[-4, -4, -4, -4, -4, -4, -4, -4, -4, -4]"
mengantarai,-2.4,1.0,"[-3, -2, -3, -1, -2, -3, -1, -4, -4, -1]"
kelam kabut,-3.2,1.0,"[-3, -3, -4, -4, -4, -4, -2, -3, -2, -3]"
bertambun,-2.4,1.0,"[-3, -3, -2, -3, -4, -2, 0, -2, -2, -3]"
topo,-4.0,1.0,"[-4, -4, -4, -4, -4, -4, -4, -4, -4, -4]"
menyunat,-4.0,1.0,"[-4, -4, -4, -4, -4, -4, -4, -4, -4, -4]"
melawat,-3.2,1.0,"[-4, -3, -3, -4, -3, -3, -4, -4, -3, -1]"
mengantara,-2.4,1.0,"[-1, -2, -2, -2, -2, -3, -2, -4, -3, -3]"
duaja,-2.4,1.0,"[-2, -4, -2, -2, -3, -2, -1, -3, -3, -2]"
pegawai pemerintah,-2.4,1.0,"[-3, -1, 0, -4, -4, 0, -2, -4, -3, -3]"
rahmat,-2.4,1.0,"[-2, -3, -3, -3, -3, -1, -4, -2, -2, -1]"
bergemam,-2.4,1.0,"[-3, -3, -3, -1, -3, -2, -4, 0, -2, -3]"
menanggungkan,-4.0,1.0,"[-4, -4, -4, -4, -4, -4, -4, -4, -4, -4]"
berandalan,-4.0,1.0,"[-4, -4, -4, -4, -4, -4, -4, -4, -4, -4]"
melibas,-3.2,1.0,"[-4, -3, -3, -2, -4, -3, -4, -2, -3, -4]"
pangsa,-2.4,1.0,"[-4, -2, -2, -3, -3, -2, -2, -2, -2, -2]"
pica,-3.2,1.0,"[-3, -3, -4, -3, -3, -4, -3, -3, -3, -3]"
meriba,-2.4,1.0,"[-4, -2, -3, -3, 0, -2, -1, -3, -3, -3]"
menyengat,-3.2,1.0,"[-4, -1, -3, -3, -3, -4, -4, -3, -4, -3]"
kanun,-2.4,1.0,"[-2, -3, -1, -3, -1, -3, -4, -3, -2, -2]"
menggugat,-3.2,1.0,"[-2, -3, -4, -3, -3, -3, -4, -4, -3, -3]"
berkumandang,-2.4,1.0,"[-3, -3, -3, -2, 0, -3, -3, -3, -2, -2]"
boyak,-4.0,1.0,"[-4, -4, -4, -4, -4, -4, -4, -4, -4, -4]"
lucah,-4.0,1.0,"[-4, -4, -4, -4, -4, -4, -4, -4, -4, -4]"
cekang,-2.4,1.0,"[-2, -2, -2, -3, -2, -3, -2, -3, -3, -2]"
gondok,-3.2,1.0,"[-3, -2, -4, -4, -2, -4, -2, -4, -3, -4]"
ambai,-4.0,1.0,"[-4, -4, -4, -4, -4, -4, -4, -4, -4, -4]"
gendak,-4.0,1.0,"[-4, -4, -4, -4, -4, -4, -4, -4, -4, -4]"
dalalah,-4.0,1.0,"[-4, -4, -4, -4, -4, -4, -4, -4, -4, -4]"
kecintaan,-2.4,1.0,"[-1, -2, -2, -4, -3, -4, -3, -2, -1, -2]"
bertimpa-timpa,-2.4,1.0,"[-2, -2, -3, -2, 0, -3, -3, -3, -2, -4]"
sewal,-4.0,1.0,"[-4, -4, -4, -4, -4, -4, -4, -4, -4, -4]"
gosip,-4.0,1.0,"[-4, -4, -4, -4, -4, -4, -4, -4, -4, -4]"
mata ikan,-3.2,1.0,"[-4, -2, -4, -4, -2, -3, -4, -2, -3, -4]"
tungku,-3.2,1.0,"[-4, -3, -4, -3, -4, -3, -3, -3, -3, -2]"
ambau,-4.0,1.0,"[-4, -4, -4, -4, -4, -4, -4, -4, -4, -4]"
pukang,-2.4,1.0,"[-2, -3, 0, -4, -2, -3, -2, -3, -4, -1]"
terbang arwah,-3.2,1.0,"[-1, -3, -3, -4, -4, -3, -4, -3, -4, -3]"
mengungkapkan,-3.2,1.0,"[-4, -4, -3, -4, -4, -1, -2, -4, -3, -3]"
bersentuh,-4.0,1.0,"[-4, -4, -4, -4, -4, -4, -4, -4, -4, -4]"
memanaskan,-3.2,1.0,"[-4, -3, -4, -2, -4, -4, -3, -2, -2, -4]"
ruat,-3.2,1.0,"[-3, -4, -4, -4, -4, -3, -2, -1, -4, -3]"
membantai,-3.2,1.0,"[-3, -4, -2, -3, -3, -4, -3, -4, -2, -4]"
plonga-plongo,-2.4,1.0,"[-3, -4, -2, -2, -2, 0, -2, -4, -3, -2]"
keropos,-2.4,1.0,"[-2, -3, -2, -2, -1, -3, -3, -2, -4, -2]"
rangkai,-3.2,1.0,"[-4, -2, -4, -2, -4, -3, -4, -2, -3, -4]"
bertindak,-3.2,1.0,"[-3, -3, -3, -3, -4, -4, -3, -2, -4, -3]"
membantar,-3.2,1.0,"[-4, -3, -2, -4, -3, -4, -4, -2, -3, -3]"
ruai,-3.2,1.0,"[-3, -4, -2, -3, -2, -3, -4, -3, -4, -4]"
ruak,-3.2,1.0,"[-1, -3, -4, -4, -4, -4, -2, -3, -3, -4]"
pagebluk,-4.0,1.0,"[-4, -4, -4, -4, -4, -4, -4, -4, -4, -4]"
canggung,-3.2,1.0,"[-2, -3, -4, -3, -4, -2, -4, -4, -4, -2]"
tergeliat,-2.4,1.0,"[-3, -2, -2, -1, -3, -2, -3, -3, -2, -3]"
lenggana,-3.2,1.0,"[-4, -4, -2, -3, -2, -4, -3, -3, -3, -4]"
merangkam,-3.2,1.0,"[-3, -3, -2, -4, -3, -4, -3, -3, -3, -4]"
gegadan,-4.0,1.0,"[-4, -4, -4, -4, -4, -4, -4, -4, -4, -4]"
kicauan,-3.2,1.0,"[-2, -2, -4, -4, -2, -4, -3, -4, -4, -3]"
mengucur,-2.4,1.0,"[-3, -2, -2, -3, -3, -4, -1, -3, -1, -2]"
merangkak,-2.4,1.0,"[-3, -4, -3, -2, -2, -2, -3, -1, -1, -3]"
shabu-shabu,-2.4,1.0,"[-2, -1, -2, -3, -3, -3, -4, -2, -1, -3]"
banyak mulut,-3.2,1.0,"[-3, -4, -4, -3, -3, -4, -3, -2, -3, -3]"
mengorok,-2.4,1.0,"[-1, -3, -1, -1, -2, -4, -2, -3, -4, -3]"
percekcokan,-3.2,1.0,"[-4, -3, -4, -4, -3, -2, -3, -3, -2, -4]"
laporan,-4.0,1.0,"[-4, -4, -4, -4, -4, -4, -4, -4, -4, -4]"
unting,-4.0,1.0,"[-4, -4, -4, -4, -4, -4, -4, -4, -4, -4]"
ambiguitas,-4.0,1.0,"[-4, -4, -4, -4, -4, -4, -4, -4, -4, -4]"
menyampingkan,-3.2,1.0,"[-2, -4, -4, -4, -3, -2, -3, -3, -3, -4]"
bando,-3.2,1.0,"[-3, -2, -3, -3, -3, -2, -4, -4, -4, -4]"
mencarak,-2.4,1.0,"[-4, -1, -1, -1, -4, -4, -2, -3, -1, -3]"
celetuk,-4.0,1.0,"[-4, -4, -4, -4, -4, -4, -4, -4, -4, -4]"
ledekan,-4.0,1.0,"[-4, -4, -4, -4, -4, -4, -4, -4, -4, -4]"
pohon,-3.2,1.0,"[-2, -1, -4, -4, -4, -3, -4, -4, -2, -4]"
rumor,-4.0,1.0,"[-4, -4, -4, -4, -4, -4, -4, -4, -4, -4]"
aram,-2.4,1.0,"[-2, -4, -3, 0, -1, -3, -3, -3, -4, -1]"
menimangkan,-2.4,1.0,"[-3, -3, -4, -3, -2, -2, -2, -1, -2, -2]"
jelingah,-2.4,1.0,"[-2, -2, -3, -1, -4, -3, -1, -2, -4, -2]"
dengus,-2.4,1.0,"[-2, -3, -1, -2, -2, -4, -3, -1, -3, -3]"
dengut,-2.4,1.0,"[-4, -3, -2, -2, -2, -3, -3, -3, -2, 0]"
berlaga,-3.2,1.0,"[-4, -3, -3, -3, -3, -3, -4, -1, -4, -4]"
nasihat,-2.4,1.0,"[-1, -4, -4, -4, -3, -1, -2, -2, -2, -1]"
kerawanan,-3.2,1.0,"[-4, -2, -4, -3, -4, -4, -4, -1, -2, -4]"
murup,-2.4,1.0,"[-2, -4, -1, -2, -3, -2, -3, -2, -2, -3]"
lasat,-4.0,1.0,"[-4, -4, -4, -4, -4, -4, -4, -4, -4, -4]"
congor,-2.4,1.0,"[-2, -3, -2, -2, -3, -2, -3, -3, -1, -3]"
menegapkan,-2.4,1.0,"[-3, -3, -4, -3, -3, 0, -1, -1, -3, -3]"
perlengkapan,-2.4,1.0,"[-3, -3, -2, -2, -3, -4, -3, -2, -2, 0]"
jentaka,-4.0,1.0,"[-4, -4, -4, -4, -4, -4, -4, -4, -4, -4]"
macis,-3.2,1.0,"[-4, -3, -4, -4, -3, -2, -2, -3, -3, -4]"
dedak,-2.4,1.0,"[-4, -3, -1, -3, -2, -3, -2, -1, -2, -3]"
perosok,-3.2,1.0,"[-4, -3, -4, -4, -4, -3, -2, -4, -2, -2]"
jereket,-2.4,1.0,"[-2, -4, -2, -1, -2, -3, -1, -2, -4, -3]"
beranak pinak,-2.4,1.0,"[-4, -3, -1, -2, -3, -3, -4, 0, -3, -1]"
menggelorakan,-3.2,1.0,"[-2, -3, -3, -4, -4, -3, -2, -4, -3, -4]"
menjemukan,-2.4,1.0,"[-2, -2, -4, -3, -4, -1, -1, -2, -2, -3]"
sedat,-3.2,1.0,"[-4, -4, -2, -1, -3, -4, -3, -3, -4, -4]"
bonggol,-3.2,1.0,"[-3, -4, -3, -4, -3, -3, -3, -3, -4, -2]"
sebelah,-3.2,1.0,"[-2, -2, -4, -4, -3, -4, -3, -4, -3, -3]"
bersusila,-3.2,1.0,"[-4, -4, -4, -4, -2, -4, -2, -4, -2, -2]"
berliku-liku,-3.2,1.0,"[-3, -3, -3, -3, -3, -3, -4, -3, -4, -3]"
hidung,-4.0,1.0,"[-4, -4, -4, -4, -4, -4, -4, -4, -4, -4]"
bersaba,-2.4,1.0,"[-3, -2, -1, -4, -2, -3, -2, -3, -2, -2]"
runtun,-4.0,1.0,"[-4, -4, -4, -4, -4, -4, -4, -4, -4, -4]"
buah hati,-2.4,1.0,"[-2, -3, -3, -2, -4, 0, -2, -3, -3, -2]"
birokrat,-2.4,1.0,"[-4, -2, -1, -2, -2, -2, -4, -3, -2, -2]"
(barang) bekas,-3.2,1.0,"[-3, -3, -4, -1, -3, -4, -4, -2, -4, -4]"
memihakkan,-3.2,1.0,"[-3, -3, -4, -3, -3, -3, -4, -3, -3, -3]"
elusan,-2.4,1.0,"[-1, -3, -3, -4, -2, -3, -3, -1, -2, -2]"
huni,-2.4,1.0,"[-3, -4, -1, -2, -3, -2, -2, -3, -2, -2]"
datang hati,-4.0,1.0,"[-4, -4, -4, -4, -4, -4, -4, -4, -4, -4]"
gegabah,-4.0,1.0,"[-4, -4, -4, -4, -4, -4, -4, -4, -4, -4]"
instruksi,-2.4,1.0,"[-2, -1, -2, -1, -2, -4, -3, -3, -4, -2]"
sadis,-4.0,1.0,"[-4, -4, -4, -4, -4, -4, -4, -4, -4, -4]"
bertelingkah,-3.2,1.0,"[-1, -3, -4, -3, -3, -4, -4, -3, -3, -4]"
sarak,-2.4,1.0,"[-2, -2, -4, -1, -2, -3, -3, -4, -2, -1]"
kandas,-4.0,1.0,"[-4, -4, -4, -4, -4, -4, -4, -4, -4, -4]"
berlarian,-4.0,1.0,"[-4, -4, -4, -4, -4, -4, -4, -4, -4, -4]"
agama,-2.4,1.0,"[-2, -3, -3, -2, -2, -4, -2, -2, -2, -2]"
mendompleng,-2.4,1.0,"[-2, -4, -2, -4, -2, -2, -1, -2, -3, -2]"
menitis,-2.4,1.0,"[-1, -2, -3, -2, -2, -2, -4, -3, -3, -2]"
berkisar,-2.4,1.0,"[-3, -3, -4, -3, -2, -3, 1, -2, -1, -4]"
penghapusan,-2.4,1.0,"[-2, -1, -1, -3, -3, -2, -4, -1, -4, -3]"
loakan,-3.2,1.0,"[-4, -3, -3, -4, -4, -2, -4, -4, -1, -3]"
dekaden,-4.0,1.0,"[-4, -4, -4, -4, -4, -4, -4, -4, -4, -4]"
bukti,-2.4,1.0,"[-2, -3, -3, 0, -4, -3, -3, -2, -2, -2]"
berkemih,-2.4,1.0,"[-1, -3, -1, -1, -3, -4, -2, -3, -4, -2]"
menabrak,-2.4,1.0,"[-3, -1, -2, -3, -1, -3, -1, -3, -3, -4]"
dungkul,-3.2,1.0,"[-4, -4, -3, -2, -2, -3, -3, -4, -3, -4]"
sia-sia,-3.2,1.0,"[-4, -4, -4, -3, -4, -2, -1, -3, -4, -3]"
kerok,-2.4,1.0,"[-4, -1, -2, -2, -4, -1, -1, -4, -3, -2]"
potol,-3.2,1.0,"[-3, -3, -4, -3, -3, -2, -4, -2, -4, -4]"
riba,-2.4,1.0,"[-2, -2, -2, -4, -3, -3, -4, -1, -1, -2]"
luak,-2.4,1.0,"[-3, -3, -3, -3, -3, 0, -3, -3, -3, 0]"
hantam,-4.0,1.0,"[-4, -4, -4, -4, -4, -4, -4, -4, -4, -4]"
penanda,-2.4,1.0,"[-2, -2, -1, -3, -3, -3, -1, -2, -3, -4]"
menjapit,-3.2,1.0,"[-4, -3, -4, -4, -1, -3, -2, -4, -4, -3]"
merosok,-2.4,1.0,"[-2, -2, -3, -2, -3, -2, -3, -3, -2, -2]"
berkeberatan,-3.2,1.0,"[-3, -2, -3, -2, -4, -4, -4, -4, -4, -2]"
ujung tangan,-3.2,1.0,"[-3, -3, -4, -2, -4, -4, -3, -2, -3, -4]"
encok,-4.0,1.0,"[-4, -4, -4, -4, -4, -4, -4, -4, -4, -4]"
otek,-3.2,1.0,"[-4, -4, -4, -3, -4, -3, -3, -2, -3, -2]"
mulut rambang,-3.2,1.0,"[-2, -4, -4, -3, -3, -2, -3, -4, -3, -4]"
anggara,-3.2,1.0,"[-3, -4, -3, -4, -4, -2, -2, -4, -3, -3]"
merecok,-3.2,1.0,"[-2, -3, -4, -4, -3, -4, -4, -2, -2, -4]"
penindihan,-3.2,1.0,"[-3, -3, -3, -3, -2, -4, -4, -4, -3, -3]"
gili-gili,-2.4,1.0,"[-2, -3, -1, -3, -2, -1, -4, -3, -3, -2]"
berurine,-2.4,1.0,"[-3, -2, -1, -3, -4, -2, -2, -3, -2, -2]"
pengebat,-2.4,1.0,"[-1, -4, -3, -2, -3, -4, -4, 0, -1, -2]"
mendedahkan,-3.2,1.0,"[-3, -4, -3, -3, -2, -3, -3, -4, -3, -4]"
armada,-4.0,1.0,"[-4, -4, -4, -4, -4, -4, -4, -4, -4, -4]"
terkutuk,-4.0,1.0,"[-4, -4, -4, -4, -4, -4, -4, -4, -4, -4]"
memenangi,-4.0,1.0,"[-4, -4, -4, -4, -4, -4, -4, -4, -4, -4]"
wan,-3.2,1.0,"[-2, -3, -4, -4, -2, -4, -4, -2, -3, -4]"
termasuk,-2.4,1.0,"[-2, -2, -2, -3, -2, -3, -3, -3, 0, -4]"
gado-gado,-3.2,1.0,"[-4, -4, -3, -3, -3, -4, -1, -3, -4, -3]"
gamang,-2.4,1.0,"[0, -2, -3, -3, -3, -3, -1, -3, -3, -3]"
merembes,-2.4,1.0,"[-2, -2, -2, -1, -4, -2, -3, -3, -2, -3]"
melemah,-2.4,1.0,"[-2, 0, -2, -3, -4, -3, -4, -3, -1, -2]"
kesetanan,-2.4,1.0,"[-2, -3, -1, -3, -3, -4, -2, -2, -2, -2]"
rakaat,-3.2,1.0,"[-4, -4, -4, -4, -3, -3, -2, -4, -4, 0]"
melepaskan,-4.0,1.0,"[-4, -4, -4, -4, -4, -4, -4, -4, -4, -4]"
terowongan,-3.2,1.0,"[-2, -4, -4, -2, -3, -4, -4, -1, -4, -4]"
vakum,-2.4,1.0,"[-2, -3, -1, -4, -4, -2, -2, 0, -3, -3]"
menolak,-3.2,1.0,"[-4, -4, -2, -2, -3, -3, -4, -4, -4, -2]"
faring,-4.0,1.0,"[-4, -4, -4, -4, -4, -4, -4, -4, -4, -4]"
bergemuruh,-2.4,1.0,"[-4, -1, -3, -2, -4, -3, -2, -1, -2, -2]"
pelontar,-2.4,1.0,"[-4, -1, -2, -3, -3, -2, -2, -1, -3, -3]"
berhanyut,-3.2,1.0,"[-3, -4, -3, -3, -2, -4, -4, -2, -3, -4]"
bersanggit,-4.0,1.0,"[-4, -4, -4, -4, -4, -4, -4, -4, -4, -4]"
esensial,-3.2,1.0,"[-4, -3, -4, -4, -2, -4, -3, -2, -2, -4]"
jajaran genjang,-3.2,1.0,"[-4, -2, -2, -3, -3, -3, -3, -4, -4, -4]"
menghabiskan,-3.2,1.0,"[-3, -4, -3, -3, -4, -1, -4, -3, -3, -4]"
menampakkan,-3.2,1.0,"[-4, -3, -4, -1, -3, -2, -4, -4, -3, -4]"
bercumbu,-3.2,1.0,"[-4, -2, -3, -4, -3, -2, -4, -4, -4, -2]"
lalat kerbau,-3.2,1.0,"[-4, -3, -4, -3, -4, -3, -2, -3, -4, -2]"
tidak keruan,-2.4,1.0,"[-2, -1, -3, -3, -2, -3, -3, -3, -2, -2]"
duel,-3.2,1.0,"[-4, -3, -3, -4, -2, -4, -3, -4, -2, -3]"
curang,-4.0,1.0,"[-4, -4, -4, -4, -4, -4, -4, -4, -4, -4]"
lewat batas,-3.2,1.0,"[-3, -4, -3, -3, -3, -4, -3, -2, -3, -4]"
tengak,-3.2,1.0,"[-3, -4, -4, -3, -3, -3, -3, -2, -3, -4]"
dampak,-2.4,1.0,"[-2, -4, -2, -1, -3, -2, -2, -3, -1, -4]"
tengkar,-3.2,1.0,"[-3, -3, -3, -3, -3, -4, -3, -4, -4, -2]"
meragukan,-2.4,1.0,"[-3, -1, -2, -1, -3, -2, -2, -3, -4, -3]"
layu,-3.2,1.0,"[-3, -3, -3, -4, -4, -3, -2, -4, -2, -4]"
balela,-3.2,1.0,"[-2, -4, -4, -3, -4, -2, -3, -2, -4, -4]"
memergoki,-4.0,1.0,"[-4, -4, -4, -4, -4, -4, -4, -4, -4, -4]"
merua,-3.2,1.0,"[-4, -4, -2, -3, -4, -2, -4, -2, -4, -3]"
cacau,-4.0,1.0,"[-4, -4, -4, -4, -4, -4, -4, -4, -4, -4]"
inspirasi,-2.4,1.0,"[-4, -2, -2, -4, -3, -1, -2, -1, -3, -2]"
beramuk-amukan,-3.2,1.0,"[-2, -3, -4, -2, -3, -3, -4, -3, -4, -4]"
petir,-2.4,1.0,"[-3, -2, -2, -3, -1, -3, -2, -2, -4, -2]"
berbelit-belit,-3.2,1.0,"[-2, -3, -3, -4, -4, -4, -3, -2, -4, -3]"
lusuh,-4.0,1.0,"[-4, -4, -4, -4, -4, -4, -4, -4, -4, -4]"
tersiar,-2.4,1.0,"[-2, -3, -4, -1, -3, -2, -3, -1, -2, -3]"
galaba,-4.0,1.0,"[-4, -4, -4, -4, -4, -4, -4, -4, -4, -4]"
bertunjangkan,-3.2,1.0,"[-3, -4, -4, -1, -3, -3, -3, -3, -4, -4]"
pental,-2.4,1.0,"[-4, -2, -3, -2, -3, -1, -1, -3, -2, -3]"
paruh,-2.4,1.0,"[-2, -3, -2, -3, -4, -3, -2, -2, -2, -1]"
hangit,-4.0,1.0,"[-4, -4, -4, -4, -4, -4, -4, -4, -4, -4]"
realisasi,-2.4,1.0,"[-4, -3, -3, -2, -1, -1, -2, -1, -3, -4]"
memotivasi,-3.2,1.0,"[-3, -3, -4, -4, -2, -4, -4, -1, -3, -4]"
angkatan,-4.0,1.0,"[-4, -4, -4, -4, -4, -4, -4, -4, -4, -4]"
serupa,-2.4,1.0,"[-1, -3, -2, -3, -4, -3, -3, -2, -2, -1]"
kesentuhan,-2.4,1.0,"[-1, -3, -3, 0, -4, -2, -2, -3, -2, -4]"
kungkungan,-2.4,1.0,"[0, -2, -4, -3, -1, -3, -2, -1, -4, -4]"
luwes,-3.2,1.0,"[-3, -3, -4, -2, -2, -2, -4, -4, -4, -4]"
siaran,-2.4,1.0,"[-1, -1, -3, -3, -3, -2, -2, -4, -4, -1]"
acoan,-4.0,1.0,"[-4, -4, -4, -4, -4, -4, -4, -4, -4, -4]"
pegawai negeri,-2.4,1.0,"[-2, -4, -4, -3, -3, -2, -1, -2, 0, -3]"
merundung,-3.2,1.0,"[-4, -3, -1, -3, -4, -4, -4, -3, -3, -3]"
parut,-2.4,1.0,"[-1, -2, -3, -3, -4, -1, -2, -3, -4, -1]"
panar,-2.4,1.0,"[-2, -3, -3, -3, -3, -3, -2, -1, -2, -2]"
oyok,-2.4,1.0,"[-1, -2, -2, -2, -2, -2, -4, -4, -2, -3]"
cingangah,-3.2,1.0,"[-3, -4, -3, -4, -4, -3, -1, -3, -3, -4]"
bertele-tele,-2.4,1.0,"[-4, -2, -1, -3, -2, -4, -1, -3, -3, -1]"
menyerap,-2.4,1.0,"[-1, -3, -3, -1, -4, -1, -3, -4, 0, -4]"
hilang pikiran,-3.2,1.0,"[-4, -3, -4, -4, -3, -3, -3, -2, -3, -3]"
mengebiri,-2.4,1.0,"[-4, 0, -2, -3, -4, -3, -2, -2, -3, -1]"
merapatkan,-2.4,1.0,"[-3, -1, -2, -3, -3, -4, -2, -2, -3, -1]"
batil,-3.2,1.0,"[-2, -4, -2, -4, -4, -4, -3, -2, -4, -3]"
ketelanjuran,-4.0,1.0,"[-4, -4, -4, -4, -4, -4, -4, -4, -4, -4]"
siksaan,-4.0,1.0,"[-4, -4, -4, -4, -4, -4, -4, -4, -4, -4]"
setip,-2.4,1.0,"[-2, -4, -2, -2, -4, -2, -3, -3, -2, 0]"
kalimantang,-2.4,1.0,"[-2, -2, -3, 0, -2, -3, -4, -4, -4, 0]"
salah urat,-2.4,1.0,"[-3, -1, -2, -3, -3, -4, -2, -3, -1, -2]"
menempati,-2.4,1.0,"[-4, -2, -3, -1, -1, -4, 0, -3, -4, -2]"
bermotif,-2.4,1.0,"[-2, -4, -2, -3, -4, 0, -3, -2, -2, -2]"
indo,-2.4,1.0,"[-1, -3, -3, -2, 0, -4, -4, -2, -3, -2]"
jeritan,-4.0,1.0,"[-4, -4, -4, -4, -4, -4, -4, -4, -4, -4]"
berziarah,-3.2,1.0,"[-2, -4, -4, -3, -2, -4, -3, -3, -3, -4]"
adimarga,-3.2,1.0,"[-4, -4, -4, -3, -3, -3, -3, -2, -2, -4]"
menyolang,-2.4,1.0,"[-3, -3, -4, -1, 0, -3, -3, -1, -3, -3]"
terkelik,-2.4,1.0,"[-1, -3, -3, -2, -3, -3, -3, -3, -2, -1]"
berogak-ogak,-3.2,1.0,"[-4, -4, -4, -3, -3, -2, -4, -4, -3, -1]"
pusu,-3.2,1.0,"[-4, -3, -3, -4, -4, -3, -2, -3, -3, -3]"
arus udara,-3.2,1.0,"[-4, -3, -2, -3, -1, -4, -4, -4, -4, -3]"
pencerahan,-2.4,1.0,"[-1, -3, -3, -2, -2, -3, -3, -3, -2, -2]"
terpotong,-2.4,1.0,"[-1, -1, -3, -2, -4, -1, -2, -3, -3, -4]"
bambu,-2.4,1.0,"[-3, -1, -3, -1, -3, -1, -4, -4, -2, -2]"
bendera,-2.4,1.0,"[-3, -4, -1, -3, -1, -4, -2, -3, -1, -2]"
empedal,-4.0,1.0,"[-4, -4, -4, -4, -4, -4, -4, -4, -4, -4]"
cecunguk,-4.0,1.0,"[-4, -4, -4, -4, -4, -4, -4, -4, -4, -4]"
tulah,-2.4,1.0,"[-3, -2, -1, -3, -3, -4, -3, -3, -1, -1]"
barkas,-4.0,1.0,"[-4, -4, -4, -4, -4, -4, -4, -4, -4, -4]"
bercanda,-3.2,1.0,"[-3, -3, -3, -3, -3, -4, -4, -4, -2, -3]"
iring-iringan,-3.2,1.0,"[-4, -2, -4, -3, -4, -2, -4, -3, -2, -4]"
datuk,-3.2,1.0,"[-4, -4, -3, -2, -2, -2, -4, -4, -4, -3]"
memalak,-3.2,1.0,"[-3, -4, -3, -2, -3, -3, -4, -3, -3, -4]"
kumandang,-2.4,1.0,"[-3, -3, -4, -2, -2, -1, -2, -3, -2, -2]"
kacrek,-2.4,1.0,"[-3, -3, 0, -3, -2, -4, -3, -2, -2, -2]"
ametis,-3.2,1.0,"[-4, -3, -2, -2, -4, -3, -3, -4, -3, -4]"
segi,-3.2,1.0,"[-4, -3, -2, -4, -1, -4, -4, -2, -4, -4]"
menangkap tangan,-4.0,1.0,"[-4, -4, -4, -4, -4, -4, -4, -4, -4, -4]"
batalion,-4.0,1.0,"[-4, -4, -4, -4, -4, -4, -4, -4, -4, -4]"
berasimilasi,-2.4,1.0,"[-3, -1, -3, -1, -4, -4, -4, -1, -2, -1]"
reyot,-2.4,1.0,"[-4, -2, -2, -3, -2, -2, -4, -3, 0, -2]"
terjumpa,-3.2,1.0,"[-4, -2, -4, -2, -4, -2, -3, -4, -4, -3]"
kemasygulan,-2.4,1.0,"[-2, -3, -2, -4, -1, -3, -3, -1, -3, -2]"
bengok,-3.2,1.0,"[-4, -4, -4, -3, -2, -4, -3, -2, -3, -3]"
hujung,-2.4,1.0,"[-3, -2, -3, -2, -3, -2, -3, -2, -2, -2]"
inklinasi,-2.4,1.0,"[-2, -3, -3, -2, -4, -3, -1, -2, -2, -2]"
menasihatkan,-2.4,1.0,"[-3, -4, -4, -1, -1, -2, -3, -2, -2, -2]"
mengistimewakan,-2.4,1.0,"[-2, -4, -2, -2, -3, -4, -1, -1, -3, -2]"
berpencar,-4.0,1.0,"[-4, -4, -4, -4, -4, -4, -4, -4, -4, -4]"
huma,-3.2,1.0,"[-4, -3, -4, -2, -2, -4, -4, -4, -1, -4]"
memperolahkan,-3.2,1.0,"[-3, -4, -3, -2, -3, -3, -4, -3, -4, -3]"
jalan protokol,-3.2,1.0,"[-3, -4, -3, -2, -4, -4, -4, -1, -3, -4]"
menyentak,-4.0,1.0,"[-4, -4, -4, -4, -4, -4, -4, -4, -4, -4]"
sakit hati,-2.4,1.0,"[-2, -1, -4, -2, -2, -2, -2, -3, -3, -3]"
jeri,-2.4,1.0,"[-1, -2, -2, -4, -2, -3, -1, -4, -4, -1]"
gabungan,-4.0,1.0,"[-4, -4, -4, -4, -4, -4, -4, -4, -4, -4]"
tertawan,-2.4,1.0,"[-2, -2, 0, -2, -4, -4, -4, -3, -1, -2]"
tersisih,-4.0,1.0,"[-4, -4, -4, -4, -4, -4, -4, -4, -4, -4]"
membangunkan,-3.2,1.0,"[-3, -4, -3, -2, -3, -4, -3, -2, -4, -4]"
depak,-2.4,1.0,"[-1, -4, -4, -1, -2, -3, -1, -2, -4, -2]"
bertabrakan,-3.2,1.0,"[-3, -3, -2, -3, -3, -4, -4, -4, -3, -3]"
halilintar,-2.4,1.0,"[-1, -2, -3, -3, -1, -3, -3, -2, -3, -3]"
cekung,-3.2,1.0,"[-4, -4, -3, -2, -4, -4, -3, -2, -2, -4]"
memecatkan,-4.0,1.0,"[-4, -4, -4, -4, -4, -4, -4, -4, -4, -4]"
pelet,-2.4,1.0,"[-3, -2, -3, -3, -3, -1, -3, -2, -2, -2]"
konkretisasi,-2.4,1.0,"[-2, -1, -4, -4, -2, -3, -1, -3, -1, -3]"
gua,-2.4,1.0,"[-2, -4, -4, -2, -2, -2, -3, -2, -3, 0]"
menyeramkan,-3.2,1.0,"[-4, -4, -3, -1, -3, -3, -4, -3, -3, -4]"
persengketaan,-3.2,1.0,"[-2, -3, -4, -2, -4, -4, -4, -2, -4, -3]"
omong,-3.2,1.0,"[-3, -4, -3, -3, -3, -3, -4, -3, -3, -3]"
mengejawantah,-2.4,1.0,"[-2, -1, -1, -3, -3, -4, -3, -2, -3, -2]"
berbondong-bondong,-2.4,1.0,"[-2, -2, -2, -2, -1, -3, -3, -4, -2, -3]"
menjepit leher,-3.2,1.0,"[-4, -3, -4, -2, -3, -3, -3, -4, -3, -3]"
tebaran,-2.4,1.0,"[-2, -2, -3, -1, -2, -3, -4, -2, -3, -2]"
menyerobot,-4.0,1.0,"[-4, -4, -4, -4, -4, -4, -4, -4, -4, -4]"
menghamuni,-4.0,1.0,"[-4, -4, -4, -4, -4, -4, -4, -4, -4, -4]"
tidak bekerja,-3.2,1.0,"[-3, -3, -4, -3, -3, -4, -2, -2, -4, -4]"
jerum,-3.2,1.0,"[-3, -2, -1, -3, -4, -4, -4, -4, -3, -4]"
skors,-2.4,1.0,"[-2, -2, -3, -3, -3, -2, -3, -1, -1, -4]"
cetera,-3.2,1.0,"[-3, -3, -3, -4, -3, -2, -3, -4, -4, -3]"
melesap,-2.4,1.0,"[-4, -3, -1, -2, -2, -3, -2, -2, -2, -3]"
tertancap,-2.4,1.0,"[-3, -2, -1, -3, -2, -2, -3, -4, -2, -2]"
detektif,-2.4,1.0,"[-2, -1, -3, -4, -3, -2, -3, -2, -1, -3]"
berpucuk,-3.2,1.0,"[-3, -3, -3, -2, -3, -4, -3, -4, -3, -4]"
beralasan,-3.2,1.0,"[-2, -4, -4, -4, -2, -4, -4, -2, -3, -3]"
memakan,-3.2,1.0,"[-2, -3, -3, -4, -3, -4, -4, -3, -3, -3]"
cimeng,-2.4,1.0,"[-3, -3, -2, -1, -1, -2, -3, -4, -3, -2]"
menjotos,-2.4,1.0,"[-1, -2, -3, -3, -3, -2, -2, -2, -3, -3]"
rasionalitas,-3.2,1.0,"[-4, -2, -4, -3, -4, -2, -2, -4, -4, -3]"
bangsal,-2.4,1.0,"[-3, -4, -1, -2, -2, -2, -2, -2, -3, -3]"
meraban,-3.2,1.0,"[-3, -4, -4, -3, -3, -4, -2, -3, -2, -4]"
memaling,-4.0,1.0,"[-4, -4, -4, -4, -4, -4, -4, -4, -4, -4]"
menular,-3.2,1.0,"[-4, -3, -3, -2, -3, -4, -3, -3, -3, -4]"
saya,-2.4,1.0,"[-2, -4, -4, -3, -1, -2, -4, -1, -2, -1]"
jilid,-4.0,1.0,"[-4, -4, -4, -4, -4, -4, -4, -4, -4, -4]"
bidas,-4.0,1.0,"[-4, -4, -4, -4, -4, -4, -4, -4, -4, -4]"
mencerat,-2.4,1.0,"[-1, -1, -4, -3, -3, -3, -2, -2, -2, -3]"
bercekit,-3.2,1.0,"[-4, -3, -3, -2, -4, -3, -3, -4, -4, -2]"
pembungkus,-2.4,1.0,"[-2, -3, -2, -2, -2, -2, -3, -2, -3, -3]"
berderum,-3.2,1.0,"[-4, -4, -3, -4, -4, -1, -3, -3, -4, -2]"
goblok,-4.0,1.0,"[-4, -4, -4, -4, -4, -4, -4, -4, -4, -4]"
menceluk,-2.4,1.0,"[-2, -3, -3, -2, -2, -2, -1, -4, -2, -3]"
mengirikan,-3.2,1.0,"[-3, -4, -4, -2, -4, -2, -2, -3, -4, -4]"
angkat topi,-3.2,1.0,"[-4, -4, -3, -4, -3, -4, -3, -2, -3, -2]"
melanggar,-4.0,1.0,"[-4, -4, -4, -4, -4, -4, -4, -4, -4, -4]"
berpasuk,-2.4,1.0,"[-3, -1, -2, -3, -3, -2, 0, -3, -3, -4]"
percaturan,-2.4,1.0,"[-2, -2, -2, -2, -2, -4, -1, -3, -2, -4]"
dengkur,-2.4,1.0,"[-1, -4, -1, -4, -3, -3, -1, -2, -2, -3]"
rua,-3.2,1.0,"[-4, -4, -4, -3, -2, -3, -4, -3, -1, -4]"
tagar,-2.4,1.0,"[-2, -4, -3, -2, -1, -4, -2, -2, -3, -1]"
menumang,-3.2,1.0,"[-3, -3, -4, -4, -4, -3, -3, -3, -2, -3]"
terulur lidah,-4.0,1.0,"[-4, -4, -4, -4, -4, -4, -4, -4, -4, -4]"
sewenang-wenang,-4.0,1.0,"[-4, -4, -4, -4, -4, -4, -4, -4, -4, -4]"
maula,-3.2,1.0,"[-4, -4, -4, -4, -4, -3, -4, -3, -1, -1]"
menyeluruhi,-2.4,1.0,"[-3, -4, -3, -1, -1, 0, -4, -1, -3, -4]"
ledes,-2.4,1.0,"[-2, -3, -4, -2, -2, -2, -3, -3, -1, -2]"
berhamburan,-4.0,1.0,"[-4, -4, -4, -4, -4, -4, -4, -4, -4, -4]"
galian,-2.4,1.0,"[-1, -1, -2, -3, -4, -2, -3, -1, -3, -4]"
sebaran,-2.4,1.0,"[-3, -2, -2, -2, -3, -3, -3, -2, -2, -2]"
ceku,-4.0,1.0,"[-4, -4, -4, -4, -4, -4, -4, -4, -4, -4]"
dengkul,-2.4,1.0,"[-2, 1, -2, -4, -1, -3, -2, -4, -4, -3]"
cabut,-4.0,1.0,"[-4, -4, -4, -4, -4, -4, -4, -4, -4, -4]"
kemurungan,-4.0,1.0,"[-4, -4, -4, -4, -4, -4, -4, -4, -4, -4]"
jalan tol,-3.2,1.0,"[-4, -2, -3, -2, -3, -4, -3, -3, -4, -4]"
sementung,-4.0,1.0,"[-4, -4, -4, -4, -4, -4, -4, -4, -4, -4]"
miring,-3.2,1.0,"[-3, -4, -4, -4, -2, -3, -2, -3, -4, -3]"
bondot,-4.0,1.0,"[-4, -4, -4, -4, -4, -4, -4, -4, -4, -4]"
undian,-4.0,1.0,"[-4, -4, -4, -4, -4, -4, -4, -4, -4, -4]"
pejajaran,-3.2,1.0,"[-4, -3, -3, -2, -3, -3, -3, -4, -3, -4]"
menguatkan,-2.4,1.0,"[-3, -1, -2, -3, -3, -2, -2, -4, -2, -2]"
peminta-minta,-3.2,1.0,"[-4, -3, -2, -4, -4, -3, -3, -3, -2, -4]"
meruok,-4.0,1.0,"[-4, -4, -4, -4, -4, -4, -4, -4, -4, -4]"
berkecai,-4.0,1.0,"[-4, -4, -4, -4, -4, -4, -4, -4, -4, -4]"
legalitas,-2.4,1.0,"[-2, -3, -4, -1, -2, -2, -3, -2, -2, -3]"
memilin,-4.0,1.0,"[-4, -4, -4, -4, -4, -4, -4, -4, -4, -4]"
rambang,-4.0,1.0,"[-4, -4, -4, -4, -4, -4, -4, -4, -4, -4]"
kaidah,-3.2,1.0,"[-2, -4, -4, -3, -3, -4, -2, -2, -4, -4]"
kata-,-3.2,1.0,"[-4, -4, -4, -4, 0, -4, -4, -3, -3, -2]"
bucu,-2.4,1.0,"[-2, -3, -2, -3, -2, -3, -2, -4, -3, 0]"
mengalahkan,-3.2,1.0,"[-3, -3, -4, -4, -3, -4, -3, -3, -3, -2]"
popokan,-3.2,1.0,"[-4, -4, -3, 0, -4, -3, -4, -4, -3, -3]"
germo,-4.0,1.0,"[-4, -4, -4, -4, -4, -4, -4, -4, -4, -4]"
cerai,-3.2,1.0,"[-4, -4, -4, -3, -3, -2, -4, -4, -4, 0]"
begundal,-2.4,1.0,"[-3, -3, -3, -4, -1, -2, -1, -3, -1, -3]"
mengukuhkan,-2.4,1.0,"[-1, -1, -3, -3, -3, -3, -2, -2, -4, -2]"
memendek,-2.4,1.0,"[-4, -4, -2, -2, -3, -2, -3, -2, -1, -1]"
meruyup,-3.2,1.0,"[-4, -3, -4, -3, -3, -3, -2, -3, -4, -3]"
kebat,-2.4,1.0,"[-3, -3, -3, 0, -2, -3, -3, -2, -3, -2]"
menggelecik,-2.4,1.0,"[-3, -4, -1, -2, -3, -3, -3, -3, -1, -1]"
mendung,-2.4,1.0,"[-4, -2, -2, -3, -1, -3, -4, -1, -1, -3]"
liang sanggama,-3.2,1.0,"[-4, -3, -4, -4, -1, -2, -3, -4, -3, -4]"
gelinjang,-2.4,1.0,"[-3, -2, -2, -2, -3, -2, -3, -2, -3, -2]"
kebas,-2.4,1.0,"[-1, -2, -2, -2, -2, -2, -3, -3, -3, -4]"
belah ketupat,-3.2,1.0,"[-4, -1, -4, -3, -4, -4, -3, -3, -3, -3]"
sawat,-4.0,1.0,"[-4, -4, -4, -4, -4, -4, -4, -4, -4, -4]"
terminal,-2.4,1.0,"[-2, -2, -3, -2, -4, -1, -2, -3, -3, -2]"
tingkah,-4.0,1.0,"[-4, -4, -4, -4, -4, -4, -4, -4, -4, -4]"
membayankan,-3.2,1.0,"[-4, -3, -4, -3, -2, -4, -4, -2, -3, -3]"
kantin,-3.2,1.0,"[-3, -3, -4, -3, -4, -3, -2, -4, -4, -2]"
bendel,-4.0,1.0,"[-4, -4, -4, -4, -4, -4, -4, -4, -4, -4]"
koplo,-2.4,1.0,"[-3, -1, -4, -3, -3, -2, -3, -1, -2, -2]"
menyingkirkan,-3.2,1.0,"[-3, -3, -4, -2, -4, -3, -3, -2, -4, -4]"
papar,-2.4,1.0,"[-3, -3, -3, -3, 0, -2, -2, -4, -3, -1]"
dalil,-2.4,1.0,"[-4, -3, -1, -1, -3, -1, -2, -3, -3, -3]"
papak,-2.4,1.0,"[-3, -3, -3, -3, -1, -2, -2, -3, -2, -2]"
bernuansa,-2.4,1.0,"[-2, -1, -4, -4, -2, -3, 0, -2, -3, -3]"
enyah,-3.2,1.0,"[-2, -4, -4, -4, -2, -4, -2, -2, -4, -4]"
merosot,-4.0,1.0,"[-4, -4, -4, -4, -4, -4, -4, -4, -4, -4]"
capit,-2.4,1.0,"[-3, -2, -3, -3, -2, -4, -2, -2, -1, -2]"
dewan,-2.4,1.0,"[-2, -3, -2, -3, -3, -1, -2, -4, -2, -2]"
menceracau,-2.4,1.0,"[-2, -2, -3, -2, -3, -3, -1, -1, -4, -3]"
malas,-3.2,1.0,"[-4, -3, -3, -3, -4, -4, -3, -1, -3, -4]"
repot,-4.0,1.0,"[-4, -4, -4, -4, -4, -4, -4, -4, -4, -4]"
kemik,-2.4,1.0,"[-3, -1, -2, -3, 0, -4, -3, -2, -4, -2]"
bencat,-4.0,1.0,"[-4, -4, -4, -4, -4, -4, -4, -4, -4, -4]"
terkikis,-2.4,1.0,"[-2, -3, -1, -1, -4, -3, -3, -3, -2, -2]"
apiun,-2.4,1.0,"[-2, -2, -2, -2, -3, -2, -1, -4, -3, -3]"
mengkhianati,-4.0,1.0,"[-4, -4, -4, -4, -4, -4, -4, -4, -4, -4]"
bedegong,-3.2,1.0,"[-4, -2, -2, -4, -3, -4, -3, -4, -4, -2]"
si fulan,-2.4,1.0,"[-4, -2, -3, -2, -2, -2, -2, -1, -2, -4]"
iba,-4.0,1.0,"[-4, -4, -4, -4, -4, -4, -4, -4, -4, -4]"
calar,-2.4,1.0,"[0, -2, -3, -3, -4, -2, -3, -1, -4, -2]"
flu,-2.4,1.0,"[-2, -3, -3, -3, -1, -2, -2, -2, -3, -3]"
beruntun,-2.4,1.0,"[-1, -4, -3, -2, -3, -2, -2, -3, -2, -2]"
membawang,-4.0,1.0,"[-4, -4, -4, -4, -4, -4, -4, -4, -4, -4]"
ranap,-4.0,1.0,"[-4, -4, -4, -4, -4, -4, -4, -4, -4, -4]"
mencagun,-2.4,1.0,"[-3, -3, 0, -3, -2, -3, -2, -3, -3, -2]"
biut,-4.0,1.0,"[-4, -4, -4, -4, -4, -4, -4, -4, -4, -4]"
tambun,-2.4,1.0,"[-1, -2, -2, -1, -3, -3, -1, -3, -4, -4]"
andeka,-2.4,1.0,"[-2, -3, -2, -2, -2, -3, -2, -3, -4, -1]"
membanting,-3.2,1.0,"[-3, -4, -4, -3, -4, -4, -3, -1, -3, -3]"
mungkir,-4.0,1.0,"[-4, -4, -4, -4, -4, -4, -4, -4, -4, -4]"
terzalimi,-4.0,1.0,"[-4, -4, -4, -4, -4, -4, -4, -4, -4, -4]"
pelantikan,-2.4,1.0,"[-2, -2, -2, -3, -2, -4, -2, -3, -1, -3]"
kisruh,-2.4,1.0,"[-4, -1, -3, -2, -3, -3, -1, -2, -3, -2]"
memedi,-3.2,1.0,"[-2, -4, -3, -3, -4, -3, -4, -3, -3, -3]"
gas,-3.2,1.0,"[-4, -3, -3, -3, -4, -1, -4, -3, -4, -3]"
perwujudan,-2.4,1.0,"[-4, 0, -4, -4, -2, -3, -2, -2, -2, -1]"
bapet,-3.2,1.0,"[-4, -4, -3, -2, -4, -2, -3, -4, -2, -4]"
intrakalimat,-4.0,1.0,"[-4, -4, -4, -4, -4, -4, -4, -4, -4, -4]"
berak,-3.2,1.0,"[-2, -3, -3, -4, -4, -4, -4, -2, -3, -3]"
rayu,-3.2,1.0,"[-3, -3, -3, -4, -3, -3, -3, -3, -3, -4]"
senging,-4.0,1.0,"[-4, -4, -4, -4, -4, -4, -4, -4, -4, -4]"
setimbang,-2.4,1.0,"[-3, -4, -1, -1, -4, -4, -4, -1, -1, -1]"
mengirik,-2.4,1.0,"[-4, -2, -2, -2, -3, -2, -3, -2, -3, -1]"
juragan,-3.2,1.0,"[-4, -4, -3, -3, -4, -4, -3, -2, -1, -4]"
mengiris,-3.2,1.0,"[-2, -3, -4, -1, -4, -2, -4, -4, -4, -4]"
vital,-3.2,1.0,"[-4, -2, -4, -2, -3, -2, -4, -3, -4, -4]"
begu,-3.2,1.0,"[-4, -3, -3, -3, -4, -3, -3, -4, -3, -2]"
bertikai pangkai,-3.2,1.0,"[-4, -3, -3, -3, -4, -3, -4, -2, -4, -2]"
harap-harap cemas,-2.4,1.0,"[-3, -1, -3, -3, -1, -4, -1, -3, -3, -2]"
warita,-3.2,1.0,"[-4, -1, -3, -4, -4, -3, -2, -4, -4, -3]"
mempermudah,-2.4,1.0,"[-3, -2, -4, -4, -1, -2, -2, -2, -2, -2]"
merobohkan,-4.0,1.0,"[-4, -4, -4, -4, -4, -4, -4, -4, -4, -4]"
besar rabu,-2.4,1.0,"[-2, -3, -3, -2, -2, -2, -3, -2, -2, -3]"
surih,-2.4,1.0,"[-3, -2, -3, -3, -3, -2, -1, -2, -2, -3]"
menyemprot,-4.0,1.0,"[-4, -4, -4, -4, -4, -4, -4, -4, -4, -4]"
beradu,-3.2,1.0,"[-3, -4, -2, -4, -3, -4, -3, -2, -3, -4]"
agen rahasia,-2.4,1.0,"[-2, -2, -2, -4, -1, -3, -3, -2, -2, -3]"
arahan,-2.4,1.0,"[-2, -3, -1, -3, -3, -2, -1, -2, -3, -4]"
atas,-3.2,1.0,"[-3, -4, -2, -4, -4, -3, -2, -3, -3, -4]"
data,-2.4,1.0,"[-4, -2, -2, -2, -4, -2, -2, -1, -4, -1]"
otak udang,-4.0,1.0,"[-4, -4, -4, -4, -4, -4, -4, -4, -4, -4]"
terdedah,-2.4,1.0,"[-3, -2, 0, -4, -3, -3, -2, -2, -1, -4]"
meneguk,-2.4,1.0,"[-1, -2, -3, -4, -3, -3, -4, -1, -2, -1]"
loneng,-2.4,1.0,"[-3, -1, -3, -3, -1, -1, -4, -2, -2, -4]"
bertuah,-2.4,1.0,"[-3, -1, -4, -3, -2, -2, -2, -3, 0, -4]"
menadaburkan,-2.4,1.0,"[-3, -3, -2, -2, -2, -3, -3, 0, -2, -4]"
merebahkan,-2.4,1.0,"[-4, -1, -1, -2, -2, -3, -2, -2, -4, -3]"
lancang mulut,-3.2,1.0,"[-3, -3, -4, -4, -4, -1, -4, -3, -3, -3]"
merampang,-3.2,1.0,"[-4, -4, -4, -4, -3, -2, -2, -3, -3, -3]"
prinsipil,-3.2,1.0,"[-4, -4, -4, -2, -2, -2, -3, -3, -4, -4]"
mengaret,-2.4,1.0,"[-2, -3, -3, -2, -2, -3, -3, -2, -2, -2]"
corengmoreng,-3.2,1.0,"[-1, -4, -3, -3, -3, -3, -4, -3, -4, -4]"
berkelompok-kelompok,-3.2,1.0,"[-2, -3, -2, -3, -4, -3, -4, -4, -3, -4]"
kegelisahan,-3.2,1.0,"[-3, -4, -4, -4, -3, -3, -3, -2, -3, -3]"
waduk,-2.4,1.0,"[-3, -4, -3, -1, -4, -2, 0, -2, -3, -2]"
koyak-koyak,-4.0,1.0,"[-4, -4, -4, -4, -4, -4, -4, -4, -4, -4]"
inheren,-3.2,1.0,"[-3, -4, -4, -3, -4, -2, -3, -4, -2, -3]"
hilang arwah,-3.2,1.0,"[-4, -3, -4, -2, -3, -4, -2, -3, -3, -4]"
mengumandang,-3.2,1.0,"[-4, -3, -2, -3, -4, -4, -3, -3, -4, -2]"
berlubang,-2.4,1.0,"[-1, -4, -2, -3, -3, -2, -2, -3, -2, -2]"
bermetamorfosis,-2.4,1.0,"[-3, -3, -2, -2, -3, -2, -4, -3, -1, -1]"
soe,-4.0,1.0,"[-4, -4, -4, -4, -4, -4, -4, -4, -4, -4]"
jeringing,-3.2,1.0,"[-2, -4, -2, -4, -2, -4, -4, -4, -3, -3]"
lucut,-2.4,1.0,"[-2, -2, -1, -4, -1, -3, -4, -2, -2, -3]"
empal,-3.2,1.0,"[-4, -2, -4, -1, -2, -4, -4, -3, -4, -4]"
berangkat,-3.2,1.0,"[-2, -4, -4, -2, -2, -3, -4, -4, -4, -3]"
apes,-4.0,1.0,"[-4, -4, -4, -4, -4, -4, -4, -4, -4, -4]"
mansukh,-3.2,1.0,"[-2, -4, -2, -4, -2, -3, -4, -4, -3, -4]"
kesulitan,-4.0,1.0,"[-4, -4, -4, -4, -4, -4, -4, -4, -4, -4]"
tuli,-2.4,1.0,"[-3, -2, -2, -4, -2, -1, -3, -3, -1, -3]"
berguguran,-2.4,1.0,"[-2, -2, -3, -1, -3, -2, -4, -2, -2, -3]"
kacek,-3.2,1.0,"[-3, -3, -4, -3, -3, -4, -4, -3, -1, -4]"
menghulu,-2.4,1.0,"[-2, -3, -2, -2, -3, -3, -1, -2, -3, -3]"
gagar,-2.4,1.0,"[-1, -3, -4, -3, -3, 0, -3, -3, -3, -1]"
rayuan,-2.4,1.0,"[-3, -3, -1, -2, -2, -4, -3, -2, -2, -2]"
gawat,-4.0,1.0,"[-4, -4, -4, -4, -4, -4, -4, -4, -4, -4]"
mengada-ada,-3.2,1.0,"[-4, -4, -2, -4, -4, -2, -3, -2, -4, -3]"
menakutkan,-3.2,1.0,"[-3, -4, -2, -4, -3, -2, -4, -4, -2, -4]"
berangkal,-2.4,1.0,"[-3, -3, -1, -3, -3, -1, -2, -3, -3, -2]"
tertenung,-2.4,1.0,"[-1, -2, -3, -2, -2, -3, -2, -4, -3, -2]"
empap,-2.4,1.0,"[-4, -2, -2, -2, -4, -1, 0, -3, -2, -4]"
prosedur,-3.2,1.0,"[-3, -3, -2, -3, -2, -3, -4, -4, -4, -4]"
hop,-4.0,1.0,"[-4, -4, -4, -4, -4, -4, -4, -4, -4, -4]"
terpendam,-4.0,1.0,"[-4, -4, -4, -4, -4, -4, -4, -4, -4, -4]"
syair,-2.4,1.0,"[-3, -2, -3, -4, -3, -3, 0, -3, -1, -2]"
penyelewengan,-3.2,1.0,"[-4, -2, -3, -4, -3, -3, -4, -2, -4, -3]"
semok,-3.2,1.0,"[-4, -1, -3, -4, -4, -1, -3, -4, -4, -4]"
tike,-2.4,1.0,"[-3, -2, -2, -2, -2, -3, -2, -3, -2, -3]"
nujum,-3.2,1.0,"[-2, -3, -3, -3, -4, -4, -3, -3, -4, -3]"
sabak,-2.4,1.0,"[-3, -2, -2, -3, -2, -3, -2, -3, -2, -2]"
memukuli,-3.2,1.0,"[-3, -4, -4, -4, -3, -3, -2, -3, -4, -2]"
menyolot,-3.2,1.0,"[-3, -4, -3, -4, -2, -4, -4, -2, -3, -3]"
menyelubungi,-2.4,1.0,"[-1, -4, 1, -3, -2, -4, -2, -4, -4, -1]"
terbentur,-3.2,1.0,"[-4, -2, -4, -2, -2, -4, -4, -2, -4, -4]"
bertengkar mulut,-4.0,1.0,"[-4, -4, -4, -4, -4, -4, -4, -4, -4, -4]"
lingkar,-2.4,1.0,"[-4, -4, -3, -3, -1, -3, 0, -1, -4, -1]"
meligih,-3.2,1.0,"[-2, -3, -2, -3, -4, -4, -4, -3, -3, -4]"
ejakulasi,-2.4,1.0,"[-3, -2, -2, -4, -3, -3, -3, -1, 0, -3]"
sepak,-2.4,1.0,"[-3, -3, -2, -3, -2, -3, -2, -2, 0, -4]"
kelesah,-4.0,1.0,"[-4, -4, -4, -4, -4, -4, -4, -4, -4, -4]"
melindap,-2.4,1.0,"[-2, -4, -2, -3, -3, -3, -4, 0, -2, -1]"
kepayahan,-2.4,1.0,"[-2, -3, -2, -3, -2, -2, -2, -2, -4, -2]"
uci-uci,-3.2,1.0,"[-3, -4, -3, -2, -4, -4, -3, -4, -2, -3]"
menyerbu,-4.0,1.0,"[-4, -4, -4, -4, -4, -4, -4, -4, -4, -4]"
menggerebek,-2.4,1.0,"[-4, -4, -3, -3, -1, 0, -2, -2, -3, -2]"
khisit,-4.0,1.0,"[-4, -4, -4, -4, -4, -4, -4, -4, -4, -4]"
gugatan,-4.0,1.0,"[-4, -4, -4, -4, -4, -4, -4, -4, -4, -4]"
berlipat,-2.4,1.0,"[-4, -3, -3, -4, -3, -2, -2, -2, -1, 0]"
menubruk,-2.4,1.0,"[-2, -4, -3, -2, -3, -1, -2, -2, -2, -3]"
sarangan,-2.4,1.0,"[-3, -3, -2, -1, -3, -3, -2, -2, -2, -3]"
kesambet,-2.4,1.0,"[-3, -4, -2, -1, -3, -2, -2, -3, -1, -3]"
sutradara,-2.4,1.0,"[-2, -3, -4, -2, -2, -3, -2, -2, -1, -3]"
kelucahan,-4.0,1.0,"[-4, -4, -4, -4, -4, -4, -4, -4, -4, -4]"
mengata-ngatai,-4.0,1.0,"[-4, -4, -4, -4, -4, -4, -4, -4, -4, -4]"
bertetesan,-2.4,1.0,"[-2, -2, -4, 0, -2, -3, -2, -4, -2, -3]"
cacing es,-3.2,1.0,"[-2, -2, -3, -4, -4, -3, -3, -4, -4, -3]"
beguk,-3.2,1.0,"[-2, -2, -4, -4, -4, -4, -2, -3, -3, -4]"
bongkak,-2.4,1.0,"[-2, -4, -1, -2, -2, -4, -1, -3, -1, -4]"
kalor,-3.2,1.0,"[-4, -3, -4, -3, -3, -3, -2, -2, -4, -4]"
batu berdahak,-3.2,1.0,"[-3, -4, -3, -3, -3, 0, -4, -4, -4, -4]"
lotong,-3.2,1.0,"[-3, -2, -4, -3, -3, -4, -2, -3, -4, -4]"
memperkacaukan,-3.2,1.0,"[-3, -3, -3, -3, -4, -2, -3, -4, -3, -4]"
gemaung,-2.4,1.0,"[-1, -3, -3, -2, -1, -3, -3, 0, -4, -4]"
pekak,-2.4,1.0,"[-3, -2, -2, -2, -4, -3, 0, -3, -3, -2]"
pemberadaban,-2.4,1.0,"[-4, -4, -1, -1, -2, -4, -2, -4, -1, -1]"
mencilok,-2.4,1.0,"[-4, -1, -1, -3, -2, -3, -1, -4, -2, -3]"
serpihan,-3.2,1.0,"[-4, -3, -4, -2, -3, -4, -3, -1, -4, -4]"
mengutuk,-4.0,1.0,"[-4, -4, -4, -4, -4, -4, -4, -4, -4, -4]"
hajar,-4.0,1.0,"[-4, -4, -4, -4, -4, -4, -4, -4, -4, -4]"
uang sogok,-2.4,1.0,"[-2, -2, -3, -4, -2, -2, -1, -3, -2, -3]"
tanggal,-3.2,1.0,"[-4, -2, -4, -3, -4, -4, -3, -3, -2, -3]"
buntung,-4.0,1.0,"[-4, -4, -4, -4, -4, -4, -4, -4, -4, -4]"
pembatalan,-2.4,1.0,"[0, -4, -3, -3, -2, -3, -2, -2, -2, -3]"
jorong,-2.4,1.0,"[-1, -2, -3, -3, -3, -1, -3, -3, -2, -3]"
pergabungan,-2.4,1.0,"[-2, -1, -3, -3, -2, -1, -4, -4, -2, -2]"
uang pecah,-3.2,1.0,"[-3, -3, -3, -4, -3, -2, -2, -4, -4, -4]"
desas-desus,-4.0,1.0,"[-4, -4, -4, -4, -4, -4, -4, -4, -4, -4]"
prahara,-2.4,1.0,"[-4, -2, -3, -1, -4, -3, -1, -2, -2, -2]"
memantapkan,-2.4,1.0,"[-2, -3, -1, -2, -2, -4, -4, -1, -4, -1]"
jalan raya,-3.2,1.0,"[-4, -4, -4, -3, -3, -4, -2, -4, -1, -3]"
batuk darah,-3.2,1.0,"[-4, -2, -1, -4, -4, -2, -4, -4, -3, -4]"
tempelak,-4.0,1.0,"[-4, -4, -4, -4, -4, -4, -4, -4, -4, -4]"
dursila,-4.0,1.0,"[-4, -4, -4, -4, -4, -4, -4, -4, -4, -4]"
rebet,-4.0,1.0,"[-4, -4, -4, -4, -4, -4, -4, -4, -4, -4]"
menghinap-hinap,-2.4,1.0,"[-2, -3, -2, -2, -1, -1, -4, -2, -3, -4]"
pertunjukan perasaan,-2.4,1.0,"[-3, -1, -2, -4, -4, -3, 0, -2, -2, -3]"
rebeh,-4.0,1.0,"[-4, -4, -4, -4, -4, -4, -4, -4, -4, -4]"
hirap,-2.4,1.0,"[-2, -3, -3, -4, -2, -2, -2, -3, -2, -1]"
semau,-2.4,1.0,"[-2, -3, -4, -2, -3, -3, -2, 0, -2, -3]"
mendaulat,-4.0,1.0,"[-4, -4, -4, -4, -4, -4, -4, -4, -4, -4]"
terhempas,-4.0,1.0,"[-4, -4, -4, -4, -4, -4, -4, -4, -4, -4]"
hancur lebur,-4.0,1.0,"[-4, -4, -4, -4, -4, -4, -4, -4, -4, -4]"
rumit,-4.0,1.0,"[-4, -4, -4, -4, -4, -4, -4, -4, -4, -4]"
disimilaritas,-3.2,1.0,"[-4, -2, -2, -3, -4, -4, -4, -3, -4, -2]"
entak,-2.4,1.0,"[-2, -4, -3, -2, -4, -1, -1, -1, -3, -3]"
tradisional,-4.0,1.0,"[-4, -4, -4, -4, -4, -4, -4, -4, -4, -4]"
tersengut-sengut,-4.0,1.0,"[-4, -4, -4, -4, -4, -4, -4, -4, -4, -4]"
meriang,-3.2,1.0,"[-1, -2, -2, -4, -3, -4, -4, -4, -4, -4]"
sungkan,-3.2,1.0,"[-1, -3, -2, -4, -3, -4, -4, -3, -4, -4]"
angin lalu,-4.0,1.0,"[-4, -4, -4, -4, -4, -4, -4, -4, -4, -4]"
bersendikan,-3.2,1.0,"[-3, -3, -3, -3, -4, -2, -4, -3, -4, -3]"
nama buruk,-4.0,1.0,"[-4, -4, -4, -4, -4, -4, -4, -4, -4, -4]"
dongkol,-3.2,1.0,"[-4, -3, -2, -4, -4, -4, -3, -4, -3, -1]"
mengarah,-3.2,1.0,"[-2, -4, -2, -4, -4, -3, -3, -3, -3, -4]"
mengonarkan,-3.2,1.0,"[-4, -3, -2, -3, -4, -3, -4, -3, -3, -3]"
dalal,-2.4,1.0,"[-4, -3, -4, -1, -4, -4, -1, 0, -2, -1]"
rompak,-4.0,1.0,"[-4, -4, -4, -4, -4, -4, -4, -4, -4, -4]"
laboratorium,-2.4,1.0,"[-4, -2, -2, -2, -2, -2, -1, -3, -3, -3]"
banyak omong,-3.2,1.0,"[-4, -4, -4, -3, -4, -2, -2, -4, -3, -2]"
someng,-3.2,1.0,"[-4, -4, -2, -3, -3, -3, -4, -3, -4, -2]"
mencibirkan,-4.0,1.0,"[-4, -4, -4, -4, -4, -4, -4, -4, -4, -4]"
menongkrongi,-2.4,1.0,"[-2, -3, -4, -1, -4, -2, -3, -1, -1, -3]"
mutlak,-2.4,1.0,"[-3, -2, -3, -3, -4, -2, -2, -2, 0, -3]"
pemain,-2.4,1.0,"[-3, -2, -4, -3, -1, -1, -1, -2, -4, -3]"
dia,-2.4,1.0,"[-2, -2, -4, -3, -3, -2, -2, -3, -2, -1]"
menyelang,-4.0,1.0,"[-4, -4, -4, -4, -4, -4, -4, -4, -4, -4]"
eroton,-3.2,1.0,"[-4, -2, -4, -2, -4, -3, -3, -4, -4, -2]"
endemi,-4.0,1.0,"[-4, -4, -4, -4, -4, -4, -4, -4, -4, -4]"
lapuk,-4.0,1.0,"[-4, -4, -4, -4, -4, -4, -4, -4, -4, -4]"
rabak,-2.4,1.0,"[-4, -2, -2, -3, -1, -4, -3, -2, -2, -1]"
terderita,-3.2,1.0,"[-4, -2, -3, -3, -4, -4, -3, -4, -3, -2]"
mengharamkan,-2.4,1.0,"[-3, -3, -3, -3, -3, -2, -3, -1, -1, -2]"
pekikan,-4.0,1.0,"[-4, -4, -4, -4, -4, -4, -4, -4, -4, -4]"
pengunjukan,-2.4,1.0,"[-3, -3, -3, -1, -2, -2, -1, -2, -4, -3]"
kebangunan,-4.0,1.0,"[-4, -4, -4, -4, -4, -4, -4, -4, -4, -4]"
perapian,-3.2,1.0,"[-3, -3, -4, -4, -1, -3, -2, -4, -4, -4]"
hujat,-4.0,1.0,"[-4, -4, -4, -4, -4, -4, -4, -4, -4, -4]"
dengki,-4.0,1.0,"[-4, -4, -4, -4, -4, -4, -4, -4, -4, -4]"
jangkang,-4.0,1.0,"[-4, -4, -4, -4, -4, -4, -4, -4, -4, -4]"
lap,-4.0,1.0,"[-4, -4, -4, -4, -4, -4, -4, -4, -4, -4]"
sumpal,-2.4,1.0,"[-1, -3, -2, -3, -3, -2, -1, -4, -3, -2]"
lembeng,-3.2,1.0,"[-3, -4, -2, -3, -3, -4, -4, -3, -2, -4]"
kesalahan,-4.0,1.0,"[-4, -4, -4, -4, -4, -4, -4, -4, -4, -4]"
sembrono,-4.0,1.0,"[-4, -4, -4, -4, -4, -4, -4, -4, -4, -4]"
berjejas,-4.0,1.0,"[-4, -4, -4, -4, -4, -4, -4, -4, -4, -4]"
menghalai-balaikan,-3.2,1.0,"[-3, -2, -2, -4, -3, -3, -4, -4, -3, -4]"
cikun,-4.0,1.0,"[-4, -4, -4, -4, -4, -4, -4, -4, -4, -4]"
bundel,-4.0,1.0,"[-4, -4, -4, -4, -4, -4, -4, -4, -4, -4]"
surut,-3.2,1.0,"[-4, -4, -2, -4, -2, -4, -4, -2, -2, -4]"
urit,-2.4,1.0,"[-3, -1, -4, -2, -2, -4, -1, -3, -2, -2]"
bloon,-2.4,1.0,"[-3, -2, -1, -4, -2, -3, -2, -2, -2, -3]"
hujah,-3.2,1.0,"[-3, -3, -4, -4, -1, -3, -4, -3, -4, -3]"
longgok,-2.4,1.0,"[-2, -2, -2, -1, -3, -3, -3, -2, -3, -3]"
cempek,-3.2,1.0,"[-2, -4, -1, -3, -4, -4, -4, -3, -3, -4]"
khair,-3.2,1.0,"[-3, -3, -4, -3, -3, -3, -2, -3, -4, -4]"
tonjok,-4.0,1.0,"[-4, -4, -4, -4, -4, -4, -4, -4, -4, -4]"
gering hulu,-3.2,1.0,"[-3, -2, -3, -4, -3, -2, -4, -4, -4, -3]"
berkejaran,-2.4,1.0,"[-4, -2, -1, -1, -3, -3, -3, -1, -3, -3]"
pering,-2.4,1.0,"[-3, -4, -3, -1, -2, -2, -2, -3, -2, -2]"
pengejawantahan,-2.4,1.0,"[-3, -3, -2, -2, -3, -1, -4, -3, -2, -1]"
silang,-3.2,1.0,"[-3, -4, -2, -2, -4, -3, -2, -4, -4, -4]"
berkasih-kasihan,-2.4,1.0,"[-4, -2, -2, -2, -3, -4, -2, -1, -3, -1]"
mencecah,-2.4,1.0,"[-2, -1, -3, -3, -4, -2, -2, -3, -3, -1]"
mempersoalkan,-3.2,1.0,"[-3, -3, -4, -4, -4, -3, -3, -1, -4, -3]"
merenungkan,-2.4,1.0,"[-4, -2, -1, -2, -2, -1, -2, -4, -3, -3]"
tergemap,-2.4,1.0,"[-1, -4, -2, -1, -2, -2, -4, -3, -1, -4]"
penyodok,-2.4,1.0,"[-4, -3, 0, -4, -2, -3, -3, -4, 1, -2]"
mendindingi,-4.0,1.0,"[-4, -4, -4, -4, -4, -4, -4, -4, -4, -4]"
buncit,-2.4,1.0,"[-3, -3, -1, -3, -1, -2, -4, -4, -1, -2]"
kerakal,-2.4,1.0,"[-3, -3, -2, -4, -2, 0, -3, -1, -4, -2]"
lancang,-4.0,1.0,"[-4, -4, -4, -4, -4, -4, -4, -4, -4, -4]"
enggan,-4.0,1.0,"[-4, -4, -4, -4, -4, -4, -4, -4, -4, -4]"
mencengkeram,-3.2,1.0,"[-4, -3, -3, -4, -4, -3, -3, -2, -2, -4]"
tertinggal,-2.4,1.0,"[-2, -1, -3, -4, -3, -2, -2, -3, -2, -2]"
laten,-4.0,1.0,"[-4, -4, -4, -4, -4, -4, -4, -4, -4, -4]"
luluh lantak,-4.0,1.0,"[-4, -4, -4, -4, -4, -4, -4, -4, -4, -4]"
penodong,-4.0,1.0,"[-4, -4, -4, -4, -4, -4, -4, -4, -4, -4]"
sogokan,-3.2,1.0,"[-3, -4, -2, -2, -2, -4, -4, -4, -3, -4]"
fiskal,-2.4,1.0,"[-4, -4, -3, -3, -2, -1, -2, -2, -1, -2]"
bertekak,-3.2,1.0,"[-3, -2, -4, -4, -4, -2, -3, -4, -2, -4]"
perlahan-lahan,-3.2,1.0,"[-4, -4, -2, -3, -2, -2, -4, -4, -3, -4]"
onyak-anyik,-3.2,1.0,"[-2, -3, -2, -2, -4, -4, -4, -3, -4, -4]"
merembet,-3.2,1.0,"[-3, -1, -4, -3, -4, -4, -3, -4, -3, -3]"
fungsionaris,-2.4,1.0,"[-2, -3, -1, -3, -2, -3, -1, -4, -2, -3]"
dugal,-4.0,1.0,"[-4, -4, -4, -4, -4, -4, -4, -4, -4, -4]"
recehan,-3.2,1.0,"[-3, -2, -3, -4, -4, -4, -3, -3, -4, -2]"
dobel,-2.4,1.0,"[-2, -1, -2, -4, -4, -3, -2, -2, -3, -1]"
kecemasan,-3.2,1.0,"[-4, -3, -4, -3, -2, -4, -3, -4, -2, -3]"
celemotan,-3.2,1.0,"[-4, -3, -3, -4, -3, -3, -3, -3, -3, -3]"
tanur,-3.2,1.0,"[-4, -4, -2, -4, -2, -3, -4, -3, -3, -3]"
sombong,-2.4,1.0,"[-4, -2, -1, -4, -2, -3, -3, -2, -2, -1]"
faktor,-3.2,1.0,"[-3, -4, -4, -4, -3, -2, -3, -2, -3, -4]"
anu,-2.4,1.0,"[-2, -1, -2, -2, -3, -4, -2, -3, -3, -2]"
persuasi,-2.4,1.0,"[-4, -3, -3, -3, -3, -2, -3, -1, -1, -1]"
mangau,-3.2,1.0,"[-4, -4, -3, -4, -4, -2, -3, -4, -2, -2]"
seraga,-2.4,1.0,"[-3, -2, -4, -4, -3, -1, -2, -4, -1, 0]"
bait,-2.4,1.0,"[-3, -2, -2, -3, -1, -4, -2, -2, -2, -3]"
berterima,-2.4,1.0,"[-2, -4, -3, -2, -4, -3, -1, -1, -1, -3]"
aspiran,-4.0,1.0,"[-4, -4, -4, -4, -4, -4, -4, -4, -4, -4]"
terhunjam,-2.4,1.0,"[-3, -1, -1, -3, -1, -3, -4, -3, -2, -3]"
friksi,-4.0,1.0,"[-4, -4, -4, -4, -4, -4, -4, -4, -4, -4]"
pematang,-3.2,1.0,"[-3, -2, -3, -4, -3, -4, -2, -3, -4, -4]"
lenyap,-4.0,1.0,"[-4, -4, -4, -4, -4, -4, -4, -4, -4, -4]"
api-api,-3.2,1.0,"[-4, -2, -3, -4, -3, -4, -4, -2, -2, -4]"
gidik,-3.2,1.0,"[-4, -3, -3, -4, -2, -3, -2, -4, -4, -3]"
mesut,-3.2,1.0,"[-2, -4, -3, -3, -3, -3, -4, -2, -4, -4]"
sanggit,-2.4,1.0,"[-1, -4, -2, -3, -3, -2, -4, -3, 0, -2]"
terseret,-2.4,1.0,"[-2, -3, -2, -2, -3, -3, -2, -1, -3, -3]"
mesum,-4.0,1.0,"[-4, -4, -4, -4, -4, -4, -4, -4, -4, -4]"
sukatan,-4.0,1.0,"[-4, -4, -4, -4, -4, -4, -4, -4, -4, -4]"
golak,-4.0,1.0,"[-4, -4, -4, -4, -4, -4, -4, -4, -4, -4]"
keheningan,-3.2,1.0,"[-4, -2, -2, -4, -4, -4, -3, -3, -3, -3]"
tengking,-4.0,1.0,"[-4, -4, -4, -4, -4, -4, -4, -4, -4, -4]"
aspek,-2.4,1.0,"[-4, -2, -2, -4, -3, -2, -2, -2, -2, -1]"
amblas,-2.4,1.0,"[-3, -2, -2, -3, -2, -4, 0, -2, -2, -4]"
memomokkan,-4.0,1.0,"[-4, -4, -4, -4, -4, -4, -4, -4, -4, -4]"
fundamental,-3.2,1.0,"[-3, -4, -4, -4, -2, -3, -3, -2, -3, -4]"
abuk,-2.4,1.0,"[-2, -4, -2, -2, -3, -1, -3, -2, -3, -2]"
gunduk,-2.4,1.0,"[-4, -1, -4, -2, -2, -2, -2, -1, -3, -3]"
beta,-2.4,1.0,"[-1, -3, -3, -4, -2, -2, -3, -3, -1, -2]"
kemplang,-4.0,1.0,"[-4, -4, -4, -4, -4, -4, -4, -4, -4, -4]"
abur,-4.0,1.0,"[-4, -4, -4, -4, -4, -4, -4, -4, -4, -4]"
selap,-2.4,1.0,"[-1, -2, -1, -2, -2, -2, -4, -3, -3, -4]"
tembelang,-4.0,1.0,"[-4, -4, -4, -4, -4, -4, -4, -4, -4, -4]"
jebeh,-4.0,1.0,"[-4, -4, -4, -4, -4, -4, -4, -4, -4, -4]"
menikmati,-2.4,1.0,"[-2, -2, -2, -3, -4, -2, -2, -3, -1, -3]"
membabi buta,-3.2,1.0,"[-4, -4, -2, -2, -4, -4, -4, -2, -3, -3]"
menahun,-4.0,1.0,"[-4, -4, -4, -4, -4, -4, -4, -4, -4, -4]"
primer,-3.2,1.0,"[-4, -4, -2, -4, -4, -2, -4, -4, -2, -2]"
menggeligi,-3.2,1.0,"[-4, -2, -3, -4, -4, -3, -3, -3, -3, -3]"
pembangkang,-3.2,1.0,"[-3, -4, -4, -2, -3, -2, -3, -4, -4, -3]"
menyetubuhi,-2.4,1.0,"[-4, -3, -3, -1, -2, -3, -2, -1, -3, -2]"
bulat,-2.4,1.0,"[-2, -1, -3, -3, -3, -4, -3, -3, -1, -1]"
layon,-3.2,1.0,"[-4, -4, -3, -4, -2, -4, -4, -2, -2, -3]"
selempang,-4.0,1.0,"[-4, -4, -4, -4, -4, -4, -4, -4, -4, -4]"
mengesak,-2.4,1.0,"[-3, -4, -4, -1, -3, -2, -1, -3, 0, -3]"
berhimpun,-3.2,1.0,"[-4, -2, -4, -4, -3, -3, -3, -3, -3, -3]"
berkunjung,-3.2,1.0,"[-3, -4, -4, -3, -4, -3, -4, -1, -3, -3]"
membelot,-4.0,1.0,"[-4, -4, -4, -4, -4, -4, -4, -4, -4, -4]"
kilah,-3.2,1.0,"[-4, -4, -2, -2, -3, -4, -2, -4, -4, -3]"
keperihan,-4.0,1.0,"[-4, -4, -4, -4, -4, -4, -4, -4, -4, -4]"
serobot,-2.4,1.0,"[-2, -1, -4, -3, -3, -4, -4, 1, -2, -2]"
mengesan,-2.4,1.0,"[-3, 0, -4, -2, -2, -3, -2, -2, -4, -2]"
mengelakkan,-3.2,1.0,"[-4, -4, -3, -3, -2, -3, -3, -3, -3, -4]"
kerepotan,-2.4,1.0,"[-2, -2, -2, -3, -2, -2, -2, -3, -3, -3]"
berdedikasi,-2.4,1.0,"[-3, -3, 0, -3, -1, -4, -2, -2, -3, -3]"
tersekat,-4.0,1.0,"[-4, -4, -4, -4, -4, -4, -4, -4, -4, -4]"
cek,-3.2,1.0,"[-3, -3, -2, -3, -2, -4, -3, -4, -4, -4]"
mengebumikan,-2.4,1.0,"[-4, -3, -3, -3, -1, -1, -4, -3, -1, -1]"
moderator,-2.4,1.0,"[-2, -4, -2, -2, -3, -4, -3, -1, -2, -1]"
menghebat,-3.2,1.0,"[-3, -4, -4, -3, -2, -2, -4, -3, -4, -3]"
berita,-3.2,1.0,"[-3, -1, -3, -3, -4, -3, -4, -4, -3, -4]"
melayang,-2.4,1.0,"[-2, -2, -2, -2, -3, -4, -2, -2, -2, -3]"
menyelakkan,-4.0,1.0,"[-4, -4, -4, -4, -4, -4, -4, -4, -4, -4]"
buta,-2.4,1.0,"[-3, -3, -3, -2, 1, -2, -3, -4, -3, -2]"
memfitnah,-3.2,1.0,"[-2, -3, -4, -4, -4, -4, -1, -4, -3, -3]"
nala,-2.4,1.0,"[-2, -1, -2, -3, -3, -4, -2, -3, -1, -3]"
sekop,-2.4,1.0,"[-4, -3, -3, -2, -2, -4, -2, 0, -2, -2]"
incit,-3.2,1.0,"[-4, -4, -3, -4, -2, -2, -4, -3, -3, -3]"
batung-batung,-3.2,1.0,"[-4, -3, -2, -4, -4, -2, -4, -3, -3, -3]"
rongkol,-4.0,1.0,"[-4, -4, -4, -4, -4, -4, -4, -4, -4, -4]"
bertinju,-3.2,1.0,"[-4, -3, -3, -4, -3, -3, -3, -4, -3, -2]"
bersengketa,-3.2,1.0,"[-4, -3, -3, -4, 0, -3, -4, -4, -3, -4]"
cilok,-2.4,1.0,"[-4, -1, -2, -3, -3, -2, -2, -3, -3, -1]"
keasingan,-3.2,1.0,"[-3, -4, -3, -4, -4, -2, -4, -2, -3, -3]"
sekurang-kurangnya,-2.4,1.0,"[-3, -2, -3, -2, -4, -2, -3, -1, -3, -1]"
perahu,-3.2,1.0,"[-4, -4, -4, -3, -3, -4, -1, -2, -4, -3]"
melekat,-3.2,1.0,"[-3, -3, -4, -4, -2, -2, -4, -3, -4, -3]"
ruang,-2.4,1.0,"[-2, 0, -2, -4, -3, -4, 0, -3, -3, -3]"
kisikan,-2.4,1.0,"[-3, -2, -3, -3, -4, -2, -2, 0, -2, -3]"
terajang,-2.4,1.0,"[-2, -3, -2, -2, -2, -3, -2, -2, -2, -4]"
memegang,-3.2,1.0,"[-4, -2, -4, -4, -4, -3, -2, -2, -3, -4]"
kafetaria,-3.2,1.0,"[-4, -3, -2, -3, -4, -4, -2, -4, -3, -3]"
masai,-3.2,1.0,"[-3, -3, -3, -3, -3, -4, -3, -4, -3, -3]"
merenyam,-2.4,1.0,"[-3, -4, -2, 0, -4, -4, -3, -2, 0, -2]"
patgulipat,-4.0,1.0,"[-4, -4, -4, -4, -4, -4, -4, -4, -4, -4]"
terali,-3.2,1.0,"[-3, -4, -4, -4, -3, -4, -1, -3, -4, -2]"
rad,-2.4,1.0,"[-2, -2, -3, -3, -2, -2, -4, -2, -3, -1]"
meluluhlantakkan,-3.2,1.0,"[-2, -4, -2, -3, -3, -4, -3, -4, -4, -3]"
saja,-2.4,1.0,"[-3, -2, -3, -3, 0, -3, -3, -3, -1, -3]"
pemberon-takan,-3.2,1.0,"[-4, -2, -4, -4, -4, -3, -2, -3, -3, -3]"
mengenjak,-2.4,1.0,"[-2, -3, -3, -2, -4, -3, -3, 0, -3, -1]"
perus,-4.0,1.0,"[-4, -4, -4, -4, -4, -4, -4, -4, -4, -4]"
ahmak,-2.4,1.0,"[-1, -3, -4, -3, -3, -1, -4, -1, -3, -1]"
pepak,-2.4,1.0,"[-3, -3, -3, -3, -3, -3, -1, 0, -3, -2]"
ceroboh,-4.0,1.0,"[-4, -4, -4, -4, -4, -4, -4, -4, -4, -4]"
cacing pipih,-3.2,1.0,"[-3, -3, -2, -4, -3, -4, -4, -3, -3, -3]"
cuak,-3.2,1.0,"[-4, -1, -4, -4, -4, -1, -4, -4, -3, -3]"
bison,-2.4,1.0,"[-2, -4, -1, -1, -2, -2, -4, -1, -4, -3]"
pepat,-2.4,1.0,"[-3, -1, -3, -4, -2, -2, -1, -2, -3, -3]"
kotak,-2.4,1.0,"[-4, -2, -3, 0, -1, -4, -1, -3, -3, -3]"
anjak,-2.4,1.0,"[-1, -2, -2, -4, -2, -2, -1, -4, -4, -2]"
anak bedil,-2.4,1.0,"[-4, -1, -2, -4, -3, -2, -2, -3, -2, -1]"
tebal hati,-4.0,1.0,"[-4, -4, -4, -4, -4, -4, -4, -4, -4, -4]"
tenggak,-2.4,1.0,"[-3, -2, -3, -3, -2, -2, -4, -3, -1, -1]"
melampau,-3.2,1.0,"[-2, -3, -2, -3, -4, -4, -3, -3, -4, -4]"
bercedera,-3.2,1.0,"[-3, -4, -3, -3, -3, -3, -4, -3, -3, -3]"
oven,-3.2,1.0,"[-4, -3, -4, -2, -3, -3, -3, -4, -3, -3]"
mengumpul,-2.4,1.0,"[-4, -3, -2, -3, -3, -2, 0, -3, -2, -2]"
bertumbukan,-3.2,1.0,"[-3, -4, -3, -3, -4, -3, -2, -4, -3, -3]"
mencontengkan,-2.4,1.0,"[-3, -1, -2, -3, 0, -3, -2, -3, -3, -4]"
menyatroni,-4.0,1.0,"[-4, -4, -4, -4, -4, -4, -4, -4, -4, -4]"
rasialisme,-4.0,1.0,"[-4, -4, -4, -4, -4, -4, -4, -4, -4, -4]"
terkilir,-2.4,1.0,"[-2, -3, -3, -2, -3, -2, -2, -2, -3, -2]"
gagu,-2.4,1.0,"[-1, -1, -2, -2, -3, -2, -3, -4, -3, -3]"
langking,-3.2,1.0,"[-4, -1, -4, -4, -3, -4, -3, -3, -3, -3]"
bicu,-2.4,1.0,"[-1, -2, -4, -2, -2, -2, -3, -3, -2, -3]"
dogol,-4.0,1.0,"[-4, -4, -4, -4, -4, -4, -4, -4, -4, -4]"
camping,-2.4,1.0,"[-2, -3, -1, -3, -3, -3, -3, -3, -2, -1]"
berugi,-4.0,1.0,"[-4, -4, -4, -4, -4, -4, -4, -4, -4, -4]"
mengenangkan,-2.4,1.0,"[-1, -2, -4, -3, -3, -3, -3, -1, -2, -2]"
menerbankan,-3.2,1.0,"[-2, -4, -1, -4, -3, -3, -3, -4, -4, -4]"
cutel,-3.2,1.0,"[-3, -3, -2, -4, -4, -4, -4, -3, -3, -2]"
mengamalkan,-3.2,1.0,"[-4, -3, -4, -4, -2, -4, -4, -4, -2, -1]"
mencaci-maki,-4.0,1.0,"[-4, -4, -4, -4, -4, -4, -4, -4, -4, -4]"
analitis,-3.2,1.0,"[-3, -3, -4, -2, -2, -4, -4, -2, -4, -4]"
hipotesis,-2.4,1.0,"[-1, -1, -2, -2, -3, -2, -3, -3, -3, -4]"
kesejukan,-2.4,1.0,"[-3, -3, -2, 0, -3, -2, -4, -2, -2, -3]"
kepelikan,-3.2,1.0,"[-4, -4, -2, -2, -3, -3, -4, -4, -3, -3]"
bubuk,-4.0,1.0,"[-4, -4, -4, -4, -4, -4, -4, -4, -4, -4]"
inhibisi,-3.2,1.0,"[-3, -2, -4, -3, -4, -3, -4, -3, -3, -3]"
hawar,-4.0,1.0,"[-4, -4, -4, -4, -4, -4, -4, -4, -4, -4]"
himpun,-2.4,1.0,"[-3, -2, -4, -2, -1, -2, -2, -3, -2, -3]"
mengetepikan,-3.2,1.0,"[-3, -3, -4, -2, -4, -4, -2, -2, -4, -4]"
berlibat-libat,-3.2,1.0,"[-3, -3, -4, -3, -2, -3, -4, -3, -3, -4]"
tergamak,-3.2,1.0,"[-4, -3, -3, -3, -4, -1, -3, -4, -3, -4]"
tua,-3.2,1.0,"[-1, -4, -2, -4, -3, -4, -4, -3, -4, -3]"
mengubrakan,-2.4,1.0,"[-3, -1, -3, -2, -3, -3, -3, -1, -2, -3]"
susuh,-3.2,1.0,"[-3, -4, -4, -4, -3, -2, -3, -3, -3, -3]"
mengingsut,-2.4,1.0,"[-2, -2, -3, -2, -2, -4, -2, -1, -3, -3]"
cacauan,-3.2,1.0,"[-4, -2, -2, -3, -4, -1, -4, -4, -4, -4]"
belis,-3.2,1.0,"[-3, -4, -3, -3, -3, -3, -2, -4, -4, -3]"
meninju,-2.4,1.0,"[-1, -4, -2, -1, -4, -1, -2, -3, -3, -3]"
mengoyak-oyak,-3.2,1.0,"[-4, -3, -4, -3, -3, -2, -4, -4, -2, -3]"
embarau,-2.4,1.0,"[-2, -3, -4, -3, -2, -1, -3, -3, -1, -2]"
urut-urutan,-3.2,1.0,"[-2, -4, -4, -2, -3, -2, -4, -4, -3, -4]"
menyantak,-2.4,1.0,"[-3, -1, -3, -1, -2, -3, -3, -3, -2, -3]"
alobar,-3.2,1.0,"[-2, -3, -4, -2, -4, -4, -4, -3, -3, -3]"
memusnahkan,-4.0,1.0,"[-4, -4, -4, -4, -4, -4, -4, -4, -4, -4]"
menyantap,-3.2,1.0,"[-4, -4, -3, -2, -2, -4, -4, -3, -2, -4]"
berkembang biak,-2.4,1.0,"[-2, -1, -3, -1, -2, -4, -4, -3, -3, -1]"
resek,-3.2,1.0,"[-3, -3, -4, -2, -3, -3, -3, -4, -4, -3]"
kelas,-2.4,1.0,"[-3, -2, -3, -2, -2, -2, -2, -2, -4, -2]"
jalan bentar,-3.2,1.0,"[-4, -4, -4, -3, -4, -3, -3, -2, -2, -3]"
colak-caling,-4.0,1.0,"[-4, -4, -4, -4, -4, -4, -4, -4, -4, -4]"
tun,-3.2,1.0,"[-4, -2, -4, -4, -2, -4, -3, -2, -4, -3]"
bergelut,-3.2,1.0,"[-4, -4, -4, -3, -4, -2, -1, -4, -4, -2]"
cacat,-4.0,1.0,"[-4, -4, -4, -4, -4, -4, -4, -4, -4, -4]"
buntang,-3.2,1.0,"[-3, -4, -4, -2, -4, -2, -3, -4, -2, -4]"
kerugian,-4.0,1.0,"[-4, -4, -4, -4, -4, -4, -4, -4, -4, -4]"
uring-uringan,-4.0,1.0,"[-4, -4, -4, -4, -4, -4, -4, -4, -4, -4]"
gedembai,-3.2,1.0,"[-4, -4, -3, -4, -4, -2, -3, -3, -3, -2]"
dupleks,-2.4,1.0,"[-2, -3, -1, -3, -3, -2, -3, -3, -1, -3]"
rompeng,-3.2,1.0,"[-4, -4, -3, -4, -2, -4, -2, -4, -3, -2]"
menyagang,-2.4,1.0,"[-4, -2, -2, -4, -1, -1, -2, -4, -3, -1]"
benderang,-2.4,1.0,"[-4, -2, -1, -2, -2, -3, -2, -2, -2, -4]"
tenggan,-2.4,1.0,"[-1, -3, -3, -3, -2, -4, -1, -2, -2, -3]"
mencabarkan,-3.2,1.0,"[-3, -3, -2, -4, -3, -2, -4, -4, -3, -4]"
cabar,-3.2,1.0,"[-4, -4, -4, -1, -3, -4, -3, -4, -3, -2]"
celopar,-3.2,1.0,"[-4, -2, -2, -4, -3, -4, -4, -4, -3, -2]"
penyungkit,-2.4,1.0,"[-2, -1, -2, -3, -4, -2, -2, -1, -3, -4]"
pongah,-4.0,1.0,"[-4, -4, -4, -4, -4, -4, -4, -4, -4, -4]"
tarung,-2.4,1.0,"[-2, -2, -3, -3, -4, -3, -2, -2, -2, -1]"
mara,-3.2,1.0,"[-4, -4, -2, -3, -3, -4, -3, -3, -3, -3]"
cabuh,-2.4,1.0,"[-2, -2, -3, -2, -3, 0, -2, -4, -3, -3]"
cupet,-4.0,1.0,"[-4, -4, -4, -4, -4, -4, -4, -4, -4, -4]"
terganjal,-3.2,1.0,"[-2, -3, -3, -2, -2, -4, -4, -4, -4, -4]"
merompak,-4.0,1.0,"[-4, -4, -4, -4, -4, -4, -4, -4, -4, -4]"
konotasi,-2.4,1.0,"[-1, -2, -3, -2, -3, -2, -4, -1, -4, -2]"
keajaiban,-3.2,1.0,"[-4, -1, -3, -4, -2, -4, -4, -3, -3, -4]"
busut,-3.2,1.0,"[-4, -3, -4, -3, -1, -3, -3, -3, -4, -4]"
mangkel,-3.2,1.0,"[-2, -4, -3, -4, -3, -3, -3, -3, -3, -4]"
memacak,-3.2,1.0,"[-4, -2, -2, -4, -4, -2, -2, -4, -4, -4]"
ringan mulut,-3.2,1.0,"[-4, -3, -3, -3, -3, -3, -4, -2, -4, -3]"
main muda,-2.4,1.0,"[-3, -4, -2, -3, -3, -3, -3, -2, 1, -2]"
mengacaukan,-3.2,1.0,"[-3, -4, -3, -2, -4, -4, -2, -4, -4, -2]"
telan,-4.0,1.0,"[-4, -4, -4, -4, -4, -4, -4, -4, -4, -4]"
nyelekit,-3.2,1.0,"[-3, -2, -2, -3, -4, -2, -4, -4, -4, -4]"
balung,-3.2,1.0,"[-4, -4, -3, -4, -4, -3, -4, -2, -1, -3]"
menyelir,-4.0,1.0,"[-4, -4, -4, -4, -4, -4, -4, -4, -4, -4]"
pilon,-2.4,1.0,"[-2, -2, -2, -2, -2, -3, -4, -2, -1, -4]"
gingsir,-2.4,1.0,"[-1, -2, -4, -3, -3, -3, 0, -2, -4, -2]"
lalim,-4.0,1.0,"[-4, -4, -4, -4, -4, -4, -4, -4, -4, -4]"
menyuntik,-2.4,1.0,"[-2, -4, -2, -3, -3, -1, -1, -2, -4, -2]"
takul,-2.4,1.0,"[-2, -2, -4, -1, -2, -2, -3, -3, -3, -2]"
menebalkan,-2.4,1.0,"[-4, -3, -3, -1, -2, 0, -1, -4, -3, -3]"
merana,-3.2,1.0,"[-4, -3, -2, -3, -3, -4, -3, -4, -4, -2]"
bertaki,-2.4,1.0,"[-4, -3, -2, -1, -2, -3, -2, -3, -3, -1]"
bengkak,-3.2,1.0,"[-3, -3, -3, -1, -4, -4, -4, -3, -3, -4]"
pembalut,-2.4,1.0,"[-2, -4, 1, -1, -4, -3, -3, -3, -3, -2]"
duduk perut,-2.4,1.0,"[-1, -2, -1, -3, -2, -3, -3, -2, -3, -4]"
kesahihan,-2.4,1.0,"[-3, -4, -4, -1, -4, 0, -2, 0, -2, -4]"
hantaman,-2.4,1.0,"[-1, -1, -4, -1, -3, -1, -3, -3, -3, -4]"
kaos,-3.2,1.0,"[-3, -4, -3, -3, -2, -4, -4, -3, -3, -3]"
kirai,-2.4,1.0,"[-1, -3, -1, 0, -2, -3, -3, -3, -4, -4]"
lembap,-3.2,1.0,"[-3, -4, -2, -3, -3, -4, -4, -4, -3, -2]"
orbit,-3.2,1.0,"[-3, -4, -2, -3, -4, -2, -3, -3, -4, -4]"
wimana,-3.2,1.0,"[-3, -4, -2, -4, -3, -4, -2, -4, -2, -4]"
peres,-2.4,1.0,"[-4, 0, -3, -3, -2, -4, -1, -1, -3, -3]"
bergontok,-3.2,1.0,"[-2, -4, -4, -3, -1, -3, -3, -4, -4, -4]"
bertransformasi,-2.4,1.0,"[-1, -3, -3, -1, -2, -1, -4, -3, -2, -4]"
kolot,-4.0,1.0,"[-4, -4, -4, -4, -4, -4, -4, -4, -4, -4]"
menyuapi,-2.4,1.0,"[-3, -4, -4, -3, -1, -2, -2, -1, -2, -2]"
pendamai,-2.4,1.0,"[-3, -1, -2, -3, -3, -2, -2, -3, -3, -2]"
merincukan,-3.2,1.0,"[-4, -3, -2, -3, -3, -2, -4, -4, -3, -4]"
balur,-3.2,1.0,"[-2, -4, -4, -4, -4, -2, -3, -2, -4, -3]"
mamang,-3.2,1.0,"[-3, -4, -3, -1, -4, -3, -4, -3, -3, -4]"
menyemangatkan,-2.4,1.0,"[-3, -2, -2, -3, -3, -2, -1, -3, -3, -2]"
tunjuk perasaan,-2.4,1.0,"[-1, -3, -3, -3, -4, -2, -1, -3, -2, -2]"
terpengaruh,-3.2,1.0,"[-3, 0, -4, -4, -4, -3, -3, -3, -4, -4]"
berjarak,-3.2,1.0,"[-4, -3, -4, -3, -4, -3, -3, -3, -3, -2]"
patos,-4.0,1.0,"[-4, -4, -4, -4, -4, -4, -4, -4, -4, -4]"
perkakas,-2.4,1.0,"[-3, -2, -2, -4, -2, -3, -1, -1, -2, -4]"
beralih bentuk,-2.4,1.0,"[-3, -2, -3, -2, -3, -2, -2, -2, -3, -2]"
asfal,-4.0,1.0,"[-4, -4, -4, -4, -4, -4, -4, -4, -4, -4]"
menunukan,-3.2,1.0,"[-3, -4, -3, -3, -3, -4, -2, -3, -4, -3]"
tambak,-2.4,1.0,"[-4, 0, -3, -3, -3, -2, -3, -3, -3, 0]"
berlainan,-3.2,1.0,"[-3, -3, -4, -3, -3, -4, -2, -4, -2, -4]"
mengoyak,-3.2,1.0,"[-3, -2, -4, -4, -4, -2, -1, -4, -4, -4]"
menyiar,-3.2,1.0,"[-2, -3, -3, -3, -4, -4, -2, -4, -3, -4]"
injakan,-2.4,1.0,"[-3, -3, -2, -4, 0, -2, -3, -3, -2, -2]"
hirup,-2.4,1.0,"[0, -3, -2, -3, -3, -3, -1, -4, -3, -2]"
memble,-2.4,1.0,"[-3, -3, -1, -2, -3, -2, -4, -1, -3, -2]"
menyiat,-3.2,1.0,"[-4, -4, -2, -3, -2, -4, -3, -3, -3, -4]"
membonceng,-2.4,1.0,"[-2, -2, -3, -3, -1, -3, -2, -4, -2, -2]"
rucah,-4.0,1.0,"[-4, -4, -4, -4, -4, -4, -4, -4, -4, -4]"
penghisapan,-3.2,1.0,"[-3, -4, -3, -4, -1, -3, -4, -4, -3, -3]"
kasur,-3.2,1.0,"[-4, -4, -1, -2, -4, -3, -4, -4, -3, -3]"
susu,-3.2,1.0,"[-4, -3, -3, -3, -3, -3, -4, -2, -4, -3]"
rombongan,-3.2,1.0,"[-3, -3, -4, -3, -4, -3, -4, -1, -3, -4]"
pencukuran,-3.2,1.0,"[-3, -3, -3, -4, -4, -3, -3, -4, -2, -3]"
menyelusuh,-2.4,1.0,"[-2, -1, -2, -2, -4, -1, -2, -3, -4, -3]"
kekacauan,-3.2,1.0,"[-3, -3, -2, -4, -4, -3, -4, -3, -4, -2]"
menimpuk,-4.0,1.0,"[-4, -4, -4, -4, -4, -4, -4, -4, -4, -4]"
main mata,-4.0,1.0,"[-4, -4, -4, -4, -4, -4, -4, -4, -4, -4]"
dongok,-4.0,1.0,"[-4, -4, -4, -4, -4, -4, -4, -4, -4, -4]"
jorok,-4.0,1.0,"[-4, -4, -4, -4, -4, -4, -4, -4, -4, -4]"
lebu,-2.4,1.0,"[-3, -1, -2, -2, -2, -2, -4, -2, -2, -4]"
kelambanan,-3.2,1.0,"[-3, -2, -3, -3, -4, -3, -2, -4, -4, -4]"
sekongkolan,-3.2,1.0,"[-3, -3, -4, -4, -4, -1, -4, -2, -3, -4]"
antagonisme,-3.2,1.0,"[-2, -3, -3, -4, -3, -4, -4, -3, -2, -4]"
menghindarkan,-3.2,1.0,"[-3, -4, -4, -3, -3, -3, -2, -4, -4, -2]"
bentakan,-4.0,1.0,"[-4, -4, -4, -4, -4, -4, -4, -4, -4, -4]"
becak,-4.0,1.0,"[-4, -4, -4, -4, -4, -4, -4, -4, -4, -4]"
mengkal,-3.2,1.0,"[-4, -4, -3, -4, -2, -3, -4, -4, -2, -2]"
beban,-4.0,1.0,"[-4, -4, -4, -4, -4, -4, -4, -4, -4, -4]"
sekedup,-2.4,1.0,"[-3, -2, -2, -2, -2, -2, -3, -2, -2, -4]"
memperlihatkan,-2.4,1.0,"[-4, -3, -2, -1, -2, -3, -2, -1, -2, -4]"
berserikat,-2.4,1.0,"[-1, -3, -2, -1, -3, -2, -4, -2, -2, -4]"
bertangkap,-2.4,1.0,"[-3, -4, -2, -2, -2, -3, -3, 0, -4, -1]"
ceronggah,-3.2,1.0,"[-3, -2, -3, -3, -2, -4, -4, -4, -4, -3]"
terkait,-2.4,1.0,"[-3, -3, -3, -3, -2, -2, 0, -3, -2, -3]"
cerabih,-3.2,1.0,"[-4, -4, -3, -3, -2, -4, -2, -3, -3, -4]"
anak pinak,-2.4,1.0,"[-1, -2, -2, -2, -1, -4, -3, -2, -3, -4]"
menenggang,-2.4,1.0,"[-4, -1, -1, -2, -4, -1, -1, -3, -4, -3]"
mencoblos,-2.4,1.0,"[-1, -4, -3, -3, -1, -4, -2, -1, -2, -3]"
jompo,-2.4,1.0,"[-2, -2, -3, -2, -1, -3, -4, -3, 0, -4]"
berdekatan,-3.2,1.0,"[-3, -3, -4, -2, -4, -2, -4, -3, -3, -4]"
dendeng,-3.2,1.0,"[-4, -3, -3, -4, -3, -2, -4, -2, -3, -4]"
ira,-2.4,1.0,"[-4, -2, -3, 1, -2, -3, -2, -2, -3, -4]"
gorek api,-3.2,1.0,"[-4, -1, -3, -3, -3, -4, -4, -3, -4, -3]"
safa,-3.2,1.0,"[-2, -2, -3, -3, -3, -3, -4, -4, -4, -4]"
keriuhan,-2.4,1.0,"[-2, -4, -1, -4, -2, -2, -2, -1, -2, -4]"
sembam,-3.2,1.0,"[-2, -4, -3, -2, -3, -4, -4, -3, -3, -4]"
gayung,-3.2,1.0,"[-1, -3, -3, -4, -4, -2, -4, -3, -4, -4]"
isotop,-2.4,1.0,"[-2, -4, -2, -3, -1, -2, -2, -2, -4, -2]"
terselak,-2.4,1.0,"[-2, -3, -3, -2, -3, -2, -4, -2, -2, -1]"
keterkaitan,-2.4,1.0,"[-1, -2, -2, -4, -3, -4, -1, -3, -2, -2]"
membawa berat,-2.4,1.0,"[-1, -2, -1, -3, -3, -3, -1, -4, -3, -3]"
cicik,-3.2,1.0,"[-2, -3, -2, -4, -4, -2, -4, -3, -4, -4]"
henyak,-3.2,1.0,"[-3, -3, -2, -3, -4, -4, -3, -3, -3, -4]"
pertunjukan,-2.4,1.0,"[-4, -3, -4, -2, -2, -1, -1, -1, -3, -3]"
latisan,-3.2,1.0,"[-3, -4, -2, -4, -3, -3, -4, -3, -3, -3]"
tagut,-3.2,1.0,"[-3, -4, -2, -4, -3, -4, -4, -2, -2, -4]"
pengiring,-2.4,1.0,"[-2, -2, -3, -2, -4, -4, -2, -2, -1, -2]"
bebas,-3.2,1.0,"[-3, -4, -3, -3, -3, -4, -1, -4, -4, -3]"
pemberitahuan,-2.4,1.0,"[-2, -4, -2, -1, -3, -2, -3, -2, -3, -2]"
mungkar,-3.2,1.0,"[-4, -3, -4, -3, -3, -4, -3, -2, -3, -3]"
menjejak,-3.2,1.0,"[-4, -3, -4, -4, -2, -4, -3, -2, -4, -2]"
serawak,-2.4,1.0,"[-3, -1, -2, -3, -2, -3, 0, -2, -4, -4]"
bergurau,-3.2,1.0,"[-4, -3, -3, -2, -3, -2, -4, -3, -4, -4]"
cuka jawa,-4.0,1.0,"[-4, -4, -4, -4, -4, -4, -4, -4, -4, -4]"
pemarah,-3.2,1.0,"[-4, -3, -3, -3, -4, -3, -2, -4, -3, -3]"
pegari,-2.4,1.0,"[-3, -2, -4, -1, -3, 0, -3, -2, -3, -3]"
bulevar,-3.2,1.0,"[-2, -3, -4, -4, -3, -4, -4, -1, -4, -3]"
kesendirian,-3.2,1.0,"[-3, -3, -1, -4, -3, -4, -3, -4, -4, -3]"
indusemen,-2.4,1.0,"[-2, -3, -4, -3, -3, -2, -4, -1, -2, 0]"
kacuk,-3.2,1.0,"[-4, -1, -2, -4, -2, -4, -4, -4, -4, -3]"
mencicik,-4.0,1.0,"[-4, -4, -4, -4, -4, -4, -4, -4, -4, -4]"
berkawanan,-3.2,1.0,"[-3, -4, -4, -2, -3, -4, -4, -3, -3, -2]"
jurik,-3.2,1.0,"[-1, -2, -4, -4, -4, -4, -3, -4, -3, -3]"
leta,-4.0,1.0,"[-4, -4, -4, -4, -4, -4, -4, -4, -4, -4]"
berangai,-4.0,1.0,"[-4, -4, -4, -4, -4, -4, -4, -4, -4, -4]"
obrolan,-3.2,1.0,"[-4, -3, -3, -3, -2, -4, -4, -4, -3, -2]"
cacing tanah,-3.2,1.0,"[-3, -2, -2, -3, -4, -4, -4, -3, -3, -4]"
persetubuhan,-2.4,1.0,"[-2, -2, -2, 0, -4, -3, -2, -3, -2, -4]"
asor,-4.0,1.0,"[-4, -4, -4, -4, -4, -4, -4, -4, -4, -4]"
mendengung,-3.2,1.0,"[-4, -3, -4, -3, -2, -4, -3, -2, -4, -3]"
teraduk,-2.4,1.0,"[-3, -1, -1, -2, -3, -3, -3, -2, -4, -2]"
sebit,-3.2,1.0,"[-4, -4, -4, -1, -3, -2, -3, -4, -3, -4]"
basmi,-4.0,1.0,"[-4, -4, -4, -4, -4, -4, -4, -4, -4, -4]"
parau,-3.2,1.0,"[-4, -4, -3, -4, -2, -1, -4, -3, -3, -4]"
menumpang,-2.4,1.0,"[-2, -2, -2, -4, -4, -4, -1, -2, -1, -2]"
ketulahan,-3.2,1.0,"[-1, -4, -4, -3, -4, -3, -4, -3, -2, -4]"
aswad,-3.2,1.0,"[-2, -2, -2, -3, -4, -3, -4, -4, -4, -4]"
menjelma,-2.4,1.0,"[-3, -4, -1, -2, -2, -3, 0, -4, -3, -2]"
terlampau,-4.0,1.0,"[-4, -4, -4, -4, -4, -4, -4, -4, -4, -4]"
membuktikan,-3.2,1.0,"[-3, -2, -2, -3, -4, -4, -4, -4, -3, -3]"
berputar-putar,-3.2,1.0,"[-4, -3, -2, -4, -4, -4, -2, -4, -3, -2]"
tipeks,-2.4,1.0,"[-3, -3, 0, -3, -4, -2, -2, -1, -2, -4]"
singkat,-2.4,1.0,"[-1, -3, -3, -4, -2, -2, -3, -3, -1, -2]"
mengapkir,-3.2,1.0,"[-4, -3, -4, -4, -3, -2, -2, -4, -2, -4]"
gonjak,-4.0,1.0,"[-4, -4, -4, -4, -4, -4, -4, -4, -4, -4]"
berat kepala,-4.0,1.0,"[-4, -4, -4, -4, -4, -4, -4, -4, -4, -4]"
dari,-2.4,1.0,"[-2, -3, -4, -1, -2, -4, -1, -3, -3, -1]"
berdebat,-4.0,1.0,"[-4, -4, -4, -4, -4, -4, -4, -4, -4, -4]"
gontok,-3.2,1.0,"[-2, -3, -4, -3, -3, -4, -3, -4, -2, -4]"
membelai,-3.2,1.0,"[-4, -4, -4, -3, -2, -4, -2, -2, -3, -4]"
mikro,-2.4,1.0,"[-2, -3, -3, -2, -2, -3, -2, -1, -2, -4]"
menggemaskan,-4.0,1.0,"[-4, -4, -4, -4, -4, -4, -4, -4, -4, -4]"
menyembulkan,-2.4,1.0,"[-3, -1, -3, -1, -1, -3, -3, -3, -4, -2]"
tobak,-2.4,1.0,"[-4, -4, -3, -1, -1, -2, -2, -2, -3, -2]"
ampela,-4.0,1.0,"[-4, -4, -4, -4, -4, -4, -4, -4, -4, -4]"
menyembam,-3.2,1.0,"[-4, -2, -4, -3, -4, -3, -4, -3, -4, -1]"
menggentarkan,-3.2,1.0,"[-4, -4, -3, -2, -1, -4, -3, -4, -3, -4]"
gombong,-2.4,1.0,"[-2, -3, -2, -3, -2, -3, -3, -1, -2, -3]"
pol,-2.4,1.0,"[-4, -2, -1, -2, -3, -3, -2, -2, -2, -3]"
kopyor,-3.2,1.0,"[-4, -4, -4, -4, -2, -4, -4, -2, -3, -1]"
sementara,-3.2,1.0,"[-4, -4, -3, -3, -4, -4, -4, -1, -2, -3]"
bersipongang,-2.4,1.0,"[-3, -1, -3, -2, -4, -2, -3, -1, -2, -3]"
mencabau,-3.2,1.0,"[-4, -4, -4, -3, -3, -2, -4, -1, -3, -4]"
tolol,-4.0,1.0,"[-4, -4, -4, -4, -4, -4, -4, -4, -4, -4]"
taji,-3.2,1.0,"[-2, -4, -4, -3, -3, -3, -4, -3, -3, -3]"
musibah,-4.0,1.0,"[-4, -4, -4, -4, -4, -4, -4, -4, -4, -4]"
bergembung,-2.4,1.0,"[-2, -2, -1, 0, -4, -3, -2, -3, -4, -3]"
gemuk,-2.4,1.0,"[-3, -3, -4, -2, -2, -1, -3, -3, -1, -2]"
lombong,-2.4,1.0,"[-3, -3, -3, -1, -3, -2, -2, -2, -3, -2]"
gundukan,-3.2,1.0,"[-2, -3, -3, -4, -3, -3, -4, -2, -4, -4]"
menyulut,-3.2,1.0,"[-3, -3, -4, -4, -3, -3, -2, -3, -3, -4]"
cetek,-2.4,1.0,"[-4, -2, -3, -1, -4, -3, -2, -1, -1, -3]"
berganduh,-2.4,1.0,"[-2, -3, -4, -1, -3, -1, -3, -2, -3, -2]"
mengabulkan,-2.4,1.0,"[-4, -1, -3, -4, -1, -2, -2, -4, 0, -3]"
naas,-4.0,1.0,"[-4, -4, -4, -4, -4, -4, -4, -4, -4, -4]"
mencengkau,-3.2,1.0,"[-4, -3, -4, -1, -4, -3, -4, -4, -2, -3]"
beranak bercucu,-2.4,1.0,"[-3, -2, 0, -4, -2, -1, -4, -2, -3, -3]"
mengacak,-3.2,1.0,"[-2, -2, -4, -2, -4, -4, -4, -4, -4, -2]"
sembunyi-sembunyi,-3.2,1.0,"[-4, -4, -4, -4, -1, -4, 1, -4, -4, -4]"
bersepai,-4.0,1.0,"[-4, -4, -4, -4, -4, -4, -4, -4, -4, -4]"
manipulator,-3.2,1.0,"[-4, -3, -3, -4, -2, -4, -3, -2, -4, -3]"
berantara,-2.4,1.0,"[-4, -2, -2, -1, -2, -2, -1, -3, -4, -3]"
cekok,-2.4,1.0,"[-3, -1, -2, -1, -3, -4, -2, -3, -3, -2]"
bercaran,-3.2,1.0,"[-2, -3, -4, -4, -2, -3, -4, -4, -4, -2]"
leburan,-2.4,1.0,"[-1, -2, -2, -4, -3, -2, -2, -2, -3, -3]"
kembar,-2.4,1.0,"[-2, -2, -2, -1, -3, -3, -3, -3, -3, -2]"
cabau,-2.4,1.0,"[-3, -3, -2, -2, -3, -3, -1, -2, -2, -3]"
divergensi,-3.2,1.0,"[-3, -4, -3, -3, -4, -2, -2, -4, -4, -3]"
rombeng,-2.4,1.0,"[-4, -2, -2, -1, -3, -1, -3, -4, -1, -3]"
redik,-4.0,1.0,"[-4, -4, -4, -4, -4, -4, -4, -4, -4, -4]"
bongok,-2.4,1.0,"[-2, -4, -3, -2, -3, -2, -1, -3, -4, 0]"
berus,-3.2,1.0,"[-3, -4, -3, -4, -2, -1, -4, -4, -4, -3]"
sentuk,-3.2,1.0,"[-2, -4, -3, -4, -4, -3, -3, -2, -4, -3]"
menginjak,-2.4,1.0,"[-3, -4, -1, -3, -2, -3, -2, -3, -1, -2]"
bersilih,-2.4,1.0,"[-3, -3, -2, -1, -3, -3, -2, -3, -2, -2]"
meresahkan,-3.2,1.0,"[-4, -4, -2, -2, -4, -4, -4, -3, -1, -4]"
gelatak,-3.2,1.0,"[-2, -4, -3, -3, -4, -3, -2, -4, -3, -4]"
instansi,-2.4,1.0,"[-2, -3, -1, -3, -3, -3, -2, -1, -3, -3]"
kerik,-2.4,1.0,"[-2, -2, -2, -2, -1, -2, -4, -4, -3, -2]"
sempit,-3.2,1.0,"[-3, -2, -4, -4, -4, -2, -3, -4, -3, -3]"
jolak,-2.4,1.0,"[-4, -2, -2, -2, -3, -2, -2, -3, -3, -1]"
bersokom,-3.2,1.0,"[-4, -4, -4, 0, -4, -3, -4, -2, -3, -4]"
menghinggapi,-2.4,1.0,"[0, -3, -2, -3, -3, -4, -3, -1, -3, -2]"
ogah-ogahan,-3.2,1.0,"[-4, -1, -4, -3, -3, -4, -4, -4, -4, -1]"
drama,-3.2,1.0,"[-4, -3, -2, -4, -4, -3, -3, -3, -4, -2]"
kenes,-2.4,1.0,"[-2, -1, -1, -3, -3, -3, -3, -3, -2, -3]"
tepu,-2.4,1.0,"[-2, -1, -2, -3, -2, -2, -3, -4, -2, -3]"
usang,-4.0,1.0,"[-4, -4, -4, -4, -4, -4, -4, -4, -4, -4]"
terpaku,-2.4,1.0,"[-4, -2, -1, -1, -3, -3, -4, -2, -2, -2]"
tarak,-2.4,1.0,"[-3, -3, -1, -2, -2, -2, -3, -2, -3, -3]"
opium,-2.4,1.0,"[-2, -3, -3, -2, -3, -2, -2, -3, -2, -2]"
kolam,-2.4,1.0,"[-2, -3, -2, -2, -3, -3, -2, -3, -3, -1]"
menggigis,-3.2,1.0,"[-3, -4, -2, -4, -3, -4, -4, -2, -3, -3]"
selerang,-4.0,1.0,"[-4, -4, -4, -4, -4, -4, -4, -4, -4, -4]"
berat tulang,-3.2,1.0,"[-4, -4, -4, -2, -4, -4, -3, -3, -2, -2]"
tumor,-3.2,1.0,"[-2, -4, -3, -4, -4, -4, -2, -2, -3, -4]"
kemurkaan,-4.0,1.0,"[-4, -4, -4, -4, -4, -4, -4, -4, -4, -4]"
acu,-3.2,1.0,"[-4, -3, -4, -2, -2, -4, -4, -3, -3, -3]"
seberang,-2.4,1.0,"[-4, -2, -2, -4, -2, -1, 0, -3, -3, -3]"
tepi,-3.2,1.0,"[-4, -4, -3, -4, -2, -2, -3, -4, -3, -3]"
memusuhi,-4.0,1.0,"[-4, -4, -4, -4, -4, -4, -4, -4, -4, -4]"
jilatan,-2.4,1.0,"[-2, -1, -2, -2, -2, -3, -4, -2, -3, -3]"
bersangkal,-4.0,1.0,"[-4, -4, -4, -4, -4, -4, -4, -4, -4, -4]"
ikut-ikutan,-2.4,1.0,"[-3, -3, -3, -1, -4, -4, -1, -3, -1, -1]"
penjuru,-2.4,1.0,"[-3, 0, 0, -4, -4, -2, -3, -3, -2, -3]"
gedor,-3.2,1.0,"[-4, -2, -3, -3, -4, -3, -4, -4, -3, -2]"
waham,-2.4,1.0,"[-2, -2, -2, -2, -3, -3, -2, -2, -4, -2]"
bertelinga lembut,-2.4,1.0,"[-2, -4, -2, 1, -3, -3, -2, -4, -3, -2]"
merayah,-4.0,1.0,"[-4, -4, -4, -4, -4, -4, -4, -4, -4, -4]"
denai,-3.2,1.0,"[-4, -3, -2, -4, -3, -4, -3, -3, -3, -3]"
farak,-2.4,1.0,"[-3, -2, -2, -1, -3, -3, -2, -3, -1, -4]"
salah tingkah,-3.2,1.0,"[-2, -3, -3, -3, -3, -3, -3, -4, -4, -4]"
garu,-3.2,1.0,"[-4, -2, -4, -3, -4, -4, -2, -3, -3, -3]"
langsai,-2.4,1.0,"[-2, -3, -1, -3, -2, -4, -2, -4, 0, -3]"
mengganas,-3.2,1.0,"[-3, -3, -4, -3, -3, -3, -3, -4, -2, -4]"
menanggang,-4.0,1.0,"[-4, -4, -4, -4, -4, -4, -4, -4, -4, -4]"
kurang adat,-4.0,1.0,"[-4, -4, -4, -4, -4, -4, -4, -4, -4, -4]"
bruto,-2.4,1.0,"[-1, -3, -3, -2, -2, -2, -2, -3, -2, -4]"
celuk,-2.4,1.0,"[-3, -2, -2, -3, -4, -3, -2, -3, -1, -1]"
baskom,-3.2,1.0,"[-4, -2, -3, -2, -4, -3, -3, -3, -4, -4]"
menyurihkan percakapan,-4.0,1.0,"[-4, -4, -4, -4, -4, -4, -4, -4, -4, -4]"
merincis,-3.2,1.0,"[-2, -4, -4, -2, -4, -2, -4, -4, -4, -2]"
berapit,-3.2,1.0,"[-2, -4, -4, -3, -4, -4, -2, -4, -2, -3]"
tatak,-3.2,1.0,"[-2, -4, -3, -3, -3, -4, -4, -2, -3, -4]"
liang,-2.4,1.0,"[-3, -2, -4, -2, -1, -4, -1, -3, -2, -2]"
biarawati,-2.4,1.0,"[-3, -2, -1, -4, -2, -2, -3, -2, -2, -3]"
condong,-4.0,1.0,"[-4, -4, -4, -4, -4, -4, -4, -4, -4, -4]"
kotoran,-4.0,1.0,"[-4, -4, -4, -4, -4, -4, -4, -4, -4, -4]"
mairat,-4.0,1.0,"[-4, -4, -4, -4, -4, -4, -4, -4, -4, -4]"
apit,-2.4,1.0,"[-3, -3, -3, -4, -3, -2, -2, -3, -1, 0]"
bertimbang,-2.4,1.0,"[-2, -1, -3, -2, -3, -2, -3, -2, -3, -3]"
sarit,-3.2,1.0,"[-3, -4, -3, -4, -3, -4, -4, -1, -4, -2]"
tak bernyawa,-4.0,1.0,"[-4, -4, -4, -4, -4, -4, -4, -4, -4, -4]"
kotor,-4.0,1.0,"[-4, -4, -4, -4, -4, -4, -4, -4, -4, -4]"
menggeret,-2.4,1.0,"[-3, -1, -1, -2, -3, -3, -4, -3, -1, -3]"
menyenggau,-3.2,1.0,"[-3, -4, -2, -4, -2, -4, -4, -2, -3, -4]"
menyenggak,-4.0,1.0,"[-4, -4, -4, -4, -4, -4, -4, -4, -4, -4]"
kacip,-2.4,1.0,"[-3, -1, -1, -3, -2, -3, -4, -3, -2, -2]"
seksualitas,-4.0,1.0,"[-4, -4, -4, -4, -4, -4, -4, -4, -4, -4]"
juz,-3.2,1.0,"[-2, -4, -3, -3, -3, -4, -4, -4, -3, -2]"
sarik,-2.4,1.0,"[-3, -3, -3, -3, -2, -2, -1, -3, -1, -3]"
membayar,-2.4,1.0,"[0, -1, -3, -2, -4, -4, -4, -2, -2, -2]"
tersia-sia,-2.4,1.0,"[-1, -4, -3, -2, -3, -3, -2, -2, -1, -3]"
mengobarkan,-3.2,1.0,"[-1, -3, -4, -3, -4, -4, -4, -3, -2, -4]"
cena,-2.4,1.0,"[-3, -2, 0, -2, -3, -3, -4, -3, -3, -1]"
pendusta,-3.2,1.0,"[-4, -4, -4, 0, -4, -2, -4, -3, -3, -4]"
terberak,-4.0,1.0,"[-4, -4, -4, -4, -4, -4, -4, -4, -4, -4]"
ketahuan,-4.0,1.0,"[-4, -4, -4, -4, -4, -4, -4, -4, -4, -4]"
mencuca,-4.0,1.0,"[-4, -4, -4, -4, -4, -4, -4, -4, -4, -4]"
antap,-4.0,1.0,"[-4, -4, -4, -4, -4, -4, -4, -4, -4, -4]"
menikam,-3.2,1.0,"[-3, -4, -3, -4, -3, -3, -3, -2, -3, -4]"
embek,-2.4,1.0,"[-4, -1, -1, -3, -2, -3, -3, -2, -2, -3]"
rongga,-2.4,1.0,"[-3, -1, -4, -1, -3, -2, -2, -3, -3, -2]"
landasan (pesawat udara),-3.2,1.0,"[-4, -2, -2, -3, -4, -4, -2, -4, -4, -3]"
berlarat-larat,-3.2,1.0,"[-4, -3, -2, -3, -4, -2, -4, -2, -4, -4]"
menidurkan,-3.2,1.0,"[-3, -4, -3, -4, -3, -3, -3, -3, -3, -3]"
bidai,-3.2,1.0,"[-2, -3, -2, -4, -3, -4, -4, -3, -4, -3]"
konkurensi,-3.2,1.0,"[-3, -3, -3, -4, -4, -2, -4, -3, -3, -3]"
bersanding,-4.0,1.0,"[-4, -4, -4, -4, -4, -4, -4, -4, -4, -4]"
mengerjakan,-3.2,1.0,"[-2, -3, -4, -4, -4, -3, -4, -3, -2, -3]"
delegasi,-3.2,1.0,"[-4, -1, -4, -2, -4, -3, -3, -3, -4, -4]"
mengisbatkan,-2.4,1.0,"[-1, -2, -4, -2, -2, -2, -2, -2, -4, -3]"
tinja,-4.0,1.0,"[-4, -4, -4, -4, -4, -4, -4, -4, -4, -4]"
pengar,-3.2,1.0,"[-3, -3, -4, -2, -3, -4, -3, -3, -4, -3]"
ikan kena tuba,-3.2,1.0,"[-2, -3, -4, -3, -3, -4, -4, -3, -3, -3]"
ceriwis,-3.2,1.0,"[-3, -3, -4, -4, -4, -2, -3, -2, -4, -3]"
kutut,-2.4,1.0,"[-2, -4, -3, -3, -1, -3, -2, -2, -1, -3]"
genjang,-3.2,1.0,"[-3, -2, -2, -4, -3, -4, -4, -3, -4, -3]"
asal usul,-3.2,1.0,"[-3, -2, -4, -3, -4, -3, -3, -4, -4, -2]"
filo,-2.4,1.0,"[-2, -3, -1, -2, -3, -3, -2, -3, -3, -2]"
pergesekan,-3.2,1.0,"[-4, -4, -3, -2, -3, -4, -3, -2, -3, -4]"
berbabil,-3.2,1.0,"[-2, -4, -2, -4, -3, -4, -4, -4, -2, -3]"
menghapus,-3.2,1.0,"[-4, -2, -4, -3, -3, -3, -4, -3, -4, -2]"
pemupusan,-2.4,1.0,"[-3, -2, -2, -2, -3, -2, -2, -4, -2, -2]"
jajal,-3.2,1.0,"[-4, -2, -1, -3, -4, -4, -4, -4, -2, -4]"
abolisi,-2.4,1.0,"[-3, -1, -3, -3, -3, -3, -2, -3, -1, -2]"
kawula,-2.4,1.0,"[-3, -2, 0, -2, -4, -3, -2, -4, -1, -3]"
compes,-3.2,1.0,"[-4, -1, -3, -4, -4, -4, -3, -3, -4, -2]"
kelipar,-3.2,1.0,"[-3, -4, -3, -2, -2, -4, -4, -4, -3, -3]"
jerepet,-2.4,1.0,"[-4, -1, -2, -3, -2, -3, -4, -1, -1, -3]"
menghunjam,-3.2,1.0,"[-1, -3, -4, -3, -3, -4, -4, -4, -2, -4]"
peletan,-2.4,1.0,"[-2, -2, -2, -3, -1, -2, -4, -4, -2, -2]"
aparatus,-2.4,1.0,"[-4, -2, -1, -3, -2, -1, -4, -3, -3, -1]"
gembel,-4.0,1.0,"[-4, -4, -4, -4, -4, -4, -4, -4, -4, -4]"
menyungguhkan,-2.4,1.0,"[-3, -2, -3, -3, -3, -4, -1, -3, -2, 0]"
menagih,-2.4,1.0,"[-3, -3, -4, -2, -2, -3, 0, -3, -2, -2]"
kacangan,-3.2,1.0,"[-4, -2, -4, -4, -3, -2, -3, -3, -3, -4]"
lengah,-3.2,1.0,"[-4, -4, -2, -3, -4, -1, -3, -4, -4, -3]"
berjauh hati,-2.4,1.0,"[-4, -3, -3, -1, -4, -2, -1, -3, -2, -1]"
conteng,-2.4,1.0,"[-3, -1, -3, -1, -3, -3, -3, -4, -2, -1]"
tertumbuk akal,-4.0,1.0,"[-4, -4, -4, -4, -4, -4, -4, -4, -4, -4]"
lengas,-3.2,1.0,"[-3, -4, -4, -2, -3, -2, -3, -4, -4, -3]"
terlepas,-4.0,1.0,"[-4, -4, -4, -4, -4, -4, -4, -4, -4, -4]"
gurauan,-3.2,1.0,"[-3, -4, -2, -4, -4, -3, -4, -3, -3, -2]"
kharab,-4.0,1.0,"[-4, -4, -4, -4, -4, -4, -4, -4, -4, -4]"
keputusasaan,-4.0,1.0,"[-4, -4, -4, -4, -4, -4, -4, -4, -4, -4]"
palat,-4.0,1.0,"[-4, -4, -4, -4, -4, -4, -4, -4, -4, -4]"
validitas,-2.4,1.0,"[-3, -3, -1, -3, -2, -3, -3, -1, -4, -1]"
penyinaran,-2.4,1.0,"[-4, -4, -2, -3, 0, -2, 0, -3, -3, -3]"
menyabak,-4.0,1.0,"[-4, -4, -4, -4, -4, -4, -4, -4, -4, -4]"
feses,-4.0,1.0,"[-4, -4, -4, -4, -4, -4, -4, -4, -4, -4]"
gebok,-2.4,1.0,"[-3, -3, -2, -2, -4, -2, -2, -2, -2, -2]"
teles,-3.2,1.0,"[-3, -4, -1, -4, -3, -4, -3, -3, -3, -4]"
palolo,-3.2,1.0,"[-2, -1, -4, -4, -4, -4, -3, -4, -2, -4]"
liang jimak,-3.2,1.0,"[-2, -4, -3, -4, -4, -3, -2, -4, -2, -4]"
tertutup,-4.0,1.0,"[-4, -4, -4, -4, -4, -4, -4, -4, -4, -4]"
menyetor,-2.4,1.0,"[-2, -3, -2, -4, -3, -2, -3, -1, -1, -3]"
bunduk,-2.4,1.0,"[-3, -2, -3, -3, -3, -3, 0, -3, -2, -2]"
kebodohan,-2.4,1.0,"[-3, -3, -3, -2, -1, -1, -4, -3, -2, -2]"
potel,-4.0,1.0,"[-4, -4, -4, -4, -4, -4, -4, -4, -4, -4]"
bendu,-3.2,1.0,"[-2, -4, -3, -4, -4, -3, -3, -2, -3, -4]"
banat,-3.2,1.0,"[-3, -3, -3, -2, -3, -4, -4, -2, -4, -4]"
usrek,-4.0,1.0,"[-4, -4, -4, -4, -4, -4, -4, -4, -4, -4]"
mengejikan,-2.4,1.0,"[-3, -2, -3, -3, -1, -1, -2, -4, -2, -3]"
serindai,-4.0,1.0,"[-4, -4, -4, -4, -4, -4, -4, -4, -4, -4]"
memfatwakan,-2.4,1.0,"[-2, -4, -2, -3, -1, -1, -1, -3, -3, -4]"
bersebelahan,-3.2,1.0,"[-4, -4, -4, -2, -4, -3, -3, -2, -4, -2]"
terlangkaui,-4.0,1.0,"[-4, -4, -4, -4, -4, -4, -4, -4, -4, -4]"
gembrot,-2.4,1.0,"[-1, -4, -3, -1, -3, -2, -4, -1, -3, -2]"
petanda,-2.4,1.0,"[-2, -2, -3, -4, 1, -2, -3, -3, -2, -4]"
sistematik,-2.4,1.0,"[-2, -3, -3, -4, -1, -2, -1, -2, -2, -4]"
cekluk,-3.2,1.0,"[-3, -3, -2, -4, -3, -2, -4, -4, -4, -3]"
tensi,-3.2,1.0,"[-4, -3, -4, -3, -3, -3, -4, -2, -4, -2]"
suni,-3.2,1.0,"[-3, -3, -4, -4, -3, -4, -2, -3, -3, -3]"
sama sekali,-2.4,1.0,"[-3, -3, -1, -3, -3, -3, -2, -3, 0, -3]"
sistematis,-2.4,1.0,"[-3, -2, -3, -4, -1, -2, -3, -2, -1, -3]"
berlepasan,-2.4,1.0,"[-3, -1, -3, -3, -3, -4, -1, -2, -2, -2]"
takaran,-4.0,1.0,"[-4, -4, -4, -4, -4, -4, -4, -4, -4, -4]"
osteoporosis,-4.0,1.0,"[-4, -4, -4, -4, -4, -4, -4, -4, -4, -4]"
ajang,-2.4,1.0,"[0, -1, -3, -4, -3, -4, -2, -1, -2, -4]"
geret,-2.4,1.0,"[-2, -3, -2, -1, -1, -1, -3, -3, -4, -4]"
hakam,-2.4,1.0,"[-4, -1, -4, -1, -2, -2, -2, -2, -4, -2]"
terjengkang,-4.0,1.0,"[-4, -4, -4, -4, -4, -4, -4, -4, -4, -4]"
kerising,-3.2,1.0,"[-2, -3, -4, -3, -4, -3, -4, -2, -3, -4]"
penurunan,-4.0,1.0,"[-4, -4, -4, -4, -4, -4, -4, -4, -4, -4]"
kalang-kabut,-3.2,1.0,"[-4, -4, -2, -2, -4, -3, -4, -3, -4, -2]"
urita,-2.4,1.0,"[-4, -3, -3, -1, -1, -2, -2, -3, -2, -3]"
perkawinan,-2.4,1.0,"[0, -3, -3, -2, -4, -2, -2, -3, -4, -1]"
pelerai,-2.4,1.0,"[-1, -4, -2, -3, -4, -4, -2, -2, -1, -1]"
geletik,-2.4,1.0,"[-4, -2, -3, -3, 0, -4, -1, -1, -2, -4]"
congek,-2.4,1.0,"[-4, -2, -1, -2, -2, -1, -3, -2, -3, -4]"
gosok,-4.0,1.0,"[-4, -4, -4, -4, -4, -4, -4, -4, -4, -4]"
pengangkutan,-4.0,1.0,"[-4, -4, -4, -4, -4, -4, -4, -4, -4, -4]"
ketus,-3.2,1.0,"[-2, -4, -3, -3, -3, -3, -4, -4, -3, -3]"
solek,-3.2,1.0,"[-4, -3, -3, -1, -4, -3, -4, -3, -3, -4]"
senyur,-3.2,1.0,"[-3, -4, -4, -4, -4, -2, -3, -3, -3, -2]"
berdakwa,-3.2,1.0,"[-3, -4, -4, -1, -4, -3, -4, -2, -4, -3]"
tersirep,-2.4,1.0,"[-1, -4, -2, -4, -3, -2, -3, -2, -2, -1]"
bunga hati,-2.4,1.0,"[0, -3, -2, -3, -4, -3, -3, -3, -1, -2]"
menusuk-nusuk,-3.2,1.0,"[-1, -3, -4, -4, -4, -4, -4, -4, -2, -2]"
memekik,-2.4,1.0,"[-2, -3, -2, -1, -2, -1, -2, -3, -4, -4]"
tumpasan,-4.0,1.0,"[-4, -4, -4, -4, -4, -4, -4, -4, -4, -4]"
susur tangan,-2.4,1.0,"[-3, -3, -2, -4, -2, -2, -1, -4, -2, -1]"
safinah,-2.4,1.0,"[-1, -1, -2, -3, -3, -2, -3, -3, -3, -3]"
robek,-2.4,1.0,"[-1, -3, -4, -4, -2, -1, -3, -2, -2, -2]"
aplikasi,-3.2,1.0,"[-4, -3, -2, -3, -4, -3, -4, -4, -2, -3]"
mustaka,-2.4,1.0,"[-3, -3, -2, -2, -3, -1, -4, -4, -1, -1]"
menunggu,-2.4,1.0,"[-2, -3, -1, -2, -3, -3, -3, 0, -3, -4]"
ketul,-2.4,1.0,"[-3, -1, -2, -4, -2, -1, -3, -3, -2, -3]"
tercantol,-2.4,1.0,"[-2, -3, -1, -2, -1, -4, -3, -2, -2, -4]"
menginsinuasi,-3.2,1.0,"[-3, -4, -4, -4, -3, -2, -2, -4, -4, -2]"
menerima kenyataan,-3.2,1.0,"[-4, -3, -3, -2, -3, -4, -2, -4, -3, -4]"
tempat,-2.4,1.0,"[-4, -3, -2, -2, -2, -2, -4, -2, -1, -2]"
korupsi,-3.2,1.0,"[-4, -2, -3, -3, -3, -3, -3, -4, -3, -4]"
mengolet,-2.4,1.0,"[-1, -3, -2, -3, -1, -4, -1, -4, -1, -4]"
penurut,-2.4,1.0,"[0, -4, -1, -3, -1, -4, -3, -3, -2, -3]"
jengkel,-3.2,1.0,"[-4, -3, -4, -3, -3, -2, -3, -4, -4, -2]"
berteman,-2.4,1.0,"[-2, -1, -2, -1, -4, -2, -3, -2, -4, -3]"
menggelup,-3.2,1.0,"[-2, -3, -4, -3, -4, -3, -2, -4, -3, -4]"
resah,-4.0,1.0,"[-4, -4, -4, -4, -4, -4, -4, -4, -4, -4]"
terlalah,-4.0,1.0,"[-4, -4, -4, -4, -4, -4, -4, -4, -4, -4]"
belati,-3.2,1.0,"[-3, -3, -3, -4, -3, -3, -4, -3, -2, -4]"
lahang,-2.4,1.0,"[-2, -3, -1, -4, -1, -3, 0, -4, -3, -3]"
laur,-3.2,1.0,"[-2, -3, -4, -3, -4, -2, -3, -3, -4, -4]"
caplak,-3.2,1.0,"[-1, -4, -3, -4, -2, -3, -4, -4, -4, -3]"
anak,-2.4,1.0,"[-1, -4, -4, -2, -2, -1, -3, -3, -2, -2]"
gang,-3.2,1.0,"[-2, -4, -4, -4, -3, -3, -3, -3, -3, -3]"
bertelanjang,-2.4,1.0,"[-3, -2, -2, -2, -3, -4, -3, -2, -1, -2]"
ocehan,-3.2,1.0,"[-2, -3, -4, -2, -4, -4, -3, -3, -4, -3]"
angguran,-3.2,1.0,"[-4, -2, -3, -4, -4, -3, -3, -2, -3, -4]"
puputan,-2.4,1.0,"[-3, -3, -2, -2, -2, -3, -1, -4, -1, -3]"
terbuka (mata),-2.4,1.0,"[-4, -2, -1, -3, -1, -3, -2, -3, -2, -3]"
kiamat,-2.4,1.0,"[-3, -3, -1, -3, -1, -3, -2, -4, -1, -3]"
menyanggah,-3.2,1.0,"[-4, -3, -4, -2, -4, -4, -2, -2, -4, -3]"
menendang,-4.0,1.0,"[-4, -4, -4, -4, -4, -4, -4, -4, -4, -4]"
menginterupsi,-4.0,1.0,"[-4, -4, -4, -4, -4, -4, -4, -4, -4, -4]"
merunjang,-2.4,1.0,"[-4, -2, -2, -2, -2, -2, -4, -3, -1, -2]"
berserakan,-4.0,1.0,"[-4, -4, -4, -4, -4, -4, -4, -4, -4, -4]"
jerat semata,-2.4,1.0,"[-2, -3, -3, -2, -1, -3, -4, -1, -2, -3]"
eklektis,-2.4,1.0,"[-2, -1, -2, -3, -4, -4, -1, -3, -2, -2]"
pengantara,-2.4,1.0,"[-4, -3, -3, -2, -2, -2, -2, -2, -2, -2]"
menerpa,-2.4,1.0,"[-4, -1, 1, -4, -3, -3, -3, -2, -2, -3]"
mencura,-4.0,1.0,"[-4, -4, -4, -4, -4, -4, -4, -4, -4, -4]"
menyerahkan jiwa raga,-3.2,1.0,"[-4, -3, -4, -2, -4, -1, -4, -4, -4, -2]"
menganeksasi,-4.0,1.0,"[-4, -4, -4, -4, -4, -4, -4, -4, -4, -4]"
sun,-2.4,1.0,"[-3, -2, -3, -3, -4, -3, -2, 1, -4, -1]"
mempertimbangkan,-2.4,1.0,"[-3, -3, -1, -2, -4, -2, -4, -2, -2, -1]"
naik darah,-3.2,1.0,"[-4, -2, -4, -3, -4, -4, -3, -4, -3, -1]"
sember,-3.2,1.0,"[-1, -4, -2, -4, -3, -3, -4, -3, -4, -4]"
percabangan,-3.2,1.0,"[-3, -4, -2, -4, -3, -4, -4, -2, -4, -2]"
menambak,-4.0,1.0,"[-4, -4, -4, -4, -4, -4, -4, -4, -4, -4]"
pencemaran,-3.2,1.0,"[-4, -3, -2, -3, -3, -4, -4, -2, -4, -3]"
jeput,-2.4,1.0,"[-1, -1, -1, -3, -4, -4, -2, -3, -2, -3]"
mengedrop,-3.2,1.0,"[-3, -4, -4, -4, -3, -4, -2, -2, -3, -3]"
mangut,-3.2,1.0,"[-3, -2, -4, -4, -4, -4, -2, -4, -4, -1]"
sorangan,-2.4,1.0,"[-1, -2, -3, -4, -3, 0, -4, -2, -3, -2]"
spion,-2.4,1.0,"[-3, -2, -3, -3, -2, -4, -1, -2, -1, -3]"
kesomplok,-3.2,1.0,"[-4, -4, -4, -4, -3, -1, -3, -4, -3, -2]"
mencengkelong,-4.0,1.0,"[-4, -4, -4, -4, -4, -4, -4, -4, -4, -4]"
pengang,-2.4,1.0,"[-3, -2, -3, 0, -3, -3, -2, -3, -2, -3]"
prosais,-2.4,1.0,"[-3, -1, -2, -2, -2, -2, -2, -4, -3, -3]"
gebung,-4.0,1.0,"[-4, -4, -4, -4, -4, -4, -4, -4, -4, -4]"
tercemas,-2.4,1.0,"[-4, -3, -1, -2, -2, -3, -3, -3, 0, -3]"
gabal,-4.0,1.0,"[-4, -4, -4, -4, -4, -4, -4, -4, -4, -4]"
menyayat hati,-3.2,1.0,"[-2, -3, -4, -3, -3, -2, -4, -4, -4, -3]"
menyela,-4.0,1.0,"[-4, -4, -4, -4, -4, -4, -4, -4, -4, -4]"
belu-belai,-3.2,1.0,"[-4, -3, -2, -4, -4, -3, -1, -3, -4, -4]"
membohongi,-2.4,1.0,"[-2, -3, -3, -2, -2, -2, -2, -2, -2, -4]"
kembung,-2.4,1.0,"[-3, -3, -3, -3, -4, 0, -3, -1, -3, -1]"
kehuru-haraan,-3.2,1.0,"[-2, -3, -3, -4, -3, -3, -3, -4, -3, -4]"
serabutan,-4.0,1.0,"[-4, -4, -4, -4, -4, -4, -4, -4, -4, -4]"
batuk kecil,-3.2,1.0,"[-2, -3, -4, -4, -4, -4, -3, -2, -4, -2]"
merawat,-2.4,1.0,"[-2, -4, -2, -1, -2, -4, -1, -1, -4, -3]"
gerepes,-3.2,1.0,"[-4, -2, -4, -2, -2, -3, -3, -4, -4, -4]"
tersayat,-4.0,1.0,"[-4, -4, -4, -4, -4, -4, -4, -4, -4, -4]"
balairung,-2.4,1.0,"[-3, -3, -4, -2, 0, -2, -2, -4, -3, -1]"
samar,-4.0,1.0,"[-4, -4, -4, -4, -4, -4, -4, -4, -4, -4]"
ingsut,-2.4,1.0,"[-3, -4, -2, -2, -4, 1, -4, -2, -2, -2]"
siklon,-3.2,1.0,"[-3, -4, -3, -3, -3, -4, -3, -3, -3, -3]"
menentang,-4.0,1.0,"[-4, -4, -4, -4, -4, -4, -4, -4, -4, -4]"
rancap,-3.2,1.0,"[-2, -4, -4, -3, -3, -3, -4, -4, -3, -2]"
diskrepansi,-2.4,1.0,"[-1, -2, -2, -3, -2, -3, -2, -3, -3, -3]"
rancau,-2.4,1.0,"[-3, -4, 1, -2, -4, -2, -2, -3, -2, -3]"
berpusu,-2.4,1.0,"[-2, -4, -1, -3, -3, -2, -2, -2, -2, -3]"
gencat,-4.0,1.0,"[-4, -4, -4, -4, -4, -4, -4, -4, -4, -4]"
bertonggakkan,-3.2,1.0,"[-2, -3, -3, -4, -4, -2, -4, -4, -3, -3]"
puyan,-3.2,1.0,"[-3, -4, -3, -2, -3, -4, -2, -3, -4, -4]"
berkerumun,-3.2,1.0,"[-4, -3, -3, -3, -4, -2, -4, -4, -1, -4]"
terlalaikan,-2.4,1.0,"[-1, -4, -1, -2, -3, -2, -3, -1, -3, -4]"
enas,-4.0,1.0,"[-4, -4, -4, -4, -4, -4, -4, -4, -4, -4]"
memuakkan,-4.0,1.0,"[-4, -4, -4, -4, -4, -4, -4, -4, -4, -4]"
telantar,-3.2,1.0,"[-4, -4, -3, -2, -2, -2, -4, -4, -3, -4]"
mati pucuk,-4.0,1.0,"[-4, -4, -4, -4, -4, -4, -4, -4, -4, -4]"
congkak,-2.4,1.0,"[-3, -2, -3, -4, -1, -2, -1, -1, -3, -4]"
apkir,-3.2,1.0,"[-2, -3, -4, -1, -3, -4, -4, -4, -4, -3]"
berapat-rapat,-2.4,1.0,"[-2, -3, -1, -1, -3, -4, -3, -3, -2, -2]"
cakus,-3.2,1.0,"[-3, -4, -4, -3, -3, -4, -3, -3, -3, -2]"
menggasak,-4.0,1.0,"[-4, -4, -4, -4, -4, -4, -4, -4, -4, -4]"
mewujud,-2.4,1.0,"[-2, -1, -2, -3, -3, -3, -2, -3, -3, -2]"
morfin,-2.4,1.0,"[-4, -1, -4, -3, 0, -3, -2, -3, -2, -2]"
bongkong,-2.4,1.0,"[-3, -1, -2, -1, -1, -4, -4, -4, -3, -1]"
bersabung nyawa,-2.4,1.0,"[-2, -2, -1, -3, -4, -2, -4, -3, -2, -1]"
bergaul,-2.4,1.0,"[-2, -2, -1, -4, -2, -3, -2, -4, 0, -4]"
aco-acoan,-4.0,1.0,"[-4, -4, -4, -4, -4, -4, -4, -4, -4, -4]"
pencolek api,-3.2,1.0,"[-3, -4, -4, -4, -4, -2, -2, -4, -2, -3]"
menyikat,-4.0,1.0,"[-4, -4, -4, -4, -4, -4, -4, -4, -4, -4]"
timbangan,-4.0,1.0,"[-4, -4, -4, -4, -4, -4, -4, -4, -4, -4]"
mendiami,-2.4,1.0,"[-3, -3, -2, -4, -3, -2, -3, -1, -2, -1]"
bergajul,-4.0,1.0,"[-4, -4, -4, -4, -4, -4, -4, -4, -4, -4]"
erangan,-2.4,1.0,"[-2, -2, -2, -2, -3, -2, -2, -4, -3, -2]"
datang,-3.2,1.0,"[-4, -4, -3, -3, -2, -3, -4, -4, -2, -3]"
slebor,-4.0,1.0,"[-4, -4, -4, -4, -4, -4, -4, -4, -4, -4]"
bertebaran,-4.0,1.0,"[-4, -4, -4, -4, -4, -4, -4, -4, -4, -4]"
birah,-2.4,1.0,"[-4, -2, -1, -1, -3, -4, -2, -2, -3, -2]"
caci,-4.0,1.0,"[-4, -4, -4, -4, -4, -4, -4, -4, -4, -4]"
keluhan,-2.4,1.0,"[-2, -4, -1, -3, -1, -3, -4, -2, -3, -1]"
demek,-3.2,1.0,"[-3, -3, -1, -4, -4, -3, -3, -4, -4, -3]"
mencekik,-3.2,1.0,"[-4, -2, -2, -3, -3, -4, -3, -4, -3, -4]"
bersempena,-2.4,1.0,"[-2, -3, -3, -4, -1, 0, -1, -4, -2, -4]"
taun,-4.0,1.0,"[-4, -4, -4, -4, -4, -4, -4, -4, -4, -4]"
menggunung,-2.4,1.0,"[-3, -4, -3, -3, -1, -2, -2, -3, -2, -1]"
raguk,-2.4,1.0,"[-3, -2, -3, -2, -2, -1, -2, -3, -3, -3]"
tuas,-2.4,1.0,"[-2, -2, -4, -3, -2, -3, -1, -2, -3, -2]"
merdesa,-4.0,1.0,"[-4, -4, -4, -4, -4, -4, -4, -4, -4, -4]"
mala,-4.0,1.0,"[-4, -4, -4, -4, -4, -4, -4, -4, -4, -4]"
keder,-3.2,1.0,"[-4, -4, -2, -4, -3, -2, -3, -3, -3, -4]"
petugas,-2.4,1.0,"[-2, -3, -2, -4, -2, -3, -3, -3, 0, -2]"
mencamuk,-3.2,1.0,"[-4, -2, -2, -3, -2, -4, -4, -4, -4, -3]"
pusung,-2.4,1.0,"[-1, -3, -2, -3, -3, -2, -2, -2, -3, -3]"
kincit,-4.0,1.0,"[-4, -4, -4, -4, -4, -4, -4, -4, -4, -4]"
cemeh,-3.2,1.0,"[-3, -4, -3, -3, -3, -3, -3, -3, -3, -4]"
kafilah,-3.2,1.0,"[-2, -3, -4, -4, -3, -2, -4, -3, -4, -3]"
lolos,-3.2,1.0,"[-3, -4, -4, -4, -3, -4, -2, -2, -3, -3]"
berhati walang,-2.4,1.0,"[-1, -3, -3, -2, -3, -2, -2, -3, -3, -2]"
terpisah,-4.0,1.0,"[-4, -4, -4, -4, -4, -4, -4, -4, -4, -4]"
menceret,-4.0,1.0,"[-4, -4, -4, -4, -4, -4, -4, -4, -4, -4]"
inaugurasi,-2.4,1.0,"[-3, -4, -2, -4, -3, -1, -3, -1, -2, -1]"
menjeburkan,-4.0,1.0,"[-4, -4, -4, -4, -4, -4, -4, -4, -4, -4]"
rompong,-2.4,1.0,"[-3, -3, -2, -3, -1, -1, -4, -3, -1, -3]"
tingau,-3.2,1.0,"[-4, -4, -4, -1, -4, -2, -4, -2, -3, -4]"
penghapus,-2.4,1.0,"[-1, -1, -3, -4, -4, -3, 0, -4, -3, -1]"
tahi,-4.0,1.0,"[-4, -4, -4, -4, -4, -4, -4, -4, -4, -4]"
menghina(kan) melanyak,-4.0,1.0,"[-4, -4, -4, -4, -4, -4, -4, -4, -4, -4]"
bertapa,-2.4,1.0,"[-1, -2, -4, -2, -1, -3, -2, -4, -3, -2]"
menyadau,-2.4,1.0,"[-2, -2, -2, -3, -3, -1, -4, -1, -3, -3]"
menyemangati,-3.2,1.0,"[-4, -3, -4, -2, -3, -3, -2, -4, -3, -4]"
permai,-3.2,1.0,"[-3, -3, -4, -3, -3, -4, -2, -3, -4, -3]"
cerita burung,-4.0,1.0,"[-4, -4, -4, -4, -4, -4, -4, -4, -4, -4]"
kelusuh-kelasah,-4.0,1.0,"[-4, -4, -4, -4, -4, -4, -4, -4, -4, -4]"
menuba,-4.0,1.0,"[-4, -4, -4, -4, -4, -4, -4, -4, -4, -4]"
peserta,-2.4,1.0,"[-1, 0, -2, -4, -2, -4, -3, -3, -2, -3]"
tertunda,-2.4,1.0,"[-3, -2, -4, -2, -4, -2, -3, -2, -2, 0]"
bersandarkan,-3.2,1.0,"[-3, -3, -4, 0, -4, -3, -4, -4, -4, -3]"
narasi,-3.2,1.0,"[-1, -4, -4, -2, -3, -3, -4, -4, -3, -4]"
mengonslah,-4.0,1.0,"[-4, -4, -4, -4, -4, -4, -4, -4, -4, -4]"
bengkok,-3.2,1.0,"[-2, -4, -3, -4, -2, -4, -4, -4, -2, -3]"
besar perut,-2.4,1.0,"[-2, -3, -3, -2, -1, -3, -3, -3, -2, -2]"
mengetes,-2.4,1.0,"[-3, -2, -4, 1, -2, -1, -4, -4, -4, -1]"
menimbang-nimbang,-2.4,1.0,"[0, -2, -2, -3, -2, -4, -3, -3, -3, -2]"
marah,-4.0,1.0,"[-4, -4, -4, -4, -4, -4, -4, -4, -4, -4]"
buang air kecil,-2.4,1.0,"[-2, -1, -2, -2, -3, -3, -3, -1, -3, -4]"
sumbing,-3.2,1.0,"[-4, -3, -3, -4, -3, -1, -3, -4, -3, -4]"
seranah,-2.4,1.0,"[-4, -2, -3, -3, -3, -3, -1, 0, -2, -3]"
seman,-4.0,1.0,"[-4, -4, -4, -4, -4, -4, -4, -4, -4, -4]"
wangsit,-2.4,1.0,"[-1, -2, -3, -2, -1, -3, -3, -4, -1, -4]"
mencungkil,-3.2,1.0,"[-2, -3, -2, -3, -3, -4, -4, -4, -4, -3]"
menguar,-2.4,1.0,"[-2, -1, -2, -3, -3, -2, -3, -2, -2, -4]"
membentak,-4.0,1.0,"[-4, -4, -4, -4, -4, -4, -4, -4, -4, -4]"
asumsi,-2.4,1.0,"[-3, -2, -1, -2, -4, -3, -2, -2, -2, -3]"
cupul,-4.0,1.0,"[-4, -4, -4, -4, -4, -4, -4, -4, -4, -4]"
berlompatan,-4.0,1.0,"[-4, -4, -4, -4, -4, -4, -4, -4, -4, -4]"
arbitrer,-4.0,1.0,"[-4, -4, -4, -4, -4, -4, -4, -4, -4, -4]"
kurang pikiran,-2.4,1.0,"[-2, -1, -4, -2, -3, -2, -2, -3, -2, -3]"
kerosek,-2.4,1.0,"[-4, -3, -2, -3, -4, -1, 0, -4, -1, -2]"
jobak,-2.4,1.0,"[-2, -3, -2, -2, -2, -3, -4, -1, -3, -2]"
serenging,-4.0,1.0,"[-4, -4, -4, -4, -4, -4, -4, -4, -4, -4]"
bertumbuk,-3.2,1.0,"[-2, -4, -4, -3, -4, -4, -4, -1, -2, -4]"
jongkok,-4.0,1.0,"[-4, -4, -4, -4, -4, -4, -4, -4, -4, -4]"
teks,-2.4,1.0,"[-2, -3, -2, -2, -2, -2, -1, -4, -3, -3]"
ranai,-3.2,1.0,"[-2, -2, -4, -3, -4, -2, -4, -3, -4, -4]"
hakiki,-3.2,1.0,"[-4, -3, -4, -3, -4, -3, -2, -4, -2, -3]"
geladir,-4.0,1.0,"[-4, -4, -4, -4, -4, -4, -4, -4, -4, -4]"
anak air,-3.2,1.0,"[-4, -4, -2, -2, -3, -3, -3, -3, -4, -4]"
embat,-3.2,1.0,"[-4, -3, -4, -3, -3, -1, -3, -4, -4, -3]"
kesusahan,-4.0,1.0,"[-4, -4, -4, -4, -4, -4, -4, -4, -4, -4]"
garang,-4.0,1.0,"[-4, -4, -4, -4, -4, -4, -4, -4, -4, -4]"
bangkang,-3.2,1.0,"[-3, -3, -4, -4, -1, -4, -4, -2, -3, -4]"
lintar,-2.4,1.0,"[-2, -3, -1, -2, -2, -4, -3, -3, -3, -1]"
dangkap,-2.4,1.0,"[-4, -2, -1, -2, -4, -1, -1, -2, -3, -4]"
kejar,-2.4,1.0,"[0, -4, -4, -2, -4, -2, 0, -2, -2, -4]"
el,-2.4,1.0,"[-3, -3, -2, -4, -1, -4, -2, -1, -3, -1]"
erot,-3.2,1.0,"[-2, -3, -4, -4, -4, -4, -3, -2, -2, -4]"
bertemu roma,-3.2,1.0,"[-4, -4, -1, -4, -3, -4, -2, -4, -3, -3]"
mam,-4.0,1.0,"[-4, -4, -4, -4, -4, -4, -4, -4, -4, -4]"
menyerampang,-4.0,1.0,"[-4, -4, -4, -4, -4, -4, -4, -4, -4, -4]"
menganjurkan,-2.4,1.0,"[-2, -1, -2, -4, -3, -3, -2, -2, -3, -2]"
bekicot,-3.2,1.0,"[-3, -4, -1, -4, -4, -2, -3, -4, -4, -3]"
bangle,-3.2,1.0,"[-3, -2, -4, -3, -4, -4, -2, -3, -4, -3]"
patuk,-4.0,1.0,"[-4, -4, -4, -4, -4, -4, -4, -4, -4, -4]"
bertautan,-3.2,1.0,"[-4, -4, -4, -3, -3, -3, -3, -3, -3, -2]"
menyungkit,-3.2,1.0,"[-4, -3, -3, -3, -3, -2, -4, -4, -3, -3]"
lata,-4.0,1.0,"[-4, -4, -4, -4, -4, -4, -4, -4, -4, -4]"
bengkerap,-3.2,1.0,"[-4, -3, -3, -4, -3, -4, -2, -4, -2, -3]"
senat,-2.4,1.0,"[-3, -1, -4, -2, -3, -2, -2, -2, -2, -3]"
bercorak,-2.4,1.0,"[-3, -1, -1, -4, -3, -1, -2, -3, -3, -3]"
bersebaran,-4.0,1.0,"[-4, -4, -4, -4, -4, -4, -4, -4, -4, -4]"
deklarasi,-2.4,1.0,"[-2, -3, -2, -1, -2, -3, -2, -2, -4, -3]"
kedut,-3.2,1.0,"[-3, -2, -4, -4, -3, -4, -2, -2, -4, -4]"
idola,-2.4,1.0,"[-3, -2, -2, -3, 0, -3, -3, -3, -4, -1]"
toboh,-3.2,1.0,"[-3, -1, -4, -3, -3, -2, -4, -4, -4, -4]"
tercerai,-2.4,1.0,"[-3, -1, -3, -2, -3, -3, -1, -1, -4, -3]"
senteng,-4.0,1.0,"[-4, -4, -4, -4, -4, -4, -4, -4, -4, -4]"
merefleksikan,-2.4,1.0,"[-3, -3, -1, -3, -4, -3, -1, -1, -3, -2]"
timbul,-2.4,1.0,"[-1, -4, -3, -1, -1, -4, -3, -3, -2, -2]"
tercekluk,-2.4,1.0,"[-3, -4, -2, -2, -2, -3, -2, -2, -2, -2]"
kunarpa,-3.2,1.0,"[-2, -4, -4, -3, -3, -3, -3, -3, -4, -3]"
pialang,-2.4,1.0,"[-2, -2, -3, -2, -1, -2, -2, -4, -3, -3]"
penubuhan,-2.4,1.0,"[-3, -3, -3, -2, 0, -2, -3, -3, -2, -3]"
terudak,-2.4,1.0,"[-2, -2, -3, -2, -4, -1, -1, -3, -3, -3]"
berat ekor,-3.2,1.0,"[-2, -3, -4, -4, -4, -3, -4, -4, -2, -2]"
kasep,-3.2,1.0,"[-3, -4, -2, -3, -4, -4, -3, -3, -3, -3]"
keremus,-3.2,1.0,"[-3, -1, -3, -4, -2, -4, -4, -3, -4, -4]"
gagap,-4.0,1.0,"[-4, -4, -4, -4, -4, -4, -4, -4, -4, -4]"
mematut-matut,-2.4,1.0,"[-4, -2, -4, -1, -3, -1, -3, -3, -2, -1]"
cakap angin,-3.2,1.0,"[-4, -2, -2, -2, -4, -4, -3, -4, -4, -3]"
menguburkan,-2.4,1.0,"[-2, -2, -2, -3, -1, -3, -3, -3, -2, -3]"
gembil,-3.2,1.0,"[-3, -3, -4, -4, -1, -3, -4, -4, -3, -3]"
hilang semangat,-3.2,1.0,"[-3, -2, -4, -2, -3, -3, -4, -4, -3, -4]"
mereken,-2.4,1.0,"[-2, -2, -4, -2, -2, -2, -4, -2, -1, -3]"
membakar,-3.2,1.0,"[-3, -3, -4, -4, -4, -4, -2, -2, -4, -2]"
menengahi,-4.0,1.0,"[-4, -4, -4, -4, -4, -4, -4, -4, -4, -4]"
sambit,-4.0,1.0,"[-4, -4, -4, -4, -4, -4, -4, -4, -4, -4]"
belingsat,-3.2,1.0,"[-4, -4, -4, -4, -1, -4, -3, -3, -2, -3]"
lembaga,-2.4,1.0,"[-3, -1, -2, -1, -3, -4, -1, -3, -2, -4]"
seluk-beluk,-3.2,1.0,"[-4, -4, -3, -3, -3, -4, -3, -3, -1, -4]"
menyita,-4.0,1.0,"[-4, -4, -4, -4, -4, -4, -4, -4, -4, -4]"
oyong,-3.2,1.0,"[-4, -4, -4, -1, -4, -3, -2, -3, -4, -3]"
membukukan,-4.0,1.0,"[-4, -4, -4, -4, -4, -4, -4, -4, -4, -4]"
menyebelah,-2.4,1.0,"[-3, -3, -1, -3, -3, -2, -2, -3, -4, 0]"
menancap,-3.2,1.0,"[-4, -2, -3, -3, -4, -3, -4, -4, -2, -3]"
bebat,-2.4,1.0,"[-1, -1, -3, -3, -3, -4, -2, -1, -3, -3]"
menyusup,-2.4,1.0,"[-3, -2, -3, -4, -2, -1, -2, -2, -2, -3]"
pendek akal,-2.4,1.0,"[-3, -3, -4, -1, 0, -4, -2, -2, -2, -3]"
kelengangan,-3.2,1.0,"[-3, -4, -2, -4, -3, -2, -4, -2, -4, -4]"
menyembilu,-3.2,1.0,"[-3, -4, -2, -4, -4, -4, -3, -4, -1, -3]"
mumi,-3.2,1.0,"[-3, -1, -4, -3, -4, -4, -4, -2, -3, -4]"
cempala mulut,-4.0,1.0,"[-4, -4, -4, -4, -4, -4, -4, -4, -4, -4]"
putih,-3.2,1.0,"[-4, -3, -2, -4, -4, -3, -4, -2, -4, -2]"
beralaskan,-3.2,1.0,"[-4, -3, -1, -2, -4, -3, -4, -4, -4, -3]"
tetesan darah,-2.4,1.0,"[-2, -2, -2, -4, -3, -2, 0, -2, -3, -4]"
bulsak,-3.2,1.0,"[-2, -2, -4, -3, -4, -4, -3, -4, -3, -3]"
gapura,-3.2,1.0,"[-3, -4, -4, -2, -4, -3, -2, -4, -3, -3]"
pembabil,-3.2,1.0,"[-3, -4, -3, -4, -4, -3, -4, -3, 0, -4]"
kurang ajar,-4.0,1.0,"[-4, -4, -4, -4, -4, -4, -4, -4, -4, -4]"
angkup,-2.4,1.0,"[-4, -3, -3, -2, -2, -2, -2, -1, -3, -2]"
geregetan,-3.2,1.0,"[-3, -4, -4, -3, -3, -4, -3, -4, -2, -2]"
tinju,-4.0,1.0,"[-4, -4, -4, -4, -4, -4, -4, -4, -4, -4]"
mengisruhkan,-3.2,1.0,"[-4, -3, -4, -4, -2, -2, -4, -4, -4, -1]"
inferior,-3.2,1.0,"[-3, -2, -3, -4, -4, -3, -4, -2, -4, -3]"
mengunyah,-3.2,1.0,"[-4, -4, -4, -2, -2, -3, -3, -3, -4, -3]"
titik berat,-2.4,1.0,"[-3, -1, -2, -3, -2, -1, -3, -2, -3, -4]"
ahli bahasa,-2.4,1.0,"[-3, -2, -2, -2, 0, -1, -4, -2, -4, -4]"
bertengkar,-4.0,1.0,"[-4, -4, -4, -4, -4, -4, -4, -4, -4, -4]"
terdampar,-4.0,1.0,"[-4, -4, -4, -4, -4, -4, -4, -4, -4, -4]"
cempelung,-4.0,1.0,"[-4, -4, -4, -4, -4, -4, -4, -4, -4, -4]"
penata,-2.4,1.0,"[-1, -3, -3, -3, -1, -3, -3, -1, -3, -3]"
pun,-2.4,1.0,"[-3, -2, -2, -3, -3, -1, -2, -2, -2, -4]"
gempuran,-2.4,1.0,"[-3, -3, -3, -2, -1, -3, -2, 0, -4, -3]"
jemari,-3.2,1.0,"[-4, -3, -2, -3, -2, -4, -3, -3, -4, -4]"
resesi,-4.0,1.0,"[-4, -4, -4, -4, -4, -4, -4, -4, -4, -4]"
bongkar-bangkir,-4.0,1.0,"[-4, -4, -4, -4, -4, -4, -4, -4, -4, -4]"
reca,-2.4,1.0,"[-2, -2, -3, -2, -1, -2, -3, -3, -3, -3]"
roh jahat,-3.2,1.0,"[-4, -4, -4, -3, -3, -3, -4, -2, -3, -2]"
pub,-3.2,1.0,"[-3, -3, -2, -4, -3, -3, -4, -4, -3, -3]"
berat otak,-3.2,1.0,"[-2, -4, -3, -1, -4, -4, -3, -4, -3, -4]"
bertarak,-2.4,1.0,"[-1, -3, -4, -2, -3, -3, -3, -1, -2, -2]"
mengias,-3.2,1.0,"[-3, -3, -4, -4, -4, -2, -2, -3, -3, -4]"
kemuraman,-4.0,1.0,"[-4, -4, -4, -4, -4, -4, -4, -4, -4, -4]"
penutur bahasa,-2.4,1.0,"[-2, -2, -3, -3, -4, 0, -2, -3, -4, -1]"
basi,-4.0,1.0,"[-4, -4, -4, -4, -4, -4, -4, -4, -4, -4]"
penindasan,-3.2,1.0,"[-3, -2, -3, -2, -3, -3, -4, -4, -4, -4]"
sayu rayu,-2.4,1.0,"[-2, -3, -1, -1, -4, -4, -4, -1, -2, -2]"
tangisan,-4.0,1.0,"[-4, -4, -4, -4, -4, -4, -4, -4, -4, -4]"
ampel,-2.4,1.0,"[-2, 0, -3, -1, -4, -2, -4, -4, -3, -1]"
mengharukan,-3.2,1.0,"[-4, -4, -4, -2, -3, -3, -3, -3, -4, -2]"
amtenar,-2.4,1.0,"[-3, -1, -2, 0, -3, -2, -4, -2, -4, -3]"
ketuat,-3.2,1.0,"[-1, -2, -4, -4, -4, -4, -4, -3, -2, -4]"
mengarik,-2.4,1.0,"[-3, -2, -1, -2, -4, -2, -3, -2, -2, -3]"
dongkel,-2.4,1.0,"[-1, -4, -2, -3, -4, 0, -3, -2, -3, -2]"
riuk,-2.4,1.0,"[-2, -4, -3, -2, -1, -1, -4, -2, -2, -3]"
wejang,-2.4,1.0,"[-3, -3, -2, -4, -3, -4, 1, -2, -2, -2]"
rompyok,-4.0,1.0,"[-4, -4, -4, -4, -4, -4, -4, -4, -4, -4]"
banyak cincong,-3.2,1.0,"[-4, -3, -3, -4, -2, -1, -4, -3, -4, -4]"
terbangai,-2.4,1.0,"[-3, -3, -3, -4, -1, -3, -1, -2, -2, -2]"
kuno,-4.0,1.0,"[-4, -4, -4, -4, -4, -4, -4, -4, -4, -4]"
ketumbukan,-3.2,1.0,"[-3, -4, -2, -4, -3, -3, -4, -2, -3, -4]"
ke belakang,-4.0,1.0,"[-4, -4, -4, -4, -4, -4, -4, -4, -4, -4]"
kesengsaraan,-4.0,1.0,"[-4, -4, -4, -4, -4, -4, -4, -4, -4, -4]"
dina,-4.0,1.0,"[-4, -4, -4, -4, -4, -4, -4, -4, -4, -4]"
tekek,-2.4,1.0,"[-3, -3, -1, -3, -3, -3, -2, -2, -2, -2]"
mengeremus,-3.2,1.0,"[-3, -4, -4, -3, -4, -3, -1, -4, -3, -3]"
sapi jantan,-2.4,1.0,"[-2, -3, -1, -3, -2, -3, -3, -2, -1, -4]"
warta,-2.4,1.0,"[-2, -2, -3, -3, -2, -3, -1, -2, -3, -3]"
pumpun,-2.4,1.0,"[-3, -2, -2, -4, 0, -3, -3, -1, -2, -4]"
berlawanan,-3.2,1.0,"[-3, -3, -3, -3, -3, -4, -3, -3, -3, -4]"
sivilisasi,-2.4,1.0,"[-1, -3, -3, -2, -3, -3, -2, -3, -1, -3]"
batuk lelah,-3.2,1.0,"[-4, -4, -3, -3, -4, -2, -2, -4, -3, -3]"
laluan,-3.2,1.0,"[-2, -3, -4, -4, -4, -1, -4, -3, -4, -3]"
membeda-bedakan,-2.4,1.0,"[-4, -1, 0, -1, -3, -2, -3, -3, -4, -3]"
kapal,-2.4,1.0,"[-3, -2, -2, -1, -3, -3, -3, -3, -4, 0]"
melaksanakan,-2.4,1.0,"[-1, -4, -1, -2, -2, -2, -2, -4, -3, -3]"
emper,-2.4,1.0,"[-1, -2, -1, -3, -3, -3, -2, -4, -3, -2]"
terdesak,-3.2,1.0,"[-3, -4, -3, -2, -3, -4, -2, -4, -3, -4]"
mencetak,-4.0,1.0,"[-4, -4, -4, -4, -4, -4, -4, -4, -4, -4]"
tumpul otak,-2.4,1.0,"[-4, -2, -4, -3, -1, -3, -3, -2, 0, -2]"
tertegak,-3.2,1.0,"[-3, -2, -3, -3, -4, -3, -3, -4, -3, -4]"
kebentok,-3.2,1.0,"[-2, -4, -4, -3, -2, -2, -4, -4, -3, -4]"
tersuruk,-4.0,1.0,"[-4, -4, -4, -4, -4, -4, -4, -4, -4, -4]"
bertalun-talun,-2.4,1.0,"[-2, -4, -3, -2, -2, -2, -1, -2, -3, -3]"
stori,-4.0,1.0,"[-4, -4, -4, -4, -4, -4, -4, -4, -4, -4]"
bongak,-4.0,1.0,"[-4, -4, -4, -4, -4, -4, -4, -4, -4, -4]"
bertokok,-2.4,1.0,"[-3, -2, -2, -3, -2, -2, -2, -3, -3, -2]"
renyem,-2.4,1.0,"[-1, -4, -4, -2, -1, -2, -4, -2, -2, -2]"
ruyup,-4.0,1.0,"[-4, -4, -4, -4, -4, -4, -4, -4, -4, -4]"
embus,-2.4,1.0,"[-4, -3, -3, -1, -2, -4, -1, -3, -2, -1]"
jamin,-4.0,1.0,"[-4, -4, -4, -4, -4, -4, -4, -4, -4, -4]"
kering,-2.4,1.0,"[-3, -4, -4, -1, -4, -3, -1, -2, -1, -1]"
cumbuan,-2.4,1.0,"[-3, -2, -3, -1, -4, -2, -3, -2, -1, -3]"
penarah,-2.4,1.0,"[-2, -4, -1, -1, -2, -3, -3, -2, -4, -2]"
kardinal,-3.2,1.0,"[-3, -4, -4, -2, -4, -4, -3, -3, -4, -1]"
edaran,-2.4,1.0,"[-3, -2, -1, -1, -2, -4, -3, -3, -2, -3]"
berpada-pada,-2.4,1.0,"[-2, -2, -2, -3, -2, -1, -2, -2, -4, -4]"
tertuju,-2.4,1.0,"[-2, -2, -2, -1, -3, -4, -3, -4, -3, 0]"
menumpas,-4.0,1.0,"[-4, -4, -4, -4, -4, -4, -4, -4, -4, -4]"
berkilah,-3.2,1.0,"[-4, -2, -4, -3, -3, -3, -3, -3, -4, -3]"
gebang,-3.2,1.0,"[-3, -2, -4, -4, -4, -3, -4, -2, -4, -2]"
menonjolkan,-2.4,1.0,"[-3, -2, -3, -2, -4, -1, -4, -3, -2, 0]"
hanya,-2.4,1.0,"[-4, -4, -3, -3, 0, -3, -2, -1, 0, -4]"
menggoyahkan menggerakkan,-3.2,1.0,"[-3, -3, -2, -2, -4, -4, -4, -4, -3, -3]"
menggema,-3.2,1.0,"[-3, -4, -2, -3, -4, -3, -3, -3, -4, -3]"
metode,-4.0,1.0,"[-4, -4, -4, -4, -4, -4, -4, -4, -4, -4]"
berkeras-kerasan,-3.2,1.0,"[-4, -3, -4, -3, -4, -2, -4, -1, -4, -3]"
berkarat,-3.2,1.0,"[-4, -4, -4, -3, -4, -3, -3, -2, -2, -3]"
memantak,-3.2,1.0,"[-3, -3, -3, -4, -1, -4, -4, -3, -4, -3]"
gara-gara,-4.0,1.0,"[-4, -4, -4, -4, -4, -4, -4, -4, -4, -4]"
perbaraan,-3.2,1.0,"[-4, -3, -3, -4, -3, -4, -1, -4, -3, -3]"
legalisasi,-2.4,1.0,"[-2, -3, -3, -2, -4, -2, -3, -2, -1, -2]"
gurau,-3.2,1.0,"[-3, -4, -3, -3, -4, -4, -3, -2, -3, -3]"
ginding,-3.2,1.0,"[-2, -3, -1, -3, -4, -4, -3, -4, -4, -4]"
tunggul,-2.4,1.0,"[-3, -2, -3, -2, -2, -3, -1, -2, -2, -4]"
menunjukkan,-2.4,1.0,"[-3, -2, -2, -3, -3, -1, -2, -3, -2, -3]"
karu,-4.0,1.0,"[-4, -4, -4, -4, -4, -4, -4, -4, -4, -4]"
kilang,-2.4,1.0,"[-3, -2, -2, -1, -3, -2, -2, -3, -3, -3]"
tosan aji,-3.2,1.0,"[-3, -1, -4, -4, -4, -4, -2, -3, -4, -3]"
mulut gapil,-3.2,1.0,"[-1, -4, -4, -3, -3, -4, -4, -4, -3, -2]"
agen,-2.4,1.0,"[-2, -1, -2, -4, -2, -3, -2, -3, -2, -3]"
menekankan,-2.4,1.0,"[-4, -1, -2, -2, -1, -1, -4, -3, -2, -4]"
balik adab,-4.0,1.0,"[-4, -4, -4, -4, -4, -4, -4, -4, -4, -4]"
menyelinap,-4.0,1.0,"[-4, -4, -4, -4, -4, -4, -4, -4, -4, -4]"
ketimpangan,-3.2,1.0,"[-4, -1, -4, -2, -3, -4, -3, -3, -4, -4]"
parlente,-3.2,1.0,"[-4, -4, -4, -3, -2, -3, -3, -3, -4, -2]"
sontak,-3.2,1.0,"[-3, -4, -4, -1, -4, -2, -3, -4, -3, -4]"
gendut,-2.4,1.0,"[-3, -2, -4, -3, -1, -2, -2, -2, -3, -2]"
gelis,-2.4,1.0,"[-1, -2, -2, -3, -2, -4, -3, -2, -3, -2]"
bersisalak,-3.2,1.0,"[-3, -2, -4, -3, -1, -4, -4, -4, -3, -4]"
zero,-2.4,1.0,"[-2, -2, -4, -2, -2, -2, -1, -3, -3, -3]"
melantak,-3.2,1.0,"[-3, -2, -3, -2, -4, -4, -4, -3, -4, -3]"
bertian,-2.4,1.0,"[-1, -4, -4, -2, -3, -3, -3, -1, 0, -3]"
pasal,-3.2,1.0,"[-2, -3, -4, -4, -4, -2, -4, -3, -3, -3]"
main kayu,-2.4,1.0,"[-3, -2, 0, -3, -2, -3, -3, -2, -2, -4]"
menjalari,-2.4,1.0,"[-2, -3, -2, -1, -2, -1, -3, -2, -4, -4]"
kompleksitas,-3.2,1.0,"[-3, -2, -2, -4, -4, -4, -3, -3, -3, -4]"
mengerkau,-3.2,1.0,"[-1, -4, -3, -4, -4, -4, -2, -3, -3, -4]"
garit,-2.4,1.0,"[-4, -2, -1, -1, -3, -3, -3, -4, -2, -1]"
selubung,-4.0,1.0,"[-4, -4, -4, -4, -4, -4, -4, -4, -4, -4]"
jembalang,-3.2,1.0,"[-4, -2, -4, -2, -4, -4, -3, -4, -2, -3]"
tersirah,-4.0,1.0,"[-4, -4, -4, -4, -4, -4, -4, -4, -4, -4]"
beragam,-2.4,1.0,"[-2, -3, -4, -1, -2, -3, -2, -3, -2, -2]"
amah,-4.0,1.0,"[-4, -4, -4, -4, -4, -4, -4, -4, -4, -4]"
ceracau,-3.2,1.0,"[-2, -4, -3, -4, -3, -3, -4, -3, -2, -4]"
ceracam,-3.2,1.0,"[-3, -3, -3, -2, -4, -4, -4, -4, -1, -4]"
mengorek,-3.2,1.0,"[-4, -3, -2, -3, -4, -4, -2, -3, -3, -4]"
watu,-2.4,1.0,"[-4, -1, -2, -4, -3, -3, -1, -2, -1, -3]"
berduaan,-2.4,1.0,"[-3, -3, -1, -1, -3, -4, -2, -1, -3, -3]"
indolen,-3.2,1.0,"[-4, -3, -4, -2, -3, -2, -3, -3, -4, -4]"
sapi,-2.4,1.0,"[-2, -1, -3, -4, -3, -1, -3, -4, -2, -1]"
goyah,-3.2,1.0,"[-2, -4, -3, -4, -4, -3, -2, -4, -3, -3]"
muflis,-3.2,1.0,"[-4, -3, -4, -2, -3, -4, -2, -3, -4, -3]"
kedai minuman,-3.2,1.0,"[-2, -3, -3, -4, -3, -3, -4, -3, -3, -4]"
kabin,-2.4,1.0,"[-2, -1, -3, -3, -4, -3, -2, -1, -3, -2]"
pekir,-3.2,1.0,"[-4, -4, -2, -3, -3, -4, -4, -4, -2, -2]"
penyelidikan,-4.0,1.0,"[-4, -4, -4, -4, -4, -4, -4, -4, -4, -4]"
menyatukan,-2.4,1.0,"[-4, -3, -4, -3, -1, -2, 0, -2, -2, -3]"
semaput,-3.2,1.0,"[-4, -2, -4, -2, -4, -3, -4, -3, -3, -3]"
kempa,-2.4,1.0,"[-3, -1, -1, -3, -3, -4, -4, -3, -1, -1]"
rangkul,-2.4,1.0,"[-2, -2, -2, -3, -3, -3, 0, -4, -3, -2]"
berlandaskan,-3.2,1.0,"[-2, -4, -2, -4, -4, -1, -4, -4, -3, -4]"
serangan,-2.4,1.0,"[-3, -3, -2, -1, -1, -2, -4, -3, -3, -2]"
pukulan,-2.4,1.0,"[-1, -1, -4, -2, -3, -3, -3, -2, -2, -3]"
ukir,-4.0,1.0,"[-4, -4, -4, -4, -4, -4, -4, -4, -4, -4]"
hamil,-4.0,1.0,"[-4, -4, -4, -4, -4, -4, -4, -4, -4, -4]"
membobol,-4.0,1.0,"[-4, -4, -4, -4, -4, -4, -4, -4, -4, -4]"
penumpang,-2.4,1.0,"[-4, -3, -3, -3, -2, -1, -1, -3, -3, -1]"
kegaduhan,-2.4,1.0,"[-2, -4, -3, -2, -3, -2, -1, -2, -2, -3]"
cengung,-2.4,1.0,"[-3, -2, -2, -1, -3, -3, -1, -2, -3, -4]"
hamik,-2.4,1.0,"[-2, -1, -3, -3, -2, -2, -3, -3, -2, -3]"
kambuh,-3.2,1.0,"[-1, -3, -4, -2, -4, -3, -4, -4, -4, -3]"
tukas,-4.0,1.0,"[-4, -4, -4, -4, -4, -4, -4, -4, -4, -4]"
bahlul,-4.0,1.0,"[-4, -4, -4, -4, -4, -4, -4, -4, -4, -4]"
merunyamkan,-2.4,1.0,"[-3, -2, -4, -2, -3, -1, -3, -2, -2, -2]"
makan bawang,-4.0,1.0,"[-4, -4, -4, -4, -4, -4, -4, -4, -4, -4]"
menyodorkan,-2.4,1.0,"[-2, -1, -4, -3, -2, -2, -3, -2, -4, -1]"
beringsut,-2.4,1.0,"[-3, -1, -1, -3, -4, -2, -3, -2, -2, -3]"
sangit,-4.0,1.0,"[-4, -4, -4, -4, -4, -4, -4, -4, -4, -4]"
belendung,-2.4,1.0,"[-2, -1, -3, -2, -3, -4, -1, -2, -4, -2]"
malu mata,-3.2,1.0,"[-4, -2, -3, -4, -2, -4, -4, -2, -4, -3]"
peragaan,-2.4,1.0,"[-2, -2, -2, -2, -3, -3, -4, -2, -1, -3]"
bertemperasan,-2.4,1.0,"[-3, -2, -4, -3, -1, -1, -3, -2, -3, -2]"
meranggah,-2.4,1.0,"[-1, -4, -3, -1, -3, -2, -3, -1, -3, -3]"
reput,-2.4,1.0,"[-2, -2, -3, -3, -2, 0, -1, -4, -4, -3]"
kebirahan,-2.4,1.0,"[-2, -1, -2, -3, -4, -2, -2, -4, -2, -2]"
mengayunkan,-2.4,1.0,"[-3, -2, -3, -3, -1, -3, -1, -3, -2, -3]"
memberantas,-4.0,1.0,"[-4, -4, -4, -4, -4, -4, -4, -4, -4, -4]"
bertudung lingkup,-4.0,1.0,"[-4, -4, -4, -4, -4, -4, -4, -4, -4, -4]"
nyenyak,-3.2,1.0,"[-2, -3, -3, -3, -4, -4, -4, -3, -3, -3]"
sumpek,-3.2,1.0,"[-2, -2, -3, -3, -3, -3, -4, -4, -4, -4]"
berguam,-3.2,1.0,"[-2, -2, -4, -3, -3, -3, -4, -4, -4, -3]"
memeriksa,-4.0,1.0,"[-4, -4, -4, -4, -4, -4, -4, -4, -4, -4]"
kada,-2.4,1.0,"[-2, -2, -4, -4, -3, -1, -2, -2, -1, -3]"
langkap,-2.4,1.0,"[0, -4, -3, -3, -2, -1, -3, -2, -2, -4]"
menyalakan,-3.2,1.0,"[-4, -4, -3, -3, -3, -2, -3, -4, -3, -3]"
inai,-3.2,1.0,"[-3, -3, -4, -4, -4, -4, -4, -2, -1, -3]"
menggarangkan,-3.2,1.0,"[-4, -4, -3, -4, -3, -4, -3, -3, -2, -2]"
giang,-2.4,1.0,"[-2, -3, -3, -3, -1, -3, -3, -3, -1, -2]"
rayah,-4.0,1.0,"[-4, -4, -4, -4, -4, -4, -4, -4, -4, -4]"
menghabisi,-3.2,1.0,"[-2, -3, -4, -3, -3, -2, -3, -4, -4, -4]"
langkan,-2.4,1.0,"[-3, -3, -2, -3, -1, -2, -1, -4, -4, -1]"
ambil,-4.0,1.0,"[-4, -4, -4, -4, -4, -4, -4, -4, -4, -4]"
urun,-3.2,1.0,"[-3, -2, -3, -2, -3, -3, -4, -4, -4, -4]"
mencemat,-4.0,1.0,"[-4, -4, -4, -4, -4, -4, -4, -4, -4, -4]"
nyenyat,-3.2,1.0,"[-3, -4, -4, -2, -2, -2, -4, -4, -4, -3]"
bergolak,-4.0,1.0,"[-4, -4, -4, -4, -4, -4, -4, -4, -4, -4]"
berzina,-3.2,1.0,"[-4, -3, -4, -3, -3, -3, -3, -3, -3, -3]"
memikirkan,-2.4,1.0,"[-2, -1, -2, -3, -3, -2, -3, -3, -2, -3]"
pencahayaan,-2.4,1.0,"[-1, -2, -4, -2, -3, -2, -2, -2, -2, -4]"
ternoda,-4.0,1.0,"[-4, -4, -4, -4, -4, -4, -4, -4, -4, -4]"
talun,-2.4,1.0,"[-2, -3, -2, -2, -2, -2, -1, -3, -4, -3]"
bedel,-3.2,1.0,"[-3, -4, -2, -4, -3, -3, -3, -3, -3, -4]"
kasip,-4.0,1.0,"[-4, -4, -4, -4, -4, -4, -4, -4, -4, -4]"
sapit,-2.4,1.0,"[-2, -3, -3, -3, -3, -3, -3, -2, -2, 0]"
terpa,-3.2,1.0,"[-2, -3, -4, -3, -4, -4, -4, -4, -2, -2]"
keran,-3.2,1.0,"[-4, -4, -4, -3, -2, -4, -1, -3, -4, -3]"
berselisih,-4.0,1.0,"[-4, -4, -4, -4, -4, -4, -4, -4, -4, -4]"
kerai,-3.2,1.0,"[-4, -3, -4, -2, -2, -4, -3, -3, -3, -4]"
oposisi,-2.4,1.0,"[-2, -1, -4, -1, -3, -2, -4, -4, -2, -1]"
hardik,-4.0,1.0,"[-4, -4, -4, -4, -4, -4, -4, -4, -4, -4]"
sifer,-2.4,1.0,"[-2, -3, -3, -2, -2, -2, -1, -3, -3, -3]"
menyakatkan,-3.2,1.0,"[-4, -3, -3, -3, -3, -4, -3, -4, -3, -2]"
meranyah,-4.0,1.0,"[-4, -4, -4, -4, -4, -4, -4, -4, -4, -4]"
penghambat,-4.0,1.0,"[-4, -4, -4, -4, -4, -4, -4, -4, -4, -4]"
gerombong,-3.2,1.0,"[-3, -3, -3, -4, -4, -4, -3, -3, -3, -2]"
merambak,-2.4,1.0,"[-3, -2, -4, -2, -2, -1, -3, -2, -3, -2]"
gela,-2.4,1.0,"[-2, -3, -3, -1, -4, -2, -2, -2, -3, -2]"
daging tumbuh,-3.2,1.0,"[-4, -3, -4, -3, -3, -3, -4, -4, -3, -1]"
penongkat senduk,-2.4,1.0,"[-3, -3, -2, -3, -2, -3, -3, -2, -3, 0]"
lelembut,-3.2,1.0,"[-2, -4, -4, -4, -4, -3, -1, -2, -4, -4]"
menembis,-4.0,1.0,"[-4, -4, -4, -4, -4, -4, -4, -4, -4, -4]"
murus,-4.0,1.0,"[-4, -4, -4, -4, -4, -4, -4, -4, -4, -4]"
kemunduran,-4.0,1.0,"[-4, -4, -4, -4, -4, -4, -4, -4, -4, -4]"
rengeh,-2.4,1.0,"[-3, -1, -4, -1, -3, -3, -2, -1, -2, -4]"
angit,-4.0,1.0,"[-4, -4, -4, -4, -4, -4, -4, -4, -4, -4]"
tajak,-2.4,1.0,"[-3, -3, -1, -3, -2, -2, -1, -4, -2, -3]"
porak-poranda,-4.0,1.0,"[-4, -4, -4, -4, -4, -4, -4, -4, -4, -4]"
reba,-4.0,1.0,"[-4, -4, -4, -4, -4, -4, -4, -4, -4, -4]"
retak,-3.2,1.0,"[-4, -4, -3, -3, -3, -2, -4, -3, -3, -3]"
karena,-2.4,1.0,"[-4, -1, -3, -2, -1, -2, -3, -2, -2, -4]"
belulang,-2.4,1.0,"[-3, -2, -2, -2, -3, -2, -2, -3, -3, -2]"
jembel,-4.0,1.0,"[-4, -4, -4, -4, -4, -4, -4, -4, -4, -4]"
pembersih,-3.2,1.0,"[-4, -2, -2, -4, -4, -2, -3, -4, -3, -4]"
biksah,-4.0,1.0,"[-4, -4, -4, -4, -4, -4, -4, -4, -4, -4]"
mayit,-3.2,1.0,"[-3, -2, -4, -4, -3, -4, -2, -3, -4, -3]"
tersampuk,-3.2,1.0,"[-4, -3, -3, -3, -2, -4, -2, -3, -4, -4]"
inga,-3.2,1.0,"[-4, -3, -3, -3, -2, -4, -3, -4, -2, -4]"
kaki ayam,-2.4,1.0,"[-1, -2, -2, -3, -3, -4, -3, -2, -1, -3]"
persesuaian bunyi,-2.4,1.0,"[-3, -4, -2, -1, -4, 0, -3, -2, -3, -2]"
mengendur,-2.4,1.0,"[-2, -4, -1, -3, -2, -4, -1, -2, -2, -3]"
menggelogok,-2.4,1.0,"[-3, -3, -3, -3, -1, -3, -1, -3, -2, -2]"
menghancurkan,-3.2,1.0,"[-4, -3, -3, -3, -4, -3, -3, -3, -2, -4]"
tercengung,-2.4,1.0,"[-2, -3, -2, -2, -3, -4, -2, -1, -2, -3]"
lambang,-2.4,1.0,"[-3, -2, -3, -2, -2, -3, -2, -3, -1, -3]"
berpangku tangan,-3.2,1.0,"[-4, -3, -4, -4, -3, -4, -1, -4, -2, -3]"
meredik,-4.0,1.0,"[-4, -4, -4, -4, -4, -4, -4, -4, -4, -4]"
bangkai,-3.2,1.0,"[-3, -4, -3, -2, -4, -4, -4, -3, -2, -3]"
defisit,-2.4,1.0,"[-2, -4, -3, -1, -3, -3, -1, -3, -2, -2]"
kelangkan,-2.4,1.0,"[-2, -3, -2, -3, -2, -3, -1, -3, -2, -3]"
tapa-tapa,-2.4,1.0,"[-2, -2, -3, -4, -2, -2, -3, -4, -3, 1]"
semenggah,-4.0,1.0,"[-4, -4, -4, -4, -4, -4, -4, -4, -4, -4]"
terkejar,-4.0,1.0,"[-4, -4, -4, -4, -4, -4, -4, -4, -4, -4]"
baktau,-4.0,1.0,"[-4, -4, -4, -4, -4, -4, -4, -4, -4, -4]"
cacing,-3.2,1.0,"[-2, -4, -4, -3, -4, -4, -3, -3, -2, -3]"
menggabungkan,-2.4,1.0,"[-2, -4, -2, -2, -3, -2, -1, -4, -2, -2]"
uyuh,-2.4,1.0,"[-4, -3, -3, -2, -2, -4, -4, 0, 0, -2]"
pilu,-4.0,1.0,"[-4, -4, -4, -4, -4, -4, -4, -4, -4, -4]"
membaik,-2.4,1.0,"[-3, -3, -2, -4, -1, -4, -2, -2, -1, -2]"
beregu,-2.4,1.0,"[-2, -3, -2, -2, -2, -3, -3, -2, -2, -3]"
cendala,-4.0,1.0,"[-4, -4, -4, -4, -4, -4, -4, -4, -4, -4]"
mengempis,-2.4,1.0,"[-3, -2, -1, 0, -4, -3, -1, -3, -3, -4]"
mengawali,-2.4,1.0,"[-2, -4, -1, -3, -2, -4, -4, 0, -2, -2]"
memanggang,-3.2,1.0,"[-2, -4, -3, -4, -3, -4, -3, -3, -3, -3]"
merukunkan,-2.4,1.0,"[-1, -1, -4, 0, -3, -3, -2, -3, -4, -3]"
bambung,-2.4,1.0,"[-2, -4, -3, -1, -4, -1, -2, -3, -2, -2]"
teperlus,-3.2,1.0,"[-4, -4, -2, -3, -3, -3, -4, -2, -4, -3]"
bandit,-4.0,1.0,"[-4, -4, -4, -4, -4, -4, -4, -4, -4, -4]"
omongan,-3.2,1.0,"[-4, -2, -2, -3, -4, -3, -4, -4, -3, -3]"
menggeleng,-2.4,1.0,"[0, -4, -4, -2, -4, -2, -2, -2, -2, -2]"
celaan,-4.0,1.0,"[-4, -4, -4, -4, -4, -4, -4, -4, -4, -4]"
menyeberang,-2.4,1.0,"[0, -2, -3, -2, -1, -4, -3, -4, -4, -1]"
berpalit-palit,-3.2,1.0,"[-4, -2, -4, -4, -2, -1, -4, -4, -4, -3]"
gaung,-2.4,1.0,"[-2, -2, -3, -3, -3, -4, -2, -2, -1, -2]"
semburan,-3.2,1.0,"[-3, -3, -3, -4, -3, -2, -3, -3, -4, -4]"
menyabung,-2.4,1.0,"[-2, -3, -2, -1, -2, -2, -3, -2, -4, -3]"
lecap,-3.2,1.0,"[-3, -3, -4, -3, -3, -2, -2, -4, -4, -4]"
dapra,-2.4,1.0,"[-2, -2, -1, -2, -2, -3, -2, -3, -4, -3]"
membocorkan,-3.2,1.0,"[-4, -3, -3, -3, -4, -3, -4, -4, -2, -2]"
himpunan,-3.2,1.0,"[-4, -4, -2, -2, -4, -4, -3, -1, -4, -4]"
tersara bara,-4.0,1.0,"[-4, -4, -4, -4, -4, -4, -4, -4, -4, -4]"
banteng,-2.4,1.0,"[-2, -2, -1, -3, -4, -4, -3, -1, -1, -3]"
bergamit,-2.4,1.0,"[-4, -2, -2, -4, -1, -1, -4, -1, -2, -3]"
bersempuras,-2.4,1.0,"[-2, -3, -3, -2, -2, -1, -4, -3, -2, -2]"
mengonyok,-2.4,1.0,"[-3, -1, -3, -4, -2, -2, -3, -1, -4, -1]"
kabinet,-2.4,1.0,"[-2, -3, -3, -2, -3, -2, -1, -3, -3, -2]"
serakan,-2.4,1.0,"[-2, -2, -3, -2, -3, -2, -2, -3, -3, -2]"
maherat,-3.2,1.0,"[-2, -4, -4, -4, -3, -2, -3, -3, -4, -3]"
onak,-3.2,1.0,"[-2, -3, -4, -3, -4, -4, -3, -3, -3, -3]"
kecabuhan,-2.4,1.0,"[-2, -4, -1, -2, -3, -3, -1, -2, -4, -2]"
berkuliah,-3.2,1.0,"[-3, -2, -4, -4, -4, -3, -2, -2, -4, -4]"
merapunkan,-3.2,1.0,"[-3, -4, -4, -4, -4, -2, -3, -4, -2, -2]"
bergosok,-2.4,1.0,"[-2, 0, -3, -2, -3, -1, -3, -3, -4, -3]"
dum,-2.4,1.0,"[-2, -2, -3, -1, -3, -2, -3, -3, -2, -3]"
satire,-2.4,1.0,"[0, -3, -2, -2, -1, -2, -4, -3, -3, -4]"
getap,-3.2,1.0,"[-4, -3, -4, -3, -3, -2, -1, -4, -4, -4]"
terjerumus,-3.2,1.0,"[-4, -4, -4, -3, -3, -3, -4, -1, -3, -3]"
pa,-4.0,1.0,"[-4, -4, -4, -4, -4, -4, -4, -4, -4, -4]"
melulu,-2.4,1.0,"[-2, -2, -2, -3, -4, -3, -3, -2, -1, -2]"
khabis,-2.4,1.0,"[-1, -4, -2, -2, -2, -1, -3, -3, -2, -4]"
mengemukakan,-2.4,1.0,"[-4, -2, -2, -1, -2, -3, -2, -1, -4, -3]"
penyadur,-2.4,1.0,"[-1, -2, -3, -1, -4, -3, -3, -2, -3, -2]"
pangkal kerongkongan,-4.0,1.0,"[-4, -4, -4, -4, -4, -4, -4, -4, -4, -4]"
memasak,-2.4,1.0,"[-3, -2, -4, -2, -1, -3, -2, -3, -2, -2]"
awut,-3.2,1.0,"[-3, -4, -4, -2, -3, -3, -2, -3, -4, -4]"
kronis,-4.0,1.0,"[-4, -4, -4, -4, -4, -4, -4, -4, -4, -4]"
parokial,-2.4,1.0,"[-1, -3, -2, -3, -4, -4, -1, -2, -3, -1]"
cotok,-2.4,1.0,"[-2, -3, -3, -4, -3, -2, -2, -3, -1, -1]"
antun,-2.4,1.0,"[-3, -2, -2, 0, -3, -2, -4, -4, -2, -2]"
kuyu,-4.0,1.0,"[-4, -4, -4, -4, -4, -4, -4, -4, -4, -4]"
udara,-3.2,1.0,"[-3, -3, -3, -4, -3, -3, -3, -3, -4, -3]"
biji buah,-2.4,1.0,"[-1, -2, -3, -4, -3, -4, -2, -2, -1, -2]"
bersuka-sukaan,-2.4,1.0,"[-3, -1, -2, -2, -2, -4, -1, -3, -2, -4]"
memerli,-4.0,1.0,"[-4, -4, -4, -4, -4, -4, -4, -4, -4, -4]"
abon,-3.2,1.0,"[-3, -3, -4, -2, -4, -3, -4, -3, -4, -2]"
dinasti,-2.4,1.0,"[-1, -3, -3, -3, -3, -3, -3, -3, -1, -1]"
mencegah,-4.0,1.0,"[-4, -4, -4, -4, -4, -4, -4, -4, -4, -4]"
beranang,-2.4,1.0,"[-2, -2, -4, -2, -2, -4, -3, -1, -3, -1]"
nanar,-3.2,1.0,"[-3, -2, -4, -4, -2, -4, -4, -4, -2, -3]"
nakal,-4.0,1.0,"[-4, -4, -4, -4, -4, -4, -4, -4, -4, -4]"
mendungas,-2.4,1.0,"[-1, -3, -3, -4, -2, -3, -3, -1, -3, -1]"
muatan,-4.0,1.0,"[-4, -4, -4, -4, -4, -4, -4, -4, -4, -4]"
tertindas,-4.0,1.0,"[-4, -4, -4, -4, -4, -4, -4, -4, -4, -4]"
grip,-3.2,1.0,"[-3, -3, -3, -3, -2, -3, -4, -3, -4, -4]"
berburuk,-3.2,1.0,"[-4, -4, -4, -4, -2, -4, -1, -3, -3, -3]"
huda,-2.4,1.0,"[-2, -3, -2, -1, -3, -4, -4, -2, -3, 0]"
kayangan,-4.0,1.0,"[-4, -4, -4, -4, -4, -4, -4, -4, -4, -4]"
alai-belai,-2.4,1.0,"[-2, -2, -2, -2, -3, -2, -3, -2, -3, -3]"
domba,-2.4,1.0,"[-1, -1, -2, -3, -3, -2, -3, -4, -4, -1]"
menyiksa,-4.0,1.0,"[-4, -4, -4, -4, -4, -4, -4, -4, -4, -4]"
sumpah serapah,-4.0,1.0,"[-4, -4, -4, -4, -4, -4, -4, -4, -4, -4]"
kekotoran,-4.0,1.0,"[-4, -4, -4, -4, -4, -4, -4, -4, -4, -4]"
rim,-2.4,1.0,"[-2, -2, 0, -2, -2, -2, -4, -2, -4, -4]"
cerup,-2.4,1.0,"[-4, -3, -2, -1, -4, -4, -2, -1, 0, -3]"
jotos,-4.0,1.0,"[-4, -4, -4, -4, -4, -4, -4, -4, -4, -4]"
ragam,-3.2,1.0,"[-3, -3, -4, -3, -2, -3, -4, -2, -4, -4]"
menggoyangkan,-3.2,1.0,"[-4, -4, -4, -3, -3, -3, -2, -4, -2, -3]"
geladah,-2.4,1.0,"[-3, -2, -2, -1, -1, -3, -4, -3, -3, -2]"
open,-2.4,1.0,"[-2, -2, -1, -2, -3, -2, -3, -2, -3, -4]"
obsolet,-4.0,1.0,"[-4, -4, -4, -4, -4, -4, -4, -4, -4, -4]"
bengis,-4.0,1.0,"[-4, -4, -4, -4, -4, -4, -4, -4, -4, -4]"
ongkang-ongkang,-3.2,1.0,"[-4, -3, -2, -2, -4, -4, -3, -4, -3, -3]"
anggai,-2.4,1.0,"[-3, -3, -3, -2, -2, -1, -3, -2, -1, -4]"
gemeletek,-3.2,1.0,"[-2, -3, -4, -4, -4, -1, -3, -4, -3, -4]"
memaki,-4.0,1.0,"[-4, -4, -4, -4, -4, -4, -4, -4, -4, -4]"
otak telur,-4.0,1.0,"[-4, -4, -4, -4, -4, -4, -4, -4, -4, -4]"
gering,-4.0,1.0,"[-4, -4, -4, -4, -4, -4, -4, -4, -4, -4]"
memaku,-2.4,1.0,"[-2, -4, -3, -2, -3, 0, -2, -3, -3, -2]"
berpadu,-2.4,1.0,"[-2, -2, -3, -2, -4, -1, -2, -3, -2, -3]"
menelanjangi,-3.2,1.0,"[-2, -4, -4, -3, -4, -2, -4, -3, -2, -4]"
konsistensi,-2.4,1.0,"[-3, -1, -3, -4, -2, -1, -4, -1, -2, -3]"
berakhlak,-3.2,1.0,"[-4, -3, -3, -4, -4, -2, -3, -3, -3, -3]"
pusing keling,-4.0,1.0,"[-4, -4, -4, -4, -4, -4, -4, -4, -4, -4]"
nyanyang,-4.0,1.0,"[-4, -4, -4, -4, -4, -4, -4, -4, -4, -4]"
dekil,-4.0,1.0,"[-4, -4, -4, -4, -4, -4, -4, -4, -4, -4]"
tapak kaki,-2.4,1.0,"[-3, -2, -1, -4, 0, -4, -2, -3, -3, -2]"
cahari,-2.4,1.0,"[-3, -2, -2, -3, -2, -3, -1, -3, -3, -2]"
berpartai,-2.4,1.0,"[-3, -1, -3, -2, 0, -2, -3, -3, -3, -4]"
seluk beluk,-3.2,1.0,"[-4, -4, -2, -4, -3, -2, -2, -4, -3, -4]"
gemblung,-2.4,1.0,"[-3, -2, -3, -3, -3, -2, -1, -3, -2, -2]"
kenyih,-3.2,1.0,"[-4, -3, -4, -2, -3, -4, -1, -3, -4, -4]"
menambus,-3.2,1.0,"[-3, -4, -3, -3, -4, -4, -3, -3, -1, -4]"
bergaduh,-4.0,1.0,"[-4, -4, -4, -4, -4, -4, -4, -4, -4, -4]"
bentrok,-4.0,1.0,"[-4, -4, -4, -4, -4, -4, -4, -4, -4, -4]"
paganisme,-4.0,1.0,"[-4, -4, -4, -4, -4, -4, -4, -4, -4, -4]"
bercintaan,-2.4,1.0,"[-3, -3, -4, -3, -2, -3, -2, -1, -2, -1]"
seko,-2.4,1.0,"[-1, -2, -3, -4, -3, -3, -2, -2, -2, -2]"
gabuk,-3.2,1.0,"[-1, -4, -3, -1, -4, -4, -3, -4, -4, -4]"
tiup-tiup,-2.4,1.0,"[-3, -2, -1, -2, -3, -4, -3, -2, -2, -2]"
berseloroh,-3.2,1.0,"[-4, -3, -4, -4, -2, -3, -3, -3, -2, -4]"
keletah,-2.4,1.0,"[-3, -3, -1, -3, -4, -3, -2, -1, -2, -2]"
sampur,-2.4,1.0,"[-3, -4, -1, -2, -3, -3, -1, -2, -1, -4]"
pameran,-2.4,1.0,"[-1, -3, 0, -2, -3, -3, -2, -3, -3, -4]"
pelaksanaan,-3.2,1.0,"[-3, -4, -3, -2, -3, -4, -3, -3, -4, -3]"
merencah,-3.2,1.0,"[-4, -4, -2, -3, -2, -4, -3, -3, -4, -3]"
mendongkolkan,-4.0,1.0,"[-4, -4, -4, -4, -4, -4, -4, -4, -4, -4]"
sampul,-2.4,1.0,"[-2, -3, -3, -4, -2, -3, -3, -1, -1, -2]"
sampuk,-2.4,1.0,"[-3, -3, -4, -2, -2, -1, -2, -1, -3, -3]"
langis,-4.0,1.0,"[-4, -4, -4, -4, -4, -4, -4, -4, -4, -4]"
cempera,-4.0,1.0,"[-4, -4, -4, -4, -4, -4, -4, -4, -4, -4]"
malapetaka,-4.0,1.0,"[-4, -4, -4, -4, -4, -4, -4, -4, -4, -4]"
ampu,-4.0,1.0,"[-4, -4, -4, -4, -4, -4, -4, -4, -4, -4]"
peluru,-2.4,1.0,"[-3, -2, -3, -2, -2, -2, -4, -2, -2, -2]"
tim,-3.2,1.0,"[-3, -3, -4, -3, -2, -4, -4, -3, -3, -3]"
menyorongkan,-2.4,1.0,"[-3, -2, -3, -2, -2, -2, -4, -2, -3, -1]"
lacur,-4.0,1.0,"[-4, -4, -4, -4, -4, -4, -4, -4, -4, -4]"
mendiskreditkan,-3.2,1.0,"[-1, -2, -4, -2, -4, -4, -4, -4, -3, -4]"
kendatipun,-2.4,1.0,"[-2, -2, -3, -2, -3, -1, -3, -3, -2, -3]"
pasak,-3.2,1.0,"[-3, -4, -1, -3, -4, -3, -4, -4, -4, -2]"
berkolusi,-4.0,1.0,"[-4, -4, -4, -4, -4, -4, -4, -4, -4, -4]"
izin,-3.2,1.0,"[-3, -4, -4, -4, -3, -4, -3, -2, -3, -2]"
garib,-3.2,1.0,"[-3, -3, -4, -4, -3, -1, -4, -3, -4, -3]"
menghirup,-2.4,1.0,"[-4, 0, -3, -3, -1, -4, -2, -2, -3, -2]"
mendebarkan,-3.2,1.0,"[-2, -3, -4, -3, -4, -3, -4, -3, -4, -2]"
panji-panji,-2.4,1.0,"[-2, -4, -2, -1, -2, -2, -3, -3, -3, -2]"
berengsaan,-3.2,1.0,"[-3, -3, -4, -4, -2, -3, -4, -4, -2, -3]"
guyon,-3.2,1.0,"[-4, -3, -4, -3, -2, -4, -3, -3, -2, -4]"
butek,-2.4,1.0,"[-1, -4, -1, -4, -2, -3, 0, -3, -4, -2]"
menyamakan,-2.4,1.0,"[-3, -3, -2, -3, -4, -1, -1, -2, -3, -2]"
meremang,-2.4,1.0,"[-4, -2, -3, -2, -2, -3, -3, -2, -1, -2]"
bertapakkan,-3.2,1.0,"[-4, -2, -4, -3, -4, -3, -2, -4, -4, -2]"
kolaps,-4.0,1.0,"[-4, -4, -4, -4, -4, -4, -4, -4, -4, -4]"
bengap,-2.4,1.0,"[-1, -4, -2, -2, -4, -1, -4, -2, -2, -2]"
menyabot,-2.4,1.0,"[-3, -3, -3, -1, -2, -3, -2, -2, -3, -2]"
menekan,-2.4,1.0,"[-3, -3, -2, -3, -3, 0, -1, -3, -3, -3]"
kecipir,-2.4,1.0,"[-3, -4, -1, -1, -2, -3, -2, -2, -3, -3]"
bertentangan,-3.2,1.0,"[-2, -4, -3, -3, -4, -4, -3, -4, -2, -3]"
dwiganda,-2.4,1.0,"[-3, -4, -3, -4, -2, -3, -2, -1, 0, -2]"
bergaung,-2.4,1.0,"[-3, -1, -2, -3, -2, -3, -3, -3, 0, -4]"
keaiban,-4.0,1.0,"[-4, -4, -4, -4, -4, -4, -4, -4, -4, -4]"
meruak,-3.2,1.0,"[-4, -3, -4, -4, -3, -3, -2, -1, -4, -4]"
teknik,-3.2,1.0,"[-3, -3, -4, -4, -3, -3, -4, -2, -2, -4]"
khalwat,-2.4,1.0,"[-1, -2, -3, -3, -3, -3, -4, -1, -3, -1]"
wasit,-2.4,1.0,"[-3, -3, -2, -4, -2, -1, -3, -3, -1, -2]"
menampik,-3.2,1.0,"[-4, -3, -4, -2, -3, -3, -3, -2, -4, -4]"
ke-tidakjelasan,-4.0,1.0,"[-4, -4, -4, -4, -4, -4, -4, -4, -4, -4]"
empang,-2.4,1.0,"[-3, 0, -3, -3, -4, -1, -3, -1, -3, -3]"
berganggang,-2.4,1.0,"[-3, -3, -4, -2, -2, -2, -2, -2, -3, -1]"
pengukuhan,-2.4,1.0,"[-3, -4, -3, -3, -2, -2, -2, -1, -3, -1]"
menggunting,-2.4,1.0,"[-4, -2, -2, -3, -4, -2, -1, -2, -2, -2]"
jelukan,-2.4,1.0,"[-4, -2, -1, -3, -3, -2, -2, -1, -4, -2]"
pretel,-3.2,1.0,"[-3, -1, -3, -3, -4, -4, -2, -4, -4, -4]"
intimidasi,-4.0,1.0,"[-4, -4, -4, -4, -4, -4, -4, -4, -4, -4]"
hadang,-4.0,1.0,"[-4, -4, -4, -4, -4, -4, -4, -4, -4, -4]"
penyepit,-2.4,1.0,"[-4, -3, -1, -3, -3, -3, -2, -1, 0, -4]"
mencerup,-2.4,1.0,"[-4, -3, -1, -1, -2, -2, -3, -2, -2, -4]"
jariji,-3.2,1.0,"[-3, -3, -3, -4, -3, -3, -4, -4, -2, -3]"
penghukuman arestasi,-2.4,1.0,"[-2, -3, -1, -3, -3, -2, -2, -2, -3, -3]"
mendidis,-3.2,1.0,"[-1, -3, -4, -4, -3, -4, -3, -4, -3, -3]"
mendidih,-2.4,1.0,"[-3, -1, -2, -4, -3, -3, -3, -2, -2, -1]"
membabat,-3.2,1.0,"[-4, -3, -3, -3, -3, -2, -4, -3, -3, -4]"
bersendi,-3.2,1.0,"[-3, -3, -3, -4, -4, -3, -4, -3, -2, -3]"
bukat,-3.2,1.0,"[-4, -3, -4, -4, -4, -3, -2, -4, -2, -2]"
sunam,-2.4,1.0,"[-1, -1, -3, -4, -2, -4, -2, -3, -2, -2]"
pengotoran,-3.2,1.0,"[-4, -3, -3, -4, -3, -4, -4, -3, -3, -1]"
garis,-2.4,1.0,"[-3, -2, -2, -2, 0, -4, -4, -2, -3, -2]"
mengejutkan,-2.4,1.0,"[-2, -2, -2, -1, -3, -2, -3, -3, -3, -3]"
menanggulangi,-4.0,1.0,"[-4, -4, -4, -4, -4, -4, -4, -4, -4, -4]"
tertubruk,-3.2,1.0,"[-4, -4, -4, -3, -2, -2, -3, -2, -4, -4]"
kukul,-2.4,1.0,"[-1, 0, -4, -3, -3, -2, -3, -3, -3, -2]"
jembatan,-3.2,1.0,"[-3, -4, -2, -3, -3, -4, -4, -4, -1, -4]"
sambaran,-2.4,1.0,"[-3, -2, -1, -1, -3, -2, -3, -4, -2, -3]"
begana-begini,-3.2,1.0,"[-4, -3, -4, -2, -3, -4, -3, -4, -2, -3]"
hantam kromo,-3.2,1.0,"[-4, -4, -3, -4, -2, -4, -4, -3, -2, -2]"
anda,-3.2,1.0,"[-3, -3, -3, -3, -4, -3, -4, -3, -3, -3]"
babil,-3.2,1.0,"[-4, -4, -2, -4, -3, -4, -3, -3, -2, -3]"
berpuaka,-2.4,1.0,"[-4, -3, -3, -2, -1, -1, -1, -3, -3, -3]"
mengazabkan,-2.4,1.0,"[-1, -3, -3, -2, -2, -3, -2, -2, -3, -3]"
pikat,-3.2,1.0,"[-4, -3, -4, -2, -2, -3, -4, -2, -4, -4]"
melaknat,-4.0,1.0,"[-4, -4, -4, -4, -4, -4, -4, -4, -4, -4]"
berpura-pura,-3.2,1.0,"[-4, -3, -3, -3, -4, -2, -4, -3, -3, -3]"
lungkang,-3.2,1.0,"[-3, -4, -3, -4, -4, -3, -2, -1, -4, -4]"
bercura,-3.2,1.0,"[-3, -3, -4, -3, -4, -2, -3, -4, -2, -4]"
kasim,-3.2,1.0,"[-3, -4, -4, -3, -3, -4, -3, -4, -2, -2]"
meloya,-3.2,1.0,"[-3, -3, -3, -4, -4, -4, -2, -3, -2, -4]"
membembam,-3.2,1.0,"[-4, -4, -3, -4, -3, -3, -1, -4, -3, -3]"
mengedut,-4.0,1.0,"[-4, -4, -4, -4, -4, -4, -4, -4, -4, -4]"
bertelimpuh,-2.4,1.0,"[-3, -2, -1, -4, -2, -2, -3, -3, -2, -2]"
cobaan,-4.0,1.0,"[-4, -4, -4, -4, -4, -4, -4, -4, -4, -4]"
hengkang,-3.2,1.0,"[-4, -4, -4, -4, 0, -4, -2, -3, -3, -4]"
akreditasi,-2.4,1.0,"[-3, -3, -4, -2, -3, -1, -1, -3, -1, -3]"
leler,-3.2,1.0,"[-1, -3, -4, -4, -4, -1, -4, -4, -4, -3]"
senior,-2.4,1.0,"[-3, -3, -3, -2, -3, 0, -2, -4, -2, -2]"
menindas,-4.0,1.0,"[-4, -4, -4, -4, -4, -4, -4, -4, -4, -4]"
dompleng,-2.4,1.0,"[-2, -3, -3, -3, -2, -2, -2, -3, -2, -2]"
dahiat,-4.0,1.0,"[-4, -4, -4, -4, -4, -4, -4, -4, -4, -4]"
menyemak,-4.0,1.0,"[-4, -4, -4, -4, -4, -4, -4, -4, -4, -4]"
menggeligis,-3.2,1.0,"[-4, -1, -4, -2, -4, -3, -4, -2, -4, -4]"
minimal,-2.4,1.0,"[-1, -4, -2, -1, -2, -2, -3, -3, -3, -3]"
menggarit,-2.4,1.0,"[-3, -2, -2, -1, -4, -2, -3, -2, -2, -3]"
haru biru,-4.0,1.0,"[-4, -4, -4, -4, -4, -4, -4, -4, -4, -4]"
cempung,-3.2,1.0,"[-3, -2, -2, -4, -4, -4, -4, -4, -2, -3]"
memadatkan,-2.4,1.0,"[-1, -3, -3, -2, -2, -2, -3, -3, -2, -3]"
parlemen,-2.4,1.0,"[-1, -3, -4, 0, -4, -3, -4, 0, -3, -2]"
tanggungan,-2.4,1.0,"[-1, -3, -4, -3, -3, -1, -3, -3, -3, 0]"
ceruk,-2.4,1.0,"[-2, -2, -3, -1, -4, -2, -2, -2, -4, -2]"
talenan,-4.0,1.0,"[-4, -4, -4, -4, -4, -4, -4, -4, -4, -4]"
odoh,-4.0,1.0,"[-4, -4, -4, -4, -4, -4, -4, -4, -4, -4]"
budek,-2.4,1.0,"[-1, -2, -2, -2, -3, -4, -2, -3, -4, -1]"
jaruman,-4.0,1.0,"[-4, -4, -4, -4, -4, -4, -4, -4, -4, -4]"
barbar,-4.0,1.0,"[-4, -4, -4, -4, -4, -4, -4, -4, -4, -4]"
tampuk,-2.4,1.0,"[-1, -4, -3, -1, -3, -3, -3, -1, -3, -2]"
sobek,-2.4,1.0,"[0, -3, -3, -4, -3, -2, -3, -3, 0, -3]"
berperang hati,-3.2,1.0,"[-4, -4, -2, -3, -4, -4, -4, -2, -2, -3]"
tidak,-4.0,1.0,"[-4, -4, -4, -4, -4, -4, -4, -4, -4, -4]"
kebingungan,-2.4,1.0,"[-3, -2, -1, -3, -3, -3, 0, -2, -3, -4]"
peniti,-3.2,1.0,"[-3, -4, -4, -3, -4, -3, -3, -2, -2, -4]"
munding,-2.4,1.0,"[-2, -2, -1, -3, -3, -2, -3, -4, -1, -3]"
letup,-2.4,1.0,"[-3, -2, -2, -2, -3, -2, -2, -2, -3, -3]"
letus,-3.2,1.0,"[-4, -3, -3, -3, -4, -3, -2, -4, -2, -4]"
modar,-4.0,1.0,"[-4, -4, -4, -4, -4, -4, -4, -4, -4, -4]"
berduyun-duyun,-2.4,1.0,"[-4, -3, -3, -3, -2, -1, 0, -2, -3, -3]"
menengking,-4.0,1.0,"[-4, -4, -4, -4, -4, -4, -4, -4, -4, -4]"
mengayun,-2.4,1.0,"[-4, -2, -3, -2, -1, -3, -3, -3, -2, -1]"
menempel,-2.4,1.0,"[-3, -3, -3, -1, -1, -3, -2, -2, -3, -3]"
singkat akal,-2.4,1.0,"[-3, -4, 0, -3, -4, -3, 0, -1, -2, -4]"
menyalak,-2.4,1.0,"[-2, -2, -2, -2, -3, -3, -4, -2, -2, -2]"
kebun,-3.2,1.0,"[-3, -4, -4, -4, -3, -4, -2, -3, -3, -2]"
penyanggah,-3.2,1.0,"[-3, -4, -2, -2, -4, -3, -3, -3, -4, -4]"
ziarah,-3.2,1.0,"[-3, -3, -3, -4, -4, -3, -1, -3, -4, -4]"
menggilas,-3.2,1.0,"[-3, -2, -4, -4, -3, -2, -4, -3, -4, -3]"
selektif,-2.4,1.0,"[-4, -2, -4, -3, -2, -2, 0, -4, -1, -2]"
anak cucu,-2.4,1.0,"[-3, -3, -1, -2, -4, -1, -3, -2, -3, -2]"
bergelegak,-2.4,1.0,"[-2, -3, -2, -3, -2, -3, -2, -3, -1, -3]"
muntup,-2.4,1.0,"[-3, -3, -4, -1, 0, -2, -3, -4, -1, -3]"
berbadan dua,-2.4,1.0,"[0, -2, -1, -4, -4, -3, -3, -1, -3, -3]"
mengudak,-3.2,1.0,"[-4, -4, -4, -3, -2, -3, -4, -3, -2, -3]"
alahan,-2.4,1.0,"[-3, -3, -3, -1, -3, -1, -3, -3, -1, -3]"
kekerasan,-3.2,1.0,"[-2, -3, -4, -4, -3, -1, -4, -3, -4, -4]"
kelamin,-2.4,1.0,"[-4, -1, -2, -3, -1, -4, -2, -3, -2, -2]"
mengoyok,-3.2,1.0,"[-4, -4, -4, -3, -2, -4, -3, -4, -2, -2]"
gelung,-2.4,1.0,"[-4, -2, -2, -3, -2, -2, -3, -3, -2, -1]"
berongga,-2.4,1.0,"[-3, -3, -3, -2, -3, -2, -3, -2, -2, -1]"
kelengar,-3.2,1.0,"[-4, -4, -4, -3, -4, -4, -1, -3, -3, -2]"
lopak-lapik,-3.2,1.0,"[-4, -4, -4, -3, -4, -2, -2, -4, -1, -4]"
mariyuana,-2.4,1.0,"[-3, -4, -3, -2, -4, 0, -3, 0, -3, -2]"
mahkamah,-2.4,1.0,"[-2, -4, -2, -2, -2, -1, -3, -2, -3, -3]"
bertaburan,-4.0,1.0,"[-4, -4, -4, -4, -4, -4, -4, -4, -4, -4]"
terjerohok,-3.2,1.0,"[-3, -1, -2, -4, -4, -4, -3, -4, -3, -4]"
ringkik,-2.4,1.0,"[-3, -2, -3, -3, -2, -2, -2, -2, -2, -3]"
caba,-3.2,1.0,"[-3, -4, -2, -4, -4, -3, -4, -2, -3, -3]"
tenggarang,-3.2,1.0,"[-3, -4, -3, -3, -3, -4, -3, -4, -3, -2]"
mengembus,-3.2,1.0,"[-4, -4, -4, -4, -4, -2, -2, -3, -3, -2]"
kobaran,-2.4,1.0,"[-3, -1, -3, -4, -2, -3, -2, -3, -2, -1]"
menggelingsir,-2.4,1.0,"[-1, -2, -1, -2, -3, -4, -3, -3, -4, -1]"
leduk,-3.2,1.0,"[-2, -4, -4, -4, -3, -3, -3, -4, -2, -3]"
serengit,-3.2,1.0,"[-4, -4, -4, -3, -3, -2, -4, -3, -3, -2]"
sentilan,-4.0,1.0,"[-4, -4, -4, -4, -4, -4, -4, -4, -4, -4]"
menggelinyau,-2.4,1.0,"[-1, -3, -2, -3, -3, -4, -3, -3, -1, -1]"
menggondol,-4.0,1.0,"[-4, -4, -4, -4, -4, -4, -4, -4, -4, -4]"
kelimut,-2.4,1.0,"[-4, -3, -4, 0, -1, -3, -4, -3, -1, -1]"
gorong-gorong,-3.2,1.0,"[-3, -4, -3, -4, -3, -4, -3, -3, -2, -3]"
aksa,-3.2,1.0,"[-3, -2, -3, -4, -4, -4, -3, -4, -2, -3]"
berdengus,-2.4,1.0,"[-1, -3, -4, -4, -2, -2, -1, -2, -2, -3]"
serik,-2.4,1.0,"[-3, -2, -2, -2, -4, -1, -1, -4, -4, -1]"
otak ayam,-4.0,1.0,"[-4, -4, -4, -4, -4, -4, -4, -4, -4, -4]"
membegal,-4.0,1.0,"[-4, -4, -4, -4, -4, -4, -4, -4, -4, -4]"
pengingkaran,-2.4,1.0,"[-2, -3, -3, -3, -4, -2, -1, -2, -2, -2]"
grup,-3.2,1.0,"[-3, -3, -2, -4, -4, -4, -4, -3, -3, -2]"
meruntun,-4.0,1.0,"[-4, -4, -4, -4, -4, -4, -4, -4, -4, -4]"
ua,-3.2,1.0,"[-4, -1, -3, -3, -4, -3, -3, -4, -3, -4]"
semua,-2.4,1.0,"[-3, -4, 0, -2, -1, -4, -3, -2, -2, -3]"
uber,-2.4,1.0,"[-2, -3, -2, -2, -3, -3, -2, -2, -2, -3]"
hinaan cacian,-4.0,1.0,"[-4, -4, -4, -4, -4, -4, -4, -4, -4, -4]"
benah hati,-2.4,1.0,"[-3, -1, -4, -2, -2, -2, -3, -1, -3, -3]"
luncas,-2.4,1.0,"[-4, -2, -2, -1, -2, -2, -2, -2, -4, -3]"
pengecoh,-3.2,1.0,"[-4, -4, -2, -4, -4, -4, -3, -2, -2, -3]"
syak,-2.4,1.0,"[-1, -1, -2, -3, -3, -3, -1, -3, -4, -3]"
bergumam,-2.4,1.0,"[-4, -3, -3, -2, -2, -3, -3, -1, -2, -1]"
bimbang,-4.0,1.0,"[-4, -4, -4, -4, -4, -4, -4, -4, -4, -4]"
tengkoh,-2.4,1.0,"[-2, -2, -3, -2, -3, -4, -2, -2, -3, -1]"
mengorup,-4.0,1.0,"[-4, -4, -4, -4, -4, -4, -4, -4, -4, -4]"
cura,-2.4,1.0,"[-4, -2, -4, -2, -2, -2, -2, -1, -3, -2]"
pranatal,-2.4,1.0,"[-4, -3, -3, 0, 0, -3, -4, -2, -2, -3]"
berkerubung,-3.2,1.0,"[-4, -2, -4, -3, -3, -3, -3, -3, -4, -3]"
sepit,-2.4,1.0,"[-1, -2, -3, -3, -1, -2, -3, -3, -3, -3]"
uras,-2.4,1.0,"[-2, -1, -3, -4, -2, -4, -2, -3, -2, -1]"
beradu mulut,-3.2,1.0,"[-3, -3, -4, -4, -2, -4, -3, -3, -3, -3]"
boleh juga,-2.4,1.0,"[-1, -1, -2, -3, -1, -3, -3, -4, -4, -2]"
kulak,-2.4,1.0,"[-2, -3, -2, -2, -3, 0, -4, -3, -3, -2]"
bergerombol,-3.2,1.0,"[-4, -4, -4, -3, -3, -2, -4, -4, -1, -3]"
invalid,-4.0,1.0,"[-4, -4, -4, -4, -4, -4, -4, -4, -4, -4]"
yang,-4.0,1.0,"[-4, -4, -4, -4, -4, -4, -4, -4, -4, -4]"
besi tua,-3.2,1.0,"[-4, -3, -4, -3, -3, -2, -3, -4, -3, -3]"
brokat,-3.2,1.0,"[-4, -3, -4, -2, -3, -4, -2, -4, -4, -2]"
bercempera,-4.0,1.0,"[-4, -4, -4, -4, -4, -4, -4, -4, -4, -4]"
menggagalkan,-2.4,1.0,"[-2, -2, -3, -2, -3, -1, -3, -3, -2, -3]"
menilai,-3.2,1.0,"[-3, -4, -3, -2, -4, -4, -2, -4, -4, -2]"
khatimah,-2.4,1.0,"[-3, -2, -1, -2, -2, -3, -2, -2, -4, -3]"
argumen,-3.2,1.0,"[-4, -1, -2, -4, -4, -2, -3, -4, -4, -4]"
keropok,-2.4,1.0,"[-1, -4, -3, -3, -2, -3, -1, -3, -2, -2]"
draw,-2.4,1.0,"[-3, -2, -3, -1, -3, -1, -3, -3, -3, -2]"
terkuak,-4.0,1.0,"[-4, -4, -4, -4, -4, -4, -4, -4, -4, -4]"
beramuk,-3.2,1.0,"[-3, -3, -3, -3, -3, -3, -3, -3, -4, -4]"
membeslah,-3.2,1.0,"[-3, -4, -3, -4, -4, -3, -2, -2, -3, -4]"
cacing pita,-3.2,1.0,"[-4, -3, -2, -3, -4, -3, -2, -4, -4, -3]"
lelung,-2.4,1.0,"[-3, -2, -3, -4, -2, -2, -3, -4, -1, 0]"
tubuh,-3.2,1.0,"[0, -3, -4, -4, -3, -4, -4, -3, -4, -3]"
batang,-3.2,1.0,"[-3, -4, -3, -2, -4, -3, -4, -3, -2, -4]"
beol,-4.0,1.0,"[-4, -4, -4, -4, -4, -4, -4, -4, -4, -4]"
caruk,-3.2,1.0,"[-4, -4, -1, -2, -4, -4, -4, -4, -2, -3]"
mencengkam,-3.2,1.0,"[-4, -3, -4, -3, -2, -3, -3, -4, -2, -4]"
berbanding,-2.4,1.0,"[-3, -3, -2, -2, -4, -1, -2, -3, -2, -2]"
carut,-4.0,1.0,"[-4, -4, -4, -4, -4, -4, -4, -4, -4, -4]"
sipongang,-2.4,1.0,"[-4, -3, -2, -2, 0, -3, -2, -2, -3, -3]"
membajak,-4.0,1.0,"[-4, -4, -4, -4, -4, -4, -4, -4, -4, -4]"
info,-2.4,1.0,"[-3, -3, -1, -2, -2, -4, -3, -1, -3, -2]"
ladang,-3.2,1.0,"[-4, -4, -3, -3, -2, -4, -4, -3, -4, -1]"
awur,-3.2,1.0,"[-4, -4, -3, -3, -2, -4, -3, -4, -2, -3]"
aiku,-4.0,1.0,"[-4, -4, -4, -4, -4, -4, -4, -4, -4, -4]"
berkhianat,-4.0,1.0,"[-4, -4, -4, -4, -4, -4, -4, -4, -4, -4]"
pasokan,-2.4,1.0,"[-2, -4, -3, -2, -2, -3, -1, -2, -3, -2]"
bergoyah,-3.2,1.0,"[-1, -4, -4, -4, -3, -2, -3, -4, -3, -4]"
menuntut,-2.4,1.0,"[-3, -2, -2, -3, -3, -3, -3, -2, -2, -1]"
cengger,-2.4,1.0,"[-1, -3, -1, -2, -2, -2, -3, -4, -3, -3]"
timpuk,-4.0,1.0,"[-4, -4, -4, -4, -4, -4, -4, -4, -4, -4]"
centang,-4.0,1.0,"[-4, -4, -4, -4, -4, -4, -4, -4, -4, -4]"
cacing palolo,-3.2,1.0,"[-4, -4, -3, -3, -3, -4, -1, -4, -3, -3]"
balik gagang,-4.0,1.0,"[-4, -4, -4, -4, -4, -4, -4, -4, -4, -4]"
cacing hitadid,-3.2,1.0,"[-2, -4, -4, -2, -3, -4, -3, -4, -3, -3]"
berlipat ganda,-2.4,1.0,"[-3, -1, -3, -1, -2, -2, -4, -2, -2, -4]"
melandai,-2.4,1.0,"[-2, -3, -1, -3, -3, 0, -3, -3, -2, -4]"
berkeping-keping,-4.0,1.0,"[-4, -4, -4, -4, -4, -4, -4, -4, -4, -4]"
mengagak-agak,-2.4,1.0,"[-1, -4, -3, -3, -1, -3, -2, -1, -2, -4]"
jalan layang,-3.2,1.0,"[-3, -2, -4, -4, -3, -4, -3, -4, -1, -4]"
gamat,-4.0,1.0,"[-4, -4, -4, -4, -4, -4, -4, -4, -4, -4]"
terkocok,-2.4,1.0,"[-3, -2, -3, 0, -3, -3, -1, -4, -2, -3]"
bentak,-4.0,1.0,"[-4, -4, -4, -4, -4, -4, -4, -4, -4, -4]"
berumpun,-2.4,1.0,"[-2, -2, -2, -4, -2, -2, -3, -3, -3, -1]"
bentan,-3.2,1.0,"[-3, -4, -3, -2, -4, -3, -2, -4, -3, -4]"
ngeang,-3.2,1.0,"[-4, -2, -4, -3, -3, -4, -4, -3, -3, -2]"
kematian,-4.0,1.0,"[-4, -4, -4, -4, -4, -4, -4, -4, -4, -4]"
miskin,-4.0,1.0,"[-4, -4, -4, -4, -4, -4, -4, -4, -4, -4]"
kesuraman,-4.0,1.0,"[-4, -4, -4, -4, -4, -4, -4, -4, -4, -4]"
pekuk,-2.4,1.0,"[-4, -2, -3, -2, -3, -3, 1, -2, -4, -2]"
praduga,-2.4,1.0,"[-3, -2, -3, -2, -4, -3, -3, -2, -1, -1]"
merejeng,-2.4,1.0,"[-4, -2, -2, -2, -2, -2, -4, -1, -4, -1]"
berbiak,-2.4,1.0,"[-2, -2, -4, -1, -1, -4, -2, -1, -4, -3]"
trayek,-3.2,1.0,"[-3, -3, -4, -4, -4, -3, -3, -4, -2, -2]"
arik,-2.4,1.0,"[-3, -4, -1, -2, -2, -3, -4, -1, -2, -2]"
mewakili,-2.4,1.0,"[-2, -1, -1, -3, -4, -2, -3, -2, -3, -3]"
implikasi,-2.4,1.0,"[-2, -1, -4, -3, -3, -3, -2, -2, -2, -2]"
terpulang,-2.4,1.0,"[-3, -3, -3, -3, -3, -1, -1, -2, -2, -3]"
memosisikan,-4.0,1.0,"[-4, -4, -4, -4, -4, -4, -4, -4, -4, -4]"
demonstrasi,-2.4,1.0,"[-3, -1, -4, -2, -3, -1, -2, -2, -4, -2]"
mengambang,-4.0,1.0,"[-4, -4, -4, -4, -4, -4, -4, -4, -4, -4]"
kepenatan,-3.2,1.0,"[-3, -3, -2, -4, -4, -4, -2, -4, -3, -3]"
kekecewaan,-2.4,1.0,"[0, -4, -3, 0, -1, -4, -4, -3, -2, -3]"
caci maki,-4.0,1.0,"[-4, -4, -4, -4, -4, -4, -4, -4, -4, -4]"
menangkal,-3.2,1.0,"[-4, -4, -4, -4, -4, -3, -3, -3, 0, -3]"
membandingkan,-2.4,1.0,"[-3, -3, -2, -2, -3, -1, -3, -3, -4, 0]"
travesti,-4.0,1.0,"[-4, -4, -4, -4, -4, -4, -4, -4, -4, -4]"
memangku,-2.4,1.0,"[-2, -1, -3, -3, -2, -4, -4, -2, -1, -2]"
fatal,-4.0,1.0,"[-4, -4, -4, -4, -4, -4, -4, -4, -4, -4]"
celih,-3.2,1.0,"[-3, -3, -4, -4, -2, -3, -4, -3, -2, -4]"
manasuka,-3.2,1.0,"[-4, -3, -4, -3, -3, -4, -2, -2, -3, -4]"
perang mulut,-4.0,1.0,"[-4, -4, -4, -4, -4, -4, -4, -4, -4, -4]"
peradam,-4.0,1.0,"[-4, -4, -4, -4, -4, -4, -4, -4, -4, -4]"
bertasyakur,-3.2,1.0,"[-3, -4, -3, -3, -3, -4, -3, -2, -4, -3]"
goyang,-3.2,1.0,"[-3, -3, -2, -3, -4, -4, -4, -3, -4, -2]"
menyayung,-3.2,1.0,"[-2, -3, -3, -3, -3, -4, -4, -4, -4, -2]"
embah,-2.4,1.0,"[-2, -1, -3, -4, 0, -4, -3, -2, -2, -3]"
sabil,-3.2,1.0,"[-4, -4, -3, -3, -4, -2, -4, -3, -4, -1]"
terpuruk,-3.2,1.0,"[-4, -2, -3, -4, -4, -1, -3, -3, -4, -4]"
manifestasi,-2.4,1.0,"[-3, -1, -1, -1, -3, -3, -4, -2, -3, -3]"
pembarut,-2.4,1.0,"[-2, -3, -4, -3, -3, -2, -2, 0, -3, -2]"
memantang,-3.2,1.0,"[-3, -4, -3, -2, -4, -4, -3, -4, -2, -3]"
sabit,-2.4,1.0,"[-3, -3, -2, -3, -3, -4, -2, -1, -1, -2]"
bahaya,-4.0,1.0,"[-4, -4, -4, -4, -4, -4, -4, -4, -4, -4]"
berbohong,-3.2,1.0,"[-4, -2, -4, -3, -1, -4, -4, -4, -3, -3]"
menaklukkan,-3.2,1.0,"[-2, -3, -3, -2, -4, -4, -3, -4, -3, -4]"
mengoleng,-2.4,1.0,"[-4, -1, -2, -4, -2, -2, -2, -3, -2, -2]"
beloon,-2.4,1.0,"[-2, -2, -1, -3, -1, -2, -1, -4, -4, -4]"
terkam,-3.2,1.0,"[-4, -3, -3, -4, -3, -3, -3, -2, -3, -4]"
horor,-4.0,1.0,"[-4, -4, -4, -4, -4, -4, -4, -4, -4, -4]"
lutu,-3.2,1.0,"[-4, -3, -4, -3, -4, -1, -4, -3, -2, -4]"
suka hati,-2.4,1.0,"[0, -2, -3, -3, -3, -2, -3, -1, -4, -3]"
bantar,-3.2,1.0,"[-4, -4, -1, -4, -4, -3, -4, -4, -3, -1]"
akut,-4.0,1.0,"[-4, -4, -4, -4, -4, -4, -4, -4, -4, -4]"
mengikhtisarkan,-2.4,1.0,"[-2, -2, 0, -2, -3, -3, -2, -4, -3, -3]"
terguncang,-2.4,1.0,"[-1, -2, -3, -2, -4, -2, -2, -3, -3, -2]"
tanggul,-2.4,1.0,"[-3, -3, -2, -2, -1, -2, -4, -2, -3, -2]"
usak,-2.4,1.0,"[-2, -4, -4, -2, -3, -2, -4, -1, 0, -2]"
serampangan,-4.0,1.0,"[-4, -4, -4, -4, -4, -4, -4, -4, -4, -4]"
presentasi,-2.4,1.0,"[-4, 0, -3, -3, -3, -1, -3, -2, -2, -3]"
kikis,-4.0,1.0,"[-4, -4, -4, -4, -4, -4, -4, -4, -4, -4]"
comblang,-4.0,1.0,"[-4, -4, -4, -4, -4, -4, -4, -4, -4, -4]"
jalang,-3.2,1.0,"[-2, -1, -4, -3, -2, -4, -4, -4, -4, -4]"
menghasut,-3.2,1.0,"[-2, -3, -4, -3, -4, -4, -3, -4, -1, -4]"
polusi,-3.2,1.0,"[-4, -4, -3, -1, -4, -4, -4, -3, -2, -3]"
sumarah,-3.2,1.0,"[-3, -2, -4, -3, -3, -4, -4, -4, -3, -2]"
seleder,-4.0,1.0,"[-4, -4, -4, -4, -4, -4, -4, -4, -4, -4]"
buncah,-4.0,1.0,"[-4, -4, -4, -4, -4, -4, -4, -4, -4, -4]"
yunior,-3.2,1.0,"[-4, -2, -4, -4, -1, -3, -4, -4, -3, -3]"
korup,-4.0,1.0,"[-4, -4, -4, -4, -4, -4, -4, -4, -4, -4]"
kabil,-3.2,1.0,"[-4, -1, -3, -3, -4, -4, -4, -4, -2, -3]"
kapuk,-2.4,1.0,"[-3, -3, -2, -2, -2, -2, -3, -4, -2, -1]"
fosil,-3.2,1.0,"[-4, -3, -4, -3, -2, -4, -4, -2, -3, -3]"
puaka,-3.2,1.0,"[-3, -3, -4, -4, -4, -3, -3, -3, -3, -2]"
ogel,-3.2,1.0,"[-1, -4, -4, -4, -3, -4, -2, -2, -4, -4]"
kecaman,-4.0,1.0,"[-4, -4, -4, -4, -4, -4, -4, -4, -4, -4]"
biji mata,-2.4,1.0,"[-1, -4, -1, -3, -1, -2, -3, -3, -4, -2]"
berbisa,-4.0,1.0,"[-4, -4, -4, -4, -4, -4, -4, -4, -4, -4]"
purbasangka,-2.4,1.0,"[-3, -4, -1, -2, -1, -2, -4, -3, -2, -2]"
soal jawab,-2.4,1.0,"[-1, -3, -2, -2, -2, -3, -4, -1, -3, -3]"
kafe,-3.2,1.0,"[-3, -4, -2, -3, -4, -3, -4, -2, -3, -4]"
menampakkan diri,-2.4,1.0,"[-2, -3, -1, -1, -3, -4, -3, -1, -3, -3]"
kecapan,-3.2,1.0,"[-4, -3, -4, -2, -3, -4, -2, -4, -3, -3]"
jarum,-3.2,1.0,"[-3, -4, -4, -1, -4, -4, -4, -2, -2, -4]"
awut-awutan,-4.0,1.0,"[-4, -4, -4, -4, -4, -4, -4, -4, -4, -4]"
terjepit,-3.2,1.0,"[-4, -3, -3, -4, -2, -3, -4, -4, -3, -2]"
tugal,-3.2,1.0,"[-4, -2, -3, -3, -4, -2, -3, -4, -3, -4]"
kicik,-2.4,1.0,"[-3, -3, -2, -3, -3, -2, -3, 0, -2, -3]"
bermesraan,-2.4,1.0,"[-1, -2, -2, -3, -3, -4, -2, -4, -2, -1]"
gelopak,-3.2,1.0,"[-2, -4, -2, -3, -4, -4, -2, -3, -4, -4]"
mendapati,-3.2,1.0,"[-3, -4, -2, -3, -3, -4, -3, -3, -3, -4]"
kekhawatiran,-3.2,1.0,"[-2, -4, -2, -4, -3, -3, -4, -4, -2, -4]"
peretel,-3.2,1.0,"[-4, -4, -4, -2, -4, -2, -4, -3, -2, -3]"
ngotot,-3.2,1.0,"[-4, -2, -3, -4, -2, -4, -4, -3, -4, -2]"
tutur kata,-3.2,1.0,"[-4, -4, -2, -2, -2, -4, -2, -4, -4, -4]"
karangan,-3.2,1.0,"[-3, -3, -4, -4, -4, -4, -2, -2, -3, -3]"
bilik,-2.4,1.0,"[-4, 0, -4, -3, -2, -2, -2, -2, -2, -3]"
pertentangan,-4.0,1.0,"[-4, -4, -4, -4, -4, -4, -4, -4, -4, -4]"
tumbang vertikal,-2.4,1.0,"[-2, -4, -4, -1, -2, -3, -1, -1, -2, -4]"
tersusul,-2.4,1.0,"[-3, -1, -2, -3, -2, -2, -1, -4, -4, -2]"
ikat rambut,-3.2,1.0,"[-3, -4, -3, -4, -4, -4, -2, -2, -3, -3]"
berperai-perai,-4.0,1.0,"[-4, -4, -4, -4, -4, -4, -4, -4, -4, -4]"
meleja,-4.0,1.0,"[-4, -4, -4, -4, -4, -4, -4, -4, -4, -4]"
mencebur,-4.0,1.0,"[-4, -4, -4, -4, -4, -4, -4, -4, -4, -4]"
ketenangan,-3.2,1.0,"[-3, -3, -2, -4, -3, -4, -3, -4, -3, -3]"
manggak,-4.0,1.0,"[-4, -4, -4, -4, -4, -4, -4, -4, -4, -4]"
menengkar,-4.0,1.0,"[-4, -4, -4, -4, -4, -4, -4, -4, -4, -4]"
getun,-3.2,1.0,"[-4, -4, -4, -2, -2, -4, -3, -1, -4, -4]"
si polan,-2.4,1.0,"[-4, -2, -2, -2, -3, -3, -3, -2, -3, 0]"
burai,-4.0,1.0,"[-4, -4, -4, -4, -4, -4, -4, -4, -4, -4]"
tengku,-3.2,1.0,"[-2, -3, -4, -4, -4, -3, -3, -3, -3, -3]"
kecantol,-2.4,1.0,"[-1, -3, -2, -3, -3, -2, -3, -3, -3, -1]"
bala bencana,-4.0,1.0,"[-4, -4, -4, -4, -4, -4, -4, -4, -4, -4]"
menceng,-3.2,1.0,"[-2, -1, -4, -4, -2, -3, -4, -4, -4, -4]"
berceloteh,-3.2,1.0,"[-4, -4, -3, -4, -2, -4, -3, -4, -3, -1]"
sesat pusat,-3.2,1.0,"[-3, -4, -1, -3, -3, -3, -4, -4, -4, -3]"
bendoro,-3.2,1.0,"[-3, -4, -3, -4, -2, -3, -4, -2, -3, -4]"
menipu,-2.4,1.0,"[-3, -1, -3, -2, -2, -4, -2, -1, -3, -3]"
aksioma,-2.4,1.0,"[-3, -2, -2, -4, -1, -4, -1, -2, -2, -3]"
ekor,-2.4,1.0,"[-1, -2, -3, 0, -2, -4, -3, -4, -4, -1]"
broker,-2.4,1.0,"[-2, -2, -2, -4, -2, -2, -3, -3, -3, -1]"
berwarna,-2.4,1.0,"[-4, -2, -1, -1, -3, -4, -2, -3, -1, -3]"
mencerkau,-3.2,1.0,"[-3, -2, -4, -4, -4, -1, -3, -4, -4, -3]"
terempas,-4.0,1.0,"[-4, -4, -4, -4, -4, -4, -4, -4, -4, -4]"
ganda,-2.4,1.0,"[-2, -3, -1, -1, -3, -4, -4, -2, -2, -2]"
mengejar,-3.2,1.0,"[-2, -2, -3, -4, -3, -3, -4, -4, -3, -4]"
tua bangka,-2.4,1.0,"[-3, -2, -4, -3, -2, -1, -3, -3, -3, 0]"
walau,-2.4,1.0,"[-3, -3, -2, -3, -3, -2, -1, -2, -1, -4]"
penggali,-3.2,1.0,"[-3, -3, -4, -4, -4, -4, -3, -2, -3, -2]"
daki,-3.2,1.0,"[-4, -4, -3, -3, -3, -4, -3, -4, -2, -2]"
pembudayaan,-4.0,1.0,"[-4, -4, -4, -4, -4, -4, -4, -4, -4, -4]"
bulan-bulanan,-3.2,1.0,"[-3, -4, -4, -4, -3, -3, -2, -2, -3, -4]"
menyesalkan,-4.0,1.0,"[-4, -4, -4, -4, -4, -4, -4, -4, -4, -4]"
menghancurluluhkan,-3.2,1.0,"[-3, -4, -3, -4, -4, -2, -4, -3, -2, -3]"
bahtera,-2.4,1.0,"[-2, -3, -1, -1, -2, -3, -4, -3, -2, -3]"
jiplak,-2.4,1.0,"[-2, -3, -3, -2, -2, -2, -3, -1, -3, -3]"
dedemit,-3.2,1.0,"[-3, -3, -4, -4, -3, -2, -4, -3, -3, -3]"
pembelit,-2.4,1.0,"[-3, -2, -4, -2, -4, -3, 0, -1, -2, -3]"
janggal,-3.2,1.0,"[-4, -3, -4, -4, -1, -3, -4, -3, -3, -3]"
bertingkuh,-3.2,1.0,"[-4, -2, -2, -4, -3, -4, -3, -4, -2, -4]"
menaruh syak,-2.4,1.0,"[-2, -3, -1, -1, -1, -3, -3, -4, -3, -3]"
kepincangan,-3.2,1.0,"[-3, -4, -4, -3, -3, -1, -4, -3, -4, -3]"
meraut,-2.4,1.0,"[-4, -3, -2, -2, -3, -4, -2, -1, -2, -1]"
berdesakan,-2.4,1.0,"[-4, -2, -2, -1, -3, -1, -3, -4, -2, -2]"
penghalang,-4.0,1.0,"[-4, -4, -4, -4, -4, -4, -4, -4, -4, -4]"
penis,-4.0,1.0,"[-4, -4, -4, -4, -4, -4, -4, -4, -4, -4]"
urgen,-3.2,1.0,"[-2, -3, -3, -3, -4, -3, -3, -4, -3, -4]"
memidana,-2.4,1.0,"[-2, -2, -3, -2, -3, -1, -3, -1, -4, -3]"
badai,-3.2,1.0,"[-4, -3, -3, -4, -3, -4, -2, -3, -4, -2]"
seringing,-3.2,1.0,"[-4, -3, -3, -3, -4, -2, -4, -3, -4, -2]"
jajah,-4.0,1.0,"[-4, -4, -4, -4, -4, -4, -4, -4, -4, -4]"
anak bukit,-3.2,1.0,"[-4, -1, -4, -2, -4, -3, -4, -3, -3, -4]"
merisak,-3.2,1.0,"[-1, -4, -3, -4, -4, -3, -3, -4, -4, -2]"
redang,-3.2,1.0,"[-3, -3, -4, -3, -3, -4, -4, -4, -2, -2]"
salak,-2.4,1.0,"[-3, -4, -1, -4, -2, -3, -1, -4, -1, -1]"
ancai,-4.0,1.0,"[-4, -4, -4, -4, -4, -4, -4, -4, -4, -4]"
menyawar,-4.0,1.0,"[-4, -4, -4, -4, -4, -4, -4, -4, -4, -4]"
terambau,-4.0,1.0,"[-4, -4, -4, -4, -4, -4, -4, -4, -4, -4]"
berhujah,-3.2,1.0,"[-3, -2, -3, -3, -3, -3, -4, -4, -3, -4]"
wejangan,-2.4,1.0,"[-2, -3, -1, -4, -2, -4, -2, -3, -1, -2]"
sosi,-4.0,1.0,"[-4, -4, -4, -4, -4, -4, -4, -4, -4, -4]"
gembol,-3.2,1.0,"[-3, -2, -3, -4, -4, -3, -3, -4, -3, -3]"
sirkuler,-2.4,1.0,"[-3, -2, -2, -3, -3, -2, -2, -2, -3, -2]"
timah panas,-2.4,1.0,"[-3, -4, -1, -3, -2, -4, -2, -2, -1, -2]"
aru-aru,-3.2,1.0,"[-2, -4, -4, -4, -4, -3, -2, -3, -4, -2]"
amat sangat,-2.4,1.0,"[-2, -4, -1, -4, -2, -3, 0, -3, -2, -3]"
menukik,-3.2,1.0,"[-3, -2, -4, -4, -4, -4, -3, -4, -1, -3]"
lorong,-3.2,1.0,"[-4, -4, -4, -1, -1, -3, -3, -4, -4, -4]"
mempertaruhkan,-2.4,1.0,"[-4, -2, -2, -3, -2, -3, -1, -2, -3, -2]"
roda,-4.0,1.0,"[-4, -4, -4, -4, -4, -4, -4, -4, -4, -4]"
daras,-4.0,1.0,"[-4, -4, -4, -4, -4, -4, -4, -4, -4, -4]"
menggadaikan,-2.4,1.0,"[-3, -3, -3, -2, -2, -3, -2, 0, -4, -2]"
sudu,-2.4,1.0,"[-2, -2, -2, -2, -2, -2, -4, -3, -2, -3]"
jeran,-2.4,1.0,"[-2, -4, -3, -2, -2, -1, -1, -2, -4, -3]"
memegat,-2.4,1.0,"[-3, -2, -3, -2, -2, -3, 0, -3, -4, -2]"
menegangkan,-3.2,1.0,"[-4, -3, -3, -4, -4, -3, -2, -2, -3, -4]"
slip,-4.0,1.0,"[-4, -4, -4, -4, -4, -4, -4, -4, -4, -4]"
menjerit,-2.4,1.0,"[-2, -2, -4, -2, -4, 1, -1, -4, -3, -3]"
hisap,-2.4,1.0,"[-3, -4, -2, -1, -3, -2, -2, -2, -3, -2]"
terpojok,-3.2,1.0,"[-3, -4, -3, -2, -3, -4, -4, -3, -2, -4]"
silu,-4.0,1.0,"[-4, -4, -4, -4, -4, -4, -4, -4, -4, -4]"
pentung-pentungan,-3.2,1.0,"[-4, -3, -3, -4, -4, -2, -1, -4, -3, -4]"
deraan,-4.0,1.0,"[-4, -4, -4, -4, -4, -4, -4, -4, -4, -4]"
talas,-2.4,1.0,"[-3, -1, 0, -4, -2, -3, -4, -2, -3, -2]"
menggebos,-4.0,1.0,"[-4, -4, -4, -4, -4, -4, -4, -4, -4, -4]"
berdusta,-3.2,1.0,"[-3, -3, -2, -4, -4, -4, -2, -4, -3, -3]"
cuai,-3.2,1.0,"[-3, -4, -4, -4, -3, -4, -2, -3, -3, -2]"
berpencaran,-2.4,1.0,"[-3, -2, -4, -3, 0, -1, -3, -3, -3, -2]"
menjelek-jelekkan,-3.2,1.0,"[-4, -4, -4, -3, -4, -2, -3, -4, -2, -2]"
sepenuhnya,-2.4,1.0,"[-2, -4, -3, -2, -2, -1, -2, -4, -1, -3]"
tedak,-3.2,1.0,"[-2, -3, -3, -4, -4, -2, -2, -4, -4, -4]"
pales,-3.2,1.0,"[-3, -4, -3, -4, -2, -3, -2, -4, -4, -3]"
mendesak,-3.2,1.0,"[-2, -4, -4, -4, -3, -3, -3, -3, -3, -3]"
menggempur,-3.2,1.0,"[-2, -4, -3, -2, -3, -4, -4, -3, -3, -4]"
rintik,-2.4,1.0,"[-2, -2, -4, -3, -3, -3, -3, 0, -2, -2]"
solokan,-3.2,1.0,"[-4, -3, -3, -2, -2, -4, -3, -3, -4, -4]"
brengsek,-4.0,1.0,"[-4, -4, -4, -4, -4, -4, -4, -4, -4, -4]"
menggaduhkan,-3.2,1.0,"[-4, -4, -3, -3, -4, -3, -4, -2, -3, -2]"
hawa,-3.2,1.0,"[-2, -3, -4, -1, -4, -4, -4, -2, -4, -4]"
sulalah,-2.4,1.0,"[-3, -4, 0, -3, -3, -3, -3, -2, -1, -2]"
membatasi,-2.4,1.0,"[-3, -4, -4, -3, -1, -2, -1, 0, -3, -3]"
ranyah,-4.0,1.0,"[-4, -4, -4, -4, -4, -4, -4, -4, -4, -4]"
menjunam,-3.2,1.0,"[-4, -4, -1, -3, -3, -4, -3, -4, -3, -3]"
terjang,-2.4,1.0,"[-2, -3, -2, -2, -2, -2, -2, -4, -3, -2]"
alkisah,-3.2,1.0,"[-4, -2, -4, -4, -2, -4, -2, -3, -4, -3]"
merandu,-3.2,1.0,"[-4, -2, -4, -4, -3, -4, -2, -2, -4, -3]"
gulana,-3.2,1.0,"[-4, -4, -2, -4, -2, -2, -3, -3, -4, -4]"
kromatis,-2.4,1.0,"[-2, -3, -4, -4, -3, -1, -2, -3, -1, -1]"
belaian,-2.4,1.0,"[-2, -3, -1, -3, -2, -3, -3, -1, -3, -3]"
menggigih,-3.2,1.0,"[-2, -3, -4, -3, -4, -2, -4, -2, -4, -4]"
obral,-2.4,1.0,"[-1, -2, -1, -1, -3, -2, -3, -4, -4, -3]"
bergurau senda,-3.2,1.0,"[-4, -4, -4, -3, -3, -3, -4, -2, -2, -3]"
batal,-4.0,1.0,"[-4, -4, -4, -4, -4, -4, -4, -4, -4, -4]"
batas,-2.4,1.0,"[-2, -1, -2, -4, -4, -2, -3, -2, -3, -1]"
gegetun,-3.2,1.0,"[-3, -3, -4, -3, -4, -2, -3, -4, -3, -3]"
menggali-gali,-3.2,1.0,"[-3, -3, -3, -4, -3, -3, -3, -3, -4, -3]"
berawan,-2.4,1.0,"[-3, -3, -3, -3, -1, -2, -3, -1, -2, -3]"
cecap,-4.0,1.0,"[-4, -4, -4, -4, -4, -4, -4, -4, -4, -4]"
melepek,-3.2,1.0,"[-3, -4, -3, -3, -3, -3, -3, -3, -3, -4]"
pegal hati,-3.2,1.0,"[-2, -4, -3, -4, -4, -2, -2, -4, -4, -3]"
wedus,-2.4,1.0,"[-2, -2, -4, -2, -1, -3, -3, -3, -3, -1]"
penyangga,-2.4,1.0,"[-3, -1, -3, -2, -2, -2, -3, -2, -3, -3]"
penyertifikatan,-3.2,1.0,"[-2, -4, -4, -2, -3, -1, -4, -4, -4, -4]"
butut,-4.0,1.0,"[-4, -4, -4, -4, -4, -4, -4, -4, -4, -4]"
rendah,-4.0,1.0,"[-4, -4, -4, -4, -4, -4, -4, -4, -4, -4]"
memerusa,-3.2,1.0,"[-3, -4, -3, -3, -1, -4, -3, -4, -4, -3]"
ciuman,-2.4,1.0,"[-2, -2, -3, -2, -3, -2, -2, -3, -1, -4]"
plongah-plongoh,-2.4,1.0,"[-3, -2, -3, -3, -3, -3, -2, -1, -2, -2]"
penanggalan,-3.2,1.0,"[-2, -4, -2, -4, -2, -3, -4, -4, -4, -3]"
wawa,-2.4,1.0,"[-3, -3, -4, -1, -1, -1, -2, -3, -2, -4]"
beradu lidah,-2.4,1.0,"[-2, -1, -3, -4, -4, -2, -1, -3, -1, -3]"
memorakporandakan,-2.4,1.0,"[-1, -2, -3, -2, -3, -3, -2, -4, -2, -2]"
butuh,-4.0,1.0,"[-4, -4, -4, -4, -4, -4, -4, -4, -4, -4]"
murka,-3.2,1.0,"[-3, -3, -2, -3, -3, -4, -4, -3, -3, -4]"
mengandung,-2.4,1.0,"[-2, -4, -2, -2, -2, -2, -3, -2, -3, -2]"
dungu,-4.0,1.0,"[-4, -4, -4, -4, -4, -4, -4, -4, -4, -4]"
terlulur,-2.4,1.0,"[-1, -1, -3, -3, -4, -3, -3, -1, -2, -3]"
kelati,-2.4,1.0,"[-1, -3, -3, -2, -3, -2, -3, -4, -1, -2]"
menuju,-3.2,1.0,"[-3, -3, -3, -4, -2, -4, -4, -3, -4, -2]"
menjamin,-4.0,1.0,"[-4, -4, -4, -4, -4, -4, -4, -4, -4, -4]"
engkau,-3.2,1.0,"[-2, -4, -4, -3, -4, -2, -3, -3, -3, -4]"
mencempung,-3.2,1.0,"[-1, -4, -3, -3, -4, -4, -4, -4, -2, -3]"
perantara,-3.2,1.0,"[-2, -3, -3, -4, -4, -1, -4, -4, -3, -4]"
buhuk,-3.2,1.0,"[-4, -3, -4, -3, -4, -3, -2, -4, -3, -2]"
semprotan,-4.0,1.0,"[-4, -4, -4, -4, -4, -4, -4, -4, -4, -4]"
bergosokan,-2.4,1.0,"[-3, -3, -2, -3, -2, -3, -1, 0, -4, -3]"
lindap,-2.4,1.0,"[-1, -2, -4, -1, -3, -1, -2, -4, -4, -2]"
sungguhpun,-2.4,1.0,"[-1, -2, -3, -4, -3, -3, -2, -3, -1, -2]"
auta,-3.2,1.0,"[-4, -2, -2, -3, -1, -4, -4, -4, -4, -4]"
harap-harap,-4.0,1.0,"[-4, -4, -4, -4, -4, -4, -4, -4, -4, -4]"
geretan,-3.2,1.0,"[-4, -4, -2, -3, -4, -3, -3, -3, -3, -3]"
ingar,-4.0,1.0,"[-4, -4, -4, -4, -4, -4, -4, -4, -4, -4]"
labuda,-2.4,1.0,"[-2, -4, -3, -3, -1, -2, -2, -2, -4, -1]"
nihil,-3.2,1.0,"[-4, -3, -3, -3, -2, -4, -3, -3, -3, -4]"
selokan,-3.2,1.0,"[-2, -3, -2, -4, -2, -4, -4, -3, -4, -4]"
juru damai,-2.4,1.0,"[-3, -3, -3, 0, 0, -4, -2, -4, -3, -2]"
berhantaran,-4.0,1.0,"[-4, -4, -4, -4, -4, -4, -4, -4, -4, -4]"
kelesuan,-4.0,1.0,"[-4, -4, -4, -4, -4, -4, -4, -4, -4, -4]"
suram,-4.0,1.0,"[-4, -4, -4, -4, -4, -4, -4, -4, -4, -4]"
titian,-3.2,1.0,"[-3, -4, -4, -4, -2, -3, -4, -2, -4, -2]"
surah,-3.2,1.0,"[-2, -4, -3, -4, -3, -4, -3, -3, -3, -3]"
menghukumkan,-2.4,1.0,"[-2, -2, -3, -2, -3, -3, -3, -2, -2, -2]"
amburadul,-4.0,1.0,"[-4, -4, -4, -4, -4, -4, -4, -4, -4, -4]"
ceceran,-2.4,1.0,"[-1, -2, -2, -2, -4, -4, -2, -3, -2, -2]"
mencoret,-2.4,1.0,"[-4, -2, -1, -3, -2, -2, -2, -2, -3, -3]"
buang air,-4.0,1.0,"[-4, -4, -4, -4, -4, -4, -4, -4, -4, -4]"
pemerasan,-3.2,1.0,"[-1, -3, -4, -4, -3, -4, -4, -4, -3, -2]"
mencekuh,-2.4,1.0,"[-2, -3, -2, -1, -3, -3, -3, -3, -2, -2]"
langka,-4.0,1.0,"[-4, -4, -4, -4, -4, -4, -4, -4, -4, -4]"
riang gembira,-2.4,1.0,"[-3, -3, -3, 0, -4, -3, -2, -2, -2, -2]"
ambalan,-3.2,1.0,"[-4, -4, -3, -3, -4, -3, -1, -4, -3, -3]"
mengentak,-2.4,1.0,"[-1, -3, -4, -2, -3, -3, -1, -2, -2, -3]"
keributan,-4.0,1.0,"[-4, -4, -4, -4, -4, -4, -4, -4, -4, -4]"
terhambat,-3.2,1.0,"[-4, -4, -2, -3, -4, -2, -2, -3, -4, -4]"
tentu,-2.4,1.0,"[-3, -2, -3, -2, -2, -2, -3, -3, -1, -3]"
menodai,-4.0,1.0,"[-4, -4, -4, -4, -4, -4, -4, -4, -4, -4]"
berguyub,-2.4,1.0,"[-2, -2, -3, -3, -3, -2, -1, -3, -3, -2]"
cerai-berai,-4.0,1.0,"[-4, -4, -4, -4, -4, -4, -4, -4, -4, -4]"
randek,-2.4,1.0,"[-3, -2, -2, -1, -2, -4, -1, -3, -3, -3]"
lerak,-3.2,1.0,"[-4, -3, -4, -4, -4, -3, -2, -2, -3, -3]"
banal,-2.4,1.0,"[-4, -2, 0, -3, -3, -4, -2, -2, -2, -2]"
bogem,-4.0,1.0,"[-4, -4, -4, -4, -4, -4, -4, -4, -4, -4]"
kritik,-4.0,1.0,"[-4, -4, -4, -4, -4, -4, -4, -4, -4, -4]"
penyekutuan (allah),-4.0,1.0,"[-4, -4, -4, -4, -4, -4, -4, -4, -4, -4]"
menir,-3.2,1.0,"[-3, -3, -3, -4, -4, -2, -4, -3, -3, -3]"
menerjunkan,-4.0,1.0,"[-4, -4, -4, -4, -4, -4, -4, -4, -4, -4]"
kehampaan,-2.4,1.0,"[-2, -1, -2, -2, -3, -2, -4, -3, -2, -3]"
menyangkak,-4.0,1.0,"[-4, -4, -4, -4, -4, -4, -4, -4, -4, -4]"
menggelisahi,-3.2,1.0,"[-3, -4, -4, -4, -4, -2, -3, -3, -2, -3]"
ladah,-4.0,1.0,"[-4, -4, -4, -4, -4, -4, -4, -4, -4, -4]"
calit,-4.0,1.0,"[-4, -4, -4, -4, -4, -4, -4, -4, -4, -4]"
terlanggar,-3.2,1.0,"[-2, -3, -4, -4, -3, -3, -4, -4, -3, -2]"
bertumbangan,-2.4,1.0,"[-3, -3, -3, -3, -3, -2, -2, -3, -2, 0]"
mengeruh,-2.4,1.0,"[-2, -3, -3, -1, -3, -2, -4, -1, -3, -2]"
menginjeksi,-2.4,1.0,"[-4, -2, -2, -2, -2, 0, -2, -4, -3, -3]"
bangang,-2.4,1.0,"[-3, -2, -3, -1, -2, -4, -4, -1, -3, -1]"
tunjangan,-2.4,1.0,"[-2, -2, -2, -3, -3, -2, -2, -2, -3, -3]"
residivis,-4.0,1.0,"[-4, -4, -4, -4, -4, -4, -4, -4, -4, -4]"
kritis,-4.0,1.0,"[-4, -4, -4, -4, -4, -4, -4, -4, -4, -4]"
bersekutu,-4.0,1.0,"[-4, -4, -4, -4, -4, -4, -4, -4, -4, -4]"
terperuk,-3.2,1.0,"[-3, -4, -4, -4, -3, -3, -3, -4, -3, -1]"
lajat,-4.0,1.0,"[-4, -4, -4, -4, -4, -4, -4, -4, -4, -4]"
berlinang,-2.4,1.0,"[-2, -2, -1, -4, -2, -2, -3, -2, -3, -3]"
celonok,-2.4,1.0,"[-2, -2, -2, -1, -2, -4, -3, -1, -4, -3]"
bertamu,-3.2,1.0,"[-3, -4, -3, -3, -4, -2, -4, -3, -4, -2]"
kaus,-3.2,1.0,"[-4, -4, -3, -3, -4, -4, -3, -1, -3, -3]"
membuncahkan,-3.2,1.0,"[-2, -1, -3, -4, -4, -3, -4, -3, -4, -4]"
kewalahan,-2.4,1.0,"[-2, -2, -3, -3, -3, -3, -3, -1, -3, -1]"
kernyih,-3.2,1.0,"[-3, -3, -4, -4, -2, -4, -4, -1, -3, -4]"
mudik,-2.4,1.0,"[-3, 0, -3, -2, -3, -3, -4, -3, -2, -1]"
melankoli,-4.0,1.0,"[-4, -4, -4, -4, -4, -4, -4, -4, -4, -4]"
hardikan,-4.0,1.0,"[-4, -4, -4, -4, -4, -4, -4, -4, -4, -4]"
kanak-kanak anyir,-2.4,1.0,"[-4, -2, -3, -2, -1, -1, -3, -4, -2, -2]"
menimbang,-2.4,1.0,"[-2, -2, -3, -2, -4, -3, -3, -1, -2, -2]"
menyatu,-3.2,1.0,"[-3, -3, -4, -3, -4, -3, -3, -4, -3, -2]"
meragu,-3.2,1.0,"[-4, -3, -4, -4, -3, -3, -3, -4, -2, -2]"
berdasarkan,-3.2,1.0,"[-4, -3, -4, -1, -2, -4, -3, -4, -3, -4]"
mencirit,-4.0,1.0,"[-4, -4, -4, -4, -4, -4, -4, -4, -4, -4]"
lungse,-3.2,1.0,"[-3, -4, -4, -4, -2, -3, -2, -3, -3, -4]"
cerabah,-4.0,1.0,"[-4, -4, -4, -4, -4, -4, -4, -4, -4, -4]"
orang halus,-3.2,1.0,"[-4, -3, -4, -4, -3, -3, -3, -2, -3, -3]"
bufer,-2.4,1.0,"[-2, -2, -3, -2, -3, -4, -2, -2, -2, -2]"
mengabar,-4.0,1.0,"[-4, -4, -4, -4, -4, -4, -4, -4, -4, -4]"
kerajaan,-2.4,1.0,"[-2, -1, -4, -2, -4, -2, -2, -3, -2, -2]"
buas,-4.0,1.0,"[-4, -4, -4, -4, -4, -4, -4, -4, -4, -4]"
belit,-2.4,1.0,"[-3, -3, -3, -3, -3, -2, -2, -1, -3, -1]"
tertanam,-4.0,1.0,"[-4, -4, -4, -4, -4, -4, -4, -4, -4, -4]"
sajen,-3.2,1.0,"[-3, -3, -2, -4, -4, -2, -4, -4, -4, -2]"
anak penak,-2.4,1.0,"[-1, -2, -1, -4, -1, -3, -2, -4, -3, -3]"
liplap,-2.4,1.0,"[-1, -4, -2, -3, -3, -2, -3, -1, -2, -3]"
kocok,-2.4,1.0,"[-4, -1, 0, -2, -3, -3, -1, -3, -4, -3]"
cacian,-4.0,1.0,"[-4, -4, -4, -4, -4, -4, -4, -4, -4, -4]"
zat pemabuk,-2.4,1.0,"[-4, -2, -1, -4, -1, -1, -2, -3, -2, -4]"
gamak,-3.2,1.0,"[-3, -3, -2, -3, -4, -4, -4, -2, -4, -3]"
retas,-2.4,1.0,"[-2, -1, -3, -3, -4, -2, -3, -3, -1, -2]"
pariwara,-2.4,1.0,"[-3, -1, -2, -3, -3, -3, -2, -2, -1, -4]"
gamam,-3.2,1.0,"[-3, -2, -2, -3, -3, -4, -4, -4, -3, -4]"
aru,-4.0,1.0,"[-4, -4, -4, -4, -4, -4, -4, -4, -4, -4]"
menyedot,-2.4,1.0,"[-2, -3, -1, -3, -2, -3, -2, -3, -3, -2]"
adegan,-3.2,1.0,"[-4, -3, -3, -3, -2, -4, -3, -3, -3, -4]"
capak,-3.2,1.0,"[-4, -3, -4, -4, -1, -2, -4, -3, -4, -3]"
kufur,-4.0,1.0,"[-4, -4, -4, -4, -4, -4, -4, -4, -4, -4]"
kerbau,-2.4,1.0,"[-4, -3, -3, -2, -2, -1, -4, -2, 0, -3]"
bercak,-4.0,1.0,"[-4, -4, -4, -4, -4, -4, -4, -4, -4, -4]"
lumer,-2.4,1.0,"[-2, -2, -1, -2, -4, -2, -2, -3, -4, -2]"
menyirapkan,-3.2,1.0,"[-2, -3, -3, -4, -4, -4, -2, -4, -3, -3]"
menyelak,-3.2,1.0,"[-4, -3, -2, -2, -4, -4, -3, -4, -2, -4]"
vagina,-3.2,1.0,"[-2, -3, -4, -3, -3, -3, -4, -3, -3, -4]"
ulasan pers,-2.4,1.0,"[-2, -3, 0, -4, 0, -4, -3, -3, -3, -2]"
gulung tikar,-4.0,1.0,"[-4, -4, -4, -4, -4, -4, -4, -4, -4, -4]"
mengabsorpsi,-2.4,1.0,"[-3, -3, -2, -2, -3, -1, -3, -2, -2, -3]"
cabik,-2.4,1.0,"[-3, -3, -4, -1, -3, -1, -3, -2, -3, -1]"
kelatahan,-4.0,1.0,"[-4, -4, -4, -4, -4, -4, -4, -4, -4, -4]"
berpuak-puak,-3.2,1.0,"[-4, -3, -4, -2, -3, -4, -4, -3, -2, -3]"
memberhentikan,-4.0,1.0,"[-4, -4, -4, -4, -4, -4, -4, -4, -4, -4]"
mengekol,-2.4,1.0,"[-3, -1, -2, -3, -3, -4, -1, -3, -3, -1]"
seladang,-2.4,1.0,"[-4, -3, -1, -4, -2, -1, -3, -2, -2, -2]"
ihwal,-3.2,1.0,"[-2, -3, -4, -4, -3, -4, -3, -3, -3, -3]"
gohong,-2.4,1.0,"[-2, -3, -3, -1, -2, -3, -2, -2, -3, -3]"
mengubur,-2.4,1.0,"[0, -3, -4, -2, -3, -3, -4, -2, -2, -1]"
amandel,-4.0,1.0,"[-4, -4, -4, -4, -4, -4, -4, -4, -4, -4]"
kepetangan,-2.4,1.0,"[-4, -3, -1, -2, -2, -2, -1, -3, -3, -3]"
berpasangan,-2.4,1.0,"[-2, -2, -3, -1, -2, -3, -3, -2, -3, -3]"
kelompang,-2.4,1.0,"[-4, -1, -2, -3, -2, -1, -1, -3, -4, -3]"
berteraskan,-3.2,1.0,"[-3, -2, -2, -4, -4, -3, -3, -3, -4, -4]"
udi,-4.0,1.0,"[-4, -4, -4, -4, -4, -4, -4, -4, -4, -4]"
tilas,-2.4,1.0,"[-4, -2, -2, -2, -3, -1, -4, -2, -1, -3]"
sakit-sakitan,-3.2,1.0,"[-4, -4, -1, -4, -3, -3, -4, -4, -3, -2]"
asal-asalan,-4.0,1.0,"[-4, -4, -4, -4, -4, -4, -4, -4, -4, -4]"
hampa,-4.0,1.0,"[-4, -4, -4, -4, -4, -4, -4, -4, -4, -4]"
pembendung,-2.4,1.0,"[-4, -1, -2, -3, -2, -1, -3, -2, -4, -2]"
melenyapkan,-4.0,1.0,"[-4, -4, -4, -4, -4, -4, -4, -4, -4, -4]"
timburu,-4.0,1.0,"[-4, -4, -4, -4, -4, -4, -4, -4, -4, -4]"
menampel,-2.4,1.0,"[-3, -1, -3, -3, -2, -2, -3, -1, -3, -3]"
tepian mata,-2.4,1.0,"[-3, -1, -1, -3, -2, -2, -2, -3, -4, -3]"
menangap,-4.0,1.0,"[-4, -4, -4, -4, -4, -4, -4, -4, -4, -4]"
sediaan,-2.4,1.0,"[-3, -1, -2, -2, -4, -2, -3, -3, -1, -3]"
paralelogram,-3.2,1.0,"[-4, -4, -3, -2, -2, -4, -2, -3, -4, -4]"
labrak,-3.2,1.0,"[-3, -2, -3, -3, -3, -3, -3, -4, -4, -4]"
unam,-2.4,1.0,"[-2, -3, -4, -2, -3, -2, -1, -2, -3, -2]"
cema,-4.0,1.0,"[-4, -4, -4, -4, -4, -4, -4, -4, -4, -4]"
idap,-4.0,1.0,"[-4, -4, -4, -4, -4, -4, -4, -4, -4, -4]"
perban,-2.4,1.0,"[-1, -2, -3, -4, -2, -2, -2, -3, -2, -3]"
lipat dua,-2.4,1.0,"[-1, -2, -4, -3, -3, -1, -4, -2, -2, -2]"
boksen,-4.0,1.0,"[-4, -4, -4, -4, -4, -4, -4, -4, -4, -4]"
pijat-pijat,-4.0,1.0,"[-4, -4, -4, -4, -4, -4, -4, -4, -4, -4]"
menyabung (nyawa),-2.4,1.0,"[-4, -3, -3, -3, -1, -1, -2, -3, -2, -2]"
pampat,-4.0,1.0,"[-4, -4, -4, -4, -4, -4, -4, -4, -4, -4]"
minhaj,-3.2,1.0,"[-4, -2, -4, -2, -3, -3, -4, -4, -2, -4]"
defekasi,-4.0,1.0,"[-4, -4, -4, -4, -4, -4, -4, -4, -4, -4]"
abdi negara,-2.4,1.0,"[-2, -4, -2, -2, -2, -2, -2, -3, -3, -2]"
lalat hijau,-4.0,1.0,"[-4, -4, -4, -4, -4, -4, -4, -4, -4, -4]"
membawat,-4.0,1.0,"[-4, -4, -4, -4, -4, -4, -4, -4, -4, -4]"
mengirap,-2.4,1.0,"[-1, -2, -3, -2, -2, -1, -3, -4, -3, -3]"
asah,-2.4,1.0,"[-1, -4, -3, -3, -2, -4, -1, -3, -2, -1]"
menolok,-2.4,1.0,"[-3, -3, -2, -4, -1, -1, -3, -2, -1, -4]"
beranak cucu,-2.4,1.0,"[-1, -2, -1, -3, -1, -2, -3, -3, -4, -4]"
perlina,-2.4,1.0,"[-3, -1, -2, -2, -2, -2, -4, -1, -4, -3]"
mil,-2.4,1.0,"[-2, -4, -2, -4, -2, -1, -2, -1, -2, -4]"
terban,-3.2,1.0,"[-3, -2, -4, -3, -4, -3, -4, -2, -3, -4]"
pengesahan,-2.4,1.0,"[-1, -3, -2, -4, -3, -1, -3, -3, -3, -1]"
anglo,-3.2,1.0,"[-3, -3, -4, -3, -4, -3, -2, -3, -4, -3]"
membongkar,-3.2,1.0,"[-3, -4, -4, -4, -4, -3, -1, -4, -2, -3]"
krista,-3.2,1.0,"[-4, -4, -4, -4, -4, -4, -2, -2, -1, -3]"
hitam,-3.2,1.0,"[-4, -2, -3, -4, -4, -3, -1, -4, -3, -4]"
blobor,-2.4,1.0,"[-1, -2, -2, -2, -4, -3, -2, -3, -2, -3]"
merampus,-4.0,1.0,"[-4, -4, -4, -4, -4, -4, -4, -4, -4, -4]"
jari,-3.2,1.0,"[-3, -3, -4, -1, -4, -3, -4, -3, -4, -3]"
menghembalang,-2.4,1.0,"[-2, -4, -3, -3, 0, -4, -2, -2, -3, -1]"
destar,-3.2,1.0,"[-4, -2, -4, -4, -4, -3, -3, -3, -3, -2]"
mencekak,-3.2,1.0,"[-3, -3, -3, -2, -3, -4, -3, -4, -3, -4]"
cemburu,-4.0,1.0,"[-4, -4, -4, -4, -4, -4, -4, -4, -4, -4]"
resonansi,-2.4,1.0,"[-2, -2, -2, -3, -4, -1, -3, -2, -3, -2]"
gurun,-2.4,1.0,"[-4, -1, -3, -1, -2, -3, -2, -3, -2, -3]"
tumpul,-2.4,1.0,"[-2, -2, -3, -1, -2, -3, -2, -3, -3, -3]"
induk semang,-3.2,1.0,"[-3, -4, -4, -2, -4, -3, -3, -3, -4, -2]"
bergerombolan berkawanan,-3.2,1.0,"[-3, -2, -4, -2, -4, -3, -4, -3, -3, -4]"
kepala udang,-2.4,1.0,"[-3, -2, -2, -4, -4, -2, -1, -3, -2, -1]"
pancaran,-2.4,1.0,"[-3, -3, -2, -3, -2, -3, -1, -1, -2, -4]"
sendal,-2.4,1.0,"[-3, -1, -3, -1, -1, -3, -4, -3, -3, -2]"
bosun,-3.2,1.0,"[-2, -4, -4, -3, -4, -3, -2, -4, -3, -3]"
gurub,-4.0,1.0,"[-4, -4, -4, -4, -4, -4, -4, -4, -4, -4]"
batuk-batuk,-3.2,1.0,"[-3, -4, -4, -4, -2, -4, -2, -3, -3, -3]"
ovipositor,-2.4,1.0,"[-2, -1, -3, -4, 0, -3, -3, -4, -2, -2]"
intrinsik,-3.2,1.0,"[-2, -3, -3, -3, -4, -4, -3, -4, -4, -2]"
dadah,-3.2,1.0,"[-3, -1, -4, -4, -2, -4, -4, -3, -3, -4]"
awi,-2.4,1.0,"[-1, -2, -1, -1, -3, -4, -3, -2, -4, -3]"
tumpur,-4.0,1.0,"[-4, -4, -4, -4, -4, -4, -4, -4, -4, -4]"
putau,-2.4,1.0,"[-3, -2, -2, -2, -3, -1, -2, -3, -3, -3]"
ampai,-3.2,1.0,"[-4, -4, -2, -4, -2, -2, -4, -3, -3, -4]"
ifrit,-3.2,1.0,"[-4, -4, -4, -3, -3, -4, -3, -2, -4, -1]"
lengkur,-2.4,1.0,"[-2, -2, -1, -3, -2, -4, -4, -2, -1, -3]"
menyelentik,-3.2,1.0,"[-4, -4, -4, -2, -2, -3, -2, -4, -4, -3]"
embal,-3.2,1.0,"[-3, -3, -4, -3, -3, -2, -4, -4, -2, -4]"
melahap,-4.0,1.0,"[-4, -4, -4, -4, -4, -4, -4, -4, -4, -4]"
jangkit,-4.0,1.0,"[-4, -4, -4, -4, -4, -4, -4, -4, -4, -4]"
mencampurbaurkan,-3.2,1.0,"[-4, -3, -4, -3, -1, -4, -3, -4, -3, -3]"
bencana,-4.0,1.0,"[-4, -4, -4, -4, -4, -4, -4, -4, -4, -4]"
berparak,-3.2,1.0,"[-3, -3, -3, -4, -4, -3, -1, -4, -4, -3]"
tunasusila,-4.0,1.0,"[-4, -4, -4, -4, -4, -4, -4, -4, -4, -4]"
ampas,-2.4,1.0,"[-3, -3, -2, -2, -3, -3, -1, -2, -2, -3]"
meralip,-4.0,1.0,"[-4, -4, -4, -4, -4, -4, -4, -4, -4, -4]"
kepalan,-4.0,1.0,"[-4, -4, -4, -4, -4, -4, -4, -4, -4, -4]"
mulut gatal,-3.2,1.0,"[-4, -1, -3, -4, -3, -4, -3, -3, -3, -4]"
mencucuk,-2.4,1.0,"[-4, -3, -2, 1, -3, -3, -4, -3, -2, -1]"
menggalakkan,-3.2,1.0,"[-2, -4, -3, -4, -4, -3, -3, -3, -3, -3]"
tangkapan,-2.4,1.0,"[-1, -2, -2, -4, -3, -3, -1, -2, -3, -3]"
mengusap,-3.2,1.0,"[-3, -3, -4, -2, -2, -4, -4, -4, -2, -4]"
anak-anakan,-2.4,1.0,"[-3, -3, -3, -1, -3, -1, -1, -4, -4, -1]"
menghardik,-4.0,1.0,"[-4, -4, -4, -4, -4, -4, -4, -4, -4, -4]"
kejernihan,-2.4,1.0,"[-2, -3, -3, -3, -1, -3, -3, -3, -1, -2]"
beralih,-2.4,1.0,"[-3, -3, -3, -1, -3, -1, -1, -4, -2, -3]"
pendongkrak,-2.4,1.0,"[-2, 0, -3, -3, -3, -2, -3, -4, -3, -1]"
menundukkan,-3.2,1.0,"[-2, -4, -4, -3, -3, -4, -4, -1, -4, -3]"
cukupan,-2.4,1.0,"[-2, -2, -4, -1, -2, -1, -4, -3, -1, -4]"
timpang,-3.2,1.0,"[-4, -1, -4, -3, -4, -3, -2, -4, -3, -4]"
nis-,-2.4,1.0,"[-2, -4, -2, -2, -2, -2, -3, -3, -2, -2]"
liwa,-2.4,1.0,"[-4, -4, 0, -4, -3, -2, -1, -1, -2, -3]"
peng-antara,-2.4,1.0,"[-3, -1, -3, -3, -2, -3, -2, -3, -2, -2]"
ceker,-2.4,1.0,"[-2, -2, 0, -2, -3, -4, -1, -4, -3, -3]"
memvonis,-2.4,1.0,"[-3, -3, -3, -1, -2, -1, -3, -2, -3, -3]"
belinjo,-2.4,1.0,"[-2, -1, -3, -2, -4, -3, -1, -2, -2, -4]"
meracik,-3.2,1.0,"[-4, -4, -2, -2, -4, -3, -2, -3, -4, -4]"
mendasar,-3.2,1.0,"[-2, -2, -3, -4, -4, -4, -3, -4, -2, -4]"
rompoh,-3.2,1.0,"[-2, -4, -1, -4, -4, -3, -3, -4, -3, -4]"
sulfur,-2.4,1.0,"[-1, -1, -4, -4, -3, -1, -2, -3, -3, -2]"
terpancang,-2.4,1.0,"[-3, -2, -4, -1, -3, -1, -3, -2, -2, -3]"
terkencar-kencar,-3.2,1.0,"[-4, -4, -4, -4, -2, -2, -2, -3, -4, -3]"
menghantui,-3.2,1.0,"[-3, -3, -3, -2, -4, -4, -3, -3, -4, -3]"
lela,-3.2,1.0,"[-3, -3, -3, -3, -3, -3, -3, -3, -4, -4]"
silap,-3.2,1.0,"[-2, -4, -3, -2, -3, -4, -4, -4, -2, -4]"
gemal,-4.0,1.0,"[-4, -4, -4, -4, -4, -4, -4, -4, -4, -4]"
habis akal,-4.0,1.0,"[-4, -4, -4, -4, -4, -4, -4, -4, -4, -4]"
kidib,-2.4,1.0,"[-2, -2, -3, -3, -1, -2, -2, -2, -4, -3]"
menyelidiki,-4.0,1.0,"[-4, -4, -4, -4, -4, -4, -4, -4, -4, -4]"
kabar burung,-4.0,1.0,"[-4, -4, -4, -4, -4, -4, -4, -4, -4, -4]"
perdebatan,-2.4,1.0,"[-2, -4, -3, -4, -1, -2, -2, -2, -2, -2]"
silam,-3.2,1.0,"[-4, -3, -4, -1, -4, -3, -4, -3, -4, -2]"
pengangkatan,-2.4,1.0,"[-3, -3, -1, -2, -2, -3, -2, -3, -3, -2]"
histeris,-3.2,1.0,"[-3, -4, -4, -4, -3, -1, -4, -3, -2, -4]"
tegur ajar,-4.0,1.0,"[-4, -4, -4, -4, -4, -4, -4, -4, -4, -4]"
berkorban,-2.4,1.0,"[-3, -4, -3, -3, -1, -1, -3, -1, -2, -3]"
merindingkan,-3.2,1.0,"[-3, -4, -2, -4, -4, -4, -2, -1, -4, -4]"
lali,-3.2,1.0,"[-4, -2, -3, -4, -2, -4, -4, -4, -2, -3]"
kemamang,-3.2,1.0,"[-2, -4, -3, -3, -3, -4, -4, -2, -4, -3]"
garis bawah,-2.4,1.0,"[-3, -1, -3, -4, -1, -4, -4, -2, -1, -1]"
incang-incut,-3.2,1.0,"[-2, -4, -4, -4, -3, -2, -3, -2, -4, -4]"
memikul,-4.0,1.0,"[-4, -4, -4, -4, -4, -4, -4, -4, -4, -4]"
meningkah,-4.0,1.0,"[-4, -4, -4, -4, -4, -4, -4, -4, -4, -4]"
ganar,-3.2,1.0,"[-2, -4, -3, -4, -4, -4, -3, -3, -2, -3]"
ganas,-4.0,1.0,"[-4, -4, -4, -4, -4, -4, -4, -4, -4, -4]"
mengesup,-2.4,1.0,"[-2, -3, -1, -2, -2, -4, -2, -2, -2, -4]"
bir,-4.0,1.0,"[-4, -4, -4, -4, -4, -4, -4, -4, -4, -4]"
influensa,-2.4,1.0,"[-2, -3, -4, -3, -2, -1, -3, -1, -4, -1]"
terhindar,-3.2,1.0,"[-4, -4, -2, -4, -3, -4, -2, -4, -1, -4]"
durjana,-4.0,1.0,"[-4, -4, -4, -4, -4, -4, -4, -4, -4, -4]"
tabrak,-2.4,1.0,"[-3, -2, -3, -3, -1, -3, -2, -1, -3, -3]"
biarpun,-2.4,1.0,"[-1, -3, -4, -2, -1, -1, -3, -4, -3, -2]"
setek,-3.2,1.0,"[-4, -4, -4, -2, -3, -2, -2, -4, -3, -4]"
kantong perut,-4.0,1.0,"[-4, -4, -4, -4, -4, -4, -4, -4, -4, -4]"
menconteng,-2.4,1.0,"[-1, -2, -3, -2, -2, -2, -3, -1, -4, -4]"
pelesit,-3.2,1.0,"[-2, -4, -3, -4, -4, -4, -1, -3, -3, -4]"
lumut,-2.4,1.0,"[-1, -4, -2, -4, -1, -3, -3, -1, -2, -3]"
menyimpang,-3.2,1.0,"[-4, -3, -4, -2, -3, -3, -3, -4, -3, -3]"
berkawan,-2.4,1.0,"[-3, -1, -3, -2, -3, -3, -1, -1, -4, -3]"
ujung,-2.4,1.0,"[-4, -1, -2, -3, -1, -3, -3, -3, -2, -2]"
meneguhkan,-2.4,1.0,"[-3, -4, -2, -2, -3, -1, -2, -3, -1, -3]"
pengiriman,-4.0,1.0,"[-4, -4, -4, -4, -4, -4, -4, -4, -4, -4]"
lepasan,-2.4,1.0,"[-4, -3, -3, -4, -3, 0, -2, -1, -2, -2]"
khasi,-3.2,1.0,"[-4, -2, -2, -3, -4, -1, -4, -4, -4, -4]"
jenaka,-2.4,1.0,"[-2, -2, -2, -2, -4, -2, -2, -3, -3, -2]"
mencalit,-2.4,1.0,"[-1, -3, 0, -3, -3, -2, -3, -4, -4, -1]"
goncang,-2.4,1.0,"[-2, -2, -3, -2, -3, -4, -3, -2, -2, -1]"
bergumul,-3.2,1.0,"[-4, -3, -3, -2, -4, -3, -4, -4, -4, -1]"
membencanai,-3.2,1.0,"[-3, -3, -4, -3, -4, -4, -3, -3, -1, -4]"
gelisah,-4.0,1.0,"[-4, -4, -4, -4, -4, -4, -4, -4, -4, -4]"
kenestapaan,-2.4,1.0,"[-2, -1, -3, -3, -2, -3, -2, -2, -2, -4]"
sidik midik,-2.4,1.0,"[-2, -3, -4, -3, -2, -3, -4, 0, 0, -3]"
stagnasi,-4.0,1.0,"[-4, -4, -4, -4, -4, -4, -4, -4, -4, -4]"
lingkup,-4.0,1.0,"[-4, -4, -4, -4, -4, -4, -4, -4, -4, -4]"
blaster,-2.4,1.0,"[-2, -3, -3, -2, 0, -2, -3, -3, -3, -3]"
merentak,-2.4,1.0,"[-4, -4, -3, -3, -2, -2, -1, -2, -2, -1]"
bertubrukan,-3.2,1.0,"[-2, -3, -4, -3, -4, -4, -4, -3, -2, -3]"
penuh sesak,-2.4,1.0,"[-4, 0, -2, -2, -3, -2, -3, -2, -3, -3]"
kakas,-2.4,1.0,"[-4, -2, -1, -3, -3, -2, -3, -2, -2, -2]"
celomok,-3.2,1.0,"[-3, -3, -3, -4, -4, -3, -3, -4, -2, -3]"
terpaut,-3.2,1.0,"[-4, -4, -3, -2, -3, -4, -3, -3, -4, -2]"
cacing rambut kuda,-3.2,1.0,"[-4, -2, -4, -3, -3, -3, -4, -3, -2, -4]"
moncong,-2.4,1.0,"[-4, -2, -3, -1, -1, -2, -2, -4, -2, -3]"
sentakan,-4.0,1.0,"[-4, -4, -4, -4, -4, -4, -4, -4, -4, -4]"
bergesel,-2.4,1.0,"[-3, -1, -4, -2, -2, -2, -4, -1, -2, -3]"
rempak,-3.2,1.0,"[-2, -2, -4, -3, -3, -4, -4, -3, -3, -4]"
bergesek,-2.4,1.0,"[-3, -3, -3, -3, -3, -2, -3, -1, -3, 0]"
kukur,-2.4,1.0,"[-1, -3, -1, -3, -2, -3, -2, -4, -3, -2]"
diskredit,-3.2,1.0,"[-4, -3, -2, -4, -3, -3, -4, -2, -3, -4]"
kelam,-3.2,1.0,"[-4, -4, -4, -3, -3, -1, -3, -4, -2, -4]"
bujukan,-2.4,1.0,"[-2, -3, -3, -1, -2, -2, -3, -3, -3, -2]"
mengamput,-2.4,1.0,"[-2, -2, -4, -2, -3, -1, -2, -3, -2, -3]"
jahit,-4.0,1.0,"[-4, -4, -4, -4, -4, -4, -4, -4, -4, -4]"
penyalut,-2.4,1.0,"[-3, 0, -2, -4, -2, -2, -3, -4, -2, -2]"
teralienasi,-2.4,1.0,"[-1, -3, -3, -2, -2, -2, -2, -3, -3, -3]"
bergeser,-3.2,1.0,"[-4, -2, -3, -4, -4, -3, -3, -2, -3, -4]"
tali jantung,-2.4,1.0,"[-3, -1, -4, 0, -2, -4, -4, -1, -3, -2]"
bertitikan,-2.4,1.0,"[-2, -3, -3, -1, -2, -3, -1, -3, -3, -3]"
berlengkesa,-2.4,1.0,"[0, -2, -3, -2, -4, -2, -3, -3, -2, -3]"
durkarsa,-4.0,1.0,"[-4, -4, -4, -4, -4, -4, -4, -4, -4, -4]"
sesat,-3.2,1.0,"[-4, -4, -3, -3, -3, -2, -2, -4, -3, -4]"
puncak,-2.4,1.0,"[-4, -1, -4, -3, -2, -2, -4, -2, -1, -1]"
puatang,-4.0,1.0,"[-4, -4, -4, -4, -4, -4, -4, -4, -4, -4]"
pusang,-4.0,1.0,"[-4, -4, -4, -4, -4, -4, -4, -4, -4, -4]"
sempelah,-3.2,1.0,"[-2, -4, -2, -3, -4, -3, -3, -3, -4, -4]"
menurunkan,-4.0,1.0,"[-4, -4, -4, -4, -4, -4, -4, -4, -4, -4]"
berbakti,-2.4,1.0,"[-3, -2, -2, -3, -2, -3, -2, -3, -2, -2]"
romong,-3.2,1.0,"[-2, -3, -3, -3, -4, -4, -2, -4, -3, -4]"
morat-marit,-2.4,1.0,"[-2, -4, -2, -2, -4, -2, -2, -2, -2, -2]"
terpacak,-2.4,1.0,"[-3, -2, -2, -2, -2, -2, -3, -4, -3, -1]"
jalur,-3.2,1.0,"[-3, -2, -3, -3, -4, -4, -4, -4, -4, -1]"
gebu,-2.4,1.0,"[-2, -1, -3, -4, -2, -2, -3, -4, -1, -2]"
tekak,-4.0,1.0,"[-4, -4, -4, -4, -4, -4, -4, -4, -4, -4]"
murca,-3.2,1.0,"[-4, -2, -3, -3, -4, -3, -4, -3, -3, -3]"
lisut,-3.2,1.0,"[-4, -3, -2, -2, -4, -3, -4, -4, -3, -3]"
mencemplung,-4.0,1.0,"[-4, -4, -4, -4, -4, -4, -4, -4, -4, -4]"
distingsi,-3.2,1.0,"[-2, -3, -4, -4, -3, -4, -2, -4, -4, -2]"
gerobak,-3.2,1.0,"[-2, -4, -3, -4, -3, -4, -3, -4, -3, -2]"
buletin,-2.4,1.0,"[-3, -2, -1, -3, -4, -2, -3, -2, -2, -2]"
berlalu,-4.0,1.0,"[-4, -4, -4, -4, -4, -4, -4, -4, -4, -4]"
kekecohan,-4.0,1.0,"[-4, -4, -4, -4, -4, -4, -4, -4, -4, -4]"
teologis,-3.2,1.0,"[-3, -3, -3, -4, -3, -4, -3, -3, -2, -4]"
menjeramah,-3.2,1.0,"[-4, -4, -4, -3, -4, -3, -2, -3, -1, -4]"
menjiplak,-2.4,1.0,"[-4, -2, -2, -1, -2, -4, -3, -2, 0, -4]"
garwa ampil,-4.0,1.0,"[-4, -4, -4, -4, -4, -4, -4, -4, -4, -4]"
sumpit,-2.4,1.0,"[-2, -3, -2, -3, -4, -2, -2, -2, -4, 0]"
sara,-2.4,1.0,"[-4, -3, -3, -2, -3, -3, -2, -1, -1, -2]"
penganggur,-3.2,1.0,"[-2, -3, -2, -4, -4, -3, -4, -4, -3, -3]"
menggerenyam,-2.4,1.0,"[-2, -3, -4, -2, -4, -1, -2, -3, -2, -1]"
epigon,-2.4,1.0,"[-3, -2, -1, -2, -3, -2, -2, -2, -4, -3]"
merayau,-3.2,1.0,"[-3, -4, -1, -4, -3, -4, -3, -4, -2, -4]"
merentang-rentang,-4.0,1.0,"[-4, -4, -4, -4, -4, -4, -4, -4, -4, -4]"
merayap,-2.4,1.0,"[-2, -3, -3, -3, -3, -1, -2, -1, -2, -4]"
memipihkan,-2.4,1.0,"[-3, -4, -3, -2, -2, -2, -2, -1, -2, -3]"
berbantah,-4.0,1.0,"[-4, -4, -4, -4, -4, -4, -4, -4, -4, -4]"
aparat,-2.4,1.0,"[-4, -2, -2, -3, -3, -3, 0, -4, -3, 0]"
kucar-kacir,-4.0,1.0,"[-4, -4, -4, -4, -4, -4, -4, -4, -4, -4]"
berdaulat,-2.4,1.0,"[-4, -2, -2, -4, -1, -3, -1, -4, -2, -1]"
menyaman,-3.2,1.0,"[-4, -4, -4, -4, -3, -3, -3, -3, -2, -2]"
krisis,-3.2,1.0,"[-4, -2, -1, -4, -3, -2, -4, -4, -4, -4]"
pengap,-3.2,1.0,"[-3, -3, -4, -4, -3, -4, -4, -2, -4, -1]"
adon,-3.2,1.0,"[-4, -2, -2, -4, -4, -1, -4, -3, -4, -4]"
spektakel,-2.4,1.0,"[-1, -3, -3, -3, -1, -1, -3, -4, -1, -4]"
keras kepala,-3.2,1.0,"[-3, -3, -4, -1, -4, -3, -4, -4, -2, -4]"
menyeruput,-2.4,1.0,"[-2, 0, -3, -3, -2, -3, -1, -4, -4, -2]"
cagaran,-2.4,1.0,"[-2, -3, -3, -1, -2, -4, -1, -3, -3, -2]"
padang pasir,-2.4,1.0,"[-4, -2, -3, -3, -2, -3, -3, -1, -1, -2]"
minim,-2.4,1.0,"[-3, -1, -3, -2, -3, -4, -2, -1, -2, -3]"
menyingkapkan,-3.2,1.0,"[-1, -3, -3, -4, -2, -4, -4, -3, -4, -4]"
terserak,-2.4,1.0,"[-3, -4, -3, -2, 0, -2, -3, -2, -2, -3]"
selebaran,-2.4,1.0,"[-1, -3, -1, -3, 0, -4, -3, -2, -4, -3]"
meleting,-2.4,1.0,"[-4, -2, -1, -1, -1, -4, -2, -4, -3, -2]"
menggarong,-4.0,1.0,"[-4, -4, -4, -4, -4, -4, -4, -4, -4, -4]"
berbeda,-3.2,1.0,"[-2, -1, -3, -4, -4, -3, -4, -3, -4, -4]"
cembung,-2.4,1.0,"[-2, -2, -3, -3, -4, -2, -1, -4, -3, 0]"
kuwur,-3.2,1.0,"[-2, -2, -3, -2, -4, -4, -4, -4, -4, -3]"
cerita rekaan,-3.2,1.0,"[-4, -1, -4, -4, -3, -3, -4, -4, -2, -3]"
tercengang-cengang,-2.4,1.0,"[-3, -3, -2, -1, -2, -3, -2, -3, -3, -2]"
agar,-2.4,1.0,"[-3, -2, -1, -4, -2, -2, 0, -4, -3, -3]"
bosman,-3.2,1.0,"[-3, -4, -1, -4, -3, -3, -3, -4, -4, -3]"
sama-sama,-3.2,1.0,"[-4, -3, -4, -2, -3, -4, -4, -2, -4, -2]"
kebisuan,-3.2,1.0,"[-4, -1, -3, -2, -4, -3, -3, -4, -4, -4]"
domot,-4.0,1.0,"[-4, -4, -4, -4, -4, -4, -4, -4, -4, -4]"
keterlibatan,-2.4,1.0,"[-3, -3, -2, -3, -3, -2, -2, -3, -1, -2]"
aba-aba,-2.4,1.0,"[-3, -2, -2, -2, -1, -3, -1, -3, -4, -3]"
karavan,-3.2,1.0,"[-3, -1, -4, -4, -4, -1, -3, -4, -4, -4]"
suka mengganggu,-3.2,1.0,"[-3, -3, -2, -4, -3, -2, -3, -4, -4, -4]"
memenggal lidah,-4.0,1.0,"[-4, -4, -4, -4, -4, -4, -4, -4, -4, -4]"
ekofraksia,-4.0,1.0,"[-4, -4, -4, -4, -4, -4, -4, -4, -4, -4]"
baterai,-2.4,1.0,"[-3, -3, -2, -2, 0, -2, -4, -2, -3, -3]"
penelik,-2.4,1.0,"[-1, -2, -3, -4, -2, 0, -3, -4, -2, -3]"
kelebihan,-2.4,1.0,"[-2, -4, -3, -1, -1, -3, -3, -4, -1, -2]"
menggeramus,-3.2,1.0,"[-3, -3, -2, -4, -3, -4, -3, -3, -3, -4]"
sayu rawan,-2.4,1.0,"[-4, -1, -4, -2, -3, -1, -2, -2, -2, -3]"
menyepuk,-4.0,1.0,"[-4, -4, -4, -4, -4, -4, -4, -4, -4, -4]"
berkupak,-2.4,1.0,"[-1, -1, -3, -3, -2, -3, -3, -4, -1, -3]"
cerna,-4.0,1.0,"[-4, -4, -4, -4, -4, -4, -4, -4, -4, -4]"
cemoohan,-3.2,1.0,"[-4, -4, -4, -2, -3, -1, -4, -3, -4, -3]"
menggila,-3.2,1.0,"[-2, -4, 0, -4, -4, -4, -3, -3, -4, -4]"
beleter,-3.2,1.0,"[-3, -3, -3, -4, -1, -4, -3, -3, -4, -4]"
menjahatkan,-3.2,1.0,"[-3, -4, -3, -2, -4, -2, -4, -3, -3, -4]"
anom,-3.2,1.0,"[-4, -1, -3, -3, -4, -4, -2, -3, -4, -4]"
begal,-4.0,1.0,"[-4, -4, -4, -4, -4, -4, -4, -4, -4, -4]"
rawak,-4.0,1.0,"[-4, -4, -4, -4, -4, -4, -4, -4, -4, -4]"
tupai,-4.0,1.0,"[-4, -4, -4, -4, -4, -4, -4, -4, -4, -4]"
kasemat,-2.4,1.0,"[-3, -2, -2, -2, -3, -3, -3, -2, -2, -2]"
rawan,-4.0,1.0,"[-4, -4, -4, -4, -4, -4, -4, -4, -4, -4]"
abnormalitas,-3.2,1.0,"[-3, -4, -3, -4, -4, -3, -2, -2, -4, -3]"
mencukupi,-2.4,1.0,"[-2, -1, -2, -3, -2, -4, -2, -3, -2, -3]"
jalanan,-3.2,1.0,"[-3, -3, -3, -3, -4, -4, -4, -4, -2, -2]"
cemuas,-3.2,1.0,"[-4, -3, -2, -4, -3, -3, -4, -1, -4, -4]"
dam,-2.4,1.0,"[-3, -2, -3, -1, -3, -3, -2, -3, -2, -2]"
ekspirasi,-2.4,1.0,"[-2, -4, -2, -1, -4, -3, -2, 0, -4, -2]"
menyinggang,-3.2,1.0,"[-2, -3, -2, -4, -4, -3, -4, -4, -2, -4]"
penarung,-3.2,1.0,"[-3, -4, -1, -4, -4, -3, -4, -2, -4, -3]"
merasi,-2.4,1.0,"[-1, -4, -3, -2, -3, -4, -1, -3, -2, -1]"
cacing gelang-gelang,-3.2,1.0,"[-4, -3, -3, -4, -3, -3, -3, -3, -3, -3]"
ludes,-4.0,1.0,"[-4, -4, -4, -4, -4, -4, -4, -4, -4, -4]"
pedas,-3.2,1.0,"[-4, -2, -2, -4, -4, -3, -4, -4, -2, -3]"
pedar,-3.2,1.0,"[-1, -4, -4, -3, -4, -4, -4, -1, -3, -4]"
waswas,-2.4,1.0,"[-3, -2, -4, -2, -3, -1, -4, 0, -3, -2]"
menonjok,-2.4,1.0,"[-3, -3, -2, -3, -4, -2, -1, -1, -2, -3]"
aju,-2.4,1.0,"[-3, -3, -1, -2, -2, -2, -3, -3, -2, -3]"
buang hajat,-4.0,1.0,"[-4, -4, -4, -4, -4, -4, -4, -4, -4, -4]"
membosankan,-2.4,1.0,"[-3, -1, -3, -2, -4, -2, -2, -2, -1, -4]"
bala,-4.0,1.0,"[-4, -4, -4, -4, -4, -4, -4, -4, -4, -4]"
ketaksaan,-4.0,1.0,"[-4, -4, -4, -4, -4, -4, -4, -4, -4, -4]"
rombengan,-3.2,1.0,"[-4, -4, -3, -2, -4, -3, -3, -2, -3, -4]"
pemerdaya,-3.2,1.0,"[-3, -1, -3, -4, -3, -4, -4, -3, -4, -3]"
memarap,-2.4,1.0,"[-2, -3, -2, -2, -2, -4, -3, -2, -2, -2]"
larat,-2.4,1.0,"[-2, -4, -1, -3, -4, -2, -1, -2, -2, -3]"
pelor,-2.4,1.0,"[-3, -2, -3, -2, -2, -1, -4, -3, -2, -2]"
gastroenterologi,-4.0,1.0,"[-4, -4, -4, -4, -4, -4, -4, -4, -4, -4]"
bangbung,-3.2,1.0,"[-4, -4, -4, -2, -4, -2, -3, -3, -3, -3]"
membentur,-2.4,1.0,"[-1, -3, -4, -2, -1, -2, -3, -1, -4, -3]"
karang,-2.4,1.0,"[-1, -3, -3, -3, -3, -3, 0, -4, -1, -3]"
ongok,-2.4,1.0,"[0, -4, -1, -2, -3, -3, -2, -3, -2, -4]"
tersaku,-2.4,1.0,"[-2, -3, -2, -2, -2, -1, -3, -3, -3, -3]"
menagak,-4.0,1.0,"[-4, -4, -4, -4, -4, -4, -4, -4, -4, -4]"
safih,-3.2,1.0,"[-3, -3, -3, -3, -2, -4, -2, -4, -4, -4]"
tulang punggung,-2.4,1.0,"[-3, -2, -2, -4, -3, -2, -1, -3, -2, -2]"
berpijar,-2.4,1.0,"[-2, -2, -2, -4, -4, -2, -2, -2, -1, -3]"
mengganas bercabul,-3.2,1.0,"[-1, -4, -4, -2, -3, -3, -4, -4, -3, -4]"
titisan darah,-2.4,1.0,"[-2, -2, -2, 0, -4, -4, -2, -3, -2, -3]"
jaras,-4.0,1.0,"[-4, -4, -4, -4, -4, -4, -4, -4, -4, -4]"
menghentikan,-4.0,1.0,"[-4, -4, -4, -4, -4, -4, -4, -4, -4, -4]"
rengsa,-4.0,1.0,"[-4, -4, -4, -4, -4, -4, -4, -4, -4, -4]"
menyerang,-2.4,1.0,"[-2, -3, -1, -2, -2, -4, -3, -2, -2, -3]"
kalimat,-2.4,1.0,"[-4, -4, -1, -1, -4, -3, -2, -2, -1, -2]"
membeset,-3.2,1.0,"[0, -4, -4, -3, -3, -3, -4, -3, -4, -4]"
jantung hati,-2.4,1.0,"[-3, -3, -2, -3, -1, -2, -2, -2, -3, -3]"
cuca,-2.4,1.0,"[-4, -1, -2, -2, -3, -2, -4, -1, -3, -2]"
bebel,-4.0,1.0,"[-4, -4, -4, -4, -4, -4, -4, -4, -4, -4]"
sukaria,-2.4,1.0,"[-2, -2, -3, -2, -2, -2, -2, -3, -3, -3]"
konveks,-2.4,1.0,"[-3, -4, -2, -4, -1, -3, 0, -2, -2, -3]"
histeria,-4.0,1.0,"[-4, -4, -4, -4, -4, -4, -4, -4, -4, -4]"
menahan,-4.0,1.0,"[-4, -4, -4, -4, -4, -4, -4, -4, -4, -4]"
mengonsumsi,-3.2,1.0,"[-3, -4, -3, -2, -4, -4, -2, -2, -4, -4]"
beterjunan,-4.0,1.0,"[-4, -4, -4, -4, -4, -4, -4, -4, -4, -4]"
menguyuh,-2.4,1.0,"[-3, -1, -2, -2, -2, -2, -3, -3, -3, -3]"
silang sengketa,-3.2,1.0,"[-3, -3, -4, -4, -4, -3, -3, -2, -3, -3]"
berbenturan,-3.2,1.0,"[-4, -4, -3, -2, -2, -4, -3, -3, -3, -4]"
korek api,-3.2,1.0,"[-2, -3, -4, -3, -2, -4, -4, -3, -4, -3]"
lambat-lambat,-3.2,1.0,"[-4, -4, -3, -3, -3, -3, -3, -3, -4, -2]"
adu,-2.4,1.0,"[-3, -2, -4, -3, -1, 0, -2, -2, -4, -3]"
pemantik api,-3.2,1.0,"[-4, -4, -2, -3, -3, -3, -4, -3, -2, -4]"
bulus,-4.0,1.0,"[-4, -4, -4, -4, -4, -4, -4, -4, -4, -4]"
detak,-2.4,1.0,"[-3, -3, -1, -4, -2, -3, -2, -2, 0, -4]"
tergolong,-2.4,1.0,"[-3, -3, -2, -1, -1, -3, -2, -4, -2, -3]"
besot,-2.4,1.0,"[-4, -2, -4, -2, -1, -1, -4, -3, -1, -2]"
resultan,-2.4,1.0,"[-2, -2, -3, -2, -2, -1, -3, -3, -3, -3]"
perhiasan,-3.2,1.0,"[-3, -4, -1, -3, -3, -4, -3, -3, -4, -4]"
mengerubuti,-3.2,1.0,"[0, -4, -3, -3, -4, -3, -3, -4, -4, -4]"
buluh,-2.4,1.0,"[-2, 0, -3, -4, -3, -3, -3, -3, -1, -2]"
nira,-2.4,1.0,"[-3, -2, -4, -4, -1, -2, -3, 0, -3, -2]"
resurjensi,-4.0,1.0,"[-4, -4, -4, -4, -4, -4, -4, -4, -4, -4]"
tonton,-3.2,1.0,"[-2, -4, -4, -3, -1, -4, -4, -3, -4, -3]"
tiup,-2.4,1.0,"[-1, -2, 0, -3, -3, -2, -3, -4, -3, -3]"
merenungi,-2.4,1.0,"[-3, -1, -3, -1, -3, -2, -3, -3, -2, -3]"
melalap,-3.2,1.0,"[-4, -3, -3, -3, -2, -4, -4, -3, -4, -2]"
muring,-4.0,1.0,"[-4, -4, -4, -4, -4, -4, -4, -4, -4, -4]"
geletar,-3.2,1.0,"[-3, -3, -3, -4, -3, -3, -2, -4, -3, -4]"
bertengkaran,-3.2,1.0,"[-3, -4, -3, -3, -3, -4, -4, -2, -3, -3]"
iringan,-3.2,1.0,"[-2, -3, -3, -4, -3, -4, -4, -2, -4, -3]"
menyeka,-3.2,1.0,"[-3, -4, -3, -2, -2, -3, -4, -4, -3, -4]"
menyelekehi,-2.4,1.0,"[-2, -3, -3, -3, -2, -2, -2, -3, -2, -2]"
cincong,-4.0,1.0,"[-4, -4, -4, -4, -4, -4, -4, -4, -4, -4]"
penghilangan,-2.4,1.0,"[-2, 0, -4, -3, -1, -2, -3, -4, -3, -2]"
melalah,-3.2,1.0,"[-4, -2, -1, -4, -4, -3, -3, -4, -3, -4]"
melalak,-2.4,1.0,"[-2, -3, -2, -3, -3, -2, -2, -1, -4, -2]"
bingit,-4.0,1.0,"[-4, -4, -4, -4, -4, -4, -4, -4, -4, -4]"
ronggang,-2.4,1.0,"[-4, -2, -2, 0, -3, -2, -4, -2, -3, -2]"
tunggakan,-3.2,1.0,"[-4, -3, -4, -4, -1, -4, -4, -3, -3, -2]"
kisi-kisi,-3.2,1.0,"[-4, -2, -4, -3, -4, -3, -4, -2, -2, -4]"
rumbing,-3.2,1.0,"[-4, -3, -3, -2, -3, -2, -3, -4, -4, -4]"
lahir kembali,-2.4,1.0,"[-3, -2, -1, -3, -2, -4, -2, -3, -2, -2]"
lenyap daratan,-3.2,1.0,"[-3, 0, -4, -4, -4, -2, -4, -4, -4, -3]"
jenazah,-3.2,1.0,"[-3, -4, -2, -3, -4, -4, -4, -3, -2, -3]"
candal,-4.0,1.0,"[-4, -4, -4, -4, -4, -4, -4, -4, -4, -4]"
canda,-2.4,1.0,"[-3, -3, -2, -2, -2, -3, -3, -1, -3, -2]"
bercat,-2.4,1.0,"[-4, -3, -2, -3, -2, -3, 0, -4, 0, -3]"
puspamala,-2.4,1.0,"[-3, -2, -3, -2, -3, -1, -3, -2, -3, -2]"
gempil,-3.2,1.0,"[-3, -2, -3, -4, -4, -3, -4, -3, -3, -3]"
membeber,-3.2,1.0,"[-2, -4, -3, -4, -4, -2, -3, -4, -3, -3]"
kritikan,-4.0,1.0,"[-4, -4, -4, -4, -4, -4, -4, -4, -4, -4]"
tetas,-3.2,1.0,"[-3, -2, -4, -3, -4, -2, -4, -3, -4, -3]"
baret,-2.4,1.0,"[-2, -2, -3, -3, -3, -3, -3, -3, 0, -2]"
mencekam,-3.2,1.0,"[-4, -4, -4, -4, 0, -3, -4, -3, -3, -3]"
pengikat,-2.4,1.0,"[-2, -1, -3, -2, -2, -3, -4, -4, -2, -1]"
mengaduk,-3.2,1.0,"[-4, -4, -3, -4, -4, -2, -2, -2, -3, -4]"
supaya,-2.4,1.0,"[-4, -3, -3, -3, -2, -4, -2, -3, 0, 0]"
dakap,-2.4,1.0,"[-2, -3, -3, -2, -2, -3, -1, -2, -3, -3]"
kelelahan,-2.4,1.0,"[-1, -2, -3, -3, -3, -2, -4, -3, -2, -1]"
kisi,-2.4,1.0,"[-3, -1, -4, 0, -3, -3, -1, -3, -3, -3]"
bergabung,-3.2,1.0,"[-4, -4, -3, -4, -2, -3, -2, -4, -4, -2]"
sadur,-2.4,1.0,"[-3, -2, -2, -2, -3, -3, -3, 0, -3, -3]"
bertempiar,-2.4,1.0,"[-1, -4, 0, -3, -2, -1, -4, -3, -4, -2]"
tuil,-2.4,1.0,"[-3, -3, 0, -4, -4, -2, -1, -1, -2, -4]"
silap mata,-4.0,1.0,"[-4, -4, -4, -4, -4, -4, -4, -4, -4, -4]"
bantai,-4.0,1.0,"[-4, -4, -4, -4, -4, -4, -4, -4, -4, -4]"
melintang,-3.2,1.0,"[-4, -4, -3, -3, -4, -2, -2, -3, -3, -4]"
serutu,-2.4,1.0,"[-3, -1, -1, -3, -4, -3, -3, -3, -1, -2]"
pesawat,-2.4,1.0,"[-3, -2, -3, -2, -1, -2, -2, -3, -4, -2]"
empos,-2.4,1.0,"[-2, -4, -3, -1, -4, -2, -1, -3, -2, -2]"
gempur,-3.2,1.0,"[-4, -4, -3, -3, -3, -3, -2, -3, -4, -3]"
sambar,-2.4,1.0,"[-3, -3, -3, -1, -4, -3, -2, 0, -3, -2]"
bedeng,-2.4,1.0,"[-3, -1, -1, -2, -3, -3, -2, -3, -3, -3]"
berguncang,-4.0,1.0,"[-4, -4, -4, -4, -4, -4, -4, -4, -4, -4]"
kelompok,-4.0,1.0,"[-4, -4, -4, -4, -4, -4, -4, -4, -4, -4]"
menyilam,-2.4,1.0,"[-2, -2, -2, -4, -1, -2, -3, -2, -3, -3]"
belam,-2.4,1.0,"[-3, -2, -1, -2, -2, -2, -2, -3, -4, -3]"
usah,-4.0,1.0,"[-4, -4, -4, -4, -4, -4, -4, -4, -4, -4]"
belai,-3.2,1.0,"[-3, -4, -4, -2, -2, -3, -4, -4, -2, -4]"
cegat,-2.4,1.0,"[-4, -1, -1, -3, -3, -2, -2, -3, -3, -2]"
merajalela,-3.2,1.0,"[-3, -4, -3, -4, -2, -3, -4, -2, -3, -4]"
lancut,-3.2,1.0,"[-3, -1, -4, -3, -4, -4, -4, -3, -3, -3]"
tertabrak,-3.2,1.0,"[-3, -3, -3, -4, -3, -4, -2, -4, -3, -3]"
tampik,-3.2,1.0,"[-4, -4, -4, -4, -2, -2, -2, -3, -3, -4]"
penipu,-3.2,1.0,"[-3, -4, -4, -4, -4, -3, -3, -3, -1, -3]"
mengganjarkan,-2.4,1.0,"[-4, -4, -1, 1, -4, -2, -3, -2, -3, -2]"
kereseng,-3.2,1.0,"[-4, -4, -3, -4, -1, -2, -2, -4, -4, -4]"
tikai,-3.2,1.0,"[-4, -3, -4, -1, -3, -4, -3, -4, -4, -2]"
bermoral,-3.2,1.0,"[-2, -4, -2, -3, -3, -4, -4, -3, -4, -3]"
sasana,-2.4,1.0,"[-2, -4, -1, -2, -1, -1, -3, -4, -2, -4]"
meliputi,-2.4,1.0,"[-2, -3, 0, -3, -2, -2, -3, -4, -3, -2]"
restoran,-3.2,1.0,"[-3, -2, -4, -4, -4, -3, -2, -4, -2, -4]"
iris,-3.2,1.0,"[-4, -2, -3, -2, -3, -3, -3, -4, -4, -4]"
bisul,-3.2,1.0,"[-4, -4, -3, -2, -2, -4, -4, -3, -4, -2]"
palka,-2.4,1.0,"[-3, -1, -3, -3, -2, -2, -4, -1, -1, -4]"
kejorokan,-4.0,1.0,"[-4, -4, -4, -4, -4, -4, -4, -4, -4, -4]"
lembu,-2.4,1.0,"[-3, -2, -1, -4, -3, -1, -2, -2, -3, -3]"
sarung,-2.4,1.0,"[-3, -3, -2, -2, -4, -2, -2, -2, -2, -2]"
menafakurkan,-2.4,1.0,"[-2, -3, -3, -2, -3, -3, -2, -2, -3, -1]"
gundal,-2.4,1.0,"[-2, -2, -2, -2, -3, -3, -2, -3, -3, -2]"
berbalik,-4.0,1.0,"[-4, -4, -4, -4, -4, -4, -4, -4, -4, -4]"
teliti waskita,-2.4,1.0,"[-2, -2, 1, -4, -3, -3, -2, -3, -2, -4]"
gundah,-4.0,1.0,"[-4, -4, -4, -4, -4, -4, -4, -4, -4, -4]"
yuwaraja,-3.2,1.0,"[-1, -4, -4, -3, -4, -3, -3, -4, -3, -3]"
cacing kentar,-3.2,1.0,"[-4, -2, -3, -2, -3, -4, -4, -4, -4, -2]"
bangkrut,-4.0,1.0,"[-4, -4, -4, -4, -4, -4, -4, -4, -4, -4]"
berusuh,-4.0,1.0,"[-4, -4, -4, -4, -4, -4, -4, -4, -4, -4]"
terbang pikiran,-3.2,1.0,"[-3, -3, -3, -3, -3, -4, -3, -3, -4, -3]"
kera,-2.4,1.0,"[-2, -3, -2, -3, -2, -2, -3, -2, -4, -1]"
pacak,-3.2,1.0,"[-4, -4, -4, -2, -4, -4, -1, -3, -2, -4]"
cengkedi,-3.2,1.0,"[-3, -4, -3, -4, -2, -4, -2, -3, -3, -4]"
menyanggupi,-4.0,1.0,"[-4, -4, -4, -4, -4, -4, -4, -4, -4, -4]"
cocor,-2.4,1.0,"[-2, -4, -3, -2, -4, -2, -2, -1, -2, -2]"
menyolidkan,-2.4,1.0,"[-2, -2, -4, -4, -2, -2, -3, -1, -2, -2]"
kampungan,-4.0,1.0,"[-4, -4, -4, -4, -4, -4, -4, -4, -4, -4]"
ayal,-2.4,1.0,"[-3, -4, -3, 0, -2, -4, -1, -4, -1, -2]"
bahan,-2.4,1.0,"[-1, -2, -3, -3, -3, -1, -3, -2, -3, -3]"
bersuka-suka,-2.4,1.0,"[-3, -3, -2, -2, -3, -1, -1, -4, -1, -4]"
nuzul,-3.2,1.0,"[-2, -4, -2, -4, -4, -3, -4, -4, -2, -3]"
teriris,-4.0,1.0,"[-4, -4, -4, -4, -4, -4, -4, -4, -4, -4]"
berjejal-jejal,-2.4,1.0,"[-3, -2, -3, -3, -2, -3, -3, -2, -1, -2]"
jejap,-3.2,1.0,"[-3, -3, -4, -3, -3, -3, -3, -3, -3, -4]"
belang,-4.0,1.0,"[-4, -4, -4, -4, -4, -4, -4, -4, -4, -4]"
teragung,-3.2,1.0,"[-2, -4, -3, -3, -4, -2, -4, -3, -3, -4]"
alat negara,-2.4,1.0,"[-4, -3, -2, -2, -2, -3, -1, -1, -2, -4]"
banci,-4.0,1.0,"[-4, -4, -4, -4, -4, -4, -4, -4, -4, -4]"
mengingsar,-2.4,1.0,"[-2, -4, -3, -3, -2, -1, -1, -3, -2, -3]"
bertikai,-4.0,1.0,"[-4, -4, -4, -4, -4, -4, -4, -4, -4, -4]"
hancai,-4.0,1.0,"[-4, -4, -4, -4, -4, -4, -4, -4, -4, -4]"
menggemuruh,-3.2,1.0,"[-3, -4, -3, -3, -4, -2, -2, -4, -3, -4]"
menuguri,-2.4,1.0,"[-2, -2, -2, -3, -3, -3, -3, -1, -2, -3]"
ilat,-4.0,1.0,"[-4, -4, -4, -4, -4, -4, -4, -4, -4, -4]"
sempuras,-2.4,1.0,"[-2, -4, -4, -1, -2, -2, -2, -2, -3, -2]"
menyelar,-3.2,1.0,"[-4, -3, -4, -3, -4, -3, -4, -3, -2, -2]"
menyadran,-3.2,1.0,"[-4, -4, -2, -4, -4, -3, -4, -4, 0, -3]"
mencium tanah,-4.0,1.0,"[-4, -4, -4, -4, -4, -4, -4, -4, -4, -4]"
mangkir,-2.4,1.0,"[-3, -2, -3, -3, -3, -2, 0, -3, -3, -2]"
pasukan,-4.0,1.0,"[-4, -4, -4, -4, -4, -4, -4, -4, -4, -4]"
berantakan,-4.0,1.0,"[-4, -4, -4, -4, -4, -4, -4, -4, -4, -4]"
bacar mulut,-3.2,1.0,"[-3, -4, -3, -4, -3, -4, -3, -3, -2, -3]"
menguit,-3.2,1.0,"[-3, -2, -3, -2, -3, -4, -4, -4, -4, -3]"
kemesuman,-4.0,1.0,"[-4, -4, -4, -4, -4, -4, -4, -4, -4, -4]"
berkemam,-2.4,1.0,"[-3, -2, -2, -4, -3, -2, 0, -2, -4, -2]"
berkemal,-3.2,1.0,"[-3, -3, -3, -3, -3, -2, -4, -4, -3, -4]"
bersalahan,-3.2,1.0,"[-4, -2, -4, -3, -2, -2, -4, -4, -3, -4]"
mambang,-3.2,1.0,"[-3, -3, -3, -3, -3, -3, -3, -4, -4, -3]"
pengetam,-2.4,1.0,"[-2, -3, -4, -2, -1, -3, -2, -3, -2, -2]"
mengecewakan,-2.4,1.0,"[-3, -2, -3, -4, -1, -3, -3, -2, -2, -1]"
lalai,-3.2,1.0,"[-3, -4, -2, -4, -4, -2, -3, -2, -4, -4]"
ragu-ragu,-2.4,1.0,"[-2, -2, -3, -3, -2, -2, -1, -4, -3, -2]"
kuning,-3.2,1.0,"[-2, -3, -4, -3, -4, -3, -3, -4, -3, -3]"
gaib,-4.0,1.0,"[-4, -4, -4, -4, -4, -4, -4, -4, -4, -4]"
gilas,-3.2,1.0,"[-3, -4, -2, -3, -3, -4, -3, -3, -3, -4]"
ajuk,-4.0,1.0,"[-4, -4, -4, -4, -4, -4, -4, -4, -4, -4]"
menerjang,-2.4,1.0,"[-3, -3, -3, -2, -1, 0, -4, -3, -1, -4]"
mengempang,-4.0,1.0,"[-4, -4, -4, -4, -4, -4, -4, -4, -4, -4]"
mengencang,-2.4,1.0,"[-3, -3, -4, -1, -1, -3, 1, -2, -4, -4]"
kenistaan,-4.0,1.0,"[-4, -4, -4, -4, -4, -4, -4, -4, -4, -4]"
mengazab,-2.4,1.0,"[-3, -1, -2, -4, -2, -2, -3, -3, -2, -2]"
beloh,-4.0,1.0,"[-4, -4, -4, -4, -4, -4, -4, -4, -4, -4]"
berkenalan,-2.4,1.0,"[-4, -4, -2, -1, -2, -3, -2, -1, -3, -2]"
belot,-4.0,1.0,"[-4, -4, -4, -4, -4, -4, -4, -4, -4, -4]"
mengguncangkan,-3.2,1.0,"[-4, -2, -2, -3, -4, -3, -4, -4, -2, -4]"
meronta,-2.4,1.0,"[0, -2, -4, -4, -2, -4, -2, -2, -2, -2]"
melenceng,-2.4,1.0,"[-3, 0, -3, -2, -4, -1, -3, -2, -2, -4]"
menyapu-nyapu,-3.2,1.0,"[-4, -4, -2, -2, -4, -2, -3, -4, -3, -4]"
kecut,-3.2,1.0,"[-4, -3, -4, -4, -4, -2, -1, -3, -3, -4]"
jeblok,-4.0,1.0,"[-4, -4, -4, -4, -4, -4, -4, -4, -4, -4]"
mengerinyau,-2.4,1.0,"[-2, -4, -2, 0, -3, -2, -1, -3, -4, -3]"
gertak,-4.0,1.0,"[-4, -4, -4, -4, -4, -4, -4, -4, -4, -4]"
berkurap,-3.2,1.0,"[-4, -3, -3, -3, -4, -3, -3, -4, -3, -2]"
buari,-3.2,1.0,"[-3, -3, -3, -2, -3, -4, -3, -3, -4, -4]"
mendekap,-2.4,1.0,"[-2, -2, -4, -3, -1, -3, -1, -3, -3, -2]"
duri,-3.2,1.0,"[-4, -3, -3, -4, -2, -4, -3, -2, -3, -4]"
mendakwa,-3.2,1.0,"[-4, -4, -4, 0, -3, -2, -3, -4, -4, -4]"
kanji,-2.4,1.0,"[-1, -3, -3, -3, -1, -2, -4, -2, -2, -3]"
berperang mulut,-2.4,1.0,"[-2, -2, -3, -3, -3, -1, -2, -2, -4, -2]"
bermula,-3.2,1.0,"[-3, -4, -3, -4, -4, -2, -3, -4, -3, -2]"
dura,-2.4,1.0,"[-3, -1, -3, -4, -1, -3, 0, -2, -4, -3]"
alku,-4.0,1.0,"[-4, -4, -4, -4, -4, -4, -4, -4, -4, -4]"
menyampuk,-2.4,1.0,"[-3, -1, 0, -4, -2, -1, -4, -3, -4, -2]"
terselubung,-4.0,1.0,"[-4, -4, -4, -4, -4, -4, -4, -4, -4, -4]"
meleset,-2.4,1.0,"[-3, -3, -2, -3, -1, -4, -2, -2, -2, -2]"
kepompong,-4.0,1.0,"[-4, -4, -4, -4, -4, -4, -4, -4, -4, -4]"
tercelampak,-4.0,1.0,"[-4, -4, -4, -4, -4, -4, -4, -4, -4, -4]"
lubang jarum,-4.0,1.0,"[-4, -4, -4, -4, -4, -4, -4, -4, -4, -4]"
kurbal,-2.4,1.0,"[-3, -2, -2, -3, -2, -2, -1, -4, -1, -4]"
menghinggut,-2.4,1.0,"[-3, -1, -3, -2, -4, -1, -2, -3, -4, -1]"
gegar,-2.4,1.0,"[-3, -2, -2, -3, -2, -2, -2, -2, -4, -2]"
melelapkan,-2.4,1.0,"[-2, -2, -1, -3, -4, -3, -2, -2, -3, -2]"
jalan setapak,-3.2,1.0,"[-4, -4, -3, -3, -2, -2, -4, -4, -3, -3]"
jalan tikus,-3.2,1.0,"[-4, -2, -3, -3, -4, -2, -4, -4, -3, -3]"
sentong,-2.4,1.0,"[-3, -1, -2, -3, -3, -4, -3, 0, -1, -4]"
rel (kereta api),-3.2,1.0,"[-2, -3, -2, -4, -4, -4, -3, -4, -2, -4]"
balai,-2.4,1.0,"[-4, -2, -2, -3, -4, -1, -3, -1, -1, -3]"
tangis,-4.0,1.0,"[-4, -4, -4, -4, -4, -4, -4, -4, -4, -4]"
kejangkitan,-3.2,1.0,"[-4, -4, -2, -1, -4, -4, -2, -4, -4, -3]"
meteor,-3.2,1.0,"[-3, -4, -4, -2, -4, -4, -2, -2, -4, -3]"
menyunggit,-3.2,1.0,"[-3, -4, -2, -3, -3, -4, -4, -1, -4, -4]"
batu loncatan,-2.4,1.0,"[-3, -2, -4, -2, -3, -2, -3, -1, -1, -3]"
bondong,-3.2,1.0,"[-4, -4, -3, -2, -2, -4, -3, -3, -4, -3]"
gerenyot,-3.2,1.0,"[-4, -4, -4, -3, -1, -3, -3, -3, -4, -3]"
menghitamkan,-3.2,1.0,"[-4, -3, -1, -3, -4, -3, -4, -2, -4, -4]"
derum,-3.2,1.0,"[-4, -2, -2, -4, -4, -1, -4, -4, -3, -4]"
memberangsangkan,-3.2,1.0,"[-3, -3, -3, -4, -3, -3, -4, -2, -4, -3]"
genap,-2.4,1.0,"[-3, -2, -2, -1, -3, -2, -3, -4, -1, -3]"
mencoreng,-3.2,1.0,"[-4, -3, -4, -4, -1, -4, -3, -4, -3, -2]"
musnah,-4.0,1.0,"[-4, -4, -4, -4, -4, -4, -4, -4, -4, -4]"
memijak,-2.4,1.0,"[-4, -3, -3, -2, -4, -1, -3, -2, -2, 0]"
nona,-2.4,1.0,"[-2, -3, -4, -1, -1, -2, -3, -4, -2, -2]"
menggerinjam,-3.2,1.0,"[-4, -1, -4, -4, -2, -4, -3, -4, -4, -2]"
keseleo,-2.4,1.0,"[-2, -2, -2, -3, -2, -4, -1, -1, -3, -4]"
grecok,-3.2,1.0,"[-4, -4, -3, -3, -2, -3, -4, -2, -4, -3]"
menyorong,-2.4,1.0,"[-4, -2, -1, -2, -2, -3, -2, -2, -3, -3]"
kecerobohan,-4.0,1.0,"[-4, -4, -4, -4, -4, -4, -4, -4, -4, -4]"
mengemu,-2.4,1.0,"[-4, -1, -1, -3, -1, -3, -3, -2, -4, -2]"
terselip,-2.4,1.0,"[-1, -1, -3, -1, -4, -2, -3, -1, -4, -4]"
fakta,-2.4,1.0,"[-2, -3, -2, -3, -1, -3, -2, -3, -3, -2]"
rembas,-4.0,1.0,"[-4, -4, -4, -4, -4, -4, -4, -4, -4, -4]"
rampak,-4.0,1.0,"[-4, -4, -4, -4, -4, -4, -4, -4, -4, -4]"
tengkingan,-4.0,1.0,"[-4, -4, -4, -4, -4, -4, -4, -4, -4, -4]"
terpencil,-4.0,1.0,"[-4, -4, -4, -4, -4, -4, -4, -4, -4, -4]"
kepinding,-4.0,1.0,"[-4, -4, -4, -4, -4, -4, -4, -4, -4, -4]"
abar-abar,-4.0,1.0,"[-4, -4, -4, -4, -4, -4, -4, -4, -4, -4]"
leyu,-3.2,1.0,"[-3, -4, -4, -3, -4, -4, -3, -2, -4, -1]"
gebos,-2.4,1.0,"[-4, -2, -2, -2, -2, -1, -4, -3, -3, -1]"
pilak,-4.0,1.0,"[-4, -4, -4, -4, -4, -4, -4, -4, -4, -4]"
cacing keremi,-3.2,1.0,"[-4, -3, -2, -4, -3, -3, -3, -4, -3, -3]"
nyenyeh,-3.2,1.0,"[-4, -3, -3, -4, -4, -3, -3, -2, -2, -4]"
kantong kering,-3.2,1.0,"[-4, -2, -4, -3, -2, -4, -3, -4, -4, -2]"
penggaruk,-2.4,1.0,"[-1, -1, -3, -3, -2, -4, -2, -3, -4, -1]"
senewen,-3.2,1.0,"[-4, -3, -3, -1, -4, -4, -4, -3, -4, -2]"
menetapkan,-4.0,1.0,"[-4, -4, -4, -4, -4, -4, -4, -4, -4, -4]"
kacang botor,-2.4,1.0,"[-3, -3, -1, -1, -4, -3, -3, -2, -2, -2]"
