no,timestamp,teks,teks_processed,teks_translated
1,2016-12-30T06:37:56.000Z,ADIL loh utk yg punya kebijakan publik negara Ingat yg ini!!!,ADIL loh untuk yang punya kebijakan publik negara ingat yang ini ! !,"FAIR, for those who have state public policy, remember this! !"
2,2016-12-30T06:30:36.000Z,Tertibkan Media Online DPR Pemerintah Jangan Sporadis Apalagi Selektif Hanya kepada Media yang Berseberangan,tertib media online DPR pemerintah jangan sporadis apalagi selektif hanya kepada media yang bersebrangan,"The DPR government's orderly online media should not be sporadic, let alone selective, only towards media that are on the other side"
3,2016-12-30T04:48:35.000Z,harus dievaluasi lg kebijakan bebas visa trutama utk negara tiongkok pak!! bahaya tersembunyi martabat RI,harus evaluasi lagi kebijakan bebas visa utama untuk negara tiongkok pak ! ! bahaya sembunyi martabat RI,"You have to re-evaluate the main visa-free policy for China, sir! ! the danger of hiding the dignity of the Republic of Indonesia"
4,2016-12-30T04:21:40.000Z,jangan ngambang aturan logis apa undang undang,jangan ngambang pengaturan logis apa undang undang,Don't wonder about logical arrangements or laws
5,2016-12-30T02:36:13.000Z,Kebebasan bersuara berpendapat memang dijamin UU Namun kebebasan tersebut tdk harus kebablasan sehingga menabrak aturan aturan logis,bebas suara dapat memang jamin UU tetapi bebas sebut tidak harus bablas sehingga tabrak pengaturan pengaturan logis,"Free speech can indeed guarantee the law, but freedom of speech does not have to be indiscriminate so that it violates logical arrangements"
6,2016-12-30T02:52:25.000Z,Anggota Komisi IX DPR Okky Asokawati Evaluasi dan Moratorium Kebijakan Bebas Visa,anggota komisi IX DPR okky asokawati evaluasi dan moratorium kebijakan bebas visa,"Member of Commission IX of the DPR, Okky Asokawati, evaluation and moratorium on the visa-free policy"
7,2016-12-30T01:18:56.000Z,Anggota DPR RI Komisi II Dari Fraksi NasDem Gelar Reses di Lampura lewat Dinamika Lampung,anggota DPR RI komisi II dari partai nasdem gelar reses di lampura lewat dinamika lampung,Members of the DPR RI Commission II from the Nasdem party held a recess in Lampura through Lampung dynamics
8,2016-12-30T00:50:51.000Z,Wapres Minta Kebijakan Bebas Visa Dievaluasi csps policy,wapres minta kebijakan bebas visa evaluasi csps policy,The vice president asked for a visa-free policy to evaluate the CSPS policy
9,2016-12-29T16:20:02.000Z,Asal Sesuai Undang Undang Anggota DPR Ini Setuju Usul Duterte,asal sesuai undang undang anggota DPR ini tuju usul duterte,"As long as it is in accordance with the law, DPR members are aiming for Duterte's proposal"
10,2016-12-29T11:52:05.000Z,Saat memberikan makanan bergizi bantuan Kemenkes RI untuk balita di bbrp wil di DIY Reses,saat beri makanan gizi bantu kemenkes RI untuk balita di beberapa wil di DIY reses,when providing nutritional food to help the Indonesian Ministry of Health for toddlers in several regions in DIY during the recess
11,2016-12-29T11:42:17.000Z,Saat bertemu Kel Ternak Gemah Ripah dan KUB Sido Makmur di Kulon Progo yg trm UPPO Rp jt Reses,saat temu keluarga ternak gemah ripah dan KUB sido makmur di kulon progo yang trm UPPO rp juta reses,during a meeting with the Gemah Ripah livestock family and KUB Sido Prosperous in Kulon Progo which received an UPPO of IDR million during the recess
12,2016-12-29T11:35:55.000Z,Turba ke Masjid Baiturrochman Kulon Progo yg Pernah Terima Bantuan PKBL BRI Rp Juta reses,turba ke masjid baiturrochman kulon progo yang pernah terima bantu PKBL BRI rp juta reses,"Turba went to the Baiturrochman Mosque in Kulon Progo, which had received BRI PKBL assistance of IDR million during the recess"
13,2016-12-29T08:51:26.000Z,kebijakan yang salah mengawasi,kebijakan yang salah awas,wrong policy
14,2016-12-29T07:01:33.000Z,Sidang Rapat Paripurna PAW Tiga Anggota DPR Aceh Diganti,sidang rapat paripurna PAW tiga anggota DPR aceh ganti,PAW plenary session three Aceh DPR members replaced
15,2016-12-29T03:36:27.000Z,Butuh kebijakan konkret untuk mengeksplorasi EnergiPanasBumi untuk kebutuhan listrik nasional yang semakin meningkat,butuh kebijakan konkret untuk eksplorasi energipanasbumi untuk butuh listrik nasional yang makin tingkat,need concrete policies for exploration of geothermal energy to meet increasing national electricity needs
16,2016-12-29T03:14:38.000Z,Mr Sandi CA mohon bantuan utk tanda tangani Petisi Ke Ketua dan Wkl Ketua DPR Salam Profesional,mr sandi CA mohon bantu untuk tanda tangan petisi ke ketua dan wkl ketua DPR salam profesional,"Mr. Sandi CA, please help to sign the petition to the chairman and deputy chairman of the DPR, professional greetings"
17,2016-12-29T00:49:57.000Z,Pagi all tiada yang lebih baik dari silaturrahim dengan konstituen Tetap menyambangi rakyat Edisi Reses,pagi all tiada yang lebih baik dari silaturrahim dengan konstituen tetap sambang rakyat edisi reses,"Morning everyone, there is nothing better than friendship with constituents who remain in touch with the people during the recess edition"
18,2016-12-28T12:33:03.000Z,Anggota Komisi II DPR RI Hetifah Gelar Reses di Kabupaten Berau,anggota komisi II DPR RI hetifah gelar reses di kabupaten rau,Member of Commission II DPR RI Hetifah held a recess in Rau district
19,2016-12-28T11:56:37.000Z,Reses Anggota DPR RI Viktor Bungtilu Laiskodat di Desa Merbaun Tofa Kec Amarasi Barat Kab Kupang NTT,reses anggota DPR RI viktor bungtilu laiskodat di desa merbaun tofa kec amarasi barat kab kupang NTT,"DPR RI member Viktor Bungtilu Laiskodat recess in Merbaun Tofa village, West Amarasi district, Kupang district, NTT"
20,2016-12-28T05:26:34.000Z,Ketua Panja RUU Revisi ITE TB Hasanuddin sampaikan muatan materi UU Perubahan UU ITE,ketua panja RUU revisi ITE TB hasanuddin sampai muat materi UU ubah UU ITE,"chairman of the working committee on the ITE revision bill, TB Hasanuddin, until it includes material on the law to amend the ITE law"
21,2016-12-28T03:55:30.000Z,Gelar Peringatan Maulid Nabi dan Reses Anggota DPR RI Komisi VIII klik,gelar ingat maulid nabi dan reses anggota DPR RI komisi VII klik,"Celebrating the Prophet's birthday and recess for DPR RI Commission VII members, click"
22,2016-12-27T16:01:19.000Z,Reses di Sinjai DPR RI Pusat Serap Aspirasi Warga Desa Saukang,reses di sinjai DPR RI pusat serap aspirasi warga desa saukang,recess in Sinjai DPR RI center to absorb aspirations of Saukang village residents
23,2016-12-27T15:50:22.000Z,Reses di Sinjai DPR RI Pusat Serap Aspirasi Warga Desa Saukang via,reses di sinjai DPR RI pusat serap aspirasi warga desa saukang via,recess in Sinjai DPR RI center to absorb aspirations of Saukang village residents via
24,2016-12-27T14:37:18.000Z,Anggota DPR RI EE Mangindaan Manfaatkan Massa Reses di Desa Esandom Minahasa Tenggara,anggota DPR RI EE mangindaan manfaat rakyat reses di desa esandom minahasa tenggara,"Member of the DPR RI EE asked for benefits for the people from the recess in the village of Esandom, Southeast Minahasa"
25,2016-12-27T07:13:56.000Z,Demikian ulasan singkat tentang Masa Reses DPR semoga bermanfaat bagi kita semua ResesDPR,demikian ulas singkat tentang masa reses DPR moga manfaat bagi kita semua resesdpr,"That's a brief review of the DPR recess period, hopefully it will be useful for all of us during the DPR recess"
26,2016-12-27T07:08:59.000Z,Masa Reses ini diharapkan dapat dimanfaatkan dengan maksimal oleh masyarakat untuk menyampaikan aspirasi pembangunan daerahnya ResesDPR,masa reses ini harap dapat manfaat dengan maksimal oleh masyarakat untuk sampai aspirasi pembangunan daerah resesdpr,It is hoped that this recess period will be of maximum benefit to the community to achieve regional development aspirations during the recess
27,2016-12-27T07:07:13.000Z,Yg perlu diingat kita pahami bersama bahwa DPR bukanlah eksekutor jadi temuan selama Masa Reses ditindaklanjuti sesuai mekanisme ResesDPR,yang perlu ingat kita paham sama bahwa DPR bukan eksekutor jadi temu lama masa reses ditindaklanjuti sesuai mekanisme resesdpr,"What we need to remember is that we understand that the DPR is not the executor, so meetings during the recess period are followed up according to the DPR recess mechanism"
28,2016-12-27T07:06:25.000Z,Berdasarkan Tatib DPR Pasal ayat hasil Reses tersebut dilaporkan secara tertulis oleh Anggota kepada Fraksi masing masing ResesDPR,dasar tatib DPR pasal ayat hasil reses sebut lapor cara tulis oleh anggota kepada partai masing masing resesdpr,"The basic DPR rules, articles, paragraphs on the results of the recess, state how to write reports by members to their respective parties during the DPR recess"
29,2016-12-27T07:06:11.000Z,Kegiatan reses para Anggota DPR dilakukan secara transparan dan adanya pertanggungjawaban yang jelas ResesDPR,giat reses para anggota DPR pelaksanaan cara transparan dan ada pertanggungjawaban yang jelas resesdpr,Members of the DPR are active in carrying out the recess in a transparent manner and there is clear accountability for the DPR recess
30,2016-12-27T07:05:57.000Z,Pada Masa Persidangan aspirasi masukan masyarakat selama Masa Reses akan disampaikan dibahas dg pemerintah saat Rapat Kerja ResesDPR,pada masa sidang aspirasi masuk masyarakat lama masa reses akan sampai bahas dengan pemerintah saat rapat kerja resesdpr,"During the hearing, aspirations to enter society will take up the length of the recess period and will be discussed with the government during the DPR recess working meeting"
31,2016-12-27T07:05:31.000Z,Pada Masa Reses DPR melaksanakan tugas menyerap aspirasi masyarakat yang terkait dengan pelaksanaan fungsi dan tugas DPR ResesDPR,pada masa reses DPR laksana tugas serap aspirasi masyarakat yang kait dengan laksana fungsi dan tugas DPR resesdpr,"During the DPR recess, it carries out the task of absorbing the aspirations of the people which is related to carrying out the functions and duties of the DPR during the DPR recess"
32,2016-12-27T07:05:16.000Z,Masa Reses sendiri tertuang dalam UU MD No dan Peraturan DPR No tentang Tata Tertib DPR ResesDPR,masa reses sendiri tuang dalam UU MD no dan pengaturan DPR no tentang tata tertib DPR resesdpr,The recess period itself is stated in MD Law no. and DPR regulations no. concerning DPR recess regulations
33,2016-12-27T07:05:01.000Z,Masa Reses bukan berarti para Anggota DPR tidak bekerja namuan aktivitasnya dilakukan di daerah terutama di daerah pemilihannya ResesDPR,masa reses bukan arti para anggota DPR tidak kerja namuan aktivitas pelaksanaan di daerah utama di daerah pilih resesdpr,"The recess period does not mean that DPR members are not working, but rather implementation activities in the main areas in the DPR recess selected areas"
34,2016-12-27T07:04:08.000Z,Dalam Masa Reses Anggota DPR akan melakukan kunjungan ke Dapil maupun kunjungan ke daerah lainnya dengan Alat Kelengkapan Dewan ResesDPR,dalam masa reses anggota DPR akan pelaksanaan kunjung ke dapil maupun kunjung ke daerah lain dengan alat lengkap dewan resesdpr,"During the recess period, members of the DPR will carry out visits to electoral districts or other areas with the full equipment of the DPR recess council"
35,2016-12-27T07:02:47.000Z,Masa Reses adalah masa dimana Anggota DPR melakukan kegiatan di luar Masa Sidang terutama di luar gedung DPR ResesDPR,masa reses adalah masa mana anggota DPR pelaksanaan giat di luar masa sidang utama di luar gedung DPR resesdpr,The recess period is the period during which members of the DPR are active outside the main session period outside the DPR building for recess
36,2016-12-27T07:00:49.000Z,Masa Reses DPR Masa Persidangan II Tahun Sidang akan berlangsung dari tanggal Desember hingga Januari ResesDPR,masa reses DPR masa sidang II tahun sidang akan langsung dari tanggal desember hingga januari resesdpr,The recess period for the DPR for the second session of the session year will be from December to January for the DPR recess
37,2016-12-27T06:59:33.000Z,Selamat sore Sahabat Parle Saat ini DPR RI sedang memasuki Masa Reses Masa Persidangan II Tahun Sidang ResesDPR,selamat sore sahabat parle saat ini DPR RI sedang pasuk masa reses masa sidang II tahun sidang resesdpr,"Good afternoon, Parle friends, currently the DPR RI is entering a recess period for the second session of the DPR session"
38,2016-12-27T03:09:09.000Z,Reses di Sinjai Anggota DPR RI Nasyid Umar Jemput Keluhan Warga,reses di sinjai anggota DPR RI nasyid umar jemput keluh warga,"member of the Republic of Indonesia's DPR, Nasyid Umar, took up the residents' complaints during the recess in Sinjai"
39,2016-12-27T02:16:01.000Z,Kabarnya memanfaatkan waktu reses ini wakil rakyat daerah pemilihan Nusa Tenggara Timur NTT itu memboyong,kabar manfaat waktu reses ini wakil rakyat daerah pilih nusa tenggara timur NTT itu boyong,"The news about the benefits of this recess is that the people's representatives from the selected region of East Nusa Tenggara, NTT, are coming forward"
40,2016-12-26T10:35:17.000Z,KUNINGAN KAPOL Reses Anggota DPR RI bisa dilakukan dengan berbagai cara Namun bagi KH Asep Maosul Affandi,KUNINGAN KAPOL reses anggota DPR RI dapat pelaksanaan dengan bagai cara tetapi bagi KAH asep maosul affandi,"BRASS KAPOL recess for DPR RI members can be implemented in various ways, but for KAH asep maosul affandi"
41,2016-12-26T08:41:36.000Z,CC Anggota DPR Ini Minta Kebijakan Bebas Visa Dicabut,CC anggota DPR ini minta kebijakan bebas visa cabut,This DPR member CC asked for the visa-free policy to be withdrawn
42,2016-12-26T05:11:02.000Z,Inilah indikator kesuksesan reses Anggota DPR RI,ini indikator sukses reses anggota DPR RI,This is an indicator of the success of the DPR RI members' recess
43,2016-12-26T04:16:32.000Z,Ada misi Anggota DPR ketika masa reses Pertama untuk membangun akuntabilitas politik cc,ada misi anggota DPR ketika masa reses pertama untuk bangun akuntabilitas politik cc,There is a mission for DPR members during the first recess to build CC political accountability
44,2016-12-26T03:42:57.000Z,Siang teman teman Tgl Des Jan anggota melaksanakan reses Apa yg perlu kt ketahui sbg konstituen? cc,siang teman teman tanggal des jangan anggota laksana reses apa yang perlu kita tahu bagai konstituen ? cc,"afternoon friends, the date is December, don't be a member, it's like a recess. What do we need to know as constituents? cc"
45,2016-12-26T03:29:55.000Z,Akan Bentuk Pansus Pekerja Asing Ilegal SEGERA Tinjau Ulang Kebijakan Bebas Visa dengan RRC Pak,akan bentuk pansus kerja asing ilegal SEGERA tinjau ulang kebijakan bebas visa dengan RRC pak,"will form a special committee on illegal foreign employment. IMMEDIATELY review the visa-free policy with the PRC, sir"
46,2016-12-26T01:01:22.000Z,Terkait Kegiatan Reses Anggota DPR RI KPU dan Panwaslih Diuji Profesionalismenya,kait giat reses anggota DPR RI KPU dan panwaslih uji profesionalisme,related to active recess for DPR RI KPU members and supervisory committee professionalism tests
47,2016-12-25T15:07:03.000Z,Reses di Bone Anggota DPR RI Akbar Faisal Sampaikan ini,reses di bone anggota DPR RI akbar faisal sampai ini,Recess in the bones of DPR RI member Akbar Faisal until now
48,2016-12-25T08:09:14.000Z,Temuan Komisi IX DPR RI Serbuan Buruh China Akibat Kebijakan Bebas Visa,temu komisi IX DPR RI serbu buruh china akibat kebijakan bebas visa,DPR RI Commission IX meeting attacks Chinese workers due to visa-free policy
49,2016-12-25T01:14:32.000Z,kemankalian saat rakyat menjerit karena kebijakan eksekutip yang gila? dprkemana,kemankalian saat rakyat jerit karena kebijakan eksekutip yang gila ? dprkemana,chaos when the people scream because of crazy executive policies? dprwhere
50,2016-12-24T13:54:06.000Z,Komisi IX Ketua Komisi IX DPR RI merekomendasikan kpd pem agar tinjau ulang kebijakan bebas visa,komisi IX ketua komisi IX DPR RI rekomendasi kepada pem agar tinjau ulang kebijakan bebas visa,"Commission IX, chairman of Commission IX DPR RI, recommended to the government to review the visa-free policy"
51,2016-12-24T11:47:15.000Z,KTweets Komunitas Disabilitas Serahkan Draft RUU Penyandang Disabilitas ke Sekjen DPR RI RUUDisabilitas,ktweets komunitas disabilitas serah draft RUU sandang disabilitas ke sekjen DPR RI ruudisabilitas,ktweets The disability community submitted the draft bill on disability clothing to the secretary general of the Indonesian House of Representatives regarding disability
52,2016-12-24T10:44:44.000Z,Konsolidasi Pendidikan Politik DPD Golkar Kota Semarang Reses Anggota DPR RI Mujib Rohmad,konsolidasi didik politik DPD golkar kota semarang reses anggota DPR RI mujib rohmad,consolidation of political education DPD Golkar Semarang City DPR RI member Mujib Rohmad recess
53,2016-12-24T10:02:14.000Z,DPR Minta Pemerintah Evaluasi Kebijakan Bebas Visa Komisi IX DPR RI merekomendasikan kepada pemerintah untuk,DPR minta pemerintah evaluasi kebijakan bebas visa komisi IX DPR RI rekomendasi kepada pemerintah untuk,The DPR asked the government to evaluate the DPR RI Commission IX visa-free policy and recommend it to the government
54,2016-12-24T09:32:54.000Z,Reses Anggota DPR RI Drs H Dadang S Muchtar Bersama Masyarakat Desa Pasirtalaga Kecamatan Telagasari Kabupaten Karawang Desember,reses anggota DPR RI drs h dadang si muchtar sama masyarakat desa pasirtalaga camat telagasari kabupaten karawang desember,"recess for DPR RI members Drs H Dadang Si Muchtar and the people of Pasirtalaga Village, Head of Telagasari Subdistrict, Karawang Regency, December"
55,2016-12-24T02:57:25.000Z,Bayangkan bila anggota dpr dlm reses nya mensosialisasikan tax amnesti pasti efek nya positif tuk menyakin kan rakyat Tujuan ini program,bayang bila anggota dpr dalam reses nya sosialisasi tax amnesti pasti efek nya positif untuk menyakin kan rakyat tuju ini program,"Imagine if members of the DPR during their recess socialized the tax amnesty, it would definitely have a positive effect in convincing the people to aim for this program."
56,2016-12-23T21:07:30.000Z,BaBekasihtau Rencana Kebijakan Redenominasi Ini Pandangan Positif Anggota DPR,babekasihtau rencana kebijakan redenominasi ini pandang positif anggota DPR,"babe, you know that DPR members view this redenomination policy plan positively"
57,2016-12-23T21:06:09.000Z,body status Dewibet Jkt Rencana Kebijakan uangrupiah redenominasi surabaya TeamK wanita dewi,body status dewibet jakarta rencana kebijakan uangrupiah redenominasi surabaya teamk wanita dewi,body status Dewibet Jakarta Rupiah Redenomination Policy Plan Surabaya TeamK Wanita Dewi
58,2016-12-23T20:56:28.000Z,Rencana Kebijakan Redenominasi Ini Pandangan Positif Anggota DPR,rencana kebijakan redenominasi ini pandang positif anggota DPR,DPR members view this redenomination policy plan positively
59,2016-12-23T16:26:59.000Z,Ratusan Pekerja Ilegal China Ditangkap Kebijakan BEBAS VISA perlu DITINJAU ULANG,ratus kerja ilegal china tangkap kebijakan BEBAS VISA perlu TINJAU ULANG,hundreds of illegal Chinese workers arrested VISA FREE policy needs to be REVIEWED
60,2016-12-23T15:36:09.000Z,Anggota DPR Ini Minta Kebijakan Bebas Visa Dicabut GoAceh,anggota DPR ini minta kebijakan bebas visa cabut goaceh,This DPR member asked for Goaceh's visa-free policy to be revoked
61,2016-12-23T14:46:16.000Z,Anggota DPR Ini Minta Kebijakan Bebas Visa Dicabut,anggota DPR ini minta kebijakan bebas visa cabut,This DPR member asked for the visa-free policy to be withdrawn
62,2016-12-23T14:45:13.000Z,Sudah seharusnya di tinjau ulang Anggota DPR Ini Minta Kebijakan Bebas Visa Dicabut,sudah harus di tinjau ulang anggota DPR ini minta kebijakan bebas visa cabut,Members of the DPR must review this and ask for the visa-free policy to be withdrawn
63,2016-12-23T14:32:35.000Z,Bikin Resah Masyarakat Anggota DPR Ini Minta Kebijakan Bebas Visa Dicabut GoAceh,bikin resah masyarakat anggota DPR ini minta kebijakan bebas visa cabut goaceh,This member of the DPR has asked for the visa-free policy to be revoked by Goaceh
64,2016-12-23T11:54:13.000Z,Bikin Resah Masyarakat Anggota DPR Ini Minta Kebijakan Bebas Visa Dicabut,bikin resah masyarakat anggota DPR ini minta kebijakan bebas visa cabut,This member of the DPR has asked for the visa-free policy to be revoked
65,2016-12-23T09:46:38.000Z,Komisi VIII Berharap RUU Pekerja Sosial Masuk Prolegnas,komisi VII harap RUU kerja sosial masuk prolegnas,Commission VII hopes that the social work bill will be included in the National Legislation Program
66,2016-12-23T09:46:15.000Z,Komisi VIII Berharap RUU Pekerja Sosial Masuk Prolegnas info,komisi VII harap RUU kerja sosial masuk prolegnas info,Commission VII hopes that the social work bill will be included in the national legislative program info
67,2016-12-23T09:46:06.000Z,Dwi Murdaningsih Komisi VIII Berharap RUU Pekerja Sosial Masuk Prolegnas,dwi murdaningsih komisi VII harap RUU kerja sosial masuk prolegnas,Dwi Murdaningsih Commission VII hopes that the social work bill will be included in the National Legislation Program
68,2016-12-23T09:44:26.000Z,Komisi VIII Berharap RUU Pekerja Sosial Masuk Prolegnas News,komisi VII harap RUU kerja sosial masuk prolegnas news,Commission VII hopes that the social work bill will be included in the national legislative program news
69,2016-12-23T09:43:20.000Z,Komisi VIII Berharap RUU Pekerja Sosial Masuk Prolegnas ROL,komisi VII harap RUU kerja sosial masuk prolegnas ROL,Commission VII hopes that the social work bill will be included in the ROL National Legislation Program
70,2016-12-23T09:41:28.000Z,republikaonline Komisi VIII Berharap RUU Pekerja Sosial Masuk Prolegnas,republikaonline komisi VII harap RUU kerja sosial masuk prolegnas,republicaonline commission VII hopes that the social work bill will be included in the national legislative program
71,2016-12-23T09:36:12.000Z,Bilal Ramadhan Anggota DPR Ini Minta Kebijakan Bebas Visa Dicabut,bilal ramadhan anggota DPR ini minta kebijakan bebas visa cabut,"Bilal Ramadhan, a member of the DPR, asked for the visa-free policy to be withdrawn"
72,2016-12-23T09:33:08.000Z,Anggota DPR Ini Minta Kebijakan Bebas Visa Dicabut ROL,anggota DPR ini minta kebijakan bebas visa cabut ROL,This DPR member asked for the visa-free policy to be revoked by ROL
73,2016-12-23T09:31:25.000Z,Anggota DPR Ini Minta Kebijakan Bebas Visa Dicabut info,anggota DPR ini minta kebijakan bebas visa cabut info,This DPR member asked for the visa-free policy to be revoked
74,2016-12-23T09:31:11.000Z,republikaonline Anggota DPR Ini Minta Kebijakan Bebas Visa Dicabut,republikaonline anggota DPR ini minta kebijakan bebas visa cabut,Republikaonline This member of the DPR asked for the visa-free policy to be withdrawn
75,2016-12-23T09:29:07.000Z,Anggota DPR Ini Minta Kebijakan Bebas Visa Dicabut News,anggota DPR ini minta kebijakan bebas visa cabut news,This member of the DPR asks for the visa-free policy to be withdrawn news
76,2016-12-23T09:16:21.000Z,DPR Minta Kebijakan Bebas Visa Dicabut,DPR minta kebijakan bebas visa cabut,DPR asks for visa-free policy to be withdrawn
77,2016-12-23T09:02:12.000Z,Cc RT JK Sebut Kebijakan Bebas Visa Perlu Dievaluasi,cc RT JIKA sebut kebijakan bebas visa perlu evaluasi,cc RT IF you say the visa-free policy needs evaluation
78,2016-12-23T06:02:31.000Z,Anggota DPR RI Gelar Reses di Desa Siberida Kecamatan Batang Gansal,anggota DPR RI gelar reses di desa siberida camat batang gansal,"Members of the Indonesian House of Representatives held a recess in the village of Cyberida, the sub-district head of Batang Gansal"
79,2016-12-23T04:24:14.000Z,Kunjungi Ponpes Tazaka Anggota DPR Minta Masukan soal RUU Ponpes,kunjung ponpes tazaka anggota DPR minta masuk soal RUU ponpes,Tazaka Islamic boarding school visits members of the DPR asking to enter the Islamic boarding school bill
80,2016-12-22T14:07:26.000Z,Reses A DPR RI Jaring aspirasi Kamis malam,reses a DPR RI jaring aspirasi kamis malam,DPR RI recess for aspirations Thursday night
81,2016-12-22T13:53:37.000Z,JMR JAringRadio DPR RI Pemberdayaan ekonomi sangat penting u tekan terorisme bahkan kebijakan bebas Visa jg harus dihapus Cc,JMR jaringradio DPR RI daya ekonomi sangat penting kamu tekan terorisme bahkan kebijakan bebas visa juga harus hapus cc,"JMR DPR RI radio network for economic power is very important for you to suppress terrorism, even the visa-free policy must also be abolished"
82,2016-12-22T08:16:25.000Z,Pemerintah Diminta Evaluasi Kebijakan Bebas Visa,pemerintah minta evaluasi kebijakan bebas visa,The government asks for an evaluation of the visa-free policy
83,2016-12-21T10:15:01.000Z,Kebijakan Bebas Visa Hilangkan Potensi Pendapatan Negara Rp Triliun,kebijakan bebas visa hilang potensi dapat negara rp triliun,The visa-free policy has lost the potential to earn the country IDR trillion
84,2016-12-21T08:47:51.000Z,Dapilku Rumahku Reses dan silaturahim bersama anggota DPR RI PKBMembelaRakyat,dapilku rumah reses dan silaturahim sama anggota DPR RI pkbmembelarakyat,My electoral district is home to recess and friendship with members of the DPR RI PKB to defend the people
85,2016-12-21T07:25:06.000Z,RUU ini merupakan inisiatif dari DPR RI telah penuhi tata tertib dan segala peraturan DPR RI baleg,RUU ini rupa inisiatif dari DPR RI telah penuh tata tertib dan segala pengaturan DPR RI baleg,This bill is an initiative from the DPR RI and is full of rules and regulations and all regulations of the DPR RI baleg
86,2016-12-21T06:15:58.000Z,Anggota DPR Minta Kebijakan Bebas Visa Dievaluasi,anggota DPR minta kebijakan bebas visa evaluasi,DPR members ask for visa-free evaluation policy
87,2016-12-21T04:31:12.000Z,Edhie Baskoro Yudhoyono atau yg biasa disapa Ibas anggota DPR RI dari Partai Demokrat kembali melakukan reses,edhie baskoro yudhoyono atau yang biasa sapa ibas anggota DPR RI dari partai demokrat kembali pelaksanaan reses,"Edhie Baskoro Yudhoyono or who is usually known as Ibas, a member of the DPR RI from the Democratic Party, is returning to recess"
88,2016-12-21T04:22:05.000Z,Anggota DPR RI ini menilai kebijakan penambahan biaya visa riyal Saudi bagi jemaah umrah itu hal positif,anggota DPR RI ini nilai kebijakan tambah biaya visa riyal saudi bagi jemaah umrah itu hal positif,This member of the DPR RI believes that the policy of adding Saudi riyal visa fees for Umrah pilgrims is a positive thing
89,2016-12-20T18:32:07.000Z,mengharukan wakil rakyat trlalu banyak waktunya utk update disosmed hampir ga ada waktu utk update aspirasi rakyat yg diwakilinya,haru wakil rakyat terlalu banyak waktu untuk update disosmed hampir tidak ada waktu untuk update aspirasi rakyat yang wakil,"the people's representatives have too much time to update on social media, there is almost no time to update the aspirations of the people's representatives"
90,2016-12-20T15:40:47.000Z,Anggota DPR menilai kebijakan bebas visa memicu banyaknya TKA yang bekerja secara ilegal,anggota DPR nilai kebijakan bebas visa picu banyak TKA yang kerja cara ilegal,DPR members believe the visa-free policy has triggered many foreign workers to work illegally
91,2016-12-20T12:22:48.000Z,DPR Desak Pemerintah Evaluasi Kebijakan Bebas Visa Wakil Ketua Komisi IX DPR RI Saleh Partaonan Daulay menilai,DPR desakan pemerintah evaluasi kebijakan bebas visa wakil ketua komisi IX DPR RI saleh partaonan daulay nilai,"The DPR urges the government to evaluate the visa-free policy, deputy chairman of Commission IX of the Indonesian House of Representatives, Saleh Partaonan Daulay value"
92,2016-12-20T12:17:29.000Z,Kebijakan Bebas Visa Dinilai Perlu Dievaluasi,kebijakan bebas visa nilai perlu evaluasi,The value of the visa-free policy needs evaluation
93,2016-12-20T09:28:30.000Z,Kebijakan Bebas Visa Dinilai Perlu Dievaluasi info,kebijakan bebas visa nilai perlu evaluasi info,visa free policy value needs evaluation info
94,2016-12-20T09:28:19.000Z,Kebijakan Bebas Visa Dinilai Perlu Dievaluasi News,kebijakan bebas visa nilai perlu evaluasi news,value visa-free policy needs evaluation news
95,2016-12-20T09:27:27.000Z,Dwi Murdaningsih Kebijakan Bebas Visa Dinilai Perlu Dievaluasi,dwi murdaningsih kebijakan bebas visa nilai perlu evaluasi,Dwi Murdaningsih's value visa-free policy needs evaluation
96,2016-12-20T07:50:32.000Z,Berkunjung ke DPR RI diterima Setjen bagian Bamus Krn DPR RInya masa reses,kunjung ke DPR RI terima setjen bagi bamus karena DPR rinya masa reses,visited the DPR RI to receive the general secretary for the Bamus because the DPR was in recess
97,2016-12-20T05:18:42.000Z,Anggota Komisi I DPR RI Jazuli Juwaini data Dirjen Imigrasi Kemenkumham WNA paling banyak melanggar kebijakan bebas visa adalah Tiongkok,anggota komisi i DPR RI jazuli juwaini data dirjen imigrasi kemenkumham WNA paling banyak langgar kebijakan bebas visa adalah tiongkok,"Member of Commission I DPR RI Jazuli Juwaini Data from the Director General of Immigration, Ministry of Law and Human Rights, the Chinese who most frequently violate the visa-free policy are Chinese."
98,2016-12-20T05:17:26.000Z,Anggota Komisi I DPR RI Jazuli Juwaini munculnya kekhawatiran dugaan pelanggaran WNA yg memanfaatkan kebijakan pemerintah pembebasan visa,anggota komisi i DPR RI jazuli juwaini muncul khawatir duga langgar WNA yang manfaat kebijakan pemerintah bebas visa,Member of Commission I DPR RI Jazuli Juwaini appeared worried about allegedly violating foreigners who benefit from the government's visa-free policy
99,2016-12-20T05:01:48.000Z,rakyat kritikmu mengenai kebijakan presiden kerjasama dng Iran dan kebebasan ormas asing dalam negri RI,rakyat kritikan kena kebijakan presiden kerjasama dengan iran dan bebas ormas asing dalam negeri RI,People criticizing the president's policy of cooperation with Iran and freedom from foreign mass organizations within the Republic of Indonesia
100,2016-12-20T04:46:41.000Z,berantas kebijakan sewenang wenang pak allahuakbar,berantas kebijakan wenang wenang pak allahuakbar,eradicate Pak Allahuakbar's policy of authority
101,2016-12-20T04:39:14.000Z,Ketua dan Para Wakil Ketua DPR RI PERLUNYA RUU PELAPORAN KEUANGAN UNTUK DUNIA BISNIS USAHA DI via,ketua dan para wakil ketua DPR RI PERLU RUU LAPOR UANG UNTUK DUNIA BISNIS USAHA DI via,The chairman and deputy chairman of the Indonesian House of Representatives NEED A MONEY REPORTING BILL FOR THE WORLD OF BUSINESS IN via
102,2016-12-19T23:57:42.000Z,good permintaan DPR RI utk evaluasi kebijakan pemerinth bebas visa cumlaude,good minta DPR RI untuk evaluasi kebijakan pemerinth bebas visa cumlaude,good asks the DPR RI to evaluate the government's visa-free cum laude policy
103,2016-12-19T23:23:08.000Z,semoga Ruu ini bisa Segera selesai dan disahkan sebagai UU AMIN,moga ruu ini dapat segera selesai dan sah bagai UU AMIN,Hopefully this bill can be completed soon and become legal as the AMIN Law
104,2016-12-19T23:18:25.000Z,Knp diam?FungsiDPR apa?Jd penontn? DPR Sdh Lama Waspadai Dampak Buruk Kebijakan Bebas Visa,kenapa diam ? fungsidpr apa ? jd penontn ? DPR sudah lama waspada dampak buruk kebijakan bebas visa,Why are you silent ? what is the function of dpr? be a spectator? The DPR has long been wary of the negative impacts of the visa-free policy
105,2016-12-19T22:45:44.000Z,Kunjungan Kerja Anggota Komisi II DPR RI di dalam masa reses persidangan thn cc,kunjung kerja anggota komisi II DPR RI di dalam masa reses sidang tahun cc,visiting members of Commission II DPR RI during the cc year session recess
106,2016-12-19T17:40:17.000Z,Emnu Azamri Sebagai Wakil Rakyat Saya Tak Takut Reses,emnu azamri bagai wakil rakyat saya tak takut reses,"Emnu Azamri, as a representative of the people, I am not afraid of a recess"
107,2016-12-19T15:57:14.000Z,Sahkan Revisi Undang Undang Aparatur Sipil Negara SahkanRevisiUUASN,sahkan revisi undang undang aparatur sipil negara sahkanrevisiuuasn,ratify the revision of the state civil service law ratify the revision
108,2016-12-19T12:34:24.000Z,Jika salah kebijakan yg bahayakan keutuhan kdaulatan negara rakyat jgn takut ingatkan demi bangsa,jika salah kebijakan yang bahaya utuh kdaulatan negara rakyat jangan takut ingat demi bangsa,"If a policy is wrong that endangers the entire sovereignty of the people's country, don't be afraid to remember for the sake of the nation"
109,2016-12-19T11:58:15.000Z,Hari ini brsm pimpinan anggota Komisi V DPR RI dg didampingi mitra kerja komisi melakukan Kunker masa Reses ke NTB,hari ini brsm kepemimpinan anggota komisi v DPR RI dengan damping mitra kerja komisi pelaksanaan kunker masa reses ke NTB,today brsm leadership of members of commission v DPR RI accompanied by working partners of the commission to implement the work visit during the recess to NTB
110,2016-12-19T11:20:09.000Z,hrs kaji kebijakan jika langgar konstitusi RI maka lengserkan dg konstitusi bkn makar,harus kaji kebijakan jika langgar konstitusi RI maka lengser dengan konstitusi bukan makar,"You have to review the policy, if you violate the Indonesian constitution, stepping down according to the constitution is not treason"
111,2016-12-19T10:53:11.000Z,Wakil Rakyat Ini Beberkan Argumen Telak untuk Tolak Komunisme di Indonesia,wakil rakyat ini kan argumen telak untuk penolakan komunisme di indonesia,These people's representatives are a clear argument for the rejection of communism in Indonesia
112,2016-12-19T09:49:06.000Z,Anggota Komisi II DPR RI Keberatan dengan Revisi Undang Undang ASN,anggota komisi II DPR RI berat dengan revisi undang undang ASN,Members of Commission II DPR RI are concerned about the revision of the ASN law
113,2016-12-19T04:21:05.000Z,Harap seluruh anggota dpr agar reses ka suriah bantu pengungsi suriah kalian kan perpanjang tangan rakyat kesana kalian bantu,harap seluruh anggota dpr agar reses kak suriah bantu ungsi suriah kalian kan panjang tangan rakyat kesana kalian bantu,"I hope that all members of the DPR will take a recess, Sis Syria, help evacuate Syria. You have a long arm, the people will go there and help you"
114,2016-12-19T04:16:26.000Z,DPR Minta Pemerintah Konkret di Krisis Suriah via,DPR minta pemerintah konkret di krisis suriah via,The DPR asks the government to be concrete in the Syrian crisis via
115,2016-12-19T02:45:01.000Z,Siapa bilang Dewan Perwakilan Rakyat bekerja lambat? Revisi Undang Undang tentang MPR DPR DPD dan DPRD,siapa bilang dewan wakil rakyat kerja lambat ? revisi undang undang tentang MPR DPR DPD dan DPRD,Who says the People's Representative Council works slowly? revision of the law regarding the MPR DPR DPD and DPRD
116,2016-12-19T02:25:00.000Z,IPC Beri Masukan RUU Migas Ini Tanggapan BKD DPR RI,IPC beri masuk RUU migas ini tanggap BKD DPR RI,The IPC gave this oil and gas bill a response to the DPR RI BKD
117,2016-12-19T02:10:10.000Z,body status Dewibet Jkt DPR RI Sahkan RUU Jasa konstruksi kementerianpupr surabaya TeamK wanita dewi,body status dewibet jakarta DPR RI sahkan RUU jasa konstruksi kementerianpupr surabaya teamk wanita dewi,body status dewibet jakarta DPR RI ratifies the construction services bill ministrypupr Surabaya teamk women goddess
118,2016-12-19T01:46:25.000Z,DPR RI Sahkan RUU Jasa Konstruksi Menjadi Undang Undang,DPR RI sahkan RUU jasa konstruksi jadi undang undang,The Republic of Indonesia's DPR passed the construction services bill into law
119,2016-12-18T04:44:48.000Z,sehingga Tidak Bisa Sesuai Ke inginan Tapi seauai Undang Undang tapi mau gmna U U nya Jga Ga Solid ya salah Warga,sehingga tidak dapat sesuai ke ingin tetapi seauai undang undang tetapi mau bagaimana kamu kamu nya juga tidak solid ya salah warga,"So it can't be according to what you want, but it's in accordance with the law, but what do you want, you're also not solid, it's the people's fault"
120,2016-12-18T04:43:39.000Z,harus Menegakan Hukum Sesuai Undang Undang kalau tidak Sesuai Tentu Harus Ada Penegak Untuk Penegak Hukum,harus tega hukum sesuai undang undang jika tidak sesuai tentu harus ada tegak untuk tegak hukum,"must uphold the law according to the law. If it is not in accordance, of course there must be an uphold to uphold the law"
121,2016-12-18T04:07:09.000Z,Viva Anggota DPR Minta TNI AU Investigasi Kecelakaan Hercules Mereka siap jika harus membuat kebijakan NewsToday,viva anggota DPR minta TNI AU investigasi celaka hercules mereka siap jika harus buat kebijakan newstoday,"Viva DPR members ask the Indonesian Air Force to investigate Hercules' accident, they are ready if they have to make a policy newstoday"
122,2016-12-17T05:19:04.000Z,Kunjungan Kerja Reses Komisi IX DPR RI Masa Persidangan II Tahun Sidang ke Propinsi Sulawesi Utara,kunjung kerja reses komisi IX DPR RI masa sidang II tahun sidang ke propinsi sulawesi utara,visited the working recess of Commission IX DPR RI during the second session of the session year to North Sulawesi province
123,2016-12-17T04:57:03.000Z,Ketua Para Wkl Ketua DPR RI PERLUNYA RUU PELAPORAN KEUANGAN UNTUK DUNIA BISNIS USAHA DI lewat,ketua para wkl ketua DPR RI PERLU RUU LAPOR UANG UNTUK DUNIA BISNIS USAHA DI lewat,chairman of the wkl chairman of the DPR RI NEEDS THE BILL TO REPORT MONEY FOR THE WORLD OF BUSINESS IN passing
124,2016-12-17T04:55:42.000Z,Jangan lupa pak diperjuangkan pengesahan REVISI terbatas uu asn,jangan lupa pak juang pengesahan REVISI batas uu asn,"Don't forget, Sir, to fight for ratification of the REVISION of ASN Law limits"
125,2016-12-17T03:08:13.000Z,Banyak anggota dpr tak hadiri rapat paripurna kamis lalu cuma disuruh datang duduk dengar diam dan duit saja koq susah,banyak anggota dpr tak hadir rapat paripurna kamis lalu cuma suruh datang kedudukan dengar diam dan duit saja kok susah,"Many members of the DPR did not attend last Thursday's plenary session, they were only asked to come to their listening position and were quiet and money was scarce."
126,2016-12-17T02:56:00.000Z,SuaraBerjutaTelinga biem_benjamin DPR_RI Semua hrs melalui payung hukum yaitu Undang Undang,suaraberjutatelinga biem_benjamin DPR_RI semua harus lalu payung hukum yaitu undang undang,"Suaraberjutatelinga biem_benjamin DPR_RI must all follow the legal umbrella, namely law"
127,2016-12-17T02:38:56.000Z,SuaraBerjutaTelinga Semua hrs melalui payung hukum yaitu Undang Undang,suaraberjutatelinga semua harus lalu payung hukum yaitu undang undang,"The voices of millions of ears must all follow the legal umbrella, namely law"
128,2016-12-17T02:29:44.000Z,Anggota DPR AS ajukan RUU untuk hentikan pendanaan AS ke al Qaeda ISIS di Suriah u jatuhkan Assad,anggota DPR AS aju RUU untuk henti dana AS ke al qaeda ISIS di suriah kamu jatuh assad,US DPR members introduce bill to stop US funding to al Qaeda ISIS in Syria you fell Assad
129,2016-12-17T01:17:24.000Z,Setuju ayoo dong DPR kalian kan wakil rakyat jngn melempem jngn takut menyuarakan aspirasi rakyat,tuju ayo dong DPR kalian kan wakil rakyat jangan melempem jangan takut suara aspirasi rakyat,"Come on, come on, DPR, you are the people's representatives, don't be sluggish, don't be afraid of the voice of the people's aspirations"
130,2016-12-17T01:10:58.000Z,DPR Indonesia Tidak Butuh Ormas Asing Batalkan!,DPR indonesia tidak butuh ormas asing batal !,The Indonesian DPR does not need foreign mass organizations to cancel!
131,2016-12-17T01:06:38.000Z,Ketua Komisi II DPR RI Berkomitmen Selesaikan RUU Pemilu,ketua komisi II DPR RI komitmen selesai RUU pemilu,Chairman of Commission II DPR RI commits to complete the election bill
132,2016-12-17T00:41:34.000Z,Puluhan Bidan PTT dan Tenaga Honorer Kawal Pembahasan RUU ASN di Gedung DPR EMPAT PILAR MPR lewat,puluh bidan PTT dan tenaga honorer kawal bahas RUU ASN di gedung DPR EMPAT PILAR MPR lewat,dozens of PTT midwives and honorary staff guarded the discussion of the ASN Bill in the DPR building. THE FOUR PILLARS of the MPR passed
133,2016-12-17T00:20:46.000Z,Kunjungan Kerja Komisi IX DPR RI Kunker Ke Banyuwangi BANYUWANGI Komisi IX DPR RI dalam Masa Reses,kunjung kerja komisi IX DPR RI kunker ke banyuwangi BANYUWANGI komisi IX DPR RI dalam masa reses,Commission IX DPR RI working visit to Banyuwangi BANYUWANGI Commission IX DPR RI during recess
134,2016-12-17T00:18:06.000Z,BreakingNews Protes Pemanggilan Eko Patrio DPR Panggil Kapolri Setelah Reses Komisi III DPR RI akan memanggil Kapolri Jenderal followMe,breakingnews protesan panggil eko patrio DPR panggil kapolri telah reses komisi II DPR RI akan panggil kapolri jenderal followme,breakingnews protests call for eco patrio DPR summons national police chief commission II DPR RI has recessed to summon national police chief general followme
135,2016-12-16T16:43:12.000Z,Komisi IX Pelajari Program Harga Pas Dan Anak Tokcer Komisi IX DPR RI dalam Masa Reses Persidangan II Tahun Sidang,komisi IX ajar program harga pas dan anak tokcer komisi IX DPR RI dalam masa reses sidang II tahun sidang,Commission IX teaches the right price program and tokcer children Commission IX DPR RI during the second session recess of the session year
136,2016-12-16T12:24:44.000Z,Aksi Damai untuk mendorong DPR RI segera mengesahkan RUU Penghapusan Kekerasan Seksual Semarang,gerakan damai untuk dorong DPR RI segera pengesahan RUU hapus keras seksual semarang,peaceful movement to encourage the DPR RI to immediately pass the bill to eradicate sexual violence in Semarang
137,2016-12-16T10:47:14.000Z,Ya Allah Ya Rob ketuklah hati pemangku kebijakan wakil rakyat SahkanRevisiUUASN,ya allah ya rob ketuk hati mang kebijakan wakil rakyat sahkanrevisiuuasn,"O Allah, O Rob, knock the heart of the people's representative's policy, validate the revision"
138,2016-12-16T10:44:48.000Z,Kebijakan yang tepat adalah mengembalikan agar kawasan suci itu bersih PelanggaranTelukBenoa,kebijakan yang tepat adalah kembali agar kawasan suci itu bersih pelanggarantelukbenoa,The right policy is to return to ensure that the sacred area is clean of violations in Teluk Benoa
139,2016-12-16T10:20:47.000Z,bagi pelaksanaan pembangunan daerah pungkas Senator DIY HL DPDRI sumber,bagi laksana pembangunan daerah pungkas senator DIY HL DPDRI sumber,"for regional development, concluded DIY senator HL DPDRI source"
140,2016-12-16T10:13:25.000Z,Sehingga menurutnya Badan Legislasi Dewan Perwakilan Rakyat sepakat memasukan perubahan kedua Undang Undang Nomor DPDRI,sehingga turut badan legislasi dewan wakil rakyat sepakat pasu ubah dua undang undang nomor DPDRI,"So the legislative body, the House of Representatives, agreed to change the two DPDRI laws"
141,2016-12-16T10:07:03.000Z,Dalam rapat koordinasi Badan Legislasi DPR RI dengan Menteri Hukum dan HAM serta Panitia Perancang Undang undang PPUU DPDRI,dalam rapat koordinasi badan legislasi DPR RI dengan menteri hukum dan HAM serta panitia ancang undang undang PPUU DPDRI,in the coordination meeting of the DPR RI legislative body with the minister of law and human rights as well as the DPDRI PPUU bill drafting committee
142,2016-12-16T10:01:10.000Z,Baleg DPR RI Menyepakati RUU dalam Prolegnas RUU DPDRI,baleg DPR RI pakat RUU dalam prolegnas RUU DPDRI,The DPR RI baleg agreed on the bill in the DPDRI Bill's National Legislation Program
143,2016-12-16T09:34:17.000Z,Menurut Menteri Laoly tantangan ke depan terhadap perkembangan jasa konstruksi mendorong dilakukannya revisi,turut menteri laoly tantang ke depan hadap kembang jasa konstruksi dorong pelaksanaan revisi,Minister Laoly also challenged the future development of construction services to encourage the implementation of revisions
144,2016-12-16T09:19:15.000Z,Baleg DPR RI Menyepakati RUU dalam Prolegnas RUU Penyusunan RUU Prolegnas belum juga rampung,baleg DPR RI pakat RUU dalam prolegnas RUU susun RUU prolegnas belum juga rampung,The DPR RI baleg approves the bill in the National Legislation Program. The bill drafting the Prolegnas Bill has not yet been completed
145,2016-12-16T09:04:19.000Z,Kunker Reses Komisi di,kunker reses komisi di,commission recess at
146,2016-12-16T06:49:10.000Z,Yah sampai jumpa di bui dah jadi nostalgia pas wakil rakyat bikin RUU Pornografi itu hahhaa prett,ya sampai jumpa di bui deh jadi nostalgia pas wakil rakyat bikin RUU pornografi itu hahhaa prett,"Yes, I'll see you in jail. I was so nostalgic when the people's representatives made the pornography bill, hahahaa prett"
147,2016-12-16T03:45:26.000Z,Kunjungan kerja nomor rapat paripurna nanti dulu Yang Terhormat Anggota Dewan,kunjung kerja nomor rapat paripurna nanti dulu yang hormat anggota dewan,"Please visit the work number of the plenary meeting later, respectful members of the council"
148,2016-12-16T03:26:11.000Z,RUU Jasa Konstruksi Resmi Disahkan Menjadi UU,RUU jasa konstruksi resmi sah jadi UU,The construction services bill has officially become law
149,2016-12-16T03:21:40.000Z,DPR RI Sahkan UU Jasa Konstruksi Undang undang Jasa Konstruksi akhirnya disahkan pada Rapat Paripurna DPR RI,DPR RI sahkan UU jasa konstruksi undang undang jasa konstruksi akhir sah pada rapat paripurna DPR RI,The DPR RI ratifies the Law on Construction Services. The Law on Construction Services finally becomes legal at the plenary session of the DPR RI
150,2016-12-16T03:02:32.000Z,Dwi Murdaningsih RUU Jasa Konstruksi Resmi Disahkan Menjadi UU,dwi murdaningsih RUU jasa konstruksi resmi sah jadi UU,Dwi Murdaningsih The construction services bill has officially become law
151,2016-12-16T02:54:47.000Z,RUU Jasa Konstruksi Resmi Disahkan Menjadi UU ROL,RUU jasa konstruksi resmi sah jadi UU ROL,The construction services bill has officially become the ROL Law
152,2016-12-16T02:54:09.000Z,republikaonline RUU Jasa Konstruksi Resmi Disahkan Menjadi UU,republikaonline RUU jasa konstruksi resmi sah jadi UU,republicaonline The construction services bill has officially become law
153,2016-12-16T02:52:32.000Z,RUU Jasa Konstruksi Resmi Disahkan Menjadi UU News,RUU jasa konstruksi resmi sah jadi UU news,The construction services bill has officially become law news
154,2016-12-16T02:52:13.000Z,RUU Jasa Konstruksi Resmi Disahkan Menjadi UU info,RUU jasa konstruksi resmi sah jadi UU info,The construction services bill has officially become an information law
155,2016-12-16T02:26:27.000Z,DPR RI sahkan UU Jasa Konstruksi Undang undang Jasa Konstruksi akhirnya disahkan pada Rapat Paripurna DPR RI,DPR RI sahkan UU jasa konstruksi undang undang jasa konstruksi akhir sah pada rapat paripurna DPR RI,The DPR RI ratifies the Law on Construction Services. The Law on Construction Services finally becomes legal at the plenary session of the DPR RI
156,2016-12-16T01:59:09.000Z,DPR RI menyetujui dan mensahkan RUU Jasa Konstruksi menjadi undang undang dlm Rapat Paripurna Ke di Gedung DPR RI,DPR RI tuju dan sah RUU jasa konstruksi jadi undang undang dalam rapat paripurna ke di gedung DPR RI,The Republic of Indonesia DPR aims to legally pass the construction services bill into law in a plenary session at the DPR RI building
157,2016-12-15T23:45:05.000Z,Radio ANDIKA Dewan Perwakilan Rakyat mengesahkan agar Rancangan Undang Undang tentang Pertembakauan menjadi,radio ANDIKA dewan wakil rakyat pengesahan agar rancangan undang undang tentang tembakau jadi,"ANDIKA radio, the people's representative council approves the draft law on tobacco to be finalized"
158,2016-12-15T23:30:36.000Z,debat sama lawan aja gabisa gmn nanti debat sama anggota dpr soal kebijakan yg menguntungkan buat rakyat? lul,debat sama lawan saja enggak bisa bagaimana nanti debat sama anggota dpr soal kebijakan yang untung buat rakyat ? lul,"You can't even debate with your opponent, how can you debate with members of the DPR about policies that are profitable for the people? lul"
159,2016-12-15T20:23:13.000Z,DPR RI Setujui RUU Penetapan Batas Laut Indonesia Singapura,DPR RI tuju RUU tetap batas laut indonesia singapura,"The Republic of Indonesia's DPR aims for a bill to keep Indonesia's sea boundaries, Singapore"
160,2016-12-15T17:13:43.000Z,DPR RI mengesahkan Rancangan Undang Undang tentang Jasa Konstruksi menjadi undang undang Menteri Hukum dan Hak,DPR RI pengesahan rancangan undang undang tentang jasa konstruksi jadi undang undang menteri hukum dan hak,The DPR RI ratifies the draft law on construction services as a law for the Minister of Law and Rights
161,2016-12-15T14:25:08.000Z,RUU Pertembakauan Disetujui Jadi RUU Inisiatif DPR,RUU tembakau tuju jadi RUU inisiatif DPR,The tobacco bill aims to become a DPR initiative bill
162,2016-12-15T14:24:17.000Z,Pembahasan RUU Terorisme dan RUU Wawasan Nusantara Diperpanjang,bahas RUU terorisme dan RUU wawas nusantara panjang,discuss the terrorism bill and the long archipelago awareness bill
163,2016-12-15T11:43:56.000Z,Bismillah Semoga Wakil Rakyat Mewakili Aspirasi Rakyat Amin,bismillah moga wakil rakyat wakil aspirasi rakyat amin,"Bismillah, may the people's representatives represent the people's aspirations, amen"
164,2016-12-15T10:06:23.000Z,Paripurna DPR Setujui RUU Pertembakauan untuk Dibahas,paripurna DPR tuju RUU tembakau untuk bahas,DPR plenary session heads to discuss the tobacco bill
165,2016-12-15T10:04:15.000Z,republikaonline Paripurna DPR Setujui RUU Pertembakauan untuk Dibahas,republikaonline paripurna DPR tuju RUU tembakau untuk bahas,republicaonline DPR plenary session aims to discuss the tobacco bill
166,2016-12-15T10:02:09.000Z,Dwi Murdaningsih Paripurna DPR Setujui RUU Pertembakauan untuk Dibahas,dwi murdaningsih paripurna DPR tuju RUU tembakau untuk bahas,dwi murdaningsih DPR plenary session headed for discussion of the tobacco bill
167,2016-12-15T10:01:46.000Z,Paripurna DPR Setujui RUU Pertembakauan untuk Dibahas IkiBangsaku,paripurna DPR tuju RUU tembakau untuk bahas ikibangsaku,The DPR plenary session aimed at the tobacco bill to discuss Ikibangsaku
168,2016-12-15T09:59:13.000Z,Paripurna DPR Setujui RUU Pertembakauan untuk Dibahas ROL,paripurna DPR tuju RUU tembakau untuk bahas ROL,DPR plenary session addresses the tobacco bill to discuss ROL
169,2016-12-15T09:57:26.000Z,Paripurna DPR Setujui RUU Pertembakauan untuk Dibahas News,paripurna DPR tuju RUU tembakau untuk bahas news,DPR plenary session addresses the tobacco bill to discuss news
170,2016-12-15T09:57:06.000Z,Paripurna DPR Setujui RUU Pertembakauan untuk Dibahas info,paripurna DPR tuju RUU tembakau untuk bahas info,DPR plenary session addresses the tobacco bill to discuss information
171,2016-12-15T09:40:20.000Z,Berita Malang DPR RI Akhirnya Mengesahkan RUU Jasa Konstruksi Menjadi Undang Undang,berita malang DPR RI akhir pengesahan RUU jasa konstruksi jadi undang undang,unfortunate news: The DPR RI has finally passed the construction services bill into law
172,2016-12-15T09:40:10.000Z,DPR RI Akhirnya Mengesahkan RUU Jasa Konstruksi Menjadi Undang Undang Dewan Perwakilan Rakyat DPR RI Politik,DPR RI akhir pengesahan RUU jasa konstruksi jadi undang undang dewan wakil rakyat DPR RI politik,The Republic of Indonesia's DPR has finally ratified the construction services bill as a law for the DPR RI's political people's representative council
173,2016-12-15T07:12:50.000Z,Aktivis FKPPBI sedang berorasi di mendukung menetapkan RUU ASN cc,aktivis FKPPBI sedang orasi di dukungan tetap RUU ASN cc,FKPPBI activists giving a speech in support of the ASN CC Bill
174,2016-12-15T06:47:00.000Z,Perjuangan FKPPBI bersama membuahkan hasil dgn disetujuinya RUU ASN oleh cc,juang FKPPBI sama buah hasil dengan tuju RUU ASN oleh cc,FKPPBI's fight is the same as the results of the ASN Bill by CC
175,2016-12-15T06:15:42.000Z,Ketua Para Wakil Ketua DPR RI PERLUNYA RUU PK UtK DUNIA BISNIS USAHA DI SEBUAH REVOLUSI AKUNTANSI INDONESIA,ketua para wakil ketua DPR RI PERLU RUU PEMAKAIAN untuk DUNIA BISNIS USAHA DI BUAH REVOLUSI AKUNTANSI INDONESIA,chairman and deputy chairman of the Indonesian House of Representatives NEEDS A USAGE BILL FOR THE WORLD OF BUSINESS IN THE FRUITS OF THE INDONESIAN ACCOUNTING REVOLUTION
176,2016-12-15T06:03:14.000Z,Sahkan RUU ASN gedung DPR MPR I PNS Harga mati praja wibawa,sahkan RUU ASN gedung DPR MPR i PNS harga mati praja wibawa,ratify the ASN Bill in the DPR MPR building and civil servants with a fixed price for Praja Wibawa
177,2016-12-15T05:45:59.000Z,Hari Ini Menggelar Rapat Paripurna Inilah Tujuh Agenda Utamanya,hari ini gelar rapat paripurna ini tujuh agenda utama,Today there are seven main agendas for this plenary meeting
178,2016-12-15T05:43:42.000Z,Perpanjangan pembahasan waktu RUU Pemberantasan Tindak Pidana Terorisme RUU Wawasan Nusantara disetujui ParipurnaLive,panjang bahas waktu RUU berantas tindakan pidana terorisme RUU wawas nusantara tuju paripurnalive,discussed at length the timing of the bill to eradicate criminal acts of terrorism. The Wawas Nusantara Bill goes to plenary
179,2016-12-15T05:41:58.000Z,Agenda ke Pengesahan Perpanjangan Waktu Pembahasan RUU Pemberantasan Tindak Pidana Terorisme RUU Wawasan Nusantara ParipurnaLive,agenda ke pengesahan panjang waktu bahas RUU berantas tindakan pidana terorisme RUU wawas nusantara paripurnalive,"The agenda for ratification took a long time to discuss the bill to eradicate criminal acts of terrorism, the Wawas Nusantara Bill, plenary session"
180,2016-12-15T05:40:07.000Z,RUU Pertembakauan disetujui menjadi RUU Usul Inisiatif DPR RI dalam Rapat Paripurna DPR Ke ParipurnaLive,RUU tembakau tuju jadi RUU usul inisiatif DPR RI dalam rapat paripurna DPR ke paripurnalive,The tobacco bill is intended to be an initiative bill proposed by the DPR RI in the DPR's plenary session to plenary session
181,2016-12-15T05:33:57.000Z,Pendapat Fraksi atas RUU Usul Inisiatif Anggota DPR RI ttg Pertembakauan menjadi RUU Usul DPR RI ParipurnaLive,dapat partai atas RUU usul inisiatif anggota DPR RI tentang tembakau jadi RUU usul DPR RI paripurnalive,The party's proposal for the DPR RI member's initiative bill on tobacco can become a bill proposed by the DPR RI plenary live
182,2016-12-15T05:32:24.000Z,Agenda ke Pendapat Fraksi terhadap RUU Usul Inisiatif Anggota DPR RI tentang Pertembakauan Menjadi RUU Usul DPR RI ParipurnaLive,agenda ke dapat partai hadap RUU usul inisiatif anggota DPR RI tentang tembakau jadi RUU usul DPR RI paripurnalive,The agenda for parties to face the DPR RI member's initiative proposal bill on tobacco becomes the DPR RI plenary proposal bill
183,2016-12-15T05:15:39.000Z,Menkumham sampaikan Pendapat Akhir Presiden RI dlm Paripurna DPR RI ttg RUU Jasa Konstruksi yg akn disahkan menjadi UU Jkt,menkumham sampai dapat akhir presiden RI dalam paripurna DPR RI tentang RUU jasa konstruksi yang akan sah jadi UU jakarta,menkumham until the President of the Republic of Indonesia can finalize in the plenary session of the Indonesian House of Representatives regarding the construction services bill which will become a legal law in Jakarta
184,2016-12-15T05:00:11.000Z,Selamat atas disetujui dan disahkannya RUU Jasa Konstruksi menjadi Undang Undang dalam Rapat Paripurna DPR Ke ParipurnaLive,selamat atas tuju dan sah RUU jasa konstruksi jadi undang undang dalam rapat paripurna DPR ke paripurnalive,congratulations on the purpose and legalization of the construction services bill becoming law in the DPR plenary session to plenary live
185,2016-12-15T04:54:56.000Z,Sidang Paripurna DPR RI sahkan RUU ttg Pengesahan Perjanjian Penetapan Garis Batas Laut Wilayah RI Singapura,sidang paripurna DPR RI sahkan RUU tentang pengesahan janji tetap garis batas laut wilayah RI singapura,The plenary session of the Indonesian House of Representatives ratified the bill regarding ratification of the promise of permanent maritime boundaries of the Republic of Indonesia's territory of Singapore
186,2016-12-15T04:45:07.000Z,Pengambilan Keputusan Terhadap RUU tentang Jasa Konstruksi ParipurnaLive,ambil keputusan hadap RUU tentang jasa konstruksi paripurnalive,take a decision on the bill on plenary construction services
187,2016-12-15T04:43:07.000Z,Agenda ke Pembicaraan Tingkat II Pengambilan Keputusan Terhadap RUU tentang Jasa Konstruksi ParipurnaLive,agenda ke bicara tingkat II ambil keputusan hadap RUU tentang jasa konstruksi paripurnalive,agenda for level II talks to take decisions regarding the bill on plenary construction services
188,2016-12-15T04:34:28.000Z,Rapat Paripurna DPR Ke Masa Persidanga II TS ParipurnaLive,rapat paripurna DPR ke masa persidanga II TS paripurnalive,DPR plenary meeting to the II TS plenary session period
189,2016-12-15T04:29:02.000Z,Aksi damai depan gedung DPR MPR sahkan revisi RUU ASN Berkeadilan,gerakan damai depan gedung DPR MPR sahkan revisi RUU ASN adil,peaceful movement in front of the DPR building. The MPR ratifies the revision of the fair ASN Bill
190,2016-12-15T04:19:22.000Z,Dlm thn terakhir setiap tgl Des selalu melakukan penyisipan RUU baru dalam Daftar Prioritas Th dg RUU TA skrg RUU MD,dalam tahun akhir tiap tanggal des selalu pelaksanaan sisip RUU baru dalam daftar prioritas tahu dengan RUU TA sekarang RUU MD,"In the final year of every December, new bills are always implemented in the priority list, including the TA Bill and now the MD Bill"
191,2016-12-15T04:17:58.000Z,Agenda ke Pembicaraan Tk II RUU Pengesahan Perjanjian antara RI Singapura tentang Penetapan Garis Batas Laut ParipurnaLive,agenda ke bicara tak II RUU pengesahan janji antara RI singapura tentang tetap garis batas laut paripurnalive,"Agenda for talks No. II Bill ratifying the promise between the Republic of Indonesia and Singapore regarding permanent maritime boundary lines, plenary live"
192,2016-12-15T04:10:17.000Z,Pandangan fraksi thdp RUU usul inisiatif anggota DPR terkait RUU Pertembakauan AgendaDPR SidangParipurna,pandang partai hadap RUU usul inisiatif anggota DPR kait RUU tembakau agendadpr sidangparipurna,The party's view of the bill proposed as an initiative by members of the DPR regarding the tobacco bill on the agenda of the DPR plenary session
193,2016-12-15T03:59:13.000Z,Rapat Paripurna DPR Ke Masa Persidangan II Tahun Sidang dipimpin Wakil Ketua DPR ParipurnaLive,rapat paripurna DPR ke masa sidang II tahun sidang kepemimpinan wakil ketua DPR paripurnalive,plenary session of the DPR to the second session of the year leadership session of the deputy chairman of the DPR plenary live
194,2016-12-15T03:39:27.000Z,Sdh jd tradisi bg utk menyisipkan RUU tambahan dlm prolegnas prioritas Bln Nov DPR menambahkan RUU Tax Amnesty skrg MD,sudah jadi tradisi bang untuk sisip RUU tambah dalam prolegnas prioritas bulan nov DPR tambah RUU tax amnesty sekarang MD,"It has become a tradition, bro, to insert additional bills into the priority National Legislation Program in November. The DPR added the tax amnesty bill, now MD"
195,2016-12-15T03:32:33.000Z,Lombok Dengar Pendapat Serta Masukan Warga di Masa Reses III Anggota DPR Provinsi,lombok dengar dapat serta masuk warga di masa reses II anggota DPR provinsi,Lombok residents can hear and enter during the second recess for members of the provincial DPR
196,2016-12-15T03:12:24.000Z,DPR Serahkan DIM RUU Pemberantasan Terorisme kepada Menkumham,DPR serah DIM RUU berantas terorisme kepada menkumham,The DPR handed over the DIM bill to eradicate terrorism to the Minister of Law and Human Rights
197,2016-12-15T03:09:58.000Z,Komisi IV DPR Jaring Pendapat RUU Konservasi SDA dan Ekosistem,komisi IV DPR jaring dapat RUU konservasi SDA dan ekosistem,Commission IV of the DPR has received a draft law on natural resource and ecosystem conservation
198,2016-12-15T02:27:33.000Z,RUU SAWIT UPAYA NEGARA LINDUNGI KOMODITAS STRATEGIS palmoilgreen,RUU SAWIT UPAYA NEGARA LINDUNG KOMODITAS STRATEGIS palmoilgreen,PALM PALM BILL STATE EFFORTS TO PROTECT STRATEGIC COMMODITIES palmoilgreen
199,2016-12-15T02:05:14.000Z,Agenda DPR Kamis Pukul WIB Rapat Paripurna DPR Ke Masa Persidangan II Tahun Sidang agendaDPR,agenda DPR kamis pukul WIB rapat paripurna DPR ke masa sidang II tahun sidang agendadpr,"DPR agenda, Thursday at WIB, DPR plenary meeting for the second session of the DPR agenda session year"
200,2016-12-15T01:57:10.000Z,Penyuluh Perikanan Bantu hari ini aksi damai di DPR RI dalam rangka mendukung penetapan RUU ASN SahkanRevisiUUASN,suluh ikan bantu hari ini gerakan damai di DPR RI dalam rangka dukungan tetap RUU ASN sahkanrevisiuuasn,torch fish helped today the peaceful movement in the DPR RI in the framework of permanent support for the ASN Bill to legalize the revision
201,2016-12-15T00:07:42.000Z,Anggota DPR Masih Terus Berdebat soal Aturan Pidana Seks Pranikah RUU KUHP Belum Bisa Ketuk Palu,anggota DPR masih terus debat soal pengaturan pidana seks pranikah RUU KUHP belum dapat ketuk palu,DPR members are still continuing to debate the issue of regulating premarital sex crimes. The Criminal Code Bill has yet to be tapped
202,2016-12-15T00:04:18.000Z,Kita semua Dukung DPR RI untuk Sahkan RUU ASN SahkanRevisiUUASN Berkeadilan,kita semua dukungan DPR RI untuk sahkan RUU ASN sahkanrevisiuuasn adil,We all support the DPR RI to pass the ASN Bill to legalize fair revisions
203,2016-12-14T10:53:19.000Z,Pansus RUU Penyelenggaraan Pemilu DPR RI Rapat Konsultasi dengan Mahkamah Konstitusi membahas sengketa pemilu Rabu KunkerDPR,pansus RUU penyelenggaraan pemilu DPR RI rapat konsultasi dengan mahkamah konstitusi bahas sengketa pemilu rabu kunkerdpr,The special committee on the DPR RI election implementation bill held a consultation meeting with the constitutional court to discuss the election dispute Wednesday Kunkerdpr
204,2016-12-14T04:09:03.000Z,Pansus RUU Pemberantasan Tindak Pidana Terorisme Rapat Kerja dengan Menteri Hukum dan HAM terkait penyerahan DIM RUU DPRLive,pansus RUU berantas tindakan pidana terorisme rapat kerja dengan menteri hukum dan HAM kait serah DIM RUU dprlive,The special committee on the bill to eradicate criminal acts of terrorism has a working meeting with the Minister of Law and Human Rights regarding the handover of the DPRDPRlive DIM bill
205,2016-12-14T03:40:06.000Z,Pansus RUU Penyelenggaraan Pemilu DPR RI Rapat Konsultasi dengan Mahkamah Agung Rabu KunkerDPR,pansus RUU penyelenggaraan pemilu DPR RI rapat konsultasi dengan mahkamah agung rabu kunkerdpr,The special committee on the DPR RI election implementation bill held a consultation meeting with the supreme court Wednesday kunkerdpr
206,2016-12-14T03:28:10.000Z,Agenda Raker penyerahan DIM RUU ttg Pemberantasan Tindak Pidana Terorisme dan pengesahan keanggotaan Panja RUU dimaksud,agenda raker serah DIM RUU tentang berantas tindakan pidana terorisme dan pengesahan anggota panja RUU maksud,agenda for the working meeting was to hand over the DIM bill on eradicating criminal acts of terrorism and ratify the draft committee members for the bill
207,2016-12-14T03:00:20.000Z,Ketua Pansus RUU Penyelenggaraan Pemilu Lukman Edy Hak Pilih TNI Kemajuan Demokrasi Indonesia,ketua pansus RUU penyelenggaraan pemilu lukman edy hak pilih TNI maju demokrasi indonesia,"chairman of the special committee on the bill on the implementation of elections, Lukman Edy, TNI's voting rights to advance Indonesian democracy"
208,2016-12-14T02:49:45.000Z,Kunjungan Komisi IX DPR ke Universitas Mataram untuk menjaring masukan tentang RUU Konservasi Sumber Daya Alam dan Ekosistem KunkerDPR,kunjung komisi IX DPR ke universitas mataram untuk jaring masuk tentang RUU konservasi sumber daya alam dan ekosistem kunkerdpr,DPR Commission IX visited Mataram University for input regarding the KunkerdPR Natural Resources and Ecosystem Conservation Bill
209,2016-12-14T02:17:39.000Z,Agenda DPR Rabu Pukul WIB Komisi III DPR Rapat Panja RUU KUHP agendaDPR,agenda DPR rabu pukul WIB komisi II DPR rapat panja RUU KUHP agendadpr,DPR agenda Wednesday at WIB Commission II DPR meeting working committee on Criminal Code Bill DPR agenda
210,2016-12-14T01:43:13.000Z,Agenda DPR Rabu Pukul WIB Pansus RUU Pemberantasan Tindak Pidana Terorisme Rapat Kerja dengan MenkumHAM agendaDPR,agenda DPR rabu pukul WIB pansus RUU berantas tindakan pidana terorisme rapat kerja dengan menkumham agendadpr,DPR agenda Wednesday at WIB special committee on the bill to eradicate criminal acts of terrorism working meeting with menkumham DPR agenda
211,2016-12-14T01:39:16.000Z,Agenda DPR Rabu Pukul WIB Pansus RUU Penyelenggaraan Pemilu DPR RI Rapat Konsultasi dengan Mahkamah Agung agendaDPR,agenda DPR rabu pukul WIB pansus RUU penyelenggaraan pemilu DPR RI rapat konsultasi dengan mahkamah agung agendadpr,"DPR agenda, Wednesday at WIB, special committee on the bill on organizing elections for the DPR RI, consultation meeting with the supreme court, DPR agenda"
212,2016-12-13T14:26:36.000Z,Baru skrg mendengar ada kepala daerah ngundat kebijakan bangun Masjid padalah yg dilakukan amanat APBD yg di sahkan bareng wakil rakyat,baru sekarang dengar ada kepala daerah ngundat kebijakan bangun masjid pada yang pelaksanaan amanat APBD yang di sahkan bareng wakil rakyat,Only now have I heard that regional heads are demanding policies to build mosques in order to implement the mandate of the APBD which was ratified together with the people's representatives
213,2016-12-13T11:25:47.000Z,bijak banget tulisan anda beda dng wakil rakyat yg nyinyir abiesss penampilan tdk menjamin kebijakan seseorang,bijak banget tulis anda beda dengan wakil rakyat yang nyinyir abiess tampil tidak jamin kebijakan orang,Your writing is very wise in contrast to the people's representatives who say that abies appear not to guarantee people's policies
214,2016-12-13T09:50:25.000Z,Setya Novanto Diperiksa KPK Rapat Paripurna DPR RI Ditunda,setya novanto periksa KPK rapat paripurna DPR RI tunda,Setya Novanto examines KPK DPR RI plenary meeting postponed
215,2016-12-13T08:30:16.000Z,Pansus RUU Penyelenggaraan Pemilu DPR RI Rapat Kerja dengan Panglima TNI Polri Kejaksaan dan DPD RI terkait revisi UU Pemilu DPRLive,pansus RUU penyelenggaraan pemilu DPR RI rapat kerja dengan panglima TNI polri jaksa dan DPD RI kait revisi UU pemilu dprlive,"DPR RI election implementation bill special committee working meeting with TNI commander, police, prosecutor and DPD RI regarding revision of election law dprlive"
216,2016-12-13T07:47:05.000Z,Anggota DPR Ingatkan Pentingnya Integrasi Kebijakan TKI,anggota DPR ingat penting integrasi kebijakan TKI,DPR members remember the importance of integrating TKI policies
217,2016-12-13T01:31:03.000Z,Agenda DPR Selasa Pukul WIB Rapat Paripurna DPR Ke Masa Persidangan II Tahun Sidang agendaDPR,agenda DPR selasa pukul WIB rapat paripurna DPR ke masa sidang II tahun sidang agendadpr,"DPR agenda, Tuesday at WIB, DPR plenary meeting for the second session of the DPR agenda session year"
218,2016-12-13T00:57:56.000Z,a RUU tentang Pemberantasan Tindak Pidana Terorisme b RUU tentang Wawasan Nusantara Pukul Rapat Intern Komisi I DPR RI,a RUU tentang berantas tindakan pidana terorisme b RUU tentang wawas nusantara pukul rapat intern komisi i DPR RI,a Bill on eradicating criminal acts of terrorism b Bill on national awareness at the internal meeting of commission i DPR RI
219,2016-12-13T00:56:56.000Z,tentang Pertembakauan menjadi RUU Usul DPR RI dilanjutkan dengan Pengambilan Keputusan dan,tentang tembakau jadi RUU usul DPR RI lanjut dengan ambil keputusan dan,"regarding tobacco, the DPR RI's proposed bill continues with making a decision and"
220,2016-12-13T00:56:17.000Z,Pendapat Fraksi Fraksi terhadap RUU Usul Inisiatif Anggota DPR RI,dapat partai partai hadap RUU usul inisiatif anggota DPR RI,parties can face the bill as an initiative of members of the Indonesian House of Representatives
221,2016-12-13T00:53:41.000Z,Agenda Selasa Desember Pukul Rapat Paripurna DPR RI,agenda selasa desember pukul rapat paripurna DPR RI,agenda for Tuesday December at the DPR RI plenary session
222,2016-12-13T00:52:48.000Z,kapan ada RUU produktifitas dan integritas anggota DPR MPR ??,kapan ada RUU produktifitas dan integritas anggota DPR MPR ? ?,When will there be a bill on the productivity and integrity of DPR MPR members? ?
223,2016-12-12T14:05:34.000Z,Komisi IV DPR menggali masukan terkait penyusunana RUU Budi Daya Tanaman di Universitas Sumatera Utara Jumat KunkerDPR,komisi IV DPR gali masuk kait penyusunana RUU budi daya tanam di universitas sumatera utara jumat kunkerdpr,"Commission IV DPR digs into the drafting of the Bill on Plant Cultivation at the University of North Sumatra, Friday kunkerdpr"
224,2016-12-12T12:45:50.000Z,Anggota DPR RI Erma S Ranik Nilai RUU CSR Tak Hambat Investasi via,anggota DPR RI erma si ranik nilai RUU CSR tak hambat investasi via,"Member of the Republic of Indonesia's DPR, Erma Si Ranik, believes that the CSR Bill will not hinder investment via"
225,2016-12-12T02:22:11.000Z,RUU Redenominasi tak Masuk Prolegnas,RUU redenominasi tak masuk prolegnas,The redenomination bill is not included in the national legislative program
226,2016-12-12T02:19:54.000Z,republikaonline RUU Redenominasi tak Masuk Prolegnas via,republikaonline RUU redenominasi tak masuk prolegnas via,republicaonline The redenomination bill was not included in the national legislative program via
227,2016-12-12T02:19:42.000Z,RUU Redenominasi tak Masuk Prolegnas ROL,RUU redenominasi tak masuk prolegnas ROL,The redenomination bill is not included in the ROL National Legislation Program
228,2016-12-12T02:19:05.000Z,RUU Redenominasi tak Masuk Prolegnas News,RUU redenominasi tak masuk prolegnas news,The redenomination bill was not included in the national legislative program
229,2016-12-12T02:16:19.000Z,RUU Redenominasi tak Masuk Prolegnas republikaonline,RUU redenominasi tak masuk prolegnas republikaonline,The redenomination bill is not included in the Republikaonline Prolegnas
230,2016-12-12T02:01:54.000Z,Siap Kawal Pengesahan REVISI UUASN,siap kawal pengesahan REVISI UUASN,ready to oversee the ratification of the UUASN REVISION
231,2016-12-11T22:56:53.000Z,DPR RI Di industri kelapa sawit kepentingan asing sangat nyata dalam kebijakan moratorium masa pemerintahan SBY,DPR RI di industri kelapa sawit penting asing sangat nyata dalam kebijakan moratorium masa pemerintah SURABAYA,DPR RI in the important foreign palm oil industry is very evident in the moratorium policy of the SURABAYA government
232,2016-12-11T17:59:23.000Z,Ketua Para Wakil Ketua DPR RI RUU PELAPORAN KEUANGAN UNTUK DUNIA BISNIS INDONESIA MENJADI lewat,ketua para wakil ketua DPR RI RUU LAPOR UANG UNTUK DUNIA BISNIS INDONESIA JADI lewat,chairman and deputy chairman of the Republic of Indonesia DPR REPORTING MONEY FOR THE INDONESIAN BUSINESS WORLD BILL has passed
233,2016-12-11T11:42:12.000Z,Ketua dan Para Wakil Ketua DPR RI RUU PELAPORAN KEUANGAN UTK DUNIA BISNIS INDONESIA Paraf lewat,ketua dan para wakil ketua DPR RI RUU LAPOR UANG UNTUK DUNIA BISNIS INDONESIA paraf lewat,Chairman and Deputy Chairmen of the Republic of Indonesia DPR REPORTING MONEY FOR THE INDONESIAN BUSINESS WORLD draft passed
234,2016-12-11T01:33:23.000Z,miris wakil rakyat ngurusin hal cemen mestinya urus RUU yg banyak terbengkalai,miris wakil rakyat urus hal cemen mesti urus RUU yang banyak bengkalai,It's sad that the people's representatives who take care of cement matters have to take care of a bill that has been neglected a lot
235,2016-12-10T13:24:28.000Z,Anggota DPR Harapkan Masyarakat Pahami RUU Konservasi Anggota DPR RI Taufiq R Abdullah mengharapkan rancangan,anggota DPR harap masyarakat paham RUU konservasi anggota DPR RI taufiq r abdullah harap rancangan,DPR members hope the public understands the conservation bill. DPR RI member Taufiq R Abdullah hopes for a draft
236,2016-12-10T13:24:11.000Z,Anggota DPR Harapkan Masyarakat Pahami RUU Konservasi,anggota DPR harap masyarakat paham RUU konservasi,DPR members hope the public understands the conservation bill
237,2016-12-10T08:35:37.000Z,Anggota DPR harapkan masyarakat pahami RUU Konservasi,anggota DPR harap masyarakat paham RUU konservasi,DPR members hope the public understands the conservation bill
238,2016-12-10T08:08:10.000Z,Anggota DPR harapkan masyarakat pahami RUU Konservasi Anggota DPR RI Taufiq R Abdullah mengharapkan rancangan,anggota DPR harap masyarakat paham RUU konservasi anggota DPR RI taufiq r abdullah harap rancangan,DPR members hope the public understands the conservation bill. DPR RI member Taufiq R Abdullah hopes for a draft
239,2016-12-10T07:54:28.000Z,Draft RUU Penghapusan Kekerasan thd Perempuan bs diakses di web n jgn lupa dukung petisinya,draft RUU hapus keras thd perempuan dapat akses di web n jangan lupa dukungan petisi,The draft bill to remove strict restrictions on women can be accessed on the web and don't forget to support the petition
240,2016-12-10T07:30:24.000Z,Anggota DPR harapkan masyarakat pahami RUU Konservasi Anggota DPR RI Taufiq R Ab infopuger,anggota DPR harap masyarakat paham RUU konservasi anggota DPR RI taufiq r ab infopuger,DPR members hope the public understands the conservation bill. DPR RI member taufiq r ab infopuger
241,2016-12-10T06:22:37.000Z,Anggota DPR berharap RUU konservasi dipahami luas,anggota DPR harap RUU konservasi paham luas,DPR members hope the conservation bill will be broad-minded
242,2016-12-10T06:12:07.000Z,Anggota DPR berharap RUU konservasi dipahami luas loperkoran,anggota DPR harap RUU konservasi paham luas loperkoran,DPR members hope the conservation bill understands the extent of newspaper delivery
243,2016-12-10T06:11:22.000Z,Anggota DPR berharap RUU konservasi dipahami luas Anggota DPR RI Taufiq R Abdullah mengharapkan rancangan,anggota DPR harap RUU konservasi paham luas anggota DPR RI taufiq r abdullah harap rancangan,DPR members hope the conservation bill will be widely understood. DPR RI member Taufiq R Abdullah hopes for a draft
244,2016-12-10T06:07:21.000Z,Anggota DPR berharap RUU Konservasi Dipahami luas,anggota DPR harap RUU konservasi paham luas,DPR members hope the conservation bill will be broad-minded
245,2016-12-10T04:54:18.000Z,Revisi UU ASN adalah pembenahan hulu kebijakan dan solusi konkret bagi mereka,revisi UU ASN adalah benah hulu kebijakan dan solusi konkret bagi mereka,The revision of the ASN Law is an upstream policy improvement and concrete solution for them
246,2016-12-09T15:32:57.000Z,Koq makin marak ya stop kebijakan bebas visa tuk Cina,kok makin marak ya stop kebijakan bebas visa untuk cina,Why is it becoming more and more common to stop the visa-free policy for China?
247,2016-12-09T10:02:11.000Z,Mari kita kawal bersama Undang Undang Aparatur Sipil Negara ASN,mari kita kawal sama undang undang aparatur sipil negara ASN,Let's guard the state civil apparatus law ASN
248,2016-12-09T09:56:53.000Z,DPR RI komoditas minyak sawit menempati posisi kedua penyumbang devisa terbesar Indonesia maka harus dilindungi,DPR RI komoditas minyak sawit tempat posisi dua sumbang devisa besar indonesia maka harus lindung,"DPR RI palm oil commodities, which are two of Indonesia's largest foreign exchange earners, must be protected"
249,2016-12-09T08:15:40.000Z,Audiensi kepada Bpk Harry Poernomo Anggota Komisi VII DPR RI tentang RUU Migas,audiensi kepada bpk harry poernomo anggota komisi VII DPR RI tentang RUU migas,"audience with Mr Harry Poernomo, member of Commission VII DPR RI regarding the oil and gas bill"
250,2016-12-09T04:38:41.000Z,Komisi IV DPR menyerap masukan terkait RUU Sistem Budi Daya Tanaman di Universitas Brawijaya Malang Jumat KunkerDPR,komisi IV DPR serap masuk kait RUU sistem budi daya tanam di universitas brawijaya malang jumat kunkerdpr,"Commission IV of the DPR has accepted the bill regarding the cultivation system bill at Brawijaya University, Malang, Friday kunkerdpr"
251,2016-12-09T04:34:41.000Z,Konsultasi Publik dan Jaring Pendapat RUU Budi Daya Tanaman Komisi IV DPR RI at Biro Rektor USU,konsultasi publik dan jaring dapat RUU budi daya tanam komisi IV DPR RI at biro rektor USU,public consultation and netting for the DPR RI Commission IV cultivation bill at the USU chancellor's bureau
252,2016-12-09T03:05:31.000Z,memberikan kebijakan yg dapat menjadi tolak ukur dan dapat di implementasikan ke kepala daerah sehingga mudah tertata kemimpinannya,beri kebijakan yang dapat jadi penolakan ukur dan dapat di implementasi ke kepala daerah sehingga mudah tata kemimpinannya,provide policies that can be measured and can be implemented by regional heads so that leadership arrangements are easy
253,2016-12-09T02:23:23.000Z,DPR Terkini Komisi V DPR Setujui Draf RUU Jaskon Dibawa ke Paripurna,DPR kini komisi v DPR tuju draf RUU jaskon bawa ke paripurna,The DPR is now commission v DPR to take the draft of the Jakon Bill to the plenary
254,2016-12-09T02:22:51.000Z,DPR Terkini Anggota Pansus RUU Penyelenggaraan Pemilu Totok Daryanto Norma Dasar Pemilu Tidak Perlu Diubah,DPR kini anggota pansus RUU penyelenggaraan pemilu totok daryanto norma dasar pemilu tidak perlu ubah,"The DPR is now a member of the special committee on the draft election implementation bill, Totok Daryanto. There is no need to change the basic election norms"
255,2016-12-09T02:16:00.000Z,DPR Terkini DPRD dan PMI Surabaya Minta RUU Kepalangmerahan Disahkan,DPR kini DPRD dan PMI surabaya minta RUU kepalangmerahan sah,DPRD and PMI Surabaya now ask for the Red Cross Bill to be legal
256,2016-12-08T15:57:14.000Z,Satpolpp Mendoakan serta Mendukung disahkan RUU ASN pengangkatan Honorer Amin,satpolpp doa serta dukungan sah RUU ASN angkat honorer amin,"satpolpp prayers and legal support for the ASN Bill to raise honorary honorary fees, amen"
257,2016-12-08T15:25:28.000Z,Komisi IV Segera Revisi UU Sumber Daya Hayati MANADO EDUNEWS ID Komisi IV DPR RI akan revisi Undang Undang,komisi IV segera revisi UU sumber daya hayati MANADO EDUNEWS ID komisi IV DPR RI akan revisi undang undang,commission IV will immediately revise the biological resources law MANADO EDUNEWS ID commission IV DPR RI will revise the law
258,2016-12-08T11:41:11.000Z,RUU Sumber Daya Hayati Lindungi Kekayaan Alam Indonesia,RUU sumber daya hayati lindung kaya alam indonesia,Indonesia's rich natural protected biological resources bill
259,2016-12-08T11:41:08.000Z,RUU Sumber Daya Hayati Lindungi Kekayaan Alam Indonesia republikaonline,RUU sumber daya hayati lindung kaya alam indonesia republikaonline,Indonesia's rich natural protected biological resources bill republicaonline
260,2016-12-08T10:08:30.000Z,Panja RUU Arsitek Komisi V DPR Bahas Substansi DIM Bersama Pemerintah,panja RUU arsitek komisi v DPR bahas substansi DIM sama pemerintah,The draft committee on draft draft commission v DPR discussed the substance of DIM with the government
261,2016-12-08T06:36:08.000Z,PENDIDIKAN JAKARTA PR Wakil Ketua Komisi X DPR RI Abdul Fikri Faqih menilai pemerintah tidak kompak dalam penentuan kebijakan terkai,DIDIK JAKARTA PR wakil ketua komisi kali DPR RI abdul fikri faqih nilai pemerintah tidak kompak dalam tentu kebijakan terka,DIDIK JAKARTA PR deputy chairman of the Indonesian House of Representatives Commission Abdul Fikri Faqih believes that the government is not united in terms of certain policies
262,2016-12-08T06:15:14.000Z,Komisi IV DPR gelar FGD di Universitas Gadjah Mada tentang RUU Konservasi Keanekaragaman Hayati Ekosistem Kamis KunkerDPR,komisi IV DPR gelar FGD di universitas gadjah mada tentang RUU konservasi keanekaragaman hayati ekosistem kamis kunkerdpr,Commission IV of the DPR held an FGD at Gadjah Mada University regarding the Bill on Ecosystem Biodiversity Conservation Thursday Kunkerdpr
263,2016-12-08T04:54:49.000Z,Komisi V DPR Setujui Draf RUU Jaskon Dibawa ke Paripurna,komisi v DPR tuju draf RUU jaskon bawa ke paripurna,Commission v DPR aims to bring the draft Jakon Bill to plenary
264,2016-12-08T04:53:31.000Z,Anggota Pansus RUU Penyelenggaraan Pemilu Totok Daryanto Norma Dasar Pemilu Tidak Perlu Diubah,anggota pansus RUU penyelenggaraan pemilu totok daryanto norma dasar pemilu tidak perlu ubah,"Totok Daryanto, member of the special committee on the election implementation bill, basic election norms do not need to be changed"
265,2016-12-08T03:46:55.000Z,Panja RUU Arsitek Komisi V DPR rapat pembahasan substansi dan DIM RUU Arsitek dengan pemerintah DPRLive,panja RUU arsitek komisi v DPR rapat bahas substansi dan DIM RUU arsitek dengan pemerintah dprlive,Committee on draft architects bill committee v DPR meeting to discuss the substance and DIM of the architects bill with the dprlive government
266,2016-12-08T02:39:10.000Z,Agenda DPR Kamis Pukul WIB Komisi V DPR Rapat Panja RUU Arsitek agendaDPR,agenda DPR kamis pukul WIB komisi v DPR rapat panja RUU arsitek agendadpr,DPR agenda Thursday at WIB commission v DPR working committee meeting draft agenda DPR agenda
267,2016-12-08T01:12:53.000Z,DPRD dan PMI Surabaya Minta RUU Kepalangmerahan Disahkan,DPRD dan PMI surabaya minta RUU kepalangmerahan sah,Surabaya DPRD and PMI ask for the red head bill to be legal
268,2016-12-07T17:01:09.000Z,Fraksi PAN DPR RI Dukung Moratorium Ujian Nasional Namun Fraksi PAN meminta agar ada kebijakan pengganti terh,partai KAPAN DPR RI dukungan moratorium uji nasional tetapi partai KAPAN minta agar ada kebijakan ganti terh,The KAPAN party in the Indonesian House of Representatives supports the national test moratorium but the KAPAN party asks for a policy to replace the term
269,2016-12-07T11:25:00.000Z,DPR Terkini Ketua DPR Setya Novanto Pastikan RUU Hasil Bahasan DPR Berkualitas Baik,DPR kini ketua DPR setya novanto pasti RUU hasil bahas DPR kualitas baik,"The current chairman of the DPR, Setya Novanto, is sure that the draft bill discussed by the DPR is of good quality"
270,2016-12-07T04:53:08.000Z,RDP Pansus RUU ttg Penyelenggaraan Pemilu DPR RI diisi w Ronald Khanif others at Gedung Nusantara II,RDP pansus RUU tentang penyelenggaraan pemilu DPR RI isi saya ronald khanif others at gedung nusantara II,"RDP special committee on the bill regarding the implementation of the DPR RI elections, my contents are Ronald Khanif others at Gedung Nusantara II"
271,2016-12-07T04:25:00.000Z,DKPP menyampaikan masukan terkait dengan revisi UU Penyelenggaraan Pemilu pada Pansus RUU Penyelenggaran Pemilu DPR RI DPRLive,DKPP sampai masuk kait dengan revisi UU penyelenggaraan pemilu pada pansus RUU penyelenggaran pemilu DPR RI dprlive,"DKPP has even been linked to the revision of the election implementation law in the special committee on the House of Representatives DPR RI election management bill, dprlive"
272,2016-12-07T04:17:31.000Z,LANGSUNG di Periscope Pansus RUU Pemilu raker dengan KPU Bawaslu dan DKPP DPRLive,LANGSUNG di periscope pansus RUU pemilu raker dengan KPU bawaslu dan DKPP dprlive,LIVE on Periscope special committee on election bill working meeting with KPU Bawaslu and DKPP dprlive
273,2016-12-07T04:11:10.000Z,Pansus RUU Penyelenggaraan Pemilu Rapat Kerja dengan KPU Bawaslu dan DKPP terkait revisi UU Penyelenggarana Pemilu DPRLive,pansus RUU penyelenggaraan pemilu rapat kerja dengan KPU bawaslu dan DKPP kait revisi UU penyelenggarana pemilu dprlive,special committee on election management bill working meeting with KPU Bawaslu and DKPP regarding revision of DPRlive election management law
274,2016-12-07T04:06:58.000Z,Penyerahan NA dan RUU SahkanRevisiUUASN dan surat pengusul kpd Pimpinan DPR RI utk penjadwalan di Paripurna sbg in,serah NYA dan RUU sahkanrevisiuuasn dan surat usul kepada kepemimpinan DPR RI untuk jadwal di paripurna bagai ini,Submit the NYA and bill legalize revisions and a letter of proposal to the leadership of the DPR RI for the plenary schedule like this
275,2016-12-07T03:20:10.000Z,Bener Uni memang seharusnya jan seperti itu namanya jg wakil rakyat menyuarakan aspirasi rakyat,banget uni memang harus jangan seperti itu nama juga wakil rakyat suara aspirasi rakyat,"The university really must not be like that, it is also the name of the people's representative, the voice of the people's aspirations"
276,2016-12-07T03:17:29.000Z,Sebagai sy WAJIB NGOCEH Kalau Wakil Rakyat Diam apa kata Dunia?,bagai saya WAJIB OCEH jika wakil rakyat diam apa kata dunia ?,"It's like I HAVE to babble if the people's representatives are silent, what will the world say?"
277,2016-12-07T03:13:32.000Z,Agenda DPR Rabu Pukul WIB Komisi V DPR Rapat Panja RUU Jasa Konstruksi agendaDPR,agenda DPR rabu pukul WIB komisi v DPR rapat panja RUU jasa konstruksi agendadpr,DPR agenda Wednesday at WIB commission v DPR working committee meeting on construction services bill agendadpr
278,2016-12-07T03:12:22.000Z,Agenda DPR Rabu Pukul WIB Komisi VII DPR Rapat Panja RUU Migas agendaDPR,agenda DPR rabu pukul WIB komisi VII DPR rapat panja RUU migas agendadpr,DPR agenda Wednesday at WIB Commission VII DPR working committee meeting on oil and gas bill DPR agenda
279,2016-12-07T02:26:38.000Z,Agenda DPR Rabu Pukul WIB Komisi I DPR Rapat Panja RUU Penyiaran agendaDPR,agenda DPR rabu pukul WIB komisi i DPR rapat panja RUU siar agendadpr,DPR agenda Wednesday at WIB commission i DPR meeting working committee on bill broadcasts dpr agenda
280,2016-12-07T02:23:20.000Z,Agenda DPR Rabu Pukul WIB Pansus RUU Penyelenggaraan Pemilu Rapat Kerja dengan KPU Bawaslu dan DKPP agendaDPR,agenda DPR rabu pukul WIB pansus RUU penyelenggaraan pemilu rapat kerja dengan KPU bawaslu dan DKPP agendadpr,DPR agenda Wednesday at WIB special committee on election implementation bill working meeting with KPU Bawaslu and DKPP agendadpr
281,2016-12-07T00:15:21.000Z,Mendoakan DPR memutuskan SahkanRevisiUUASN pd Sidang Paripurna Des sbg RUU Inisiatif DPR,doa DPR keputusan sahkanrevisiuuasn pada sidang paripurna des bagai RUU inisiatif DPR,DPR's prayer decision to ratify the revision at the December plenary session as a DPR initiative bill
282,2016-12-07T00:13:01.000Z,Meminta DPR memutuskan SahkanRevisiUUASN pd Sidang Paripurna Des sbg RUU Inisiatif DPR,minta DPR keputusan sahkanrevisiuuasn pada sidang paripurna des bagai RUU inisiatif DPR,ask the DPR to approve the revision at the December plenary session as a DPR initiative bill
283,2016-12-06T21:19:59.000Z,Penyerahan NA dan RUU Sahkan Revisi UUASN dan Surat usulan penjadwalan di Paripurna sebagai inisiatif DPR RI,serah NYA dan RUU sahkan revisi UUASN dan surat usul jadwal di paripurna bagai inisiatif DPR RI,handed over the NYA and the bill ratifying the revision of the UUASN and a letter of proposal for a schedule in plenary as an initiative of the DPR RI
284,2016-12-06T19:45:44.000Z,Kawal Revisi UU ASN sesuai draft RUU Ayo bangun semangat KITA SahkanRevisiUUASN,kawal revisi UU ASN sesuai draft RUU ayo bangun semangat KITA sahkanrevisiuuasn,Monitor the revision of the ASN Law according to the draft bill. Let's build our enthusiasm to legalize the revision
285,2016-12-06T15:42:33.000Z,boleh jd Anggota DPR asal kembali fitrah jd wakil rakyat Menampung aspirasi rakyat,boleh jadi anggota DPR asal kembali fitrah jadi wakil rakyat tampung aspirasi rakyat,"You may become a member of the DPR as long as you return to your natural state of being a representative of the people, accommodating the aspirations of the people"
286,2016-12-06T13:38:57.000Z,Dukungan masyarakat terhadap RUU Pendidikan Madrasah pon Pesantren sangat dibutuhkan sbg dorongan bg DPR RI utk memulai pembahasan RUU,dukungan masyarakat hadap RUU didik madrasah pon pesantren sangat butuh bagai dorong bang DPR RI untuk mulai bahas RUU,Public support for the Madrasah and Islamic Boarding School education bill is really needed as encouragement for the DPR RI to start discussing the bill
287,2016-12-06T12:26:54.000Z,Sidang Paripurna I RUU Revisi UU ASN mendesak utk digelar di akhir masa sidang SahkanRevisiUUASN,sidang paripurna i RUU revisi UU ASN desakan untuk gelar di akhir masa sidang sahkanrevisiuuasn,plenary session i bill revision of the ASN Law urges to be adopted at the end of the session period to legalize the revision
288,2016-12-06T12:08:06.000Z,Pengusul telah serahkan NA dan draft RUU Revisi ASN ke Pimp DPR Ayo genjot ! SahkanRevisiUUASN,usul telah serah NYA dan draft RUU revisi ASN ke pimp DPR ayo genjot ! sahkanrevisiuuasn,"NYA has submitted the proposal and the draft ASN revision bill to the head of the DPR, let's push it forward! validate revisions"
289,2016-12-06T10:41:38.000Z,Mari dorong percepatan penetapan jadwal Sidang Paripurna RUU Perubahan UU ASN SahkanRevisiUUASN,mari dorong cepat tetap jadwal sidang paripurna RUU ubah UU ASN sahkanrevisiuuasn,"Let's push quickly to keep the schedule for the plenary session of the bill to amend the ASN Law, legalize the revision"
290,2016-12-06T10:38:19.000Z,Kebijakan rencana pengembangan Teluk Benoa adalah untuk meningkatkan daya saing BaliProRTB cc,kebijakan rencana kembang teluk benoa adalah untuk tingkat daya saing baliprortb cc,The policy of the Benoa Bay Flower Plan is for the level of competitiveness of BaliProRTB CC
291,2016-12-06T09:16:16.000Z,Ketua DPR Setya Novanto Pastikan RUU Hasil Bahasan DPR Berkualitas Baik,ketua DPR setya novanto pasti RUU hasil bahas DPR kualitas baik,"Chairman of the DPR, Setya Novanto, is certain that the draft bill discussed by the DPR will be of good quality"
292,2016-12-06T09:15:57.000Z,Penyerahan NA dan RUU SahkanRevisiUUASN dan surat pengusul kpd Pimpinan DPR RI utk penjadwalan di Paripurna sbg inisiatif DPR Selasa,serah NYA dan RUU sahkanrevisiuuasn dan surat usul kepada kepemimpinan DPR RI untuk jadwal di paripurna bagai inisiatif DPR selasa,handed over the NYA and bill legalizing revisions and a letter of proposal to the leadership of the DPR RI for the plenary schedule as an initiative of the DPR on Tuesday
293,2016-12-06T07:05:18.000Z,Ketua DPR Minta Kualitas RUU Diperhatikan,ketua DPR minta kualitas RUU perhati,The chairman of the DPR asked to pay attention to the quality of the bill
294,2016-12-06T06:57:01.000Z,Ketua DPR Minta Kualitas RUU Diperhatikan Relasi,ketua DPR minta kualitas RUU perhati relasi,The chairman of the DPR asked for the quality of the bill to pay attention to relations
295,2016-12-06T06:51:21.000Z,republikaonline Ketua DPR Minta Kualitas RUU Diperhatikan via,republikaonline ketua DPR minta kualitas RUU perhati via,republicaonline the chairman of the DPR asks for attention to the quality of the bill via
296,2016-12-06T06:49:32.000Z,Ketua DPR Minta Kualitas RUU Diperhatikan republikaonline,ketua DPR minta kualitas RUU perhati republikaonline,Chairman of the DPR asks for the quality of the bill to pay attention to Republikaonline
297,2016-12-06T06:48:17.000Z,Ketua DPR Minta Kualitas RUU Diperhatikan info,ketua DPR minta kualitas RUU perhati info,The chairman of the DPR asked for the quality of the bill to pay attention to the information
298,2016-12-06T03:48:00.000Z,Smga pengesahan Revisi di Paripurna nanti tak berubah arah Aamiin SahkanRevisiUUASN,moga pengesahan revisi di paripurna nanti tak ubah arah amin sahkanrevisiuuasn,"I hope that the ratification of the revision in the plenary session will not change the direction, amen, validate the revision"
299,2016-12-06T03:41:40.000Z,Perjalanan pembahasan masih cukup panjang hingga final pengesahan SahkanRevisiUUASN,jalan bahas masih cukup panjang hingga final pengesahan sahkanrevisiuuasn,There is still quite a long way to go until the final ratification of the revision is made
300,2016-12-06T03:37:59.000Z,Terima kasih kpd seluruh Fraksi DPR RI yg sepakat RUU Revisi lanjut SahkanRevisiUUASN,terima kasih kepada seluruh partai DPR RI yang sepakat RUU revisi lanjut sahkanrevisiuuasn,Thank you to all DPR RI parties who agreed that the revised bill will continue to validate the revision
301,2016-12-06T03:36:13.000Z,Terima kasih kpd Panja yg akan mengantar RUU Revisi ke Paripurna SahkanRevisiUUASN,terima kasih kepada panja yang akan antar RUU revisi ke paripurna sahkanrevisiuuasn,Thank you to the working committee who will bring the revised bill to plenary to ratify the revision
302,2016-12-06T03:17:17.000Z,Ketua DPR Setya Novanto membuka secara resmi Seminar BKD tentang Kaidah Sanksi Administrasi Sanksi Pidana Dalam Undang Undang DPRLive,ketua DPR setya novanto buka cara resmi seminar BKD tentang kaidah sanksi administrasi sanksi pidana dalam undang undang dprlive,DPR chairman Setya Novanto opens the official BKD seminar on the rules of administrative sanctions for criminal sanctions in the DPRlive law
303,2016-12-05T16:55:17.000Z,DPR RI PANSUS RUU PEMILU DENGARKAN PENJELASAN PEMERINTAH,DPR RI PANSUS RUU PEMILU DENGAR JELAS PEMERINTAH,DPR RI SPECIAL SPECIALTY ON ELECTION BILL HEARS CLEARLY FROM GOVERNMENT
304,2016-12-05T16:13:17.000Z,DPR RI KOMISI VI KRITISI KEBIJAKAN SERTIFIKAT LAIK OPERASI PPILN,DPR RI KOMISI VI KRITISI KEBIJAKAN SERTIFIKAT LAIK OPERASI PPILN,DPR RI COMMISSION VI CRITICS OF PPILN OPERATION FITNESS CERTIFICATE POLICY
305,2016-12-05T14:02:52.000Z,DPR RI BKD KOMITMEN DUKUNG PEMBAHASAN MATERI RUU MIGAS via,DPR RI BKD KOMITMEN DUKUNGAN BAHAS MATERI RUU MIGAS via,DPR RI BKD COMMITMENTS TO SUPPORT DISCUSSING THE MATERIALS OF THE OIL AND GAS BILL via
306,2016-12-05T10:59:58.000Z,Raker Komisi dengan ttg Panja Prodi Primer terkait dengan Kebijakan Program DLP ProdiDLP,raker komisi dengan tentang panja prodi primer kait dengan kebijakan program DLP prodidlp,commission meeting with the primary study committee related to the DLP program policy of the study program
307,2016-12-05T05:09:05.000Z,besok rapat paripurna DPR RI utk pengesahan Prolegnas Mohon dukungan RUUPPHMA,besok rapat paripurna DPR RI untuk pengesahan prolegnas mohon dukungan RUUPPHMA,Tomorrow the DPR RI plenary meeting to ratify the National Legislation Program asks for support for the PPHMA Bill
308,2016-12-05T02:08:31.000Z,termasuk korupsi kebijakan Om ?,masuk korupsi kebijakan om ?,"into corruption policy, sir?"
309,2016-12-05T01:56:30.000Z,Tandatangani petisi Saya Ketua dan Para Wakil Ketua DPR RI TOLAK RUU ANTI TEMBAKAU,tandatangani petisi saya ketua dan para wakil ketua DPR RI PENOLAKAN RUU ANTI TEMBAKAU,"sign my petition, the chairman and deputy chairman of the DPR RI REJECT THE ANTI-TOBACCO BILL"
310,2016-12-04T12:59:57.000Z,DPR Terkini DPR dan Pemerintah Sepakat Pembahasan RUU Penyelenggara Pemilu Dipercepat,DPR kini DPR dan pemerintah sepakat bahas RUU penyelenggaraan pemilu cepat,DPR now the DPR and the government have agreed to discuss the bill for holding snap elections
311,2016-12-04T11:59:25.000Z,Paripurna Perppu Kebiri dan RUU Jabatan Hakim Anggota DPR Tak Hadir Jakarta DPR,paripurna perppu kebiri dan RUU jabatan hakim anggota DPR tak hadir jakarta DPR,plenary session regarding the castration regulation and the bill on the position of judges for members of the DPR were not present in Jakarta DPR
312,2016-12-04T05:07:10.000Z,Ini merupakan pembuktian bahwa kebijakan pemerintah bukanlah bersifat mengeksploitasi alam ProAmdalRTB cc,ini rupa bukti bahwa kebijakan pemerintah bukan sifat eksploitasi alam proamdalrtb cc,"This is proof that government policy is not in the nature of natural exploitation, ProamdalRTB CC"
313,2016-12-04T02:35:04.000Z,betul pak buat apa ada undang undang,banget pak buat apa ada undang undang,"Really sir, what is the point of having a law?"
314,2016-12-04T01:53:04.000Z,Mhn anggota DPR bisa bertindak krn itu sdh melanggar undang undang krn mngerahkan PNS dan swasta,mhn anggota DPR dapat tindakan karena itu sudah langgar undang undang karena mngerahkan PNS dan swasta,"However, members of the DPR may face action because they have violated the law by mobilizing civil servants and the private sector"
315,2016-12-03T14:14:30.000Z,Anggota Pansus RUU Penyelenggaan Pemilu Hetifah Sjaifudian DPR Berharap RUU Pemilu Perkuat Keterwakilan Perempuan,anggota pansus RUU penyelenggaan pemilu hetifah sjaifudian DPR harap RUU pemilu kuat wakil perempuan,"member of the special committee on the bill for organizing elections, Hetifah Sjaifudian, DPR hopes that the election bill will be strong for women representatives"
316,2016-12-03T13:53:59.000Z,DPR dan Pemerintah Sepakati Pembahasan RUU Penyelenggara Pemilu Dipercepat,DPR dan pemerintah sepakat bahas RUU penyelenggaraan pemilu cepat,The DPR and the government have agreed to discuss the bill for holding snap elections
317,2016-12-03T11:46:27.000Z,bahas dan sahkan RUU Penyandang Disabilitas! Paraf Petisi! via,bahas dan sahkan RUU sandang disabilitas ! paraf petisi ! via,discuss and ratify the disability clothing bill! initial the petition! via
318,2016-12-03T02:37:25.000Z,ayo DPR RI ini diawasi kebijakan mentri yg ala gak jelas,ayo DPR RI ini awas kebijakan tri yang ala tidak jelas,"Come on, the Republic of Indonesia's House of Representatives should be wary of the tri-policy which is unclear"
319,2016-12-02T01:45:02.000Z,Novanto Cabut Kebijakan Pembatasan Kunker Luar Negeri Anggota DPR Warta Ekonomi,novanto cabut kebijakan batas kunker luar negeri anggota DPR warta ekonomi,Novanto revokes DPR members' foreign work limit policy Economic News
320,2016-12-02T00:48:21.000Z,UGM Serahkan Naskah Akademik RUU Migas ke Komisi VII DPR RI,UGM serah naskah akademik RUU migas ke komisi VII DPR RI,UGM handed over the academic text of the oil and gas bill to Commission VII DPR RI
321,2016-12-01T21:49:21.000Z,Wakil rakyat sudah pada disumpelin uang banyak mana mau dengar aspirasi rakyat khususnya muslim pd aksi bela islam III DPR Mandul,wakil rakyat sudah pada disumpelin uang banyak mana mau dengar aspirasi rakyat khusus muslim pada gerakan bela islam II DPR mandul,"The people's representatives have been given a lot of money so they don't want to hear the aspirations of the people, especially Muslims, in the movement to defend Islam II. The DPR is barren"
322,2016-11-29T08:33:42.000Z,Ada berapa jumlah Muslim di DPR MPR??? kenapa harus Rakyat yg DEMO? Kan ada Wakil Rakyat? ADP,ada berapa jumlah muslim di DPR MPR ? ? kenapa harus rakyat yang DEMONSTRASI ? kan ada wakil rakyat ? ADP,How many Muslims are there in the DPR MPR? ? why does it have to be the people who DEMONSTRATE? aren't there people's representatives? ADP
323,2016-12-01T15:09:44.000Z,Tanpa Dihadiri Akom Bamus Gelar Rapat Paripurna Terkait Pergantian Ketua,tanpa hadir akom bamus gelar rapat paripurna kait ganti ketua,"Without being present, Bamus Akom held a plenary meeting regarding changing the chairman"
324,2016-12-01T13:30:50.000Z,Followback Moratorium UN Mendikbud Saya Meneruskan Kebijakan Sebelumnya Komisi X DPR RI m,followback moratorium UN mendikbud saya terus kebijakan belum komisi kali DPR RI sama,My follow-up to the UN moratorium from the Minister of Education and Culture continues to be the same as the DPR RI's policy of not yet commissioning
325,2016-12-01T12:49:26.000Z,Smoga semuanya dimudahkan dan berjalan lancar sampai ketuk palu dlm rapat paripurna DPR RI SahkanRevisiUUASNBerkeadilan,moga semua mudah dan jalan lancar sampai ketuk palu dalam rapat paripurna DPR RI sahkanrevisiuuasnberkeadilan,I hope everything is easy and goes smoothly until the hammer is knocked in the plenary session of the Indonesian House of Representatives to ratify the revision of a just opinion.
326,2016-12-01T11:41:11.000Z,Kebijakan Pemerintah Soal WNA Dinilai Mengkhawatirkan,kebijakan pemerintah soal WNA nilai khawatir,government policy regarding foreigners is considered worrying
327,2016-12-01T10:42:15.000Z,Pimpinan DPR Evaluasi Kebijakan Pemotongan Masa Reses Pimpinan DPR RI berencana akan mengevaluasi kebijakan,kepemimpinan DPR evaluasi kebijakan potong masa reses kepemimpinan DPR RI rencana akan evaluasi kebijakan,DPR leadership evaluates policy to cut recess period DPR RI leadership plans to evaluate policy
328,2016-12-01T09:52:48.000Z,menyampaikan temuan dan usulan kebijakan terkait sekolah rusak kepada Bapak Ferdiansyah Wakil Ketua Komisi X DPR RI,sampai temu dan usul kebijakan kait sekolah rusak kepada bapak ferdiansyah wakil ketua komisi kali DPR RI,"until the meeting and proposal for a policy regarding damaged schools to Mr. Ferdiansyah, deputy chairman of the DPR RI commission"
329,2016-12-01T08:54:29.000Z,Baleg DPR Rapat Harmonisasi dengan Pengusul Revisi UU ASN terkait pengambilan Keputusan RUU tentang Aparatur Sipil Negara DPRLive,baleg DPR rapat harmonisasi dengan usul revisi UU ASN kait ambil keputusan RUU tentang aparatur sipil negara dprlive,"The legislative council of the DPR has a harmonizing meeting with the proposed revision of the ASN Law regarding making a decision on the draft law on state civil servants, DPRlive"
330,2016-12-01T08:50:03.000Z,beritaUGM UGM Menyerahkan Naskah Akademik RUU Migas ke Komisi VII DPR RI,beritaugm UGM serah naskah akademik RUU migas ke komisi VII DPR RI,Beritaugm UGM handed over the academic text of the oil and gas bill to Commission VII DPR RI
331,2016-12-01T08:39:06.000Z,Siang ini berlangsung rapat kerja Komisi X dgn Mendikbud membahas kebijakan Ujian Nasional,siang ini langsung rapat kerja komisi kali dengan mendikbud bahas kebijakan uji nasional,"This afternoon, there was a commission working meeting with the Minister of Education and Culture to discuss the national test policy"
332,2016-11-30T13:39:38.000Z,DPR secara resmi berganti ketua Lewat paripurna anggota DPR setuju posisi Ketua DPR,DPR cara resmi ganti ketua lewat paripurna anggota DPR tuju posisi ketua DPR,The official way for the DPR to change the chairman is through a plenary session of DPR members taking the position of chairman of the DPR
333,2016-11-30T13:36:07.000Z,Selamat dan sukses atas dilantiknya Setya Novanto sebagai Ketua DPR dalam Rapat Paripurna DPR RI Ke,selamat dan sukses atas lantik setya novanto bagai ketua DPR dalam rapat paripurna DPR RI ke,congratulations and success on the inauguration of Setya Novanto as chairman of the DPR at the plenary session of the DPR RI
334,2016-11-30T12:46:20.000Z,Setelah seluruh fraksi pada Rapat Paripurna setuju dengan pergantian jabatan Ketua DPR RI dari Ade Komarudin ke Setya Novanto,telah seluruh partai pada rapat paripurna tuju dengan ganti jabatan ketua DPR RI dari adek komarudin ke setya novanto,The entire party at the plenary meeting aimed to change the position of chairman of the DPR RI from Adek Komarudin to Setya Novanto
335,2016-11-30T12:24:56.000Z,Radio ANDIKA Rapat paripurna DPR RI mengagendakan pengambilan keputusan terhadap pemberhentian ketua Dewan,radio ANDIKA rapat paripurna DPR RI agenda ambil keputusan hadap henti ketua dewan,ANDIKA radio DPR RI plenary meeting agenda for taking decisions face to face of the chairman of the council
336,2016-11-30T12:16:52.000Z,Rapat Perdana Panitia Khusus Pansus Rancangan Undang Undangan RUU Pemilihan Umum Pemilu bersama Pemerintah DPR RI dan DPD RI,rapat perdana panitia khusus pansus rancangan undang undang RUU pilih umum pemilu sama pemerintah DPR RI dan DPD RI,inaugural meeting of the special committee for the draft law on general election bill with the government of the DPR RI and DPD RI
337,2016-11-30T10:43:33.000Z,Konferensi Pers Ketua DPR RI Setya Novanto usai dilantik dalam Rapat Paripurna DPR RI Ke Tahun,konferensi pers ketua DPR RI setya novanto usai lantik dalam rapat paripurna DPR RI ke tahun,"press conference for the chairman of the DPR RI, Setya Novanto after being inaugurated at the DPR RI's annual plenary session"
338,2016-11-30T10:42:47.000Z,Setya Novanto resmi dilantik menjadi Ketua DPR RI dalam Rapat Paripurna DPR RI Ke Tahun,setya novanto resmi lantik jadi ketua DPR RI dalam rapat paripurna DPR RI ke tahun,Setya Novanto was officially appointed as chairman of the DPR RI at the DPR RI's annual plenary session
339,2016-11-30T10:42:08.000Z,Konferensi Pers Ketua DPR RI Setya Novanto usai dilantik dalam Rapat Paripurna DPR RI Ke Masa Persidangan II Tahun Sidang,konferensi pers ketua DPR RI setya novanto usai lantik dalam rapat paripurna DPR RI ke masa sidang II tahun sidang,"press conference for the chairman of the DPR RI, Setya Novanto after being inaugurated in the plenary session of the DPR RI for the second session of the session year"
340,2016-11-30T10:40:09.000Z,Nungguin yg lagi rapat reses bersama DPR RI lainnya Berawal Dari Tatap by Yura Yunita,tunggu yang lagi rapat reses sama DPR RI lain awal dari tatap by yura yunita,"Wait for the recess meeting with the Republic of Indonesia's DPR, the start of the meeting with Yura Yunita"
341,2016-11-30T10:39:30.000Z,Setya Novanto resmi dilantik menjadi Ketua DPR RI dalam Rapat Paripurna DPR RI Ke Masa Persidangan II Tahun Sidang,setya novanto resmi lantik jadi ketua DPR RI dalam rapat paripurna DPR RI ke masa sidang II tahun sidang,Setya Novanto was officially appointed as chairman of the DPR RI in the plenary session of the DPR RI during the second session of the session year
342,2016-11-30T09:22:44.000Z,pada rapat paripurna hari ini akan dilakukan pengganti akom sebagai ketua DPR RI setelah keputusan rapat MKD memberhentikan akom,pada rapat paripurna hari ini akan pelaksanaan ganti akom bagai ketua DPR RI telah keputusan rapat MKD henti akom,At today's plenary meeting there will be a replacement for akom as chairman of the DPR RI. The MKD meeting has decided to stop akom
343,2016-11-30T09:21:10.000Z,Siaran langsung rapat paripurna pengesahan Ketua DPR RI juga dapat Anda saksikan saat ini via YouTube streaming di,siar langsung rapat paripurna pengesahan ketua DPR RI juga dapat anda saksi saat ini via youtube streaming di,You can also watch the live broadcast of the plenary session ratifying the chairman of the DPR RI now via YouTube streaming at
344,2016-11-30T09:15:10.000Z,DPR gelar Rapat Paripurna bahas pergantian Ketua DPR RI NewsAndTalk,DPR gelar rapat paripurna bahas ganti ketua DPR RI newsandtalk,DPR holds plenary meeting to discuss replacing chairman of DPR RI newsandtalk
345,2016-11-30T09:12:23.000Z,Pergantian ketua DPR RI melalui rapat paripurna,ganti ketua DPR RI lalu rapat paripurna,change the chairman of the DPR RI and then have a plenary session
346,2016-11-30T09:10:26.000Z,Rapat Paripurna ke DPR RI memberhentikan Dr Ade Komaruddin dr ketua DPR RI dan mengangkat Drs Setya Novanto mjd ketua DPR RI,rapat paripurna ke DPR RI henti dari adek komaruddin dari ketua DPR RI dan angkat drs setya novanto mjd ketua DPR RI,plenary session at the DPR RI terminated Adek Komaruddin as chairman of the DPR RI and appointed Drs Setya Novanto as chairman of the DPR RI
347,2016-11-30T09:07:03.000Z,Simak Breaking seputar rapat paripurna pengesahan Ketua DPR langsung dari gedung DPR RI Jakarta saat ini di,simak breaking putar rapat paripurna pengesahan ketua DPR langsung dari gedung DPR RI jakarta saat ini di,Watch the breaking news of the plenary session ratifying the chairman of the DPR directly from the DPR RI building in Jakarta today at
348,2016-11-30T09:06:58.000Z,Rapat Paripurna Ke DPR RI Masa Persidangan II Tahun at Ruang Sidang Paripurna Nusantara II pic,rapat paripurna ke DPR RI masa sidang II tahun at ruang sidang paripurna nusantara II pic,plenary meeting at the DPR RI during the second session of the year at the Nusantara II plenary session room pic
349,2016-11-30T09:01:40.000Z,Rapat Paripurna DPR DPR RI ke slh a berisi agenda pergantian ketua DPR RI ifakta,rapat paripurna DPR DPR RI ke salah a isi agenda ganti ketua DPR RI ifakta,DPR RI plenary meeting to one of the contents of the agenda to replace the chairman of the DPR RI in fact
350,2016-11-30T09:01:09.000Z,Ini merupakan pembuktian bahwa kebijakan pemerintah bukanlah bersifat mengeksploitasi alam BaliTungguRTB cc,ini rupa bukti bahwa kebijakan pemerintah bukan sifat eksploitasi alam balitunggurtb cc,"This is proof that government policy is not in the nature of exploiting nature, Balitunggartb cc"
351,2016-11-30T08:57:59.000Z,LANGSUNG di Periscope Rapat Paripurna DPR RI Ke Masa Persidangan II Tahun Sidang ParipurnaLive,LANGSUNG di periscope rapat paripurna DPR RI ke masa sidang II tahun sidang paripurnalive,LIVE on the periscope of the DPR RI plenary session for the second session of the plenary session year live
352,2016-11-30T07:18:03.000Z,Rapat Fraksi Partai GOLKAR sebelum Rapat Paripurna w araksa Golkar others at Ruang Rapat KK DPR RI,rapat partai partai GOLKAR belum rapat paripurna saya araksa golkar others at ruang rapat KAKAK DPR RI,The GOLKAR party meeting has not yet had a plenary meeting. I am araksa Golkar others at the KAKAK DPR RI meeting room
353,2016-11-30T05:38:38.000Z,Menkumham Mendagri Staf Ahli Menkeu DPD RI hadir dlm Raker dgn Pansus DPR RI bahas RUU Penyelenggaraan Pemilu Jkt,menkumham mendagri staf ahli menkeu DPD RI hadir dalam raker dengan pansus DPR RI bahas RUU penyelenggaraan pemilu jakarta,"Minister of Law and Human Rights, Minister of Home Affairs, expert staff of the Minister of Finance, DPD RI, attended a working meeting with the Special Committee of the DPR RI to discuss the Bill on the Implementation of Jakarta Elections"
354,2016-11-30T05:02:03.000Z,Fokus saya adalah mendorong agar kinerja legislasi DPR RI dalam pembuatan undang undang yang bermanfaat serta berpihak pada rakyat,fokus saya adalah dorong agar kerja legislasi DPR RI dalam buat undang undang yang manfaat serta pihak pada rakyat,My focus is to encourage the DPR RI's legislative work to create laws that benefit the people
355,2016-11-30T04:32:19.000Z,Kebijakan Pemerintah Soal WNA Dinilai Mengkhawatirkan csps policy,kebijakan pemerintah soal WNA nilai khawatir csps policy,government policy regarding foreigners is a worrying value for CSPS policy
356,2016-11-30T04:23:20.000Z,Kebijakan Pemerintah Soal WNA Dinilai Mengkhawatirkan republikaonline,kebijakan pemerintah soal WNA nilai khawatir republikaonline,government policy regarding foreigners is a worrying value for Republikaonline
357,2016-11-30T04:19:56.000Z,Rapat Paripurna Penggantian Ketua DPR Dilakukan Rabu ini,rapat paripurna ganti ketua DPR pelaksanaan rabu ini,The plenary meeting to replace the chairman of the DPR will be held this Wednesday
358,2016-11-30T04:16:20.000Z,Pansus RUU Penyelenggaraan Pemilu Rapat Kerja dengan Menteri Dalam Negeri Menteri Keuangan Menteri Hukum dan HAM dan DPD RI DPRLive,pansus RUU penyelenggaraan pemilu rapat kerja dengan menteri dalam negeri menteri uang menteri hukum dan HAM dan DPD RI dprlive,special committee on election implementation bill working meeting with minister of home affairs minister of money minister of law and human rights and DPD RI dprlive
359,2016-11-30T04:03:17.000Z,Jakarta Proses pergantian Ketua DPR RI yang diusulkan oleh Partai Golkar sampai puncaknya hari ini Sore ini DPR,jakarta proses ganti ketua DPR RI yang usul oleh partai golkar sampai puncak hari ini sore ini DPR,"Jakarta: The process of changing the chairman of the DPR RI, which was proposed by the Golkar party, reached its peak this afternoon. DPR"
360,2016-11-30T03:42:13.000Z,RUU Ketentuan Umum Perpajakan Masih Dibahas DPR,RUU tentu umum paja masih bahas DPR,"Of course, the general bill is still being discussed by the DPR"
361,2016-11-30T03:38:30.000Z,RUU Ketentuan Umum Perpajakan Masih Dibahas DPR republikaonline,RUU tentu umum paja masih bahas DPR republikaonline,The bill is of course general and still being discussed by the DPR Republikaonline
362,2016-11-30T03:36:50.000Z,republikaonline RUU Ketentuan Umum Perpajakan Masih Dibahas DPR,republikaonline RUU tentu umum paja masih bahas DPR,republicaonline The draft law is of course still being discussed by the DPR
363,2016-11-30T02:17:29.000Z,Agenda DPR Rabu Pukul WIB Rapat Paripurna DPR RI agendaDPR,agenda DPR rabu pukul WIB rapat paripurna DPR RI agendadpr,DPR agenda Wednesday at WIB DPR RI plenary meeting agendadpr
364,2016-11-30T02:13:13.000Z,Agenda DPR Rabu Pukul WIB Pansus RUU Penyelenggaraan Pemilu Rapat Kerja dengan Menteri Dalam Negeri agendaDPR,agenda DPR rabu pukul WIB pansus RUU penyelenggaraan pemilu rapat kerja dengan menteri dalam negeri agendadpr,DPR agenda Wednesday at WIB special committee on election implementation bill working meeting with minister of home affairs DPR agenda
365,2016-11-29T23:53:46.000Z,Rabu sore Anggota DPR gelar Rapat Paripurna pergantian ketua DPR,rabu sore anggota DPR gelar rapat paripurna ganti ketua DPR,Wednesday afternoon DPR members held a plenary meeting to replace the DPR chairman
366,2016-11-29T22:30:56.000Z,Temui Petani Tembakau Anggota DPR Ini Janji Kawal Penyelesaian RUU Pertembakauan,temu tani tembakau anggota DPR ini janji kawal selesai RUU tembakau,"meeting of tobacco farmers, members of the DPR promised to oversee the completion of the tobacco bill"
367,2016-11-29T16:22:03.000Z,Masyarakat Bali khususnya dan Indonesia umumnya mendukung kebijakan pemerintah utk kesejahteraan rakyat BaliTungguRTB cc,masyarakat bal khusus dan indonesia umum dukungan kebijakan pemerintah untuk sejahtera rakyat balitunggurtb cc,the special bali community and general indonesia support government policies for the prosperity of the balitugurtb cc people
368,2016-11-29T13:44:43.000Z,Kebijakan rencana pengembangan Teluk Benoa BaliTungguRTB cc,kebijakan rencana kembang teluk benoa balitunggurtb cc,policy plan for the flowering of Teluk Benoa Balitunggartb cc
369,2016-11-29T13:18:38.000Z,Sangat Free hatin Ruang Rapat Paripurna DPR RI,sangat free hatin ruang rapat paripurna DPR RI,very free in the DPR RI plenary meeting room
370,2016-11-29T13:06:36.000Z,Karna hal konyol GA ASIK kalo dilakukan SENDIRIAN Ruang Rapat Paripurna DPR RI,karena hal konyol TIDAK ASIK jika pelaksanaan SENDIRI ruang rapat paripurna DPR RI,because ridiculous things are NOT FUN if it is carried out ALONE in the DPR RI plenary meeting room
371,2016-11-29T12:45:18.000Z,kebijakan pemerintah bukanlah bersifat mengeksploitasi alam justru sebaliknya bersifat melestarikan alam BaliTungguRTB,kebijakan pemerintah bukan sifat eksploitasi alam justru balik sifat lestari alam balitunggurtb,"The government's policy is not about exploiting nature, it is actually turning back the natural conservation nature of Balitunggartb"
372,2016-11-29T09:15:57.000Z,Undang Undang Pengaturan Penyelenggaraan Pemilu Harus untuk Jangka Panjang,undang undang pengaturan penyelenggaraan pemilu harus untuk jangka panjang,Laws regulating the implementation of elections must be long-term
373,2016-11-29T08:08:01.000Z,Baleg DPR Rapat Koordinasi dengan Pimpinan Komisi I s d XI Pimpinan Pansus dalam rangka penyusunan Prolegnas RUU Prioritas DPRLive,baleg DPR rapat koordinasi dengan kepemimpinan komisi i si di XI kepemimpinan pansus dalam rangka susun prolegnas RUU prioritas dprlive,Baleg DPR coordination meeting with the leadership of commission i si in
374,2016-11-29T07:41:15.000Z,Panja RUU Sistem Perbukuan Komisi X DPR rapat dengan Pemerintah membahas DIM sandingan Pemerintah tentang RUU Sstem Perbukuan DPRLive,panja RUU sistem buku komisi kali DPR rapat dengan pemerintah bahas DIM sanding pemerintah tentang RUU sstem buku dprlive,The committee's committee on book system bill committee met with the government to discuss DIM and the government regarding the dprlive book system bill
375,2016-11-29T06:26:15.000Z,rapat paripurna shalawatnabi at,rapat paripurna shalawatnabi at,plenary meeting of shalawatnabi at
376,2016-11-29T06:00:36.000Z,Komnas Perempuan Desak Segera Bahas RUUPenghapusanKekerasanSeksual via GerakBersama,komnas perempuan desakan segera bahas ruupenghapusankekerasanseksual via gerakbersama,National Commission on Violence Against Women urges to immediately discuss the bill for eliminating sexual violence through collective action
377,2016-11-29T05:35:58.000Z,Selanjutnya naskah final UU Revisi ITE disetujui bersama oleh Pemerintah pd Rapat Paripurna DPR pd tgl,lanjut naskah final UU revisi ITE tuju sama oleh pemerintah pada rapat paripurna DPR pada tanggal,The final text of the ITE revision law was further addressed by the government at the DPR plenary session on
378,2016-11-29T05:32:18.000Z,Setelah diawali dgn Raker bersama pemerintah dgn naskah RUU Revisi UU ITE berturut turut dibahas di tingkat Panja Timus Timsin,telah awal dengan raker sama pemerintah dengan naskah RUU revisi UU ITE turut turut bahas di tingkat panja timus timsin,"At the beginning of a working meeting with the government, the text of the bill for the revision of the ITE Law was also discussed at the Timus Timsin working committee level"
379,2016-11-29T05:30:00.000Z,Sedari awal menjabat Menteri prioritaskan pembahasan RUU Revisi ITE utk dirampungkan bersama secepatnya,dar awal jabatan menteri prioritas bahas RUU revisi ITE untuk rampung sama cepat,"From the beginning of his ministerial position, the priority was to discuss the ITE revision bill so that it could be completed as quickly as possible"
380,2016-11-29T04:15:45.000Z,ini merupakan pembuktian bahwa kebijakan pemerintah bukanlah bersifat mengeksploitasi alam BaliTungguRTB cc,ini rupa bukti bahwa kebijakan pemerintah bukan sifat eksploitasi alam balitunggurtb cc,"This is proof that government policy is not in the nature of exploiting nature, Balitunggartb cc"
381,2016-11-29T03:11:42.000Z,DPR Reklamasi Teluk Benoa harus lewat aspirasi rakyat Warta Ekonomi,DPR reklamasi teluk benoa harus lewat aspirasi rakyat warta ekonomi,"The DPR for the reclamation of Benoa Bay must pass through the aspirations of the people, economic news"
382,2016-11-29T02:42:31.000Z,Agenda DPR Selasa Pukul WIB Komisi I DPR Rapat Panja RUU Penyiaran agendaDPR,agenda DPR selasa pukul WIB komisi i DPR rapat panja RUU siar agendadpr,"DPR agenda, Tuesday at WIB, DPR commission i, meeting of the bill committee, broadcasts the DPR agenda"
383,2016-11-29T02:17:47.000Z,Wakil Ketua Komisi IX DPR Ermalena Komisi IX Kecewa Pemerintah Belum Siapkan DIM RUU PPLIN,wakil ketua komisi IX DPR ermalena komisi IX kecewa pemerintah belum siap DIM RUU PPLIN,"Deputy Chairperson of Commission IX of the DPR, Ermalena, Commission IX, is disappointed that the government is not ready to DIM PPLIN Bill"
384,2016-11-28T13:38:25.000Z,yakin mampu menangkal mengantisipasi dalam usaha kebijakan preventif,yakin mampu tangkal antisipasi dalam usaha kebijakan preventif,confident of being able to counteract anticipation in preventive policy efforts
385,2016-11-28T13:35:42.000Z,BNPT lihat potensi ancaman gerakan radikal dalam aksi damai iNewsMalam,BNPT lihat potensi ancam gera radikal dalam gerakan damai inewsmalam,BNPT sees the potential threat of a radical movement in the inewsmalam peaceful movement
386,2016-11-28T08:11:13.000Z,Anggota DPR Demonstrasi Dilindungi Undang Undang,anggota DPR demonstrasi lindung undang undang,DPR members demonstrate to protect the law
387,2016-11-28T07:06:01.000Z,SINGAPARNA KAPOL Angka kekerasan terhadap perempuan di Kabupaten Tasikmalaya cenderung meningkat dari tahun,SINGAPARNA KAPOL angka keras hadap perempuan di kabupaten tasikmalaya cenderung tingkat dari tahun,SINGAPARNA KAPOL The rate of violence against women in Tasikmalaya district tends to increase from year to year
388,2016-11-28T07:05:51.000Z,Puan Amal Hayati Desak RUU Kekerasan Seksual Segera Disahkan DPR RI,puan amal hayati desakan RUU keras seksual segera sah DPR RI,Mrs. Biological Charity urges the tough sexual bill to be immediately passed by the Indonesian House of Representatives
389,2016-11-28T05:33:22.000Z,Undang undang perubahan atas UU ITE sindosiang,undang undang ubah atas UU ITE sindosiang,law amending the Sindosiang ITE Law
390,2016-11-28T02:31:55.000Z,Ya kepentingan SN untuk jadi ketua DPR RI Jadi gampang ngatur kebijakan dan gampang ketemu DT,ya penting SN untuk jadi ketua DPR RI jadi gampang pengaturan kebijakan dan gampang ketemu DT,"Yes, it's important for SN to become chairman of the DPR RI so it's easy to set policies and easy to meet DT"
391,2016-11-28T02:27:56.000Z,Pengamat Wacana Penggantian Ketua DPR Sarat Kepentingan,amat wacana ganti ketua DPR sarat penting,The discourse on changing the chairman of the DPR is very important
392,2016-11-28T02:23:13.000Z,Agenda DPR Senin Pukul WIB Komisi IX DPR Rapat Panja RUU PPILN agendaDPR,agenda DPR senin pukul WIB komisi IX DPR rapat panja RUU PPILN agendadpr,"DPR agenda, Monday at WIB, DPR Commission IX meeting of the PPILN Bill working committee, DPR agenda"
393,2016-11-28T02:22:37.000Z,Agenda DPR Senin Pukul WIB Baleg DPR Rapat Panja RUU Perkelapasawitan agendaDPR,agenda DPR senin pukul WIB baleg DPR rapat panja RUU perkelapasawitan agendadpr,"DPR agenda, Monday at WIB, DPR legislative council meeting of the committee on the palm oil bill, DPR agenda"
394,2016-11-28T01:12:32.000Z,Topik Dadang Rusdiana anggota komisi X DPR RI kalau misal kita ini membuat kebijakan otonomi pendidikan ya tidak apa apa,topik dadang rusdiana anggota komisi kali DPR RI jika misal kita ini buat kebijakan otonomi didik ya tidak apa apa,"topic: Dadang Rusdiana, member of the DPR RI commission, if for example we are making a policy on educational autonomy, that's okay"
395,2016-11-28T01:09:46.000Z,Topik Dadang Rusdiana anggota komisi X DPR RI sebuah kontinyuitas kebijakan Kami melakukan pengkajian mendalam tentang UN,topik dadang rusdiana anggota komisi kali DPR RI buah kontinyuitas kebijakan kami pelaksanaan kaji dalam tentang UN,"topic Dadang Rusdiana, member of the DPR RI commission, is the result of the continuity of our policies in implementing the review of the UN"
396,2016-11-28T00:17:57.000Z,UU Revisi ITE segera diundangkan Setelah disahkan dlm Rapat Paripurna pd Oktober muatan materinya dibincangkan bnyak orang,UU revisi ITE segera undang telah sah dalam rapat paripurna pada oktober muat materi bincang banyak orang,The ITE revision law which will soon be passed into law at the plenary session in October contains material for discussion by many people
397,2016-11-27T13:51:28.000Z,DPR Terkini Lukman Edy Terpilih Menjadi Ketua Pansus RUU Penyelenggaraan Pemilu,DPR kini lukman edy pilih jadi ketua pansus RUU penyelenggaraan pemilu,"In the DPR, Lukman Edy has been chosen as chairman of the special committee on the election management bill"
398,2016-11-27T06:36:19.000Z,Polri saat ini sedang memasuki fase kritis dlm kepemimpinannya Pemerintah bersama Diharapkan mengambil kebijakan yg tegas kongkrit,polri saat ini sedang pasuk fase kritis dalam kepemimpinan pemerintah sama harap ambil kebijakan yang tegas kongkrit,"The National Police is currently entering a critical phase in government leadership and we hope to take firm, concrete policies"
399,2016-11-27T02:47:11.000Z,NowOnPRFM Anggota Komisi DPR RI Reni Marlinawati menanggapi kebijakan penghapusan Ujian Nasional oleh Mendikbud Muhadjir di thn,nowonprfm anggota komisi DPR RI reni marlinawati tanggap kebijakan hapus uji nasional oleh mendikbud muhadjir di tahun,nowonprfm DPR RI commission member Reni Marlinawati responds to the policy of abolishing national tests by the Minister of Education and Culture Muhadjir in
400,2016-11-27T02:32:11.000Z,Menghadiri reses DPR RI Ir Ketut Sustiawan at Dinas Sosial Provinsi Jawa Barat pic,hadir reses DPR RI ir ketut sustiawan at dinas sosial provinsi jawa barat pic,attending the DPR RI recess ir ketut sustiawan at social services of west java province pic
401,2016-11-26T08:00:02.000Z,RUU CSR Wajib Atau Sukarela,RUU CSR wajib atau sukarela,CSR Bill is mandatory or voluntary
402,2016-11-25T13:25:16.000Z,Penyusunan RUU di DPR RI yang menyangkut tentang hajat hidup orang banyak juga diminta masukan dr Kiai Ulama HalaqohUlamaRakyat,susun RUU di DPR RI yang sangkut tentang hajat hidup orang banyak juga minta masuk dari kiai ulama halaqohulamarakyat,drafting a bill in the Indonesian House of Representatives that concerns the livelihoods of many people also asks for input from the halaqohulamarakyat ulama kiai
403,2016-11-25T11:22:06.000Z,Baleg RUU tentang Pertembakauan sudah diharmonisasi dan siap untuk dibahas,baleg RUU tentang tembakau sudah harmonisasi dan siap untuk bahas,The draft legislation on tobacco has been harmonized and is ready for discussion
404,2016-11-25T10:58:13.000Z,Komisi VIII DPR RI Terima Masukan Terkait RUU CSR Komisi VIII DPR RI menerima infoTribun,komisi VII DPR RI terima masuk kait RUU CSR komisi VII DPR RI terima infotribun,Commission VII DPR RI accepts entry regarding the CSR Bill Commission VII DPR RI receives infotribun
405,2016-11-25T10:51:01.000Z,Komisi VIII DPR RI Terima Masukan Terkait RUU CSR,komisi VII DPR RI terima masuk kait RUU CSR,Commission VII DPR RI accepts inclusion regarding the CSR Bill
406,2016-11-25T10:50:37.000Z,FOLLOWME Shoutout Komisi VIII DPR RI Terima Masukan Terkait RUU CSR TEAMFOLLOWBACK,FOLLOWME shoutout komisi VII DPR RI terima masuk kait RUU CSR TEAMFOLLOWBACK,FOLLOWME shoutout Commission VII DPR RI accepts entry regarding the TEAMFOLLOWBACK CSR Bill
407,2016-11-25T10:40:39.000Z,sdh brp RUU dalam prolegnas yg sdh kalian selesaikan?,sudah berapa RUU dalam prolegnas yang sudah kalian selesai ?,How many bills in the National Legislation Program have you completed?
408,2016-11-25T10:38:10.000Z,Tribun Komisi VIII DPR RI Terima Masukan Terkait RUU CSR Komisi VIII DPR RI menerima masukan dari Guru NewsToday,tribun komisi VII DPR RI terima masuk kait RUU CSR komisi VII DPR RI terima masuk dari guru newstoday,The DPR RI Commission VII tribune accepts entry regarding the CSR Bill. Commission VII DPR RI receives entry from the newstoday teacher
409,2016-11-25T09:20:43.000Z,Wakil Ketua Komisi VIII DPR Iskan Qolba Lubis RUU CSR Wajib Atau Sukarela,wakil ketua komisi VII DPR iskan qolba lubis RUU CSR wajib atau sukarela,Deputy chairman of Commission VII DPR asked Qolba to write a mandatory or voluntary CSR bill
410,2016-11-25T09:16:10.000Z,Reses Komisi VII DPR RI Keluhan Pemadaman Listrik Sumut Masih Tinggi,reses komisi VII DPR RI keluh madam listrik sumut masih tinggi,Commission VII DPR RI recess complained that North Sumatra's electricity supply was still high
411,2016-11-25T07:29:04.000Z,DPR Gali Masukan Soal RUU CSR IkiBangsaku,DPR gali masuk soal RUU CSR ikibangsaku,The DPR is delving into the issue of the Ikibangsaku CSR Bill
412,2016-11-25T07:29:04.000Z,DPR Gali Masukan Soal RUU CSR,DPR gali masuk soal RUU CSR,The DPR is delving into the issue of the CSR Bill
413,2016-11-25T06:59:19.000Z,DPR Gali Masukan Soal RUU CSR republikaonline,DPR gali masuk soal RUU CSR republikaonline,The DPR is digging into the issue of the Republikaonline CSR Bill
414,2016-11-24T23:36:08.000Z,Baru tahu kalau kita punya anggota DPR setelah reses setelah itu gak tahu kerjareses,baru tahu jika kita punya anggota DPR telah reses telah itu tidak tahu kerjareses,"just found out that if we have members of the DPR who have gone into recess, they don't know about the work of the recess"
415,2016-11-24T19:19:12.000Z,Ini Agenda Pansus RUU Penyelenggaraan Pemilu Versi Ketua Pansus Panitia Khusus Pansus DPR RI Rancangan,ini agenda pansus RUU penyelenggaraan pemilu versi ketua pansus panitia khusus pansus DPR RI rancangan,"This is the agenda of the special committee on the bill on the implementation of elections, version of the draft by the chairman of the special committee of the DPR RI special committee"
416,2016-11-24T11:58:03.000Z,mngkin hrs punya komisi khusus induk tuk para ulama agamawan jd semua kebijakan hrs ada persetujuan dr komisi ini cc,mungkin harus punya komisi khusus induk untuk para ulama agamawan jadi semua kebijakan harus ada tuju dari komisi ini cc,"Maybe there should be a special main commission for religious scholars so all policies must be aimed at this commission, CC"
417,2016-11-24T10:43:15.000Z,Anggota DPR RI Ramson Siagian Perjuangkan Aspirasi Rakyat di Jakarta,anggota DPR RI ramson siagian juang aspirasi rakyat di jakarta,DPR RI member Ramson Siagian fights for the aspirations of the people in Jakarta
418,2016-11-24T10:30:45.000Z,Anggota DPR RI Ramson Siagian Perjuangkan Aspirasi Rakyat di Jakarta Radar Pekalongan Online Info Selengkapnya,anggota DPR RI ramson siagian juang aspirasi rakyat di jakarta radar kalong online info lengkap,"Member of the Republic of Indonesia's DPR, Ramson Siagian, fights for the aspirations of the people in Jakarta. Radar Kalong online, complete information"
419,2016-11-24T05:56:53.000Z,Perempuan PAN usai diakusi RUU pemilu bersama Viva Yoga Mauladi anggota DPR RI dan pansus RUU Pemilu di RM Remboelan Plaza Senayan,perempuan KAPAN usai diakusi RUU pemilu sama viva yoga mauladi anggota DPR RI dan pansus RUU pemilu di RM remboelan plaza senayan,women WHEN after the election bill was adopted by Viva Yoga Mauladi members of the DPR RI and the special committee on the election bill at RM Remboelan Plaza Senayan
420,2016-11-24T02:49:08.000Z,mohon info bagaimana kemajuan RUU_Jasa_Konstruksi?,mohon info bagaimana maju ruu_jasa_konstruksi ?,Please provide information on how to proceed with the ruu_jasa_construction?
421,2016-11-24T02:22:59.000Z,RUANG LINGKUP TUGAS KOMISI I DPR RI Sesuai dengan Keputusan Rapat Paripurna DPR RI tanggal November ruang,RUANG LINGKUP TUGAS KOMISI i DPR RI sesuai dengan keputusan rapat paripurna DPR RI tanggal november ruang,SCOPE OF DUTIES OF THE COMMISSION i DPR RI in accordance with the decision of the plenary meeting of the DPR RI dated November room
422,2016-11-24T02:15:33.000Z,Agenda DPR Kamis Pukul WIB Baleg DPR Rapat Timus RUU Karantina Kesehatan agendaDPR,agenda DPR kamis pukul WIB baleg DPR rapat timus RUU karantina sehat agendadpr,"DPR agenda, Thursday at WIB, DPR legislative council meeting Timus Healthy Quarantine Bill, DPR agenda"
423,2016-11-24T02:14:03.000Z,Agenda DPR Kamis Pukul WIB Baleg DPR Rapat Panja RUU ASN agendaDPR,agenda DPR kamis pukul WIB baleg DPR rapat panja RUU ASN agendadpr,DPR agenda Thursday at WIB DPR legislative committee meeting ASN Bill committee agenda DPR
424,2016-11-24T01:44:59.000Z,Ide yang sangat bagus Sekalian fadlizonk dan fahrihamsyong dibawa biar ada wakil rakyat yang mendengarkan aspirasi rakyat,ide yang sangat bagus sekali fadlizonk dan fahrihamsyong bawa biar ada wakil rakyat yang dengar aspirasi rakyat,Fadlizonk and Fahrihamsyong brought a very good idea so that there would be people's representatives who could hear the people's aspirations
425,2016-11-24T01:07:46.000Z,pimpinan Pansus adapun komposisi Pimpinan Pansus RUU tentang Penyelenggaraan Pemilu DPR RI antara lain DPDRI,kepemimpinan pansus adapun komposisi kepemimpinan pansus RUU tentang penyelenggaraan pemilu DPR RI antara lain DPDRI,"The leadership of the special committee, as for the composition of the leadership of the special committee of the Bill on the implementation of DPR RI elections, includes DPDRI"
426,2016-11-23T18:32:04.000Z,Akom dilengserkan dari Ket DPR RI si papa Setnov naik tahta lagi krn Trump terpilih dlm pilpres AS tujuannya utk lobi kebijakan LN Trump,akom lengser dari ket DPR RI sih papa setnov naik tahta lagi karena trump pilih dalam pilpres AS tuju untuk lobi kebijakan LN trump,"Akom stepped down from the House of Representatives of the Republic of Indonesia, but Papa Setnov ascended the throne again because Trump was chosen in the US presidential election to lobby for Trump's foreign policy."
427,2016-11-23T17:14:55.000Z,RAPAT PARIPURNA DEWAN PERWAKILAN RAKYAT KOTA BANDAR LAMPUNG,RAPAT PARIPURNA DEWAN WAKIL RAKYAT KOTA BANDAR LAMPUNG,Plenary MEETING OF THE COUNCIL OF PEOPLE'S REPRESENTATIVES OF THE CITY OF BANDAR LAMPUNG
428,2016-11-23T15:06:08.000Z,Salam X Kars Situbondo Rabi Rapat paripurna Dewan Perwakilan Rakyat Daerah DPRD Situbondo menyetujui,salam kali kars situbondo rabi rapat paripurna dewan wakil rakyat daerah DPRD situbondo tuju,"Greetings, Kars Situbondo Rabbi, plenary meeting of the DPRD Situbondo Regional People's Representatives Council"
429,2016-11-23T13:58:22.000Z,Impian Loyalis Golkar Perjuangkan Aspirasi Rakyat dari Senayan Parlemen BambangSoesatyo MO Golkar,impi loyalis golkar juang aspirasi rakyat dari senayan parlemen bambangsoesatyo MAU golkar,the dream of Golkar loyalists to fight for the aspirations of the people from the parliamentary Senayan Bambangsoesatyo WANT Golkar
430,2016-11-23T13:56:17.000Z,Niat Memperjuangkan Aspirasi Rakyat Mengantar Bambang Soesatyo ke Senayan Parlemen BambangSoesatyo MO Golkar,niat juang aspirasi rakyat antar bambang soesatyo ke senayan parlemen bambangsoesatyo MAU golkar,"the fighting intention of the people's aspirations between Bambang Soesatyo and the Senayan Parliament, Bambangsoesatyo WANT Golkar"
431,2016-11-23T13:54:59.000Z,Anggota DPR RI Ajak Mahasiswa Kawal Kebijakan Pemerintah,anggota DPR RI ajak mahasiswa kawal kebijakan pemerintah,DPR RI members invite students to monitor government policies
432,2016-11-23T12:51:37.000Z,Komisi X DPR dan Pemerintah Bahas Strategi Pembahasan RUU Kebudayaan,komisi kali DPR dan pemerintah bahas strategi bahas RUU budaya,The DPR commission and the government discussed strategies for discussing the culture bill
433,2016-11-23T12:22:08.000Z,Gelar Reses Wakil Rakyat Ini Harapkan Bupati Se Madura Sejalan,gelar reses wakil rakyat ini harap bupati se madura jalan,This recess for the people's representatives hopes that the regents throughout Madura will go ahead
434,2016-11-23T10:33:57.000Z,Konsolidasi parpol utk bergaining position Bukan soal aspirasi rakyat Preettz!!,konsolidasi parpol untuk bergaining position bukan soal aspirasi rakyat preettz ! !,"Consolidation of political parties to gain positions is not a matter of people's aspirations, Preettz! !"
435,2016-11-23T09:17:29.000Z,BKD Terima Masukan IPC Terkait RUU Migas,BKD terima masuk IPC kait RUU migas,BKD accepts entry into IPC regarding oil and gas bill
436,2016-11-23T09:01:17.000Z,Komisi III DPR Panja RUU KUHP dengan Kepala BPHN KemenkumHAM membahas RUU KUHP Buku II DPRLive,komisi II DPR panja RUU KUHP dengan kepala BPHN kemenkumham bahas RUU KUHP buku II dprlive,DPR Commission II working committee on Criminal Code Bill with Head of BPHN Ministry of Law and Human Rights discussing Criminal Code Bill Book II dprlive
437,2016-11-23T08:57:49.000Z,Badan Legislasi DPR Rapat Panja RUU tentang Karantina Kesehatan DPRLive,badan legislasi DPR rapat panja RUU tentang karantina sehat dprlive,legislative body of the DPR working committee meeting on the bill on healthy quarantine dprlive
438,2016-11-23T04:31:05.000Z,Badan Legislasi DPR RI mengadakan Rapat Pleno mengenai Harmonisasi RUU Aparatur Sipil Negara ASN DPRLive,badan legislasi DPR RI ada rapat pleno kena harmonisasi RUU aparatur sipil negara ASN dprlive,The DPR RI legislative body is holding a plenary meeting regarding the harmonization of the DPRlive ASN state civil service bill
439,2016-11-23T02:37:41.000Z,Agenda DPR Rabu Pukul WIB Baleg DPR Rapat Panja RUU Karantina Kesehatan agendaDPR,agenda DPR rabu pukul WIB baleg DPR rapat panja RUU karantina sehat agendadpr,"DPR agenda, Wednesday at WIB, DPR legislative committee meeting, healthy quarantine bill, DPR agenda"
440,2016-11-22T21:49:38.000Z,DPR RI PANTAU UU ISTIMEWA Untuk memastikan pelaksanaan Undang Undang keistimewaan DIY memberikan kemudahan bagi,DPR RI PANTAU UU ISTIMEWA untuk pasti laksana undang undang istimewa DIY beri mudah bagi,DPR RI MONITORING THE SPECIAL LAW to make sure that implementing the DIY special law makes it easier for people
441,2016-11-22T14:39:07.000Z,ZAHID BERI TAKLIMAT RUU PADA SEMUA WAKIL RAKYAT ISLAM,ZAHID BERI TAKLIMAT RUU PADA SEMUA WAKIL RAKYAT ISLAM,ZAHID GIVES AN INFORMATION OF THE BILL TO ALL REPRESENTATIVES OF THE ISLAMIC PEOPLE
442,2016-11-22T13:48:28.000Z,Rapat Paripurna at,rapat paripurna at,plenary meeting at
443,2016-11-22T12:20:39.000Z,Tim Pemantau dari DPR RI mengklarifikasi kejelasan UU dan Perda yang mengatur SG dan PAG agar sesuai dengan amanat undang undang,tim pantau dari DPR RI klarifikasi jelas UU dan perda yang pengaturan SG dan PAG agar sesuai dengan amanat undang undang,the monitoring team from the DPR RI provides clear clarification of the laws and regional regulations governing SG and PAG so that they are in accordance with the mandate of the law
444,2016-11-22T11:23:44.000Z,Paraf petisi Pemerintah DPR RI segera sahkan RUU Masyarakat Adat !,paraf petisi pemerintah DPR RI segera sahkan RUU masyarakat adat !,"The government's initial petition, DPR RI, immediately ratify the Indigenous Peoples Bill!"
445,2016-11-22T08:55:22.000Z,Pergantian Ketua DPR RI Harus Melalui Rapat Paripurna,ganti ketua DPR RI harus lalu rapat paripurna,"To replace the chairman of the DPR RI, there must be a plenary session"
446,2016-11-22T08:24:52.000Z,Berlangsung Alot Lukman Edy Akhirnya Terpilih Ketua Pansus RUU Pemilu lewat,langsung alot lukman edy akhir pilih ketua pansus RUU pemilu lewat,"straight away, Lukman Edy finally chose the chairman of the special committee for the final election bill"
447,2016-11-22T07:58:35.000Z,Zahid beri taklimat RUU pada semua wakil rakyat Islam,zahid beri taklimat RUU pada semua wakil rakyat islam,Zahid gave a briefing on the bill to all representatives of the Islamic people
448,2016-11-22T07:19:49.000Z,Komisi X DPR Rapat Panja RUU Kebudayaan terkait pembahasan DIM RUU tentang Kebudayaan DPRLive,komisi kali DPR rapat panja RUU budaya kait bahas DIM RUU tentang budaya dprlive,DPR commission times committee meeting on culture bill to discuss DIM bill on culture dprlive
449,2016-11-22T06:13:11.000Z,JogjaPers newsrrijogja RT DPR_RI Lukman Edy Terpilih Menjadi Ketua Pansus RUU Penyelenggaraan Pemilu,jogjapers newsrrijogja RT DPR_RI lukman edy pilih jadi ketua pansus RUU penyelenggaraan pemilu,jogjapers newsrrijogja RT DPR_RI Lukman Edy elected as chairman of the special committee on the election management bill
450,2016-11-22T06:08:30.000Z,Lukman Edy Terpilih Menjadi Ketua Pansus RUU Penyelenggaraan Pemilu,lukman edy pilih jadi ketua pansus RUU penyelenggaraan pemilu,Lukman Edy has been chosen as chairman of the special committee on the election management bill
451,2016-11-22T05:33:13.000Z,DPR Pantau Pelaksanaan Undang Undang Keistimewaan di Yogyakarta,DPR pantau laksana undang undang istimewa di yogyakarta,The DPR is monitoring the implementation of special laws in Yogyakarta
452,2016-11-22T04:40:14.000Z,Komisi II DPR RI raker dengan Menteri Agraria Tata Ruang Kepala BPN membahas RUU Pertanahan tata ruang kasus kasus pertanahan DPRLive,komisi II DPR RI raker dengan menteri agraria tata ruang kepala BPN bahas RUU tanah tata ruang kasus kasus tanah dprlive,"Commission II DPR RI working meeting with the Minister of Agrarian Affairs for Spatial Planning, Head of BPN to discuss the Land Bill on Spatial Planning on Land Cases DPRlive"
453,2016-11-22T04:40:09.000Z,Anggota DPR Asal Riau Lukman Edy Jadi Ketua Pansus RUU Pemilu,anggota DPR asal riau lukman edy jadi ketua pansus RUU pemilu,DPR member from Riau Lukman Edy is chairman of the special committee on the election bill
454,2016-11-22T04:20:17.000Z,Infografis Pimpinan Pansus RUU Penyelenggaraan Pemilihan Umum DPR RI,infografis kepemimpinan pansus RUU penyelenggaraan pilih umum DPR RI,infographics of the leadership of the special committee on the bill for holding general elections in the Indonesian House of Representatives
455,2016-11-22T02:48:38.000Z,Agenda DPR Selasa Pukul WIB Komisi X DPR Rapat Panja RUU Kebudayaan agendaDPR,agenda DPR selasa pukul WIB komisi kali DPR rapat panja RUU budaya agendadpr,"DPR agenda, Tuesday at WIB, DPR commission meeting working committee on culture bill, DPR agenda"
456,2016-11-22T02:47:58.000Z,Top story DPR RI on Periscope Pemilihan dan Penetapan Pimpinan Pansus RUU Pe see more,top story DPR RI on periscope pilih dan tetap kepemimpinan pansus RUU pe sih more,top story DPR RI on periscope elect and retain leadership of special committee on PE bill more
457,2016-11-22T02:47:35.000Z,Agenda DPR Selasa Pukul WIB Komisi III DPR Rapat Panja RUU KUHP agendaDPR,agenda DPR selasa pukul WIB komisi II DPR rapat panja RUU KUHP agendadpr,"DPR agenda, Tuesday at WIB, Commission II of the DPR, working committee meeting on the Criminal Code Bill, DPR agenda"
458,2016-11-22T00:41:48.000Z,Rachel memaluka kualitas anggota dpr seperti ini Percuma ada dpr kalau ngak jadi tempat menerima aspirasi rakyat malahan mendukung demo,rachel memaluka kualitas anggota dpr seperti ini percuma ada dpr jika tidak jadi tempat terima aspirasi rakyat malah dukungan demonstrasi,Rachel insults the quality of DPR members like this. There is no point in having a DPR if it is not a place to receive people's aspirations and instead support demonstrations
459,2016-11-22T00:16:11.000Z,Ini anggota DPR baca UU gak ya? Apakah unjuk rasa itu hak absolut tanpa batas?,ini anggota DPR baca UU tidak ya ? apakah unjuk rasa itu hak absolut tanpa batas ?,Do these DPR members read the law? Is protesting an absolute right without limits?
460,2016-11-21T15:33:09.000Z,DPR RI rapat paripurna bahas aksi demo anti ahok via,DPR RI rapat paripurna bahas gerakan demonstrasi anti ahok via,DPR RI in plenary meeting to discuss the anti-Ahok demonstration movement via
461,2016-11-21T09:42:15.000Z,LANGSUNG di Periscope Pemilihan dan Penetapan Pimpinan Pansus RUU Pemilu DPR RI,LANGSUNG di periscope pilih dan tetap kepemimpinan pansus RUU pemilu DPR RI,"LIVE on Periscope, vote and remain in leadership of the DPR RI election bill special committee"
462,2016-11-21T09:41:18.000Z,Dlm Rapat Paripurna DPR RI tgl Feb RUU PPHMA msk dlm Polegnas tp tdk msk dlm daftar Prioritas RUUMasyarakatAdat,dalam rapat paripurna DPR RI tanggal feb RUU PPHMA masuk dalam polegnas tetapi tidak masuk dalam daftar prioritas ruumasyarakatadat,in the DPR RI plenary session on February the PPHMA Bill was included in the national polena but was not included in the priority list of the customary community bill
463,2016-11-21T09:39:59.000Z,Meski tlh melalui berbgai thp proses pembuatan UU ditingkat legislatif DPR RI Periode blm mengesahkan RUU PPHMA RUUMasyarakatAdat,meski tlh lalu berbgai thp proses buat UU tingkat legislatif DPR RI periode belum pengesahan RUU PPHMA ruumasyarakatadat,"Even though in the past several years the process of drafting laws at the DPR RI legislative level has not been ratified, the PPHMA Bill on Indigenous Peoples"
464,2016-11-21T09:37:37.000Z,Kondisi ini telah menjadi perhatian DPR RI sejak memproses RUU Pengakuan dan Perlindungan Hak Hak Masyarakat Adat RUUMasyarakatAdat,kondisi ini telah jadi perhati DPR RI sejak proses RUU aku dan lindung hak hak masyarakat adat ruumasyarakatadat,This condition has been brought to the attention of the DPR RI since the process of my bill and protecting the rights of indigenous peoples or indigenous communities
465,2016-11-21T08:33:08.000Z,Wakil Ketua DPR memimpin pemilihan dan penetapan Pimpinan Pansus RUU Pemilu Senin,wakil ketua DPR kepemimpinan pilih dan tetap kepemimpinan pansus RUU pemilu senin,Deputy chairman of the DPR selects leadership and remains leadership of the special committee on Monday's election bill
466,2016-11-21T04:15:50.000Z,Sedang dilakukan penjelasan mengenai sejarah DPR RI didalam Ruang Rapat Paripurna I oleh Bapak Tedi selaku Perwakilan Humas oisfisipui,sedang pelaksanaan jelas kena sejarah DPR RI dalam ruang rapat paripurna i oleh bapak tedi selaku wakil humas oisfisipui,"Meanwhile, the implementation is clearly related to the history of the DPR RI in the plenary meeting room by Mr. Tedi as the representative of the Oisfisipui public relations"
467,2016-11-21T03:09:01.000Z,Agenda DPR Senin Pukul WIB Komisi X DPR Rapat Panja RUU Sistem Perbukuan agendaDPR,agenda DPR senin pukul WIB komisi kali DPR rapat panja RUU sistem buku agendadpr,"DPR agenda, Monday at WIB, DPR commission meeting working committee on DPR agenda book system bill"
468,2016-11-21T03:08:14.000Z,Agenda DPR Senin Pukul WIB Komisi III DPR Rapat Panja RUU KUHP agendaDPR,agenda DPR senin pukul WIB komisi II DPR rapat panja RUU KUHP agendadpr,DPR agenda Monday at WIB Commission II DPR meeting working committee on Criminal Code Bill DPR agenda
469,2016-11-20T22:26:15.000Z,Hari ini DPR RI rapat mengenai RUU Pemilu Semoga DPR RI tetap mempertahankan Pemilu dengan sistem Proporsional,hari ini DPR RI rapat kena RUU pemilu moga DPR RI tetap pertahanan pemilu dengan sistem proporsional,Today the DPR RI is meeting to discuss the election bill so that the DPR RI will continue to defend elections with a proportional system
470,2016-11-20T16:41:44.000Z,dpr yg bikin undang undang negara bikin u dang undang yg kurupsi hukum mati dong biar seru aja,dpr yang bikin undang undang negara bikin kamu dang undang yang kurupsi hukum mati dong biar seru saja,"The DPR that makes state laws makes you and the law that corrupts the death penalty, just make it fun"
471,2016-11-20T07:53:15.000Z,Mari dukung RUU Pertembakauan dan Kesehatan BergerakBersamaRakyat,mari dukungan RUU tembakau dan sehat bergerakbersamarakyat,Let's support the tobacco and health bill and move together with the people
472,2016-11-19T10:49:19.000Z,Reaksi Mbah Mijan Terkait Pengesahan UU Santet lewat,reaksi mbah mijan kait pengesahan UU santet lewat,Mbah Mijan's reaction to the passing of the Witchcraft Law
473,2016-11-19T10:06:15.000Z,pak pak,pak pak,sir sir
474,2016-11-19T00:24:31.000Z,Menurun Kehadiran Anggota DPR Pada Rapat Paripurna pic,turun hadir anggota DPR pada rapat paripurna pic,DPR members attend the plenary session pic
475,2016-11-19T00:20:53.000Z,wakil rakyat adlh menampung semua aspirasi rakyat ingat Indonesia dr berbagai ras dan agama masa kau gagal jadi wakil rakyat,wakil rakyat adalah tampung semua aspirasi rakyat ingat indonesia dari bagai ras dan agama masa kau gagal jadi wakil rakyat,"The people's representative is to accommodate all the aspirations of the people, remember that Indonesia is divided into races and religions when you fail to become a people's representative"
476,2016-11-18T23:01:28.000Z,Anggota DPR Usul RUU Konsultan Pajak,anggota DPR usul RUU konsultan pajak,DPR members propose tax consultant bill
477,2016-11-18T21:31:57.000Z,suatu pembelajaran semua fihak yg luar biasa halo wakil rakyat MPR DPR RI smoga peka thd aspirasi rakyat proaktif jangan tunggu menunggu,suatu ajar semua fihak yang luar biasa halo wakil rakyat MPR DPR RI moga peka thd aspirasi rakyat proaktif jangan tunggu tunggu,"an extraordinary lesson to all parties, hello people's representatives, MPR DPR RI, please be sensitive to the aspirations of the people, be proactive, don't wait, wait"
478,2016-11-18T09:04:16.000Z,Okky RUU Pertembakauan Harus Masukkan Bab Kesehatan Hingga saat ini pimpinan DPR RI masih belum mengesahkan,okky RUU tembakau harus masuk bab sehat hingga saat ini kepemimpinan DPR RI masih belum pengesahan,okky The tobacco bill must include a healthy chapter. Until now the DPR RI leadership has still not ratified it
479,2016-11-18T08:28:20.000Z,Anggota DPR Usul RUU Konsultan Pajak poskupang,anggota DPR usul RUU konsultan pajak poskupang,DPR members propose Poskupang tax consultant bill
480,2016-11-18T03:35:38.000Z,RUU Pertembakauan Diharap Segera Dibawa ke Paripurna,RUU tembakau harap segera bawa ke paripurna,Please bring the tobacco bill to plenary immediately
481,2016-11-18T03:22:05.000Z,Anggota DPR usul RUU Konsultan Pajak,anggota DPR usul RUU konsultan pajak,DPR members propose tax consultant bill
482,2016-11-18T03:14:11.000Z,Anggota DPR Usulkan RUU Konsultan Pajak,anggota DPR usul RUU konsultan pajak,DPR members propose tax consultant bill
483,2016-11-18T03:10:07.000Z,RUU Pertembakauan Diharap Segera Dibawa ke Paripurna IkiBangsaku,RUU tembakau harap segera bawa ke paripurna ikibangsaku,"Please bring the tobacco bill immediately to the plenary session, Ikibangsaku"
484,2016-11-18T03:03:12.000Z,DPR RI Akan Inventarisir Masalah RUU Pemilu Siang Ini,DPR RI akan inventarisir masalah RUU pemilu siang ini,The DPR RI will take stock of the election bill issues this afternoon
485,2016-11-18T02:59:08.000Z,Anggota DPR usul RUU Konsultan Pajak Indonesia,anggota DPR usul RUU konsultan pajak indonesia,DPR members propose Indonesian tax consultant bill
486,2016-11-18T02:58:19.000Z,Anggota DPR usul RUU Konsultan Pajak Anggota Komisi XI DPR RI Mukhammad Misbakhun mengusulkan Rancangan RUU,anggota DPR usul RUU konsultan pajak anggota komisi XI DPR RI mukhammad misbakhun usul rancangan RUU,DPR member proposes tax consultant bill Member of Commission XI DPR RI Mukhammad Misbakhun proposes draft bill
487,2016-11-18T02:54:09.000Z,Anggota DPR usul RUU Konsultan Pajak politik,anggota DPR usul RUU konsultan pajak politik,DPR members propose political tax consultant bill
488,2016-11-18T02:54:07.000Z,Anggota DPR usul RUU Konsultan Pajak Politik,anggota DPR usul RUU konsultan pajak politik,DPR members propose political tax consultant bill
489,2016-11-18T02:45:02.000Z,semua usulan RUU yang diusulkan oleh DPD RI mengalami Stagnan di tingkat DPR RI DPD RI,semua usul RUU yang usul oleh DPD RI alami stagnan di tingkat DPR RI DPD RI,all the proposed bills proposed by the DPD RI experienced stagnation at the level of the DPR RI DPD RI
490,2016-11-18T02:32:05.000Z,Anggota DPR usul RUU Konsultan Pajak Bandar Lampung Lampung,anggota DPR usul RUU konsultan pajak bandar lampung lampung,Members of the DPR propose the Bandar Lampung Lampung tax consultant bill
491,2016-11-18T02:20:02.000Z,Anggota DPR Usulkan RUU Konsultan Pajak Warta Ekonomi,anggota DPR usul RUU konsultan pajak warta ekonomi,DPR members propose economic news tax consultant bill
492,2016-11-18T02:01:15.000Z,aneh banget dia jadi anggota DPR bukannya nulis buku ttng kebijakan publik malah ngarang novel,aneh banget dia jadi anggota DPR bukan tulis buku ttng kebijakan publik malah arang novel,"It's really strange that he became a member of the DPR instead of writing a book about public policy, instead he wrote a novel"
493,2016-11-18T01:31:13.000Z,Anggota DPR Usulkan RUU Konsultan Pajak netralnews,anggota DPR usul RUU konsultan pajak netralnews,DPR members propose bill on neutralnews tax consultants
494,2016-11-17T23:15:00.000Z,Formappi Fraksi Nasdem Paling Sering Bolos,formappi partai nasdem paling sering bolos,Nasdem party formappi most often misses classes
495,2016-11-17T22:01:30.000Z,Alasan yg selalu disampaikan krn wakil rakyat shg cari aspirasi Kemudian apa gunanya ada pembagian waktu reses tersendiri,alas yang selalu sampai karena wakil rakyat shg cari aspirasi kemudian apa penggunaan ada bagi waktu reses sendiri,The base always comes because the people's representatives are looking for aspirations and then what use is there for their own recess time?
496,2016-11-17T14:17:21.000Z,DPR Komitmen Selesaikan RUU Pemilu Tepat Waktu Ketua Baleg DPR RI Supratman Andi mengatakan DPR bersama Pemer,DPR komitmen selesai RUU pemilu tepat waktu ketua baleg DPR RI supratman andi kata DPR sama per,"The DPR is committed to completing the election bill on time, the chairman of the DPR RI baleg, Supratman Andi, said that the DPR is the same as per"
497,2016-11-17T14:16:16.000Z,RUU pemilu langka awal melihat kualitas demokrasi kita,RUU pemilu langka awal lihat kualitas demokrasi kita,The initial rare election bill looks at the quality of our democracy
498,2016-11-17T11:59:56.000Z,pak pak urusin tuch Undang Undang dan daftar hadir anggota DPR jangan sibuk urusin orang anda sendiri sudah Becus blm,pak pak urus tuh undang undang dan daftar hadir anggota DPR jangan sibuk urus orang anda sendiri sudah becus belum,"Sir, take care of the laws and the attendance list for members of the DPR, don't be busy taking care of your own people, are you competent yet?"
499,2016-11-17T11:45:02.000Z,Hmmm kenapa yah Anggota gak hadir dalam rapat Paripurna Perdana?,hmm kenapa ya anggota tidak hadir dalam rapat paripurna perdana ?,"Hmm, why weren't members present at the first plenary meeting?"
500,2016-11-17T11:13:46.000Z,DPR Ri Komitmen Selesaikan RUU Pemilu,DPR ri komitmen selesai RUU pemilu,The Republic of Indonesia's DPR is committed to completing the election bill
501,2016-11-17T11:09:54.000Z,Kebijakan ujug,kebijakan ujug,final policy
502,2016-11-17T09:12:16.000Z,JadwalSenator nov wib sd selesai Rapat Penyusunan Prolegnas RUU Prioritas Tahun d Baleg,jadwalsenator nov wib sd selesai rapat susun prolegnas RUU prioritas tahun di baleg,Senator's schedule November WIB until completion of the meeting to compile the National Legislative Program on priority bills for the year at the Legislative Assembly
503,2016-11-17T09:06:39.000Z,JadwalSenator nov wib sd selesai Rapat Penyusunan Prolegnas RUU Prioritas Tahun di Ruang Baleg,jadwalsenator nov wib sd selesai rapat susun prolegnas RUU prioritas tahun di ruang baleg,Senator's schedule November WIB until completion of the meeting to prepare the National Legislative Program on priority bills for the year in the Legislative Council room
504,2016-11-17T06:43:28.000Z,Ketua DPR RUU Pemilu Harus Selesai April,ketua DPR RUU pemilu harus selesai april,Chairman of the DPR The election bill must be completed in April
505,2016-11-17T06:40:07.000Z,Tribun Ketua DPR RUU Pemilu Harus Selesai April Ketua DPR Ade Komarudin menerima kunjungan NewsToday,tribun ketua DPR RUU pemilu harus selesai april ketua DPR adek komarudin terima kunjung newstoday,"DPR chairman's tribune The election bill must be completed in April, DPR chairman Adek Komarudin welcomes newstoday's visit"
506,2016-11-17T06:23:24.000Z,DPR RI Prioritaskan Penyelesaian RUU Pemilu,DPR RI prioritas selesai RUU pemilu,The DPR RI prioritizes completing the election bill
507,2016-11-17T06:01:38.000Z,Pemilihan Ketua Pansus RUU Pemilu Diundur Sampai Senin Wakil Ketua DPR RI Agus Hermanto membenarkan rapat,pilih ketua pansus RUU pemilu undur sampai senin wakil ketua DPR RI agus hermanto benar rapat,"electing chairman of the special committee on the election bill has been postponed until Monday, the deputy chairman of the DPR RI, Agus Hermanto, is really meeting"
508,2016-11-17T05:24:29.000Z,Kebijakan Pemkot Bekasi menertibkan Bangli jgn jadikan ajang Dramatisasi Anggota DPRD DPRD kan wakil rakyat cari solusi berikan Advokasi,kebijakan pemkot bekas tertib bangli jangan jadi ajang dramatisasi anggota DPRD DPRD kan wakil rakyat cari solusi ikan advokasi,"Bangli's former orderly city government policy should not be an arena for dramatization by DPRD DPRD members, people's representatives are looking for solutions and advocacy"
509,2016-11-17T05:12:51.000Z,Agenda baleg RUU DPR RI ttg Tatib RUU Karhutla dan Perdesaan AgendaDPR,agenda baleg RUU DPR RI tentang tatib RUU karhutla dan desa agendadpr,DPR RI bill legislative agenda regarding regulations on forest and land fires and village draft DPR agenda
510,2016-11-17T05:07:50.000Z,Agenda baleg penyusunan prolegnas pembahasan RUU Karantina AgendaDPR,agenda baleg susun prolegnas bahas RUU karantina agendadpr,baleg agenda for drafting national legislative program to discuss quarantine bill dpr agenda
511,2016-11-17T05:01:08.000Z,DPR Berkomitmen RUU Penyelenggaraan Pemilu Selesai Tepat Waktu,DPR komitmen RUU penyelenggaraan pemilu selesai tepat waktu,The DPR is committed to completing the election implementation bill on time
512,2016-11-17T04:32:20.000Z,Lhah kan ono koe sebagai wakil rakyat njuk gunamu opo? Gawe undang undang?,lhah kan sono koe bagai wakil rakyat njuk penggunaan opo ? gawe undang undang ?,Isn't it true that you are like a people's representative pointing out the use of OPO? do you have laws?
513,2016-11-17T04:19:33.000Z,Ahok Tersangka Pimpinan DPR Masyarakat Harus Awasi Proses Selanjutnya,ahok sangka kepemimpinan DPR masyarakat harus awas proses lanjut,Ahok thinks that the DPR's community leadership must monitor the progress of the process
514,2016-11-17T03:20:15.000Z,Ketua Baleg DPR Supratman Andi Agtas DPR Komitmen Selesaikan RUU Pemilu Tepat Waktu,ketua baleg DPR supratman andi agtas DPR komitmen selesai RUU pemilu tepat waktu,Chairman of the DPR Baleg Supratman Andi Agtas DPR is committed to completing the election bill on time
515,2016-11-17T03:15:16.000Z,AgendaDPR baleg Rapat Pengesahan Jadwal Rapat Rapat Masa Sidang ke Thn pkl WIB,agendadpr baleg rapat pengesahan jadwal rapat rapat masa sidang ke tahun pkl WIB,agendadpr baleg meeting ratifying the meeting schedule for the annual session at PKL WIB
516,2016-11-17T03:14:01.000Z,Agenda DPR Kamis Pukul WIB Komisi III DPR Rapat Panja RUU KUHP agendaDPR,agenda DPR kamis pukul WIB komisi II DPR rapat panja RUU KUHP agendadpr,DPR agenda Thursday at WIB Commission II DPR meeting working committee on Criminal Code Bill DPR agenda
517,2016-11-17T02:21:09.000Z,Ketua DPR Ade Komarudin Tegaskan RUU Pemilu Harus Selesai April,ketua DPR adek komarudin tegas RUU pemilu harus selesai april,DPR chairman Adek Komarudin emphasized that the election bill must be completed in April
518,2016-11-17T01:54:05.000Z,Ketua DPR Ade Komarudin DPR Komitmen Percepat Pembahasan RUU,ketua DPR adek komarudin DPR komitmen cepat bahas RUU,"Chairman of the DPR, Adek Komarudin, DPR is committed to quickly discussing the bill"
519,2016-11-17T01:14:52.000Z,Misbakhun Bertekad Bela Terus Petani Tembakau Sebagai inisiator RUU Pertembakauan anggota Badan Legislasi DPR RI,misbakhun tekad bela terus tani tembakau bagai inisiator RUU tembakau anggota badan legislasi DPR RI,Misbakhun is determined to continue defending tobacco farming as the initiator of the tobacco bill as a member of the DPR RI legislative body
520,2016-11-16T23:45:12.000Z,Pertemuan dengan Mendagri Pak di membahas proges paket RUU Penyelenggaraan Pemilu,temu dengan mendagri pak di bahas proges paket RUU penyelenggaraan pemilu,meeting with the Minister of Home Affairs to discuss the progress of the election implementation bill package
521,2016-11-16T22:30:50.000Z,Anggota Komisi VII Rev UU Migas atas Inisiatif Bkn dari Pemerintah,anggota komisi VII rev UU migas atas inisiatif bukan dari pemerintah,member of commission VII rev oil and gas law on initiative not from the government
522,2016-11-16T14:58:10.000Z,Ketua DPR Dan Mendagri Bahas RUU Pemilu Ketua DPR RI Ade Komarudin menerima kunjungan Menteri Dalam Negeri Tjahjo,ketua DPR dan mendagri bahas RUU pemilu ketua DPR RI adek komarudin terima kunjung menteri dalam negeri tjahjo,"Chairman of the DPR and Minister of Home Affairs discuss the election bill. Chairman of the DPR RI, Adek Komarudin, receives a visit from the Minister of Home Affairs, Tjahjo"
523,2016-11-16T13:54:33.000Z,Pemerintah dan DPR RI sepakat menetapkan batas waktu penyelesaian pembahasan Revisi Undang undang Pemilu RUU,pemerintah dan DPR RI sepakat tetap batas waktu selesai bahas revisi undang undang pemilu RUU,The government and DPR RI have agreed to set a time limit for completing discussions on the revision of the draft election law
524,2016-11-16T13:30:44.000Z,Temui Petani Tembakau Anggota DPR Ini Janji Kawal Penyelesaian RUU Pertembakauan nusantaranews,temu tani tembakau anggota DPR ini janji kawal selesai RUU tembakau nusantaranews,"meeting of tobacco farmers, members of the DPR promise to oversee the completion of the nusantaranews tobacco bill"
525,2016-11-16T12:11:46.000Z,H Berorasi desak RUU Tembakau ditengah demo Asosiasi Petani Tembakau Indonesia APTI di DPR RI,h orasi desakan RUU tembakau tengah demonstrasi asosiasi tani tembakau indonesia APTI di DPR RI,h oration urging the tobacco bill in the middle of a demonstration by the Indonesian tobacco farmers association APTI at the DPR RI
526,2016-11-16T12:09:39.000Z,temui Asosiasi Petani Tembakau Indonesia APTI di DPR RI desak RUU Tembakau,temu asosiasi tani tembakau indonesia APTI di DPR RI desakan RUU tembakau,meeting of the Indonesian tobacco farmers association APTI at the DPR RI to push for the tobacco bill
527,2016-11-16T11:52:54.000Z,Suasana simulasi rapat internal fraksi fraksi memetakan temuan reses untuk dibawa ke rapat paripurna DPR RI Universitas Jember,suasana simulasi rapat internal partai partai meta temu reses untuk bawa ke rapat paripurna DPR RI universitas jember,"simulated atmosphere of an internal party meeting, meta party recess meeting to be brought to the plenary meeting of the DPR RI, University of Jember"
528,2016-11-16T10:48:43.000Z,RUU Pertembakauan msh tahap pembahasan di DPR RI Petani Tembakau meminta RUU tersebut segera disahkan PKBPeduliTembakau,RUU tembakau masih tahap bahas di DPR RI tani tembakau minta RUU sebut segera sah pkbpedulitembakau,The tobacco bill is still at the discussion stage in the Republic of Indonesia's DPR. Tobacco farmers are asking for the bill to be immediately legalized as pkbpedulitobacco
529,2016-11-16T09:55:26.000Z,DPR Komitmen Percepat Pembahasan RUU Republika Online,DPR komitmen cepat bahas RUU republika online,DPR is committed to quickly discussing the republican bill online
530,2016-11-16T09:40:12.000Z,NawaResolusi Santri Jadikan perusahaan Rokok Menjadi BUMN StopKapitalisasiRokok,nawaresolusi santri jadi usaha rokok jadi BUMN stopkapitalisasirokok,"nawaresollution for students to become a cigarette business, become a state-owned company to stop capitalizing on cigarettes"
531,2016-11-16T09:27:15.000Z,DPR Komitmen Percepat Pembahasan RUU,DPR komitmen cepat bahas RUU,The DPR is committed to discussing the bill quickly
532,2016-11-16T09:14:02.000Z,republikaonline DPR Komitmen Percepat Pembahasan RUU via Twitt,republikaonline DPR komitmen cepat bahas RUU via twitt,republicaonline The DPR is committed to quickly discussing the bill via Twitter
533,2016-11-16T09:12:14.000Z,StopKapitalisasiRokok Jadikan Perusahaan rokok BUMN,stopkapitalisasirokok jadi usaha rokok BUMN,stop capitalizing cigarettes into state-owned cigarette businesses
534,2016-11-16T07:56:21.000Z,Sekjen DPP PKB menerima petani tembakau yg unjuk rasa di gedung DPR menuntut disahkannya RUU,sekjen DPP PKB terima tani tembakau yang unjuk rasa di gedung DPR tuntutan sah RUU,Secretary General of the DPP PKB received tobacco farmers who demonstrated at the DPR building demanding that the bill be legal
535,2016-11-16T07:56:13.000Z,Sekjen DPP PKB menerima petani tembakau yg unjuk rasa di gedung DPR menuntut disahkannya RUU Pertembakauan,sekjen DPP PKB terima tani tembakau yang unjuk rasa di gedung DPR tuntutan sah RUU tembakau,Secretary General of the DPP PKB received tobacco farmers who demonstrated at the DPR building demanding that the tobacco bill be legal
536,2016-11-16T06:16:33.000Z,Simulasi Reses DPR RI dapil jl Bangka November SimulasiResesDPR,simulasi reses DPR RI dapil jl bangka november simulasiresesdpr,"DPR RI recess simulation for the Jl Bangka electoral district, November, DPR recess simulation"
537,2016-11-16T06:07:02.000Z,LANGSUNG di Periscope Wakil Ketua DPR gelar Konferensi Pers terkait dengan RUU Pertembakauan DPRLi,LANGSUNG di periscope wakil ketua DPR gelar konferensi pers kait dengan RUU tembakau dprli,"LIVE on Periscope, the deputy chairman of the DPR holds a press conference related to the DPRI tobacco bill"
538,2016-11-16T06:05:41.000Z,Wakil Ketua DPR menggelar Konferensi Pers terkait dengan RUU Pertembakauan DPRLive,wakil ketua DPR gelar konferensi pers kait dengan RUU tembakau dprlive,Deputy Speaker of the DPR holds a press conference regarding the dprlive tobacco bill
539,2016-11-16T05:30:12.000Z,Ratusan anggota DPR tak hadir di rapat paripurna pembukaan masa sidang Informasi terkini,ratus anggota DPR tak hadir di rapat paripurna buka masa sidang informasi kini,Hundreds of DPR members were not present at the plenary session opening the current information session
540,2016-11-16T04:59:29.000Z,Siang ini Rabu saya resmi membuka Rapat Paripurna Ke Masa Persidangan Kedua Tahun di Gedung DPR Senayan Jakarta,siang ini rabu saya resmi buka rapat paripurna ke masa sidang dua tahun di gedung DPR senayan jakarta,"This Wednesday afternoon I officially opened the plenary session for the two-year session at the Senayan DPR building, Jakarta"
541,2016-11-16T04:42:35.000Z,Pimpinan dan Perwakilan Badan Legislasi menemui massa aksi dari Asosiasi Petani Tembakau Indonesia Aspirasi tentang RUU Tembakau,kepemimpinan dan wakil badan legislasi temu rakyat gerakan dari asosiasi tani tembakau indonesia aspirasi tentang RUU tembakau,leadership and representatives of the legislative body meeting the people's movement from the Indonesian tobacco farmers' association with aspirations regarding the tobacco bill
542,2016-11-16T04:30:21.000Z,jg akan melakukan harmonisasi pembulatan pemantapan RUU PidatoParipurna,juga akan pelaksanaan harmonisasi bulat mantap RUU pidatoparipurna,There will also be a solid implementation of the unanimous harmonization of the plenary speech bill
543,2016-11-16T04:27:21.000Z,dlm masa sidang ini akan melakukan persiapan penyusunan Prolegnas RUU Prioritas thn PidatoParipurna,dalam masa sidang ini akan pelaksanaan siap susun prolegnas RUU prioritas tahun pidatoparipurna,"During this session, the preparation for the drafting of the National Legislation Bill on priority bills for the year of the plenary speech will be carried out"
544,2016-11-16T04:02:26.000Z,Alhamdulilah Sedang berlangsung pembukaan rapat Paripurna ke oleh Ketua DPR RI,alhamdulilah sedang langsung buka rapat paripurna ke oleh ketua DPR RI,"Thank God, the chairman of the DPR RI is immediately opening the plenary session"
545,2016-11-16T03:35:26.000Z,AgendaDPR Hari ini Rabu Pukul WIB Rapat Paripurna Ke Masa Persidangan II Tahun Sidang,agendadpr hari ini rabu pukul WIB rapat paripurna ke masa sidang II tahun sidang,"DPR agenda today, Wednesday at WIB, plenary meeting for the second session of the session year"
546,2016-11-16T03:30:02.000Z,Desa Wisata Sejarah di Pulau Mepar Rindu Diterangi PLN Reses Anggota DPR RI Komisi VI Drs H Nyat Kadir ke Daik,desa wisata sejarah di pulau mepar rindu rang PLN reses anggota DPR RI komisi VI drs h nyat kadir ke daik,historical tourist village on the island of mepar miss rang PLN recess members of the DPR RI commission VI drs h nyat kadir ke daik
547,2016-11-16T02:04:52.000Z,Agenda DPR Rabu Pukul WIB Rapat Paripurna DPR Ke Masa Persidangan II Tahun Sidang agendaDPR,agenda DPR rabu pukul WIB rapat paripurna DPR ke masa sidang II tahun sidang agendadpr,"DPR agenda, Wednesday at WIB, DPR plenary meeting for the second session of the DPR agenda session year"
548,2016-11-15T20:38:50.000Z,Reses di Enrekang Anggota DPR Ini Perjuangkan Status Honorer Jadi CPNS,reses di enrekang anggota DPR ini juang status honorer jadi CPNS,"During the recess, this DPR member is fighting for honorary status to become a National Civil Service Candidate"
549,2016-11-15T15:05:32.000Z,DiskusiPRFM Data menyebutkan Tingkat Kehadiran Anggota DPR RI di Rapat Paripurna pada Titik mengkhawatirkan Komentar anda?,diskusiprfm data sebut tingkat hadir anggota DPR RI di rapat paripurna pada titik khawatir komentar anda ?,discussionprfm data says the level of attendance of DPR RI members at plenary meetings is at a point where your comments are worrying?
550,2016-11-15T14:43:36.000Z,Dlm stiap rapat paripurna selama masa sidang ke Thn yaitu tgl Agt Okt rata kehadiran anggota DPR hanya,dalam tiap rapat paripurna lama masa sidang ke tahun yaitu tanggal agt okt rata hadir anggota DPR hanya,"In each plenary session, the length of the session lasts from a year, namely August to October, on average only members of the DPR are present"
551,2016-11-15T14:42:13.000Z,Tingkat kehadiran anggota DPR di rapat paripurna dan alat kelengkapan dewan AKD memang sudah pada titik mengkhawatirkan,tingkat hadir anggota DPR di rapat paripurna dan alat lengkap dewan AKD memang sudah pada titik khawatir,The level of attendance of DPR members at plenary meetings and the completeness of the AKD council is already at a worrying point
552,2016-11-15T08:34:32.000Z,Reses Wakil Rakyat Dapil Lampung I Ahmad Muzani,reses wakil rakyat dapil lampung i ahmad muzani,"recess for the people's representative for the Lampung electoral district, i Ahmad Muzani"
553,2016-11-15T07:15:26.000Z,Nyat Kadir Motivasi Pemuda Lingga Berwira Usaha Dalam reses Anggota Komisi VI DPR RI Nyat Kadir memotivasi,nyat kadir motivasi pemuda lingga wira usaha dalam reses anggota komisi VI DPR RI nyat kadir motivasi,Really there's a motivation for entrepreneurial young people in the recess for members of Commission VI DPR RI
554,2016-11-15T05:32:33.000Z,Bang silaturahmi dan serap aspirasi dlm rangka reses MS II dengan Masyarakat Kota Praya Lombok Tengah,bang silaturahmi dan serap aspirasi dalam rangka reses MASIH II dengan masyarakat kota praya lombok tengah,"build friendship and absorb aspirations in the framework of the MASIH II recess with the people of Praya City, Central Lombok"
555,2016-11-15T02:06:13.000Z,Keren mas semoga didengar dan diperhatikan pembentuk undang undang cc,keren mas moga dengar dan perhati bentuk undang undang cc,"Cool bro, I hope you listen and pay attention to the form of the CC law"
556,2016-11-15T00:42:25.000Z,Retweeted Fraksi PKS DPR RI Reses masa sidang kali ini hampir usai Yuk cari tahu apa sj,retweeted partai PKS DPR RI reses masa sidang kali ini hampir usai yuk cari tahu apa saja,"retweeted PKS party DPR RI recess for this session is almost over, let's find out what's going on"
557,2016-11-14T15:55:39.000Z,Anggota DPR Tidak Yakin Trump Terapkan Kebijakan Proteksi Ekonomi,anggota DPR tidak yakin trump terap kebijakan proteksi ekonomi,DPR members are not convinced that Trump will implement economic protection policies
558,2016-11-14T15:53:46.000Z,Pemerintah Harus Gerak Cepat Berantas Terorisme,pemerintah harus gerak cepat berantas terorisme,The government must move quickly to eradicate terrorism
559,2016-11-14T11:56:06.000Z,Koran Sindo Jatim Nov DPR Desak Kebijakan Bebas Visa Ditinjau,koran sindo jatim nov DPR desakan kebijakan bebas visa tinjau,Koran Sindo Jatim Nov. DPR urges review of visa-free policy
560,2016-11-14T11:45:11.000Z,DPR targetkan revisi UU Terorisme rampung awal Ketua DPR RI Ade Komarudin menargetkan revisi Undang Undang,DPR target revisi UU terorisme rampung awal ketua DPR RI adek komarudin target revisi undang undang,"The DPR's target for revising the terrorism law is to be completed early. The chairman of the DPR RI, Adek Komarudin, is the target for revising the law"
561,2016-11-14T09:17:33.000Z,Dalam masa reses DPR RI saya menggelar silaturahim dengan masyarakat pendukung solid saya di dapil Kec Setu Kab,dalam masa reses DPR RI saya gelar silaturahim dengan masyarakat dukungan solid saya di dapil kec setu kab,"During the DPR RI recess period, I held a friendship with the community with my solid support in the Setu District electoral district"
562,2016-11-14T09:13:28.000Z,Dalam masa reses DPR RI saya menggelar silaturahim dengan masyarakat pendukung solid saya di dapil Kec Setu Kab Bekasi Senin,dalam masa reses DPR RI saya gelar silaturahim dengan masyarakat dukungan solid saya di dapil kec setu kab bekas senin,"During the DPR RI recess period, I held a friendship with the community with my solid support in the electoral district of Setu District, Former District, Monday"
563,2016-11-14T05:24:26.000Z,Intip aktifitas Reses Mas Tjatur cc,intip aktifitas reses mas tjatur cc,Take a peek at Mas Tjatur CC's recess activities
564,2016-11-14T05:16:03.000Z,AksiDamaiNopember Reses anggota MS II tahun Sidang bang kumpulkan kepala desa se k,aksidamainopember reses anggota MASIH II tahun sidang bang kumpul kepala desa se ke,peaceful actionnovember recess members of MASIH II year session bang gathering village heads se ke
565,2016-11-14T04:54:33.000Z,Reses anggota MS II tahun Sidang bang kumpulkan kepala desa se kabupaten Sumbawa dorong desa mandiri,reses anggota MASIH II tahun sidang bang kumpul kepala desa se kabupaten sumbawa dorong desa mandiri,"recess for members of MASIH II year, meeting of village heads throughout Sumbawa district to encourage independent villages"
566,2016-11-14T02:55:32.000Z,RESES ANGGOTA DPR RI FRAKSI PDIP MARUARAR SIRAIT,RESES ANGGOTA DPR RI PARTAI PDIP MARUARAR SIRAIT,RECESS FOR MEMBERS OF THE DPR RI PDIP PARTY MARUARAR SIRAIT
567,2016-11-13T13:11:36.000Z,Pleno II Munas Rapimnas I PPP sedang membahas fungsi Anggota DPR dlm menyusun RUU PPPforJokowi,pleno II munas rapimnas i PP sedang bahas fungsi anggota DPR dalam susun RUU ppforjokowi,plenary II of the National Conference of Rapimnas i PP is discussing the function of DPR members in drafting the PPforjokowi Bill
568,2016-11-13T10:39:01.000Z,Sy tahu Tp skrg angka sudah out of date per pengesahan APBN oleh DPR RI,saya tahu tetapi sekarang angka sudah out of date per pengesahan APBN oleh DPR RI,"I know, but now the figures are out of date as per the ratification of the APBN by the DPR RI"
569,2016-11-12T23:53:34.000Z,Fahri Hamzah telah menjalankan fungsinya selaku wakil rakyat dan memperjuangkan aspirasi rakyat yg memilihnya,fahri hamzah telah jalan fungsi selaku wakil rakyat dan juang aspirasi rakyat yang pilih,Fahri Hamzah has served as a representative of the people and championed the aspirations of the elected people
570,2016-11-12T16:44:19.000Z,KENAPA CINTA SALATIGA Reses DPR RI Fraksi,KENAPA CINTA SALATIGA reses DPR RI partai,WHY LOVE SALATIGA party's DPR RI recess
571,2016-11-12T15:23:08.000Z,Kunjungan Komisi IV DPR ke Balai Karantina Pertanian Denpasar juga untuk minta masukan atas RUU Karantina Hewan Ikan Tumbuhan KunkerDPR,kunjung komisi IV DPR ke balai karantina tani denpasar juga untuk minta masuk atas RUU karantina hewan ikan tumbuh kunkerdpr,Commission IV of the DPR also visited the Denpasar Farmer Quarantine Center to ask for input on the Animal Quarantine Bill for Fish Grown in KunkerdPR
572,2016-11-11T02:23:22.000Z,Turba ke KUB ternak di GK reses,turba ke KUB ternak di TIDAK reses,turba to KUB livestock in NO recess
573,2016-11-11T02:16:55.000Z,Turba ke bbrp KUB konveksi di GK reses,turba ke beberapa KUB konveksi di TIDAK reses,turba to several convection KUBs in NO recess
574,2016-11-11T02:11:30.000Z,Pmberian Makann Gizi utk Balita di Kedungkris Nglipar GK reses,pmberian makann gizi untuk balita di kedungkris nglipar TIDAK reses,Providing nutritional food for toddlers in Kedungkris Nglipar is NOT a recess
575,2016-11-11T02:03:46.000Z,Pelatihan Public Speaking juga diadakan di Gunung Kidul dan diikuti pelaku UKM reses,latih public speaking juga ada di gunung kidul dan ikut pelaksanaan UKM reses,You can also practice public speaking in Gunung Kidul and take part in the UKM recess
576,2016-11-10T11:10:48.000Z,Siang tadi YAPPIKA ActionAid Mitra telah menyampaikan Hasil Riset Usulan Kebijakan untuk SekolahAman kepada Badan Keahlian,siang tadi YAPPIKA actionaid mitra telah sampai hasil riset usul kebijakan untuk sekolahaman kepada badan ahli,This afternoon YAPPIKA actionaid partners have submitted research results on policy proposals for safe schools to expert bodies
577,2016-11-10T10:46:07.000Z,RiauInfo Komisi V DPR RI Lakukan Reses di Kelurahan Meranti Pandak inforiau,riauinfo komisi v DPR RI pelaksanaan reses di lurah meranti pandak inforiau,"riauinfo commission v DPR RI holding a recess at the Meranti sub-district head, Pandak Inforiau"
578,2016-11-10T10:13:57.000Z,Anggota DPR RI Prananda Surya Paloh Reses di Tebingtinggi,anggota DPR RI prananda surya paloh reses di tebingtinggi,Member of the Republic of Indonesia's House of Representatives Prananda Surya Paloh takes a break at Tebingtinggi
579,2016-11-10T09:47:26.000Z,Forum Legislasi di Media Center DPR RI membahas RUU tentang Jabatan Hakim DPRLive,forum legislasi di media center DPR RI bahas RUU tentang jabatan hakim dprlive,Legislative forum at the DPR RI media center discussing the bill regarding the position of judge DPRlive
580,2016-11-09T14:42:57.000Z,Memang ada ya undang undang ini ?? Memangnya anggota dpr bersifat maksum ya seperti nabi? Maaf sy org bodoh Klo sperti itu sy tdk setuju,memang ada ya undang undang ini ? ? memang anggota dpr sifat maksum ya seperti nabi ? maaf saya orang bodoh jika seperti itu saya tidak tuju,"Does this law really exist? ? Are DPR members truly infallible like prophets? sorry, I'm a fool. If that's the case, I'm not aiming for it"
581,2016-11-09T13:35:16.000Z,PDIP pernah kerahkan anggota DPR dan Kada demo kebijakan SBY terkait BBM Seingatku gak dituduh makar,PDIP pernah kerah anggota DPR dan kada demonstrasi kebijakan SURABAYA kait BBM ingat tidak tuduh makar,"PDIP once arrested members of the DPR and during the SURABAYA policy demonstration regarding BBM, remember not to accuse them of treason"
582,2016-11-09T09:02:48.000Z,Reses tahun anggota DPR RI komisi III A,reses tahun anggota DPR RI komisi II a,Annual recess for DPR RI Commission II members a
583,2016-11-09T08:28:55.000Z,Reses DPR RI Harus Lapor ke Fraksi Golkar Daerah,reses DPR RI harus lapor ke partai golkar daerah,DPR RI recess must be reported to the regional Golkar party
584,2016-11-09T05:25:57.000Z,wakil rakyat tugasnya menerima aspirasi rakyat dan memperjuangkannya lwt ruang dewan bukanya turun ke jalan,wakil rakyat tugas terima aspirasi rakyat dan juang lewat ruang dewan buka turun ke jalan,People's representatives have the task of accepting the aspirations of the people and fighting through the council chambers and not taking to the streets
585,2016-11-09T02:13:15.000Z,Apa saja aktivitas di masa reses beberapa wakil rakyat sejak sabtu hingga senin kemarin? Yuk disimak! Sebarkan,apa saja aktivitas di masa reses beberapa wakil rakyat sejak sabtu hingga senin kemarin ? yuk simak ! sebar,What were the activities during the recess period for several people's representatives from last Saturday to Monday? let's see! spread
586,2016-11-08T17:40:19.000Z,Anggota DPR RI Ali Mahir Reses ke Kudus murianewscom,anggota DPR RI ali mahir reses ke kudus murianewscom,"Member of the Republic of Indonesia's DPR, Ali Ahli, took a recess at Kudus Murianewscom"
587,2016-11-08T15:13:59.000Z,hasil dari serap aspirasi dlm kegiatan reses akan disampaikan saat dimulainya masa sidang di DPR RI u dibahas bersama pemerintah ResesPKB,hasil dari serap aspirasi dalam giat reses akan sampai saat mula masa sidang di DPR RI kamu bahas sama pemerintah resespkb,The results of absorbing aspirations in active recess will arrive at the start of the session period at the DPR RI. You will discuss it with the recesspkb government.
588,2016-11-08T15:12:24.000Z,UU no yg direvisi jd UU no ttg MD mengatur waktu masa sidang reses pasal ayat ResesPKB,UU no yang revisi jadi UU no tentang MD pengaturan waktu masa sidang reses pasal ayat resespkb,"Law No. was revised to become Law No. concerning MD, setting the time for the recess session, article paragraph recesspkb"
589,2016-11-08T14:55:39.000Z,kegiatan Reses oleh Anggota DPR RI menjadi momen tk lebih dekat dg konstituen menjaga komunikasi menyerap aspirasi ResesPKB,giat reses oleh anggota DPR RI jadi momen tak lebih dekat dengan konstituen jaga komunikasi serap aspirasi resespkb,"Members of the Republic of Indonesia's House of Representatives (DPR RI) are actively taking part in the recess so that they are closer to their constituents, maintaining communication to absorb the aspirations of the recesspkb"
590,2016-11-08T12:20:14.000Z,Reses Anggota Komisi V DPR RI Tinjau Lokasi Longsor Battang Palopo,reses anggota komisi v DPR RI tinjau lokasi longsor battang palopo,"During the recess, members of Commission v DPR RI visited the location of the Battang Palopo landslide"
591,2016-11-08T12:12:38.000Z,JogjaPers newsrrijogja Wakil Ketua Komisi IV DPR RI Siti Hediati atau Titiek Soeharto menyayangkan kebijakan,jogjapers newsrrijogja wakil ketua komisi IV DPR RI siti hediati atau titiek soeharto sayang kebijakan,jogjapers newsrrijogja deputy chairman of commission IV DPR RI siti hediati or titiek soeharto loves policy
592,2016-11-08T12:08:30.000Z,Wakil Ketua Komisi IV DPR RI Siti Hediati atau Titiek Soeharto menyayangkan kebijakan pemerintah yang impor cangkul dari Tiongkok,wakil ketua komisi IV DPR RI siti hediati atau titiek soeharto sayang kebijakan pemerintah yang impor cangkul dari tiongkok,Deputy Chairperson of Commission IV DPR RI Siti Hediati or Titiek Soeharto loves the government's policy of importing hoes from China
593,2016-11-08T10:23:06.000Z,Titiek Soeharto Apresiasi Ide Beternak Ayam Potong Melalui KRPL Dalam kunjungan kerja anggota DPR RI masa reses,titiek soeharto apresiasi ide ternak ayam potong lalu KRPL dalam kunjung kerja anggota DPR RI masa reses,Titiek Soeharto appreciated the idea of ​​raising broiler chickens and KRPL during a work visit by DPR RI members during the recess
594,2016-11-08T10:03:09.000Z,Pusat Pemantauan Pelaksanaan Undang Undang Badan Keahlian DPR RI,pusat pantau laksana undang undang badan ahli DPR RI,monitoring center as per the law of the DPR RI expert body
595,2016-11-08T09:23:05.000Z,Anggota DPR ikut demo aja boleh Lagi reses juga,anggota DPR ikut demonstrasi saja boleh lagi reses juga,Even members of the DPR taking part in demonstrations can take a break too
596,2016-11-08T08:30:44.000Z,Prtanyaan serius mohon para ahli hukum bisa menjelaskan Anggota DPR RI dampingi pemeriksaan BTP,prtanyaan serius mohon para ahli hukum dapat jelas anggota DPR RI damping periksa BTP,"Serious questions, please ask legal experts to clarify the members of the DPR RI while examining the BTP"
597,2016-11-08T09:19:39.000Z,Kepala Badan Keahlian DPR RI Johnson Rajagukguk memberikan materi proses pembentukan undang undang kepada Peserta Parlemen Remaja Parja,kepala badan ahli DPR RI johnson rajagukguk beri materi proses bentuk undang undang kepada serta parlemen remaja parja,"Head of the expert body of the DPR RI, Johnson Rajagukguk, gave material on the process of forming a law to the Parja youth parliament"
598,2016-11-08T06:34:45.000Z,RESES TITIK SUHARTO KUNJUNGI BANTUL Mengisi masa reses wakil ketua komisi IV DPR RI Siti Hediyati Haryadi atau,RESES TITIK SUHARTO KUNJUNG BANTUL isi masa reses wakil ketua komisi IV DPR RI siti hediyati haryadi atau,POINT SUHARTO RECESS VISITS BANTUL contents of the recess period for Deputy Chairperson of Commission IV DPR RI Siti Hediyati Haryadi or
599,2016-11-08T06:26:23.000Z,waktu fit and propertes di depan DPR Ri katanya loyal pd undang undang?,waktu fit and propertes di depan DPR ri kata loyal pada undang undang ?,"When fit and proper protested in front of the Republic of Indonesia's DPR, did you say you were loyal to the law?"
600,2016-11-07T23:01:26.000Z,betul itu pendampingan saksi shrsya diatur KUHAP jg abu jg tergantung kebijakan penyidik,banget itu damping saksi shrsya pengaturan HAP juga abu juga gantung kebijakan sidik,That's really accompanied by witnesses who have to set up HAP and also have a fingerprint policy
601,2016-11-07T17:53:48.000Z,Mereka wakil rakyat kudu wajib menyerap aspirasi rakyat emangnya ente yg nonton lwt Tv doang!!!!,mereka wakil rakyat kudu wajib serap aspirasi rakyat memang ente yang tonton lewat tv doang ! !,"They are the representatives of the people and must absorb the aspirations of the people, you are the ones who watch it on TV! !"
602,2016-11-07T17:40:11.000Z,NasDem Fahri Hamzah dan Fadli Zon Mencoreng Muka DPR! Mahkamah Kehormatan Dewan harus memanggil dua pimpinan DPR,nasdem fahri hamzah dan fadli zon coreng muka DPR ! mahkamah hormat dewan harus panggil dua kepemimpinan DPR,Nasdem Fahri Hamzah and Fadli Zon tarnish the face of the DPR! The council's honorary court must summon the two leaderships of the DPR
603,2016-11-07T16:28:23.000Z,dikata RDP di bareskrim apa nih anggota DPR? lg reses apa pegimana?,kata RDP di bareskrim apa ini anggota DPR ? lagi reses apa pegimana ?,"RDP said in criminal investigation, is this a member of the DPR? what are you doing on recess?"
604,2016-11-07T13:51:40.000Z,Malam! Kali ini Podium membahas tentang Perppu Kebiri yang disahkan DPR RI menjadi Undang Undang pada Oktober lalu,malam ! kali ini podium bahas tentang perppu kebiri yang sah DPR RI jadi undang undang pada oktober lalu,Evening ! This time the podium discussed the Perppu on castration which was passed by the DPR RI and became law last October
605,2016-11-07T13:22:18.000Z,Masa kerja DPR RI itu ada Masa Sidang di DPR Masa Reses di daerah pemilihan Sekarang itu DPR lg masa reses sampai Nov,masa kerja DPR RI itu ada masa sidang di DPR masa reses di daerah pilih sekarang itu DPR lagi masa reses sampai nov,"During the working period of the DPR RI, there is a session period in the DPR, a recess period in the electoral districts, now the DPR is in recess until November"
606,2016-11-07T12:55:43.000Z,Kesekian kalinya Dewan Perwakilan Rakyat Daerah DPRD Kabupaten Gresik menggelar rapat paripurna penyampaian,sekian kali dewan wakil rakyat daerah DPRD kabupaten gresik gelar rapat paripurna sampai,The Gresik Regency DPRD regional people's representative council has held a plenary meeting several times
607,2016-11-07T11:40:57.000Z,Bentuk tanggung jawab anggota DPR RI di masa reses Kegiatan reses utk serap aspirasi rakyat PKBmembelaRakyat,bentuk pertanggungjawaban jawab anggota DPR RI di masa reses giat reses untuk serap aspirasi rakyat pkbmembelarakyat,a form of accountability for DPR RI members during the recess period to be active in the recess to absorb the aspirations of the people pkbdefend the people
608,2016-11-07T11:25:09.000Z,Reses di Sumedang diisi koordinasi dg BPBD n Serap aspirasi para koord Majelis Ta lim Cimalaka,reses di sumedang isi koordinasi dengan BPBD n serap aspirasi para koord majelis ta lim cimalaka,The recess in Sumedang was filled with coordination with BPBD and absorbing the aspirations of the Cimalaka Ta Lim Council coordinators
609,2016-11-07T10:05:09.000Z,Reses Komisi III DPR Tak Akan Panggil Kapolri Besok Dua anggota Komisi III DPR RI Aboebakar Alhabsyi dan Sufmi,reses komisi II DPR tak akan panggil kapolri besok dua anggota komisi II DPR RI aboebakar alhabsyi dan sufmi,DPR Commission II recess will not summon the National Police Chief tomorrow two members of Commission II DPR RI Aboebakar Alhabsyi and Sufmi
610,2016-11-07T10:05:08.000Z,Pesan DPR Jaga Perdamaian Di Papua Anggota DPR RI Muhammad Yudi melakukan kunjungan reses ke daerah pemilihannya,pesan DPR jaga damai di papua anggota DPR RI muhammad yudi pelaksanaan kunjung reses ke daerah pilih,"DPR's message to maintain peace in Papua, member of the Republic of Indonesia's DPR, Muhammad Yudi, is carrying out recess visits to selected areas"
611,2016-11-07T09:26:21.000Z,Reses Masa Persidangan Satu DPR RI Fatmawati Rusdi Kunjungi Konstituen politik politik,reses masa sidang satu DPR RI fatmawati rusdi kunjung konstituen politik politik,"recess during the first session of the DPR RI, Fatmawati Rusdi visits political constituents"
612,2016-11-07T09:04:48.000Z,Masa reses mendekatkan wakil rakyat dg rakyatnya Kegiatan Reses pak Abdul Latif Dapil Kal Selatan PKBmembelaRakyat,masa reses dekat wakil rakyat dengan rakyat giat reses pak abdul latif dapil kal selatan pkbmembelarakyat,"the recess period is close to the people's representatives with the people who are active in the recess, Pak Abdul Latif, South Kalimantan electoral district, PKBdefending the people"
613,2016-11-07T07:29:16.000Z,Kunjungan Badan Keahlian DPR RI ke Banyuwangi dlm rangka konsep RUU ekonomi kreatif,kunjung badan ahli DPR RI ke banyuwangi dalam rangka konsep RUU ekonomi kreatif,DPR RI expert body visited Banyuwangi in the framework of the concept of the creative economy bill
614,2016-11-07T07:10:33.000Z,Reses Anggota Komisi III DPR RI Ke Parigi Baru,reses anggota komisi II DPR RI ke parigi baru,Members of Commission II DPR RI recess to Baru Parigi
615,2016-11-06T11:43:27.000Z,Kerusuhan terjadi karena anggota DPR seperti anda tidak dapat menyampaikan aspirasi rakyat,rusuh jadi karena anggota DPR seperti anda tidak dapat sampai aspirasi rakyat,The chaos is happening because DPR members like you are unable to meet the aspirations of the people
616,2016-11-06T11:40:02.000Z,Fadli Zon Sebut Kerusuhan Dipicu Sikap Jokowi yang Tidak Temui Pedemo,fadli zon sebut rusuh picu sikap jokowi yang tidak temu demonstrasi,Fadli Zon said the riots triggered Jokowi's attitude of not meeting demonstrations
617,2016-11-06T08:24:51.000Z,makanya milih wakil rakyat yg bener kpn dua orang ini bikin kebijakan yg nguntungin rakyat ikut demo krena ada kepentingan,makanya pilih wakil rakyat yang banget kapan dua orang ini bikin kebijakan yang nguntungin rakyat ikut demonstrasi karena ada penting,That's why they really elect people's representatives. When do these two people make policies that will benefit the people from taking part in demonstrations because it's important?
618,2016-11-06T07:56:53.000Z,Petikan pidato Ahmad M Ali anggota Komisi III DPR RI dihadapan warga Menui Kepulauan dalam reses masa sidang ke I,peti pidato ahmad sama ali anggota komisi II DPR RI hadap warga menu pulau dalam reses masa sidang ke i,"Speech by Ahmad and Ali, members of Commission II of the Indonesian House of Representatives, to the residents of Menu Island during the recess during the I session"
619,2016-11-06T07:07:14.000Z,Nonton Pidato reses Ahmad M Ali anggota Komisi III DPR RI,tonton pidato reses ahmad sama ali anggota komisi II DPR RI,"Watch Ahmad and Ali's recess speech, member of Commission II DPR RI"
620,2016-11-06T05:56:37.000Z,Banyak tanya mengapa jarang jadwal reses anggota DPR RI di Kabupaten Morowali? Ini jawabannya! Simak petikan Pidato Ahmad M Ali DPR RI,banyak tanya mengapa jarang jadwal reses anggota DPR RI di kabupaten morowali ? ini jawab ! simak peti pidato ahmad sama ali DPR RI,Many people ask why there are rarely recess schedules for DPR RI members in Morowali Regency? this is the answer! Listen to Ahmad and Ali's speech from the Indonesian House of Representatives
621,2016-11-05T15:22:38.000Z,wakil rakyat yg gagal menyampaikan aspirasi rakyat heuheu,wakil rakyat yang gagal sampai aspirasi rakyat heuheu,"People's representatives who failed to achieve the aspirations of the people, heuheu"
622,2016-11-04T15:34:21.000Z,Ini seperti lagunya Ebiet G Ade dalam kekalutan masih saja ada tangan yg tega berbuat nista hohohooo,ini seperti lagu ebiet tidak adek dalam kalut masih saja ada tangan yang tega buat nista hohohoo,"This is like Ebiet's song, no brother, in chaos, there are still hands that have the heart to make insults, hohohoo"
623,2016-11-05T14:57:44.000Z,Anggota Pansus RUU Pemilu Fraksi PPP DPR RI Achmad Baidowi menjadi pemateri Seminar di STIE YAPIS Merauke Papua,anggota pansus RUU pemilu partai PP DPR RI achmad baidowi jadi materi seminar di STIE YAPIS merauke papua,"member of the special committee on the PP DPR RI party election bill, Achmad Baidowi, was the subject of a seminar at STIE YAPIS, Merauke, Papua"
624,2016-11-05T11:11:15.000Z,Patut disayangkan ada anggota yg turut demo pd hal lembaganya harusnya bisa menyuarakan aspirasi rakyat Bukti dah mati,patut sayang ada anggota yang turut demonstrasi pada hal lembaga harus dapat suara aspirasi rakyat bukti deh mati,"It would be a shame if there were members who took part in the demonstration that the institution must be able to voice the aspirations of the people, which is proof that it is dead"
625,2016-11-05T10:28:58.000Z,Anggota DPR RI Komisi VIII Dapil Gresik Lamongan Eni Maulani Saragih turun gunung melakukan kegiatan reses,anggota DPR RI komisi VII dapil gresik lamongan eni maulani saragih turun gunung pelaksanaan giat reses,DPR RI member Commission VII Gresik Lamongan electoral district Eni Maulani Saragih goes down the mountain to carry out active recess
626,2016-11-05T07:26:13.000Z,Wakil rakyat yg menyuarakan aspirasi rakyat malah di fitnah macam klu bukan tolol apa ?,wakil rakyat yang suara aspirasi rakyat malah di fitnah macam jika bukan tolol apa ?,"People's representatives who are the voice of the people's aspirations are being slandered, if not what kind of idiot?"
627,2016-11-05T03:19:36.000Z,justru wkl ketua DPR tsb yg sesungguhnya wakil rakyat ikut mengawal aspirasi rakyat,justru wkl ketua DPR sebut yang sungguh wakil rakyat ikut awal aspirasi rakyat,"In fact, the current chairman of the DPR said he was truly a representative of the people who participated in the initial aspirations of the people"
628,2016-11-05T02:58:43.000Z,Yg hrs temui Rakyat itu Wakil Rakyat spy bisa serap Aspirasi Rakyat sbg bahan RDP dgn Pemerintah Demo krn Aspirasi macet,yang harus temu rakyat itu wakil rakyat supaya dapat serap aspirasi rakyat bagai bahan RDP dengan pemerintah demonstrasi karena aspirasi macet,The people who have to meet are the people's representatives so that they can absorb the people's aspirations as material for the RDP with the demonstration government because the aspirations are stalled
629,2016-11-05T02:39:17.000Z,Wakil rakyat narkoba Hanya jabatan saja yg copot Kebijakan dari partai memang hebat,wakil rakyat narkoba hanya jabatan saja yang copot kebijakan dari partai memang hebat,The people's representative for drugs is just a position that removes the policies of the party which is great
630,2016-11-05T02:21:14.000Z,lah ente ngaku wakil rakyat kerjaan napaen aja selain negatif thinking ama kebijakan pemerintah?,lah ente aku wakil rakyat kerja napaen saja selain negatif thinking sama kebijakan pemerintah ?,"Well, I'm a people's representative, why do I have to do anything other than think negatively about government policies?"
631,2016-11-04T23:48:23.000Z,Jokowi GT Jalembar Gedung DPR Simak Radio Elshinta Istiqlal jakarta,jokowi BEGITU jalembar gedung DPR simak radio elshinta istiqlal jakarta,"Jokowi SO in the DPR building, listen to radio Elshinta Istiqlal Jakarta"
632,2016-11-04T18:45:57.000Z,Anggota DPR RI digaji utk memperjuangkan aspirasi rakyat didalam PARLEMEN bukan di jalanan kecuali memang LOK! ContohDonkMohHusniThamrin,anggota DPR RI gaji untuk juang aspirasi rakyat dalam PARLEMEN bukan di jalan kecuali memang LOK ! contohdonkmohhusnithamrin,"DPR RI members are paid salaries to fight for people's aspirations in PARLIAMENT, not on the street unless it is LOK! example donkmohhusnithamrin"
633,2016-11-04T18:30:13.000Z,Anggota DPR RI itu memperjuangkan aspirasi rakyat ya di Parlemen bukan turun ke jalan LK!! ContohDonkMoh HusniThamrin,anggota DPR RI itu juang aspirasi rakyat ya di parlemen bukan turun ke jalan LK ! ! contohdonkmoh husnithamrin,"DPR RI members are fighting for the aspirations of the people in parliament, not taking to the streets of LK! ! example donkmoh husnithamrin"
634,2016-11-04T18:01:03.000Z,Jadi opsi yang dipilih presiden merupakan yang terbaik IMO Sebab aspirasi rakyat cukup disampaikan melalui wakil rakyat,jadi opsi yang pilih presiden rupa yang baik IMO karena aspirasi rakyat cukup sampai lalu wakil rakyat,"So the option is to choose a good president, IMO, because the aspirations of the people are sufficient to reach the people's representatives"
635,2016-11-04T16:23:07.000Z,kalau merasa wakil rakyat harusnya dpr ri lebih dulu mengeluarkan kebijakan jgn nunggu demo,jika rasa wakil rakyat harus dpr ri lebih dulu keluar kebijakan jangan tunggu demonstrasi,"If you feel that the people's representatives should come out with a policy first, don't wait for the demonstration"
636,2016-11-04T16:15:08.000Z,Kenapa hilang arah dan tujuan? Karena di gedung DPR kebanyakan anggota sdg reses dan mungkin ada sedikit anggota yg ada disana malam ini,kenapa hilang arah dan tuju ? karena di gedung DPR banyak anggota sedang reses dan mungkin ada sedikit anggota yang ada sana malam ini,why have you lost your direction and direction? because in the DPR building many members are on recess and there may be a few members there tonight
637,2016-11-04T16:05:16.000Z,Tapi kinerja DPR RI yg bapak pimpin kurang pengawasan alias ga sesuai target Banyak RUU yg blm final,tetapi kerja DPR RI yang bapak kepemimpinan kurang awas alias tidak sesuai target banyak RUU yang belum final,"However, the work of the Indonesian House of Representatives, under the leadership, is not careful, aka it is not according to the target, many bills are not yet final"
638,2016-11-04T11:58:45.000Z,Salah satu fungsi adalah pengawasan Saya ikut mengawasi proses penegakan hukum tanpa pandang bulu Jumat,salah satu fungsi adalah awas saya ikut awas proses tega hukum tanpa pandang bulu jumat,one of the functions is to monitor the law enforcement process without any discrimination on Friday
639,2016-11-04T15:52:43.000Z,Wakil dewan perwakilan rakyat ikut demo?? Lhaa yang nampung aspirasi rakyat kan DPR ya klo ga salah?? __,wakil dewan wakil rakyat ikut demonstrasi ? ? lhaa yang nampung aspirasi rakyat kan DPR ya jika tidak salah ? ? __,"representatives of the people's representative council taking part in the demonstration? ? If I'm not mistaken, it's the DPR that accommodates the aspirations of the people, right? ? __"
640,2016-11-04T15:13:17.000Z,itu nawarin nginep d DPR tp kan lg reses knp ga dtawarin nginep d rumah anggota DPR aja di Hambalang jg bisa nginep sama kuda,itu tawar nginep di DPR tetapi kan lagi reses kenapa tidak dtawarin nginep di rumah anggota DPR saja di hambalang juga dapat nginep sama kuda,"It's an offer to stay at the DPR, but it's recess, why don't you just offer to stay at a DPR member's house in Hambalang, you can also stay with a horse."
641,2016-11-04T14:56:28.000Z,Ha ha ha RT Wakil rakyat adalah juru bicara rakyat membawa n memperjuangkan aspirasi rakyat Atasan wakil rakyat adalah rakyat,ha ha ha RT wakil rakyat adalah juru bicara rakyat bawa n juang aspirasi rakyat atas wakil rakyat adalah rakyat,"ha ha ha RT, the people's representatives are the spokespersons for the people, carrying out and fighting for the aspirations of the people, the people's representatives are the people"
642,2016-11-04T13:05:21.000Z,setuju Wakil rakyat harus menyampaikan aspirasi rakyat,tuju wakil rakyat harus sampai aspirasi rakyat,The aim of the people's representatives must be to achieve the aspirations of the people
643,2016-11-04T10:08:27.000Z,Memalukan! dua politisi ini ga pantes jd anggota DPR krn ga fhm dg tugasnya yg hrsnya menyalurkan aspirasi rakyat bkn dg cr demo,malu ! dua politis ini tidak pantas jadi anggota DPR karena tidak fhm dengan tugas yang harus salur aspirasi rakyat bukan dengan cara demonstrasi,"Embarrassed ! These two politicians do not deserve to be members of the DPR because they do not have the task of conveying the aspirations of the people, not through demonstrations"
644,2016-11-04T09:12:53.000Z,Aspirasi rakyat telah disuarakan maka saatnya wakil rakyat melakukan apa yg seharusnya dilakukan untuk menyerap aspirasi rakyat,aspirasi rakyat telah suara maka saat wakil rakyat pelaksanaan apa yang harus pelaksanaan untuk serap aspirasi rakyat,"The people's aspirations have been voiced, so when the people's representatives implement what must be implemented to absorb the people's aspirations"
645,2016-11-04T08:29:27.000Z,yang lain demo kita mikir undang undang at,yang lain demonstrasi kita mikir undang undang at,the other demonstrations we think about by law
646,2016-11-04T06:39:20.000Z,Wakil Rakyat wajib dengar aspirasi Rakyat menjamu Rakyat di Gedung DPR sbg bahan RDP dgn Pemerintah,wakil rakyat wajib dengar aspirasi rakyat jamu rakyat di gedung DPR bagai bahan RDP dengan pemerintah,People's representatives are obliged to listen to the aspirations of the people and host the people in the DPR building as material for an RDP with the government
647,2016-11-04T05:00:48.000Z,oalah pak fungsi pengawasan terhadap apa?? UU APBN apa Kebijakan Negara??,oalah pak fungsi awas hadap apa ? ? UU APBN apa kebijakan negara ? ?,"Oh, sir, what is the function of looking ahead? ? What is the state policy regarding the APBN Law? ?"
648,2016-11-04T04:24:05.000Z,berarti wakil rakyat sudah GAGAL!! Menyerap aspirasi rakyat,arti wakil rakyat sudah GAGAL ! ! serap aspirasi rakyat,meaning the people's representatives have FAILED! ! absorb the aspirations of the people
649,2016-11-04T03:39:49.000Z,katanya utk mewakili aspirasi rakyat apakah utk juta rakyat Indonesia ?,kata untuk wakil aspirasi rakyat apakah untuk juta rakyat indonesia ?,What is the word for representative of the people's aspirations for millions of Indonesian people?
650,2016-11-04T02:48:07.000Z,tapi harus pandai menyerap dan menyalurkan aspirasi rakyat scr konstitusional bukan koar di medsos dan dijln,tetapi harus pandai serap dan salur aspirasi rakyat cara konstitusional bukan koar di medsos dan dijln,"but you have to be clever at absorbing and channeling people's aspirations in a constitutional way, not shouting about it on social media and on the street"
651,2016-11-04T01:52:00.000Z,Wakil rakyat adalah juru bicara rakyat membawa n memperjuangkan aspirasi rakyat Atasan wakil rakyat adalah rakyat,wakil rakyat adalah juru bicara rakyat bawa n juang aspirasi rakyat atas wakil rakyat adalah rakyat,The people's representatives are the people's spokespersons who carry and fight for the people's aspirations. The people's representatives are the people
652,2016-11-03T19:07:38.000Z,Anggota DPR Dapil Babel Reses ke Basel,anggota DPR dapil babel reses ke basel,Members of the DPR for the Babel electoral district take a recess to Basel
653,2016-11-03T16:03:58.000Z,Saat reses bersama rakyat abis reses memperjuangkan aspirasi rakyat Itulah wakil rakyat sebenarnya Top uni,saat reses sama rakyat habis reses juang aspirasi rakyat itu wakil rakyat benar top uni,"When the recess is over with the people, the recess is over to fight for the people's aspirations. The people's representatives are truly top uni"
654,2016-11-03T15:23:48.000Z,Saat ini hingga tgl Nov semua wakil rakyat di sedang Reses artinya memang saatnya bersama Rakyat,saat ini hingga tanggal nov semua wakil rakyat di sedang reses arti memang saat sama rakyat,"Currently until November, all the people's representatives are on recess, which means it's the same time as the people"
655,2016-11-03T14:44:18.000Z,Komisi V DPR Penggunaan Dana Desa Harus Transparan dan Akuntabel Tim Kunjungan Kerja Reses Komisi V DPR RI,komisi v DPR penggunaan dana desa harus transparan dan akuntabel tim kunjung kerja reses komisi v DPR RI,commission v DPR the use of village funds must be transparent and accountable to the commission v DPR RI work visiting team
656,2016-11-03T12:26:32.000Z,wakil rakyat sudah tidak lagi bisa bawa aspirasi rakyat akhirnya malah ikut demokrasi jalanan meninggalkan lembaga resminya DPR,wakil rakyat sudah tidak lagi dapat bawa aspirasi rakyat akhir malah ikut demokrasi jalan tinggal lembaga resmi DPR,People's representatives are no longer able to convey the aspirations of the people and instead join democracy in a way that remains the official institution of the DPR
657,2016-11-03T11:27:24.000Z,Sabar bro biarkn hukum yg bicara Tugasmu hny wakil rakyat sbg kontrol pengaman kebijakan pemerintah,sabar bro biarkn hukum yang bicara tugas hanya wakil rakyat bagai kontrol kam kebijakan pemerintah,"Be patient bro, let the law do the talking, only the people's representatives are responsible for controlling government policy"
658,2016-11-03T09:12:12.000Z,Prihatin Wakil Ketua DPR Minta Ahok Mundur dari Pencalonan,prihatin wakil ketua DPR minta ahok mundur dari calon,concerned that the deputy chairman of the DPR asked Ahok to step down as a candidate
659,2016-11-03T10:10:37.000Z,Hentikan budaya menyalahkan korban dukung pengesahan RUU Penghapusan kekerasan seksual MulaiBicara GerakBersama,henti budaya salah korban dukungan pengesahan RUU hapus keras seksual mulaibicara gerakbersama,"stop the culture of blasphemy against victims, support the ratification of the bill to eradicate sexual violence, start talking about collective action"
660,2016-11-03T09:50:46.000Z,Wakil Ketua DPR Agus Hermanto Sikap Pemerintah Belum Jelas Dalam RUU Pemilu,wakil ketua DPR agus hermanto sikap pemerintah belum jelas dalam RUU pemilu,"Deputy Speaker of the DPR, Agus Hermanto, the government's position is not yet clear in the election bill"
661,2016-11-03T08:14:45.000Z,Forum Legislasi dengan tema Pro Kontra Draft RUU Pemilu di Media Center DPR RI DPRLive,forum legislasi dengan tema pro kontra draft RUU pemilu di media center DPR RI dprlive,legislative forum with the theme of the pros and cons of the draft election bill at the DPR RI media center dprlive
662,2016-11-02T23:52:00.000Z,Anggota Fraksi PDI P Mendadak Mendatangi Gedung DPR Saat Reses Ada Apa?,anggota partai PDI p dadak datang gedung DPR saat reses ada apa ?,PDI party members suddenly came to the DPR building during the recess. What happened?
663,2016-11-02T14:23:20.000Z,Anggota Fraksi PDI P Mendadak Mendatangi Gedung DPR Saat Reses Hmm Ada Apa?,anggota partai PDI p dadak datang gedung DPR saat reses hmm ada apa ?,"PDI party members suddenly came to the DPR building during the recess, hmm, what's going on?"
664,2016-11-02T14:17:49.000Z,Komisi V DPR RI Reses Di Sorong dan Raja Ampat lewat Ekspres,komisi v DPR RI reses di sorong dan raja ampat lewat ekspres,Commission v DPR RI recessed in Sorong and Raja Ampat via express
665,2016-11-02T12:32:54.000Z,Test urin oleh BNNK Sleman bagi anggota DPRD petang tadi mengejutkan sejumlah wakil rakyat karena dilakukan mendadak pasca rapat paripurna,test urin oleh BNNK sleman bagi anggota DPRD petang tadi kejut jumlah wakil rakyat karena pelaksanaan dadak pasca rapat paripurna,urine test by the Sleman National Narcotics Agency for DPRD members this evening shocked the number of people's representatives because of the sudden implementation after the plenary meeting
666,2016-11-02T12:13:54.000Z,Isu hukuman mati dan pelarangan komunisme marxisme dan leninisme dalam RUU KUHP,isu hukum mati dan larang komunisme marxisme dan leninisme dalam RUU KUHP,"the issue of the death penalty and prohibiting communism, Marxism and Leninism in the Criminal Code Bill"
667,2016-11-02T12:13:48.000Z,Isu hukuman mati dan pelarangan komunisme marxisme dan leninisme dalam RUU KUHP dirangkum oleh,isu hukum mati dan larang komunisme marxisme dan leninisme dalam RUU KUHP rangkum oleh,"the issue of the death penalty and the prohibition of communism, Marxism and Leninism in the Draft Criminal Code, summarized by"
668,2016-11-02T11:55:53.000Z,mantappp Bpk H Refrizal ini secara sungguh melaksanakan kewajibannya sbg wakil rakyat menyatakan aspirasi rakyat salut,mantap bpk h refrizal ini cara sungguh laksana wajib bagai wakil rakyat nyata aspirasi rakyat salut,"Well done, Mr. H Refrizal, this is a truly obligatory way to act as a people's representative. Really salute the aspirations of the people"
669,2016-11-02T04:21:53.000Z,Kunker Reses Komisi IX DPR RI ke Prop NAD Kunjungan ke PT PJB UBJOM PLTMG ARUN Kantor Kesehatan Pelabuhan Kelas II di Lhokseumawe,kunker reses komisi IX DPR RI ke prop NAD kunjung ke PT PJB UBJOM PLTMG ARUN kantor sehat labuh kelas II di lhokseumawe,DPR RI Commission IX recess visit to NAD prop visits PT PJB UBJOM PLTMG ARUN class II healthy anchorage office in Lhokseumawe
670,2016-11-01T17:27:34.000Z,Reses DPR RI Harus Lapor ke Fraksi Golkar Daerah Siaran Pers,reses DPR RI harus lapor ke partai golkar daerah siar pers,The DPR RI recess must be reported to the regional Golkar party in a press release
671,2016-11-01T16:11:22.000Z,Komisi III DPR RI Reses ke Polda Sumut,komisi II DPR RI reses ke polda sumut,Commission II of the DPR RI takes a recess to the North Sumatra Regional Police
672,2016-11-01T13:48:25.000Z,Reses DPR RI Partai Demokrat d RKG Grobogan Jateng,reses DPR RI partai demokrat di RKG grobogan jateng,"DPR RI democratic party recess at RKG Grobogan, Central Java"
673,2016-11-01T10:02:08.000Z,Menarik Reses Anggota DPR RI didepan mata ku,tarik reses anggota DPR RI depan mata ku,withdraw the recess for members of the DPR RI before my eyes
674,2016-11-01T08:35:16.000Z,Mari kita dukung RUU Penghapusan Kekerasan Seksual! GerakBersama MulaiBicara DPDRI,mari kita dukungan RUU hapus keras seksual ! gerakbersama mulaibicara DPDRI,Let's support the bill to abolish sexual violence! joint movement started talking to DPDRI
675,2016-11-01T06:26:11.000Z,wakil rakyat menampung aspirasi rakyat hello kog jd ikut demo ????,wakil rakyat tampung aspirasi rakyat hello kok jadi ikut demonstrasi ? ?,"People's representatives accommodate people's aspirations. Hello, why are you taking part in the demonstration? ?"
676,2016-11-01T05:15:29.000Z,DPR Sahkan Keanggotaan Pansus RUU Penyelenggaraan Pemilu,DPR sahkan anggota pansus RUU penyelenggaraan pemilu,DPR approves special committee members for election management bill
677,2016-10-31T22:52:55.000Z,RUU Migas Dibahas Januari,RUU migas bahas januari,Oil and gas bill discussed in January
678,2016-10-31T19:54:10.000Z,DPR targetkan UU Perbukuan Nasional rampung Komisi X DPR RI menargetkan rancangan Undang Undang Sistem,DPR target UU buku nasional rampung komisi kali DPR RI target rancangan undang undang sistem,The DPR's target for the national book law to be completed by the commission is that the Republic of Indonesia's DPR targets the draft law on the system
679,2016-10-31T19:21:42.000Z,DPR targetkan UU Perbukuan Nnasional rampung Komisi X DPR RI menargetkan rancangan Undang Undang Sistem,DPR target UU buku nnasional rampung komisi kali DPR RI target rancangan undang undang sistem,The DPR's target for the national book law to be completed by the commission is that the Republic of Indonesia's DPR targets the draft law on the system
680,2016-10-31T19:14:11.000Z,Komisi X DPR RI menargetkan rancangan Undang Undang Sistem Perbukuan Nasional dan Undang Undang Kebudayaan ak,komisi kali DPR RI target rancangan undang undang sistem buku nasional dan undang undang budaya aku,The DPR RI commission targets the draft law on the national book system and the law on culture
681,2016-10-31T18:58:51.000Z,DPR targetkan UU Perbukuan Nnasional rampung Komisi X DPR RI menargetkan rancangan Undang Undang Sis RT,DPR target UU buku nnasional rampung komisi kali DPR RI target rancangan undang undang sis RT,The DPR's target for the national book law to be completed by the commission is that the Republic of Indonesia's DPR targets the draft law for RT
682,2016-10-31T18:20:21.000Z,Namanya jga wakil rakyat Selalu mewakili aspirasi rakyat Kalau cuma diam dtng ke Gedung Istimewah sana di kali,nama juga wakil rakyat selalu wakil aspirasi rakyat jika cuma diam dtng ke gedung istimewah sana di kali,the name of the people's representative is always the representative of the people's aspirations if he just keeps coming to that special building over there at times
683,2016-10-31T18:16:25.000Z,Siap aku ini tukang dialog sampai telat tidur,siap aku ini tukang dialog sampai telat tidur,I'm ready to be a dialogue worker until I sleep late
684,2016-10-31T17:32:55.000Z,selamat malam bapak waka DPR RI semoga senantiasa sehat walafiat dalam mengawal setiap aspirasi rakyat,selamat malam bapak waka DPR RI moga senantiasa sehat walafiat dalam awal tiap aspirasi rakyat,"Good evening, Deputy Chief of the Republic of Indonesia's House of Representatives. May you always be in good health at the start of every aspiration of the people"
685,2016-10-31T17:27:20.000Z,Salah satu contoh wakil rakyat yg mendengarkan aspirasi rakyat tanpa tedeng aling JagaNKRI,salah satu contoh wakil rakyat yang dengar aspirasi rakyat tanpa tedeng aling jagankri,"one example of a people's representative who listens to the aspirations of the people without being blunt, aling jagankri"
686,2016-10-31T14:30:55.000Z,Tujuh fraksi di Dewan Perwakilan Rakyat Daerah DPRD Gresik telah menyetujui pengesahan rancangan peraturan,tujuh partai di dewan wakil rakyat daerah DPRD gresik telah tuju pengesahan rancangan pengaturan,Seven parties in the Gresik Regional People's Representative Council have aimed to ratify the regulatory draft
687,2016-10-31T11:41:58.000Z,lage reses ?,lage reses ?,is there a recess?
688,2016-10-31T09:30:10.000Z,Sosialiasi RUU Ponpes Madin dari FPKB DPR RI Bersama Drs H Taufiq R Abdullah dg Pengasuh Ponpes Madin Se Kab Banjarnegara,sosialiasi RUU ponpes madin dari FPKB DPR RI sama drs h taufiq r abdullah dengan asuh ponpes madin se kab banjarnegara,"Socialization of the Madin Islamic Boarding School Bill from the DPR RI FPKB with Drs H Taufiq R Abdullah with Madin Islamic Boarding School Foster Care, Banjarnegara Regency"
689,2016-10-31T03:11:09.000Z,Ini Empat Catatan FPKS DPR RI Terhadap Pengesahan APBN,ini empat catat FPKS DPR RI hadap pengesahan APBN,These are four notes from the DPR RI's FPKS ahead of ratifying the APBN
690,2016-10-31T02:44:33.000Z,Untuk menangani sampah diperlukan perspektif kebangsaan yang holistik ta hanya oleh pemangku kebijakan tap,untuk tangan sampah perlu perspektif bangsa yang holistik ta hanya oleh mang kebijakan tap,"for waste management, a holistic national perspective is needed, but only by implementing a tap policy"
691,2016-10-31T02:21:08.000Z,Ini Sikap FPKS DPR RI Terhadap Pengesahan Revisi UU ITE di Rapat Paripurna,ini sikap FPKS DPR RI hadap pengesahan revisi UU ITE di rapat paripurna,This is the attitude of the DPR RI FPKS towards ratifying the revision of the ITE Law at the plenary session
692,2016-10-31T01:23:58.000Z,Mari kita dukung RUU Penghapusan Kekerasan Seksual! GerakBersama MulaiBicara,mari kita dukungan RUU hapus keras seksual ! gerakbersama mulaibicara,Let's support the bill to abolish sexual violence! move together and start talking
693,2016-10-30T23:41:06.000Z,Kegenitan Politik Wakil Rakyat Anggota DPR turun ke jalan adalah kegagalan menyampaikan ASPIRASI RAKYAT Media,genit politik wakil rakyat anggota DPR turun ke jalan adalah gagal sampai ASPIRASI RAKYAT media,"The flirtatious politics of people's representatives, DPR members taking to the streets has failed to reach the PEOPLE'S ASPIRATIONS by the media"
694,2016-10-30T12:10:00.000Z,Kini draft tersebut harus dibahas terlebih dahulu dengan para legislator sebagai perumus kebijakan terutama di Komisi II DPR RI,kini draft sebut harus bahas lebih dahulu dengan para legislator bagai rumus kebijakan utama di komisi II DPR RI,Now the draft must be discussed first with legislators as the main policy formula in Commission II of the DPR RI
695,2016-10-30T03:40:40.000Z,Kabinet kerja celoteh! Mendesak kebijakan dan reidentifikasi industri logam besi baja!,kabinet kerja celoteh ! desakan kebijakan dan reidentifikasi industri logam besi baja !,babbling work cabinet! Policy pressure and re-identification of the iron and steel industry!
696,2016-10-30T03:06:46.000Z,Bang mengadakan temu warga dalam masa reses I DPR RI juga deklarasi relawan Pasti Anies Sandi PAS,bang ada temu warga dalam masa reses i DPR RI juga deklarasi rawan pasti anies sandi PAS,"Bro, there was a community meeting during the recess period in the Indonesian House of Representatives as well as a declaration that Anies Sandi PAS was definitely vulnerable"
697,2016-10-29T17:12:00.000Z,Inilah Nama nama Anggota Pansus RUU Pemilu Rapat paripurna DPR RI mengumumkan infoTribun,ini nama nama anggota pansus RUU pemilu rapat paripurna DPR RI umum infotribun,"These are the names of the members of the special committee for the election bill at the DPR RI plenary meeting, general infotribun"
698,2016-10-29T17:00:58.000Z,Inilah Nama nama Anggota Pansus RUU Pemilu Rapat paripurna DPR RI mengumumkan nama nama panitia khusus Pansu,ini nama nama anggota pansus RUU pemilu rapat paripurna DPR RI umum nama nama panitia khusus pansu,"These are the names of the members of the special committee on the election bill in the DPR RI plenary meeting, the names of the special committee of the special committee"
699,2016-10-29T17:00:41.000Z,Inilah Nama nama Anggota Pansus RUU Pemilu Rapat paripurna DPR RI mengumumkan nama nama panitia khusus Pans,ini nama nama anggota pansus RUU pemilu rapat paripurna DPR RI umum nama nama panitia khusus fan,"These are the names of the members of the special committee on the election bill at the DPR RI plenary meeting, the names of the special fan committee"
700,2016-10-29T16:42:05.000Z,Surya News Inilah Nama nama Anggota Pansus RUU Pemilu Rapat paripurna DPR RI mengumumkan nama nama panitia,surya news ini nama nama anggota pansus RUU pemilu rapat paripurna DPR RI umum nama nama panitia,"Surya News: These are the names of the members of the special committee on the election bill in the plenary session of the Indonesian House of Representatives, the general names of the committee"
701,2016-10-29T16:41:03.000Z,News Inilah Nama nama Anggota Pansus RUU Pemilu Rapat paripurna DPR RI mengumumkan nama nama panitia k TU,news ini nama nama anggota pansus RUU pemilu rapat paripurna DPR RI umum nama nama panitia ke ITU,"This news is the names of the members of the special committee on the election bill at the DPR RI plenary meeting, general names of the committee to ITU"
702,2016-10-29T16:25:09.000Z,Tribun Inilah Nama nama Anggota Pansus RUU Pemilu Rapat paripurna DPR RI mengumumkan nama nama panitia NewsToday,tribun ini nama nama anggota pansus RUU pemilu rapat paripurna DPR RI umum nama nama panitia newstoday,"This tribune is the name of the members of the special committee on the election bill, the DPR RI plenary meeting, the general name of the committee, newstoday"
703,2016-10-29T11:40:04.000Z,Anggota DPR Indra Tersangka Penipuan Rp M MKD Bersikap Usai Reses Detikcom,anggota DPR indra sangka tipu rp sama MKD sikap usai reses detikcom,DPR member Indra suspects rp and MKD's deception after the recess detikcom
704,2016-10-29T10:30:53.000Z,Karena nya kurang ngerti aspirasi rakyat jadi milih jalan sendiri Mau dikirim cermin besar ya buat ngaca ? IntropeksiDiri,karena nya kurang erti aspirasi rakyat jadi pilih jalan sendiri mau kirim cermin besar ya buat kaca ? intropeksidiri,"because he doesn't understand people's aspirations, so he chooses to go his own way, do you want to send a big mirror to make glass? self-introspection"
705,2016-10-29T10:28:06.000Z,Anggota DPR Wajar Ada Demo Akbar November Asal Tertib via,anggota DPR wajar ada demonstrasi akbar november asal tertib via,It is normal for DPR members to hold a large demonstration in November as long as it is orderly via
706,2016-10-29T09:48:10.000Z,Anggota DPR Indra Tersangka Penipuan Rp M MKD Bersikap Usai Reses,anggota DPR indra sangka tipu rp sama MKD sikap usai reses,DPR member Indra suspects that MKD is cheating on his attitude after the recess
707,2016-10-29T09:46:03.000Z,Anggota DPR Indra Tersangka Penipuan Rp M MKD Bersikap Usai Reses Ads,anggota DPR indra sangka tipu rp sama MKD sikap usai reses ads,DPR member Indra suspects rp and MKD's deception after recess ads
708,2016-10-29T09:41:04.000Z,Sudding menuturkan bahwa MKD baru mendengar kabar Indra menjadi tersangka lewat pemberitaan Selama ini belu,sudding tutur bahwa MKD baru dengar kabar indra jadi sangka lewat berita lama ini belu,Sudding said that MKD had just heard the news from Indra so he didn't think it was old news
709,2016-10-29T09:40:00.000Z,Pemerintah bersama DPR RI tengah merevisi Undang Undang Minyak dan Gas Migas via,pemerintah sama DPR RI tengah revisi undang undang minyak dan gas migas via,The government and the DPR RI are currently revising the oil and gas law via
710,2016-10-29T09:32:02.000Z,Anggota DPR Indra Tersangka Penipuan Rp M MKD Bersikap Usai Reses Sudding menuturkan bahwa MKD baru mend,anggota DPR indra sangka tipu rp sama MKD sikap usai reses sudding tutur bahwa MKD baru mend,"Member of the DPR, Indra, suspects that the MKD is cheating after the recess, saying that the MKD has just won"
711,2016-10-29T09:31:49.000Z,Anggota DPR Indra Tersangka Penipuan Rp M MKD Bersikap Usai Reses Sudding menuturkan bahwa MKD baru mendengar kabar Indra menjad,anggota DPR indra sangka tipu rp sama MKD sikap usai reses sudding tutur bahwa MKD baru dengar kabar indra menjad,"Member of the DPR, Indra, suspects that he is cheating with MKD after the recess, saying that MKD has just heard the news that Indra has become"
712,2016-10-29T09:21:13.000Z,Detik Anggota DPR Indra Tersangka Penipuan Rp M MKD Bersikap Usai Reses Sudding menuturkan bahwa NewsToday,detik anggota DPR indra sangka tipu rp sama MKD sikap usai reses sudding tutur bahwa newstoday,"Second, DPR member Indra suspects that Rp and MKD are cheating after the recess, Sudding said that newstoday"
713,2016-10-29T09:13:24.000Z,Anggota DPR Indra Tersangka Penipuan Rp M MKD Bersikap Usai Reses Indonesia,anggota DPR indra sangka tipu rp sama MKD sikap usai reses indonesia,DPR member Indra suspects rp and MKD's deception after the Indonesian recess
714,2016-10-29T09:08:29.000Z,detikcom Anggota DPR Indra Tersangka Penipuan Rp M MKD Bersikap Usai Reses,detikcom anggota DPR indra sangka tipu rp sama MKD sikap usai reses,detikcom DPR member Indra suspects that MKD is cheating on his attitude after the recess
715,2016-10-29T09:06:05.000Z,NewsUpdate Anggota DPR Indra Tersangka Penipuan Rp M MKD Bersikap Usai Reses Sudding menuturkan bahwa M,newsupdate anggota DPR indra sangka tipu rp sama MKD sikap usai reses sudding tutur bahwa sama,"newsupdate DPR member Indra suspects rp and MKD's deception after the recess, Sudding said it was the same"
716,2016-10-29T09:04:27.000Z,Agribisnis Anggota DPR Indra Tersangka Penipuan Rp M MKD Bersikap Usai Reses Sudding menuturkan bahwa,agribisnis anggota DPR indra sangka tipu rp sama MKD sikap usai reses sudding tutur bahwa,"Agribusiness member of the DPR, Indra, suspects that Rp and MKD are cheating after the recess, Sudding said that"
717,2016-10-29T09:04:08.000Z,Cek Anggota DPR Indra Tersangka Penipuan Rp M MKD Bersikap Usai Reses,cek anggota DPR indra sangka tipu rp sama MKD sikap usai reses,Check DPR members' sense of suspicion of RP and MKD deception after the recess
718,2016-10-29T09:00:10.000Z,Anggota DPR Indra Tersangka Penipuan Rp M MKD Bersikap Usai Reses fath,anggota DPR indra sangka tipu rp sama MKD sikap usai reses fath,DPR member Indra suspects rp and MKD's attitude after the fath recess
719,2016-10-29T08:57:11.000Z,IG anggarax_ Anggota DPR Indra Tersangka Penipuan Rp M MKD Bersikap Usai Reses Suddi FB Tri Yohan,IG anggarax_ anggota DPR indra sangka tipu rp sama MKD sikap usai reses suddi FB tri yohan,IG anggarax_ member of the DPR Indra suspects that the rp and MKD are cheating after the recess suddi FB tri yohan
720,2016-10-29T08:56:38.000Z,news Anggota DPR Indra Tersangka Penipuan Rp M MKD Bersikap Usai Reses Sudding menuturkan bahwa MKD bar,news anggota DPR indra sangka tipu rp sama MKD sikap usai reses sudding tutur bahwa MKD bar,news DPR member Indra suspects rp fraud with MKD attitude after recess sudding said that MKD bar
721,2016-10-29T08:56:38.000Z,teamfolloback Anggota DPR Indra Tersangka Penipuan Rp M MKD Bersikap Usai Reses Sudding menuturkan bahw,teamfolloback anggota DPR indra sangka tipu rp sama MKD sikap usai reses sudding tutur bahw,teamfollowback DPR member Indra suspects rp and MKD's deception after recess sudding said that
722,2016-10-29T08:56:27.000Z,RT Anggota DPR Indra Tersangka Penipuan Rp M MKD Bersikap Usai Reses SEBHEUPDATE,RT anggota DPR indra sangka tipu rp sama MKD sikap usai reses SEBHEUPDATE,RT DPR member Indra suspects rp and MKD's deception after the SEBHEUPDATE recess
723,2016-10-29T08:55:43.000Z,News Anggota DPR Indra Tersangka Penipuan Rp M MKD Bersikap Usai Reses Sudding menuturkan bahwa MK TU,news anggota DPR indra sangka tipu rp sama MKD sikap usai reses sudding tutur bahwa MAKA ITU,news DPR member Indra suspects rp fraud with MKD's attitude after the recess sudding said that THEN THAT
724,2016-10-29T08:55:08.000Z,Infoterkini Anggota DPR Indra Tersangka Penipuan Rp M MKD Bersikap Usai Reses Sudding menuturkan bahwa,infoterkini anggota DPR indra sangka tipu rp sama MKD sikap usai reses sudding tutur bahwa,"Latest info: DPR member Indra suspects RP and MKD's deception after the recess, Sudding said that"
725,2016-10-29T06:54:42.000Z,Pansus RUU penyelenggaraan pemilu Anggota dr fraksi DPR RI,pansus RUU penyelenggaraan pemilu anggota dari partai DPR RI,special committee on the bill for organizing elections for members of the DPR RI parties
726,2016-10-29T06:51:42.000Z,Kelola Blok Migas Indonesia Perlu Tiru Norwegia Pemerintah bersama dengan DPR RI tengah merevisi Undang Undang Minyak da,kelola blok migas indonesia perlu tiru norwegia pemerintah sama dengan DPR RI tengah revisi undang undang minyak sudah,"Managing Indonesian oil and gas blocks needs to emulate the Norwegian government, along with the Republic of Indonesia's DPR, which is currently revising the oil law"
727,2016-10-29T06:46:25.000Z,RUU ITE Resmi Menjadi Undang undang YOUNGSTERS id DPR RI mengesahkan Rancangan Undang undang RUU tentang,RUU ITE resmi jadi undang undang YOUNGSTERS id DPR RI pengesahan rancangan undang undang RUU tentang,The ITE Bill officially becomes law. YOUNGSTERS id DPR RI ratifies the draft law on the Bill
728,2016-10-29T05:05:04.000Z,Prolegnas Bahas RUU Yang Disetujui DPR RI,prolegnas bahas RUU yang tuju DPR RI,Prolegnas discusses the bill headed to the DPR RI
729,2016-10-29T03:30:13.000Z,Ini kata anggota DPR soal RUU Migas,ini kata anggota DPR soal RUU migas,This is what members of the DPR said about the oil and gas bill
730,2016-10-29T00:03:11.000Z,Mestinya mengawal kinerja mengawasi kebijakan pemerintah klo tdk berpihak kpd rakyat? Knp skrg jd tumpul era jkw ini?,mesti awal kerja awas kebijakan pemerintah jika tidak pihak kepada rakyat ? kenapa sekarang jadi tumpul era jkw ini ?,Do you have to start working to be wary of government policy if it doesn't support the people? Why is this JKW era so dull now?
731,2016-10-28T20:16:36.000Z,Fadli Zon Jakarta Wakil Ketua DPR RI Fadli Zon mendatangi KPK Jakarta Senin Fadli Z,fadli zon jakarta wakil ketua DPR RI fadli zon datang KPK jakarta senin fadli saja,fadli zon jakarta deputy chairman of the Indonesian House of Representatives fadli zon came to the Corruption Eradication Commission Jakarta Monday fadli only
732,2016-10-28T17:50:40.000Z,DPRD DKI Susun Hasil Reses Ketiga Dewan Perwakilan Rakyat Daerah,DPRD DKI susun hasil reses tiga dewan wakil rakyat daerah,The DKI DPRD compiles the results of the recess of three regional legislative councils
733,2016-10-28T13:32:02.000Z,dari target ruu tahun bru jadi fokus aja lah uda Gk usah di dengerin itu habib preman,dari target ruu tahun baru jadi fokus saja lah sudah tidak usah di dengar itu habib preman,"from the target of the new year's bill, so just focus, you don't need to listen to those habib thugs"
734,2016-10-28T12:06:01.000Z,Oaaalaaaah sibuk dgn URUSan MKD bukannya utk memperjuangkan Aspirasi Rakyat Pemilihnya !!!,oaalaah sibuk dengan urus MKD bukan untuk juang aspirasi rakyat pilih ! !,"Oh, I'm busy taking care of the MKD, not fighting for the aspirations of the people to vote! !"
735,2016-10-28T11:52:28.000Z,Hari ini ngga mungkin dilakukan pemilihan pimpinan pansus paling masuk sidang nanti setelah reses Resmin,hari ini tidak mungkin pelaksanaan pilih kepemimpinan pansus paling masuk sidang nanti telah reses resmin,Today it is impossible to elect the leadership of the special committee until the next session has an official recess
736,2016-10-28T11:37:32.000Z,RT Dari RUU DPR Baru Selesaikan UU,RT dari RUU DPR baru selesai UU,The RT of the DPR Bill has just been completed
737,2016-10-28T11:03:15.000Z,Hingga Oktober DPR Selesaikan Undang Undang,hingga oktober DPR selesai undang undang,until October the DPR completes the law
738,2016-10-28T11:01:13.000Z,Paripurna DPR Sahkan Anggota Pansus Pemilu Rapat Paripurna DPR RI baru saja mengesahkan jitunews nasional,paripurna DPR sahkan anggota pansus pemilu rapat paripurna DPR RI baru saja pengesahan jitunews nasional,DPR plenary session approves members of special election committee. The DPR RI plenary meeting has just ratified national jitunews
739,2016-10-28T11:00:03.000Z,Mau bantu korban kekerasan seksual? Dukung RUU penghapusankekerasanseksual di gerakbersama cewekbanget,mau bantu korban keras seksual ? dukungan RUU penghapusankekerasanseksual di gerakbersama cewekbanget,Want to help victims of sexual violence? support for the bill on the elimination of sexual violence in the movement with girls really
740,2016-10-28T10:51:07.000Z,jitunews Paripurna DPR Sahkan Anggota Pansus Pemilu Rapat Paripurna DPR RI baru saja mengesah beritapangan,jitunews paripurna DPR sahkan anggota pansus pemilu rapat paripurna DPR RI baru saja pengesahan beritapangan,jitunews DPR plenary session confirms election committee members
741,2016-10-28T10:51:00.000Z,jitunews Paripurna DPR Sahkan Anggota Pansus Pemilu Rapat Paripurna DPR RI baru saja menge beritalifestyle,jitunews paripurna DPR sahkan anggota pansus pemilu rapat paripurna DPR RI baru saja menge beritalifestyle,jitunews DPR plenary session confirms members of election special committee DPR RI plenary meeting just posted newslifestyle
742,2016-10-28T10:32:18.000Z,puisi sayang Hingga Oktober DPR Selesaikan Undang Undang terbaru,puisi sayang hingga oktober DPR selesai undang undang baru,"Dear poetry until October, the DPR completes the new law"
743,2016-10-28T10:04:53.000Z,Ketua Badan Legislasi DPR Supratman Andi Agtas DPR Telah Sahkan Rancangan Undang undang,ketua badan legislasi DPR supratman andi agtas DPR telah sahkan rancangan undang undang,"Chairman of the DPR legislative body, Supratman Andi Agtas, the DPR has approved the draft law"
744,2016-10-28T10:04:17.000Z,MKD Vonis Untuk Ruhut Jatuh Setelah Masa Reses Wakil Ketua Mahkamah Kehormatan Dewan MKD DPR RI Sarifuddin,MKD vonis untuk ruhut jatuh telah masa reses wakil ketua mahkamah hormat dewan MKD DPR RI sarifuddin,"MKD's verdict for the fallout is that the recess for the deputy chairman of the court respects the MKD DPR RI council, Sarifuddin"
745,2016-10-28T09:52:38.000Z,DPR Umumkan Susunan Anggota Pansus RUU Pemilu,DPR umum susun anggota pansus RUU pemilu,General DPR appoints special committee members for election bill
746,2016-10-28T09:32:49.000Z,RUU Pemilu Berat dengan kepentingan! bukan? RUUPemilu,RUU pemilu berat dengan penting ! bukan ? ruupemilu,The election bill is heavy and important! No ? ruupelection
747,2016-10-28T08:14:24.000Z,Retweeted IPC Berikut nama nama Anggota Pansus RUU Pemilu DPR RI,retweeted IPC ikut nama nama anggota pansus RUU pemilu DPR RI,retweeted IPC along with the names of members of the DPR RI election bill special committee
748,2016-10-28T08:00:18.000Z,Inilah solusi jika RUU Migas terus mandek di DPR,ini solusi jika RUU migas terus mandek di DPR,This is a solution if the oil and gas bill continues to stall in the DPR
749,2016-10-28T07:45:00.000Z,Bentuk Pansus RUU Pemilu Isinya Tokoh Parpol Foto GATRAnews Abdurachman,bentuk pansus RUU pemilu isi tokoh parpol foto gatranews abdurachman,form of special committee on election bill containing political party figures photo gatranews abdurachman
750,2016-10-28T07:42:04.000Z,News DPR Sahkan Pansus RUU Pemilu DPR RI menggelar rapat paripurna penutupan masa sidang satu tahun TU,news DPR sahkan pansus RUU pemilu DPR RI gelar rapat paripurna tutup masa sidang satu tahun ITU,news DPR ratifies the DPR RI election bill special committee to hold plenary session to close ITU's one year session period
751,2016-10-28T07:41:52.000Z,Yuk dukung pengesahan RUU penghapusan kekerasan seksual di gerakbersama cewekbanget,yuk dukungan pengesahan RUU hapus keras seksual di gerakbersama cewekbanget,"Come on, let's support the ratification of the bill to eradicate sexual violence in the movement together with really girls"
752,2016-10-28T07:14:44.000Z,Ini Susunan Anggota Pansus RUU Pemilu,ini susun anggota pansus RUU pemilu,This is the arrangement of the members of the special committee on the election bill
753,2016-10-28T07:10:36.000Z,Pagi tadi saya memimpin Sidang Paripurna Mengesahkan anggota Pansus RUU Pemiliu serta pidato penutupan masa sidang,pagi tadi saya kepemimpinan sidang paripurna pengesahan anggota pansus RUU pemiliu serta pidato tutup masa sidang,This morning I chaired the plenary session to ratify members of the special committee on the election bill and make a speech to close the session
754,2016-10-28T07:02:22.000Z,DPR menggelar rapat paripurna untuk menutup masa sidang I Tahun Jumat Sebanyak anggot,DPR gelar rapat paripurna untuk tutup masa sidang i tahun jumat banyak anggot,"The DPR held a plenary meeting to close the first session of the year on Friday, with many members"
755,2016-10-28T07:02:12.000Z,Paripurna Penutupan Masa Sidang Tak Dihadiri Anggota DPR DPR menggelar rapat paripurna untuk menutup mas,paripurna tutup masa sidang tak hadir anggota DPR DPR gelar rapat paripurna untuk tutup mas,"plenary closes the session period without DPR members present. The DPR holds a plenary meeting to close, sir"
756,2016-10-28T07:01:39.000Z,VenzTime DPR menggelar rapat paripurna untuk menutup masa sidang I Tahun Jumat Sebanyak,venztime DPR gelar rapat paripurna untuk tutup masa sidang i tahun jumat banyak,Venztime The DPR held a plenary meeting to close the first session of the year this Friday
757,2016-10-28T07:01:12.000Z,News Paripurna Penutupan Masa Sidang Tak Dihadiri Anggota DPR DPR menggelar rapat paripurna untuk menut,news paripurna tutup masa sidang tak hadir anggota DPR DPR gelar rapat paripurna untuk menut,news plenary session closes session without DPR members present DPR holds plenary meeting to attend
758,2016-10-28T07:00:23.000Z,DPR desak pembuatan Perppu jika revisi UU Migas jalan di tempat,DPR desakan buat perppu jika revisi UU migas jalan di tempat,The DPR is urging to make a Perppu if the revision of the oil and gas law goes nowhere
759,2016-10-28T06:21:31.000Z,Awal Nopember saya dan tim akan turun ke bawah dalam rangka reses anggota DPR,awal nopember saya dan tim akan turun ke bawah dalam rangka reses anggota DPR,"At the beginning of November, my team and I will go downstairs for the DPR members' recess"
760,2016-10-28T06:09:13.000Z,DPR Sahkan Susunan Anggota Pansus RUU Penyelenggaraan Pemilu DPR RI menyelenggarakan Rapat Paripurna ke masa,DPR sahkan susun anggota pansus RUU penyelenggaraan pemilu DPR RI penyelenggaraan rapat paripurna ke masa,The DPR approves the composition of the special committee members for the bill on organizing elections. The DPR RI will hold a plenary session in future
761,2016-10-28T06:00:11.000Z,Berikut nama nama Anggota Pansus RUU Pemilu DPR RI,ikut nama nama anggota pansus RUU pemilu DPR RI,include the names of members of the DPR RI election bill special committee
762,2016-10-28T05:01:19.000Z,Nama Anggota Pansus RUU Pemilu Disahkan di Paripurna DPR Wakil Ketua DPR RI Fadli Zon menyampaikan bahwa DPR,nama anggota pansus RUU pemilu sah di paripurna DPR wakil ketua DPR RI fadli zon sampai bahwa DPR,"names of members of the special committee for the election bill to be valid in the DPR plenary session, deputy chairman of the DPR RI, Fadli Zon, until the DPR"
763,2016-10-28T04:52:34.000Z,Nama Anggota Pansus RUU Pemilu Disahkan di Paripurna DPR Wakil Ketua DPR RI Fadl,nama anggota pansus RUU pemilu sah di paripurna DPR wakil ketua DPR RI fadl,"names of members of the special committee for the election bill to be valid in the DPR plenary session, deputy chairman of the DPR RI fadl"
764,2016-10-28T04:19:31.000Z,DPR menggelar rapat paripurna untuk menutup masa sidang I Tahun Ratusan anggota DPR tidak hadir di,DPR gelar rapat paripurna untuk tutup masa sidang i tahun ratus anggota DPR tidak hadir di,The DPR held a plenary meeting to close the session period of 1 year. Hundreds of DPR members were not present
765,2016-10-28T04:19:31.000Z,Paripurna Penutupan Masa Sidang DPR Wakil Rakyat Tak Hadir DPR menggelar rapat paripurna untuk menutup,paripurna tutup masa sidang DPR wakil rakyat tak hadir DPR gelar rapat paripurna untuk tutup,plenary session closes during the DPR session. The people's representatives are not present. The DPR holds a plenary session to close
766,2016-10-28T04:19:17.000Z,Rapat Paripurna DPR Ke Masa Persidangan I Tahun Sidang telah selesai Terima kasih ParipurnaLive,rapat paripurna DPR ke masa sidang i tahun sidang telah selesai terima kasih paripurnalive,"DPR plenary session for the first session of the year, the session has finished, thank you plenary live"
767,2016-10-28T03:46:45.000Z,Rapat Paripurna DPR Ke Masa Persidangan I Tahun Sidang dipimpin Wakil Ketua DPR ParipurnaLive,rapat paripurna DPR ke masa sidang i tahun sidang kepemimpinan wakil ketua DPR paripurnalive,"plenary session of the DPR to the first session of the year, leadership session of the deputy chairman of the DPR, plenary session"
768,2016-10-28T03:19:43.000Z,Agenda DPR Jumat Pukul WIB Rapat Paripurna DPR Ke Masa Persidangan I Tahun Sidang agendaDPR,agenda DPR jumat pukul WIB rapat paripurna DPR ke masa sidang i tahun sidang agendadpr,"DPR agenda, Friday at WIB, DPR plenary meeting for the first session of the year, DPR agenda session"
769,2016-10-28T02:45:00.000Z,Miris Anggota DPR Bolos Rapat Paripurna,miris anggota DPR bolos rapat paripurna,It's sad that DPR members missed the plenary session
770,2016-10-28T02:23:40.000Z,Dewan Opo koe krungu deriteee rakyatmu berharap Engkau kembali tuk reses Selamat bekerja bapak ibu Semangat sumpah pemuda D,dewan opo koe krungu deritee rakyat harap engkau kembali untuk reses selamat kerja bapak ibu semangat sumpah pemuda di,council opo koe krungu deritee people hope you come back for recess good work ladies and gentlemen spirit of the youth oath in
771,2016-10-27T17:16:37.000Z,Teknologi Informasi Undang Undang Informasi dan Transaksi Elektronik Resmi Berlaku,teknologi informasi undang undang informasi dan transaksi elektronik resmi pelaksanaan,"information technology, information law and official electronic transaction implementation"
772,2016-10-27T15:51:54.000Z,Reses Anggota DPR RI Komisi XI Hergun Serap Aspirasi Warga Sukabumi InfoSKBM,reses anggota DPR RI komisi XI hergun serap aspirasi warga sukabumi infoskbm,"During the recess members of the Republic of Indonesia's House of Representatives, Commission"
773,2016-10-27T15:51:53.000Z,SUKABUMI Reses Anggota DPR RI Komisi XI Hergun Serap Aspirasi Warga Sukabumi,SUKABUMI reses anggota DPR RI komisi XI hergun serap aspirasi warga sukabumi,SUKABUMI members of the Indonesian House of Representatives Commission
774,2016-10-27T15:01:38.000Z,Lindungi Haki DPR Sahkan RUU Merek dan Indikasi Geografis Rapat Paripurna DPR RI m BatikBontang,lindung hak DPR sahkan RUU merek dan indikasi geografis rapat paripurna DPR RI sama batikbontang,protect the rights of the DPR to pass the bill on brands and geographical indications at the DPR RI plenary meeting with batikbontang
775,2016-10-27T15:00:00.000Z,Rapat Paripurna DPR RI mengesahkan Rancangan Undang Undang RUU tentang Merek dan Indikasi Geografis menjadi Undang Undang,rapat paripurna DPR RI pengesahan rancangan undang undang RUU tentang merek dan indikasi geografis jadi undang undang,The DPR RI plenary meeting ratifies the draft law on brands and geographical indications into law
776,2016-10-27T14:59:58.000Z,Lindungi Haki DPR Sahkan RUU Merek dan Indikasi Geografis Rapat Paripurna DPR RI mengesahkan Rancangan,lindung hak DPR sahkan RUU merek dan indikasi geografis rapat paripurna DPR RI pengesahan rancangan,protect the rights of the DPR to ratify the bill on brands and geographical indications. The DPR RI plenary meeting ratifies the draft
777,2016-10-27T14:45:56.000Z,DPR RI Telah Sahkan RUU Revisi UU ITE Menjadi UU,DPR RI telah sahkan RUU revisi UU ITE jadi UU,The Republic of Indonesia's DPR has ratified the bill revising the ITE Law into law
778,2016-10-27T14:24:47.000Z,Lindungi Haki DPR Sahkan RUU Merek dan Indikasi Geografis Rapat Paripurna DPR RI mengesahkan Ran,lindung hak DPR sahkan RUU merek dan indikasi geografis rapat paripurna DPR RI pengesahan ran,protect rights DPR ratifies bill on brands and geographical indications DPR RI plenary meeting ratifies bill
779,2016-10-27T14:22:40.000Z,Rapat Paripurna DPR RI mengesahkan Rancangan Undang Undang RUU tentang Merek dan Indikasi Geogra,rapat paripurna DPR RI pengesahan rancangan undang undang RUU tentang merek dan indikasi geogra,The DPR RI plenary meeting ratified the draft law on brands and geographical indications
780,2016-10-27T14:21:34.000Z,WOW Lindungi Haki DPR Sahkan RUU Merek dan Indikasi Geografis Rapat Paripurna DPR RI mengesahka,WOW lindung hak DPR sahkan RUU merek dan indikasi geografis rapat paripurna DPR RI mengesahka,WOW protects the rights of the DPR to ratify the bill on brands and geographical indications. The DPR RI plenary meeting ratifies it
781,2016-10-27T14:20:56.000Z,Lindungi Haki DPR Sahkan RUU Merek dan Indikasi Geografis Rapat Paripurna DPR RI mengesahkan Rancangan Undang Undang RU,lindung hak DPR sahkan RUU merek dan indikasi geografis rapat paripurna DPR RI pengesahan rancangan undang undang RU,protect the rights of the DPR to ratify the bill on brands and geographical indications. The plenary meeting of the DPR RI ratifies the draft law on the RU
782,2016-10-27T14:07:14.000Z,Reses Anggota DPR RI Komisi XI Hergun Serap Aspirasi Warga Sukabumi,reses anggota DPR RI komisi XI hergun serap aspirasi warga sukabumi,"During the recess members of the Republic of Indonesia's House of Representatives, Commission"
783,2016-10-27T13:51:58.000Z,DPR RI Diharapkan Segera Bahas RUU Penghapusan Kekerasan Seksual Melalui Pansus,DPR RI harap segera bahas RUU hapus keras seksual lalu pansus,DPR RI hopes to immediately discuss the bill to eliminate sexual violence with the special committee
784,2016-10-27T13:51:56.000Z,DPR RI Diharapkan Segera Bahas RUU Penghapusan Kekerasan Seksual Melalui Pansus jakarta,DPR RI harap segera bahas RUU hapus keras seksual lalu pansus jakarta,The Republic of Indonesia's DPR hopes to immediately discuss the bill to eliminate sexual violence with the Jakarta special committee
785,2016-10-27T13:04:02.000Z,News DPR RI Diharapkan Segera Bahas RUU Penghapusan Kekerasan Seksual Melalui Pansus LindungiPerempuan,news DPR RI harap segera bahas RUU hapus keras seksual lalu pansus lindungiperempuan,news DPR RI hopes to immediately discuss the bill to eliminate sexual violence and then the special committee to protect women
786,2016-10-27T11:22:50.000Z,DPR RI Sahkan Revisi RUU ITE,DPR RI sahkan revisi RUU ITE,DPR RI ratifies the revision of the ITE Bill
787,2016-10-27T11:04:31.000Z,DPR RI Sahkan Revisi RUU ITE beritadprri,DPR RI sahkan revisi RUU ITE beritadprri,The DPR RI ratifies the revision of the Beritadprri ITE Bill
788,2016-10-27T10:54:37.000Z,republikaonline DPR RI Sahkan Revisi RUU ITE via Twitter,republikaonline DPR RI sahkan revisi RUU ITE via twitter,republicaonline DPR RI ratifies the revision of the ITE Bill via Twitter
789,2016-10-27T10:04:14.000Z,Lindungi Haki DPR Sahkan RUU Merek dan Indikasi Geografis,lindung hak DPR sahkan RUU merek dan indikasi geografis,protect rights DPR passes bill on brands and geographical indications
790,2016-10-27T09:43:16.000Z,Paripurna DPR Sahkan RUU ITE Jadi UU,paripurna DPR sahkan RUU ITE jadi UU,DPR plenary ratifies the ITE Bill into law
791,2016-10-27T09:31:22.000Z,kebiasaan buruk kapan bisa berubahnya ya,biasa buruk kapan dapat ubah ya,"It's usually bad, when can I change it?"
792,2016-10-27T09:26:06.000Z,Teknologi Informasi DPR RI Sahkan RUU ITE Jadi Undang undang Ini Hukuman Bagi Penghina di Medsos,teknologi informasi DPR RI sahkan RUU ITE jadi undang undang ini hukum bagi hina di medsos,"information technology The DPR RI passed the ITE Bill into law, making it legal for insulting people on social media"
793,2016-10-27T09:00:01.000Z,Komnas Perempuan desak bentuk Pansus RUUPenghapusanKekerasanSeksual via GerakBersama,komnas perempuan desakan bentuk pansus ruupenghapusankekerasanseksual via gerakbersama,The National Commission on Violence Against Women urges the formation of a special committee on the elimination of sexual violence through collective action
794,2016-10-27T08:31:03.000Z,RUU Revisi UU ITE Telah Disahkan oleh DPR RI Menjadi Undang Undang,RUU revisi UU ITE telah sah oleh DPR RI jadi undang undang,The Draft Law on the revision of the ITE Law has been approved by the DPR RI and has become law
795,2016-10-27T08:30:44.000Z,Siaran Pers RUU Revisi UU ITE Telah Disahkan oleh DPR RI Menjadi Undang Undang,siar pers RUU revisi UU ITE telah sah oleh DPR RI jadi undang undang,press release: The bill for the revision of the ITE Law has been approved by the DPR RI and has become law
796,2016-10-27T08:19:39.000Z,Teknologi Informasi Anggota DPR Bolos di Rapat Paripurna,teknologi informasi anggota DPR bolos di rapat paripurna,information technology DPR members skipped plenary meetings
797,2016-10-27T07:56:39.000Z,Miris Anggota DPR Bolos Rapat Paripurna Brengsek,miris anggota DPR bolos rapat paripurna brengsek,"It's sad that members of the DPR skipped the plenary session, you bastard"
798,2016-10-27T07:45:24.000Z,DPR Kita Nih Anggota DPR Bolos Rapat Paripurna,DPR kita ini anggota DPR bolos rapat paripurna,Our DPR members have skipped the plenary session
799,2016-10-27T07:32:11.000Z,Anggota DPR Bolos di Rapat Paripurna Nasional DPRBolosRapat AnggotaBolos RUUITE,anggota DPR bolos di rapat paripurna nasional dprbolosrapat anggotabolos RUUITE,DPR members skipped national plenary meeting dpr skipped members' meeting BillITE skipped
800,2016-10-27T06:02:48.000Z,Lho Mas tadi kemana? Kok gak gabung di Rapat Paripurna ?,lho mas tadi mana ? kok tidak gabung di rapat paripurna ?,"you know, bro, where was that? why didn't you join the plenary meeting?"
801,2016-10-27T05:42:20.000Z,kemkominfo RT rudiantara_id RUU Revisi UU ITE telah diselesaikan pembahasannya dlm pembicaraan tingkat bersama Komisi DPR RI tgl,kemkominfo RT rudiantara_id RUU revisi UU ITE telah selesai bahas dalam bicara tingkat sama komisi DPR RI tanggal,Kemkominfo RT rudiantara_id The bill for the revision of the ITE Law has been discussed at the same level as the DPR RI commission on
802,2016-10-27T05:30:00.000Z,Komnas Perempuan Desak Bahas RUUPenghapusanKekerasanSeksual via GerakBersama,komnas perempuan desakan bahas ruupenghapusankekerasanseksual via gerakbersama,National Commission on Violence Against Women urges to discuss bill for eliminating sexual violence through collective action
803,2016-10-27T05:22:16.000Z,Sudah saatnya menghentikan budaya menyalahkan korban Sahkan RUU Penghapusan Kekerasan Seksual!,sudah saat henti budaya salah korban sahkan RUU hapus keras seksual !,"It's time to stop the culture of victim blaming, pass the bill to eliminate sexual violence!"
804,2016-10-27T05:04:01.000Z,RUU Revisi UU ITE telah diselesaikan pembahasannya dlm pembicaraan tingkat bersama Komisi DPR RI tgl Okt,RUU revisi UU ITE telah selesai bahas dalam bicara tingkat sama komisi DPR RI tanggal okt,The bill for the revision of the ITE Law has been discussed at the same level as the DPR RI commission on October
805,2016-10-27T05:02:00.000Z,Persetujuan bersama RUU Revisi ITE tsb ditempuh dalam Rapat Paripurna DPR RI siang tadi Kamis,tuju sama RUU revisi ITE sebut tempuh dalam rapat paripurna DPR RI siang tadi kamis,"The same goal as the ITE revision bill was mentioned in the DPR RI plenary meeting this afternoon, Thursday"
806,2016-10-27T05:01:00.000Z,Slmt siang teman Alhamdulillah RUU Revisi UU ITE akhirnya disetujui DPR RI unt ditetapkan menjadi Undang Undang,selamat siang teman alhamdulillah RUU revisi UU ITE akhir tuju DPR RI unt tetap jadi undang undang,"Good afternoon friends, thank God, the bill for the revision of the ITE Law has finally gone to the DPR RI to remain law"
807,2016-10-27T04:59:18.000Z,Pansus RUU Pemilu Harus Terbentuk Sebelum Reses Sekretariat Jenderal DPR RI diminta untuk segera menyampaika,pansus RUU pemilu harus bentuk belum reses sekretariat jenderal DPR RI minta untuk segera menyampaika,The special committee on the election bill must be formed before the recess of the DPR RI General Secretariat has asked for it to be submitted immediately
808,2016-10-27T04:57:59.000Z,Okezone Pansus RUU Pemilu Harus Terbentuk Sebelum Reses Sekretariat Jenderal DPR RI diminta untuk segera me,okezone pansus RUU pemilu harus bentuk belum reses sekretariat jenderal DPR RI minta untuk segera me,okezone the special committee on the election bill must be formed before the recess of the DPR RI general secretariat asks to immediately me
809,2016-10-27T04:57:26.000Z,Pansus RUU Pemilu Harus Terbentuk Sebelum Reses Sekretariat Jenderal DPR RI diminta untuk segera menyampaikan nama nama anggota pan,pansus RUU pemilu harus bentuk belum reses sekretariat jenderal DPR RI minta untuk segera sampai nama nama anggota kapan,The special committee on the election bill must be formed before the recess of the DPR RI General Secretariat asks to immediately arrive at the names of the members
810,2016-10-27T04:55:27.000Z,okezone Pansus RUU Pemilu Harus Terbentuk Sebelum Reses Sekretariat Jenderal DPR RI diminta untuk segera m,okezone pansus RUU pemilu harus bentuk belum reses sekretariat jenderal DPR RI minta untuk segera sama,"OK, the special committee on the election bill must be formed before the DPR RI Secretariat General's recess has asked for the same immediately"
811,2016-10-27T04:48:35.000Z,Selamat atas disahkannya RUU Informasi dan Transaksi Elektronik ITE menjadi Undang Undang ParipurnaLive,selamat atas sah RUU informasi dan transaksi elektronik ITE jadi undang undang paripurnalive,congratulations on the legalization of the ITE information and electronic transactions bill into plenary law
812,2016-10-27T04:42:24.000Z,Menteri sampaikan Tanggapan Akhir Presiden atas RUU Revisi UU ITE di hadapan anggota di Rapat Paripurna,menteri sampai tanggap akhir presiden atas RUU revisi UU ITE di hadap anggota di rapat paripurna,minister until the president's final response to the ITE Law revision bill before members at the plenary session
813,2016-10-27T04:38:12.000Z,Laporan Komisi I DPR terhadap hasil pembahasan RUU Informasi dan Transaksi Elektronik ITE ParipurnaLive,lapor komisi i DPR hadap hasil bahas RUU informasi dan transaksi elektronik ITE paripurnalive,Report from Commission I of the DPR regarding the results of the plenary discussion of the Bill on Information and Electronic Transactions ITE live
814,2016-10-27T04:33:57.000Z,Ketua Panja RUU Revisi UU ITE TB Hasanuddin membacakan Laporan Akhir Pembahasan RUU di hadapan Anggota DPR di Rapat Paripurna pagi ini,ketua panja RUU revisi UU ITE TB hasanuddin baca lapor akhir bahas RUU di hadap anggota DPR di rapat paripurna pagi ini,chairman of the committee on the bill for the revision of the ITE Law TB Hasanuddin read the final report discussing the bill in front of members of the DPR at the plenary session this morning
815,2016-10-27T04:31:12.000Z,Ratusan Bangku Kosong Saksikan Pengesahan RAPBN Banyaknya anggota DPR yang tidak hadir membuat ruang ra,ratus bangku kosong saksi pengesahan RAPBN banyak anggota DPR yang tidak hadir buat ruang ra,"Hundreds of empty seats witnessed the ratification of the RAPBN, many DPR members were not present for the RA room"
816,2016-10-27T04:27:39.000Z,Wakil Ketua Komisi I DPR Tubagus Hasanuddin menyampaikan laporan Komisi I terhadap hasil pembahasan RUU ITE ParipurnaLive,wakil ketua komisi i DPR tubagus hasanuddin sampai lapor komisi i hadap hasil bahas RUU ITE paripurnalive,Deputy chairman of Commission I DPR Tubagus Hasanuddin to report to Commission I facing the results of the plenary live discussion of the ITE Bill
817,2016-10-27T04:25:19.000Z,Agenda kedua Rapat Paripurna Pembicaraan Tk II pengambilan keputusan terhadap RUU Informasi dan Transaksi Elektronik ITE ParipurnaLive,agenda dua rapat paripurna bicara tak II ambil keputusan hadap RUU informasi dan transaksi elektronik ITE paripurnalive,agenda for two plenary meetings to talk about II to make a decision regarding the ITE plenary information and electronic transactions bill
818,2016-10-27T04:24:18.000Z,Wakil Ketua DPR RI Dr Agus Hermanto memimpin Rapat Paripurna Masa Sidang I TS Paripurna,wakil ketua DPR RI dari agus hermanto kepemimpinan rapat paripurna masa sidang i TS paripurna,"Deputy Chairman of the DPR RI from Agus Hermanto, leadership of the plenary session during the first session of the TS plenary session"
819,2016-10-27T04:22:05.000Z,Wakil Ketua DPR RI Dr Agus Hermanto bersama Menteri Hukum dan HAM Yasonna Laoly sebelum Rapat Paripurna Paripurna,wakil ketua DPR RI dari agus hermanto sama menteri hukum dan HAM yasonna laoly belum rapat paripurna paripurna,"The deputy chairman of the Republic of Indonesia's DPR, Agus Hermanto, and the Minister of Law and Human Rights, Yasonna Laoly, have not yet had their plenary meeting."
820,2016-10-27T03:57:45.000Z,Ketua Pansus RUU tentang Merek dan Indikasi Geografis Desy Ratnasari menyampaikan laporan hasil pembahasan RUU ParipurnaLive,ketua pansus RUU tentang merek dan indikasi geografis desy ratnasari sampai lapor hasil bahas RUU paripurnalive,"chairman of the special committee on the bill on brands and geographical indications, Desy Ratnasari, to report the results of the plenary discussion of the bill, live"
821,2016-10-27T03:55:11.000Z,Agenda pertama Rapat Paripurna Pembicaraan Tk II pengambilan keputusan terhadap RUU tentang Merek dan Indikasi Geografis ParipurnaLive,agenda pertama rapat paripurna bicara tak II ambil keputusan hadap RUU tentang merek dan indikasi geografis paripurnalive,"The first agenda of the plenary meeting is talk No. II to take a decision on the bill regarding brands and geographical indications, plenary session"
822,2016-10-27T03:53:19.000Z,Rapat Paripurna DPR Ke Masa Persidangan I Tahun Sidang dipimpin Wakil Ketua DPR Agus Hermanto ParipurnaLive,rapat paripurna DPR ke masa sidang i tahun sidang kepemimpinan wakil ketua DPR agus hermanto paripurnalive,"plenary session of the DPR to the first session of the year, leadership session of the deputy chairman of the DPR, Agus Hermanto, plenary session"
823,2016-10-27T03:50:53.000Z,Fraksi fraksi Belum Kirim Nama Anggota Pansus Pemilu DPR RI menyelenggarakan rapat paripurna tingka RMOL CO,partai partai belum kirim nama anggota pansus pemilu DPR RI penyelenggaraan rapat paripurna tingka RMOL COWOK,The parties have not yet sent the names of members of the DPR RI election special committee holding the RMOL COWOK level plenary meeting
824,2016-10-27T03:46:18.000Z,Fraksi fraksi Diminta Segera Kirim Nama Anggota Pansus Pemilu DPR RI menyelenggarakan rapat paripurna tingkat II,partai partai minta segera kirim nama anggota pansus pemilu DPR RI penyelenggaraan rapat paripurna tingkat II,The parties asked to immediately send the names of members of the DPR RI election special committee holding the level II plenary meeting
825,2016-10-27T02:00:14.000Z,Anggota DPR Tak Hadir Dalam Sidang Paripurna Pengesahan UU APBN Jakarta DPR siang ini menggelar s,anggota DPR tak hadir dalam sidang paripurna pengesahan UU APBN jakarta DPR siang ini gelar si,DPR members were not present at the plenary session ratifying the Jakarta APBN Law. The DPR this afternoon held the title si
826,2016-10-27T01:58:51.000Z,Agenda DPR Kamis Pukul WIB Rapat Paripurna DPR Ke Masa Persidangan I Tahun Sidang agendaDPR,agenda DPR kamis pukul WIB rapat paripurna DPR ke masa sidang i tahun sidang agendadpr,"DPR agenda, Thursday at WIB, DPR plenary meeting for the first session of the year, DPR agenda session"
827,2016-10-26T23:26:59.000Z,Paripurna pengesahan RUU APBN ratusan anggota DPR absen,paripurna pengesahan RUU APBN ratus anggota DPR absen,Hundreds of DPR members were absent during the plenary ratification of the APBN Bill
828,2016-10-26T21:24:29.000Z,Paripurna Pengesahan UU APBN Anggota DPR Tak Hadir,paripurna pengesahan UU APBN anggota DPR tak hadir,DPR members were not present at the plenary ratification of the APBN Law
829,2016-10-26T19:56:26.000Z,DPR RI Menyetujui RUU APBN,DPR RI tuju RUU APBN,DPR RI targets the APBN Bill
830,2016-10-26T18:00:18.000Z,I added a video to a playlist DPR RI KOMISI VI INGIN RUU KOPERASI DORONG KEBERPIHAKAN PADA EKONOMI,i added a video tetapi a playlist DPR RI KOMISI VI INGIN RUU KOPERASI DORONG PIHAK PADA EKONOMI,i added a video but a playlist DPR RI COMMISSION VI WANTS THE COOPERATIVE BILL TO ENCOURAGE PARTIES ON THE ECONOMY
831,2016-10-26T14:08:03.000Z,Ketika Metro Tv menyiarkan sidang pleno DPR pengesahan RAPBN malu dan terkejut hampir kosong ruang sidang Kapan wakil rakyat berubah?,ketika metro tv siar sidang pleno DPR pengesahan RAPBN malu dan kejut hampir kosong ruang sidang kapan wakil rakyat ubah ?,"When Metro TV broadcast the DPR plenary session ratifying the RAPBN, it was embarrassing and surprising, the courtroom was almost empty, when will the people's representatives change?"
832,2016-10-26T13:53:01.000Z,Rapat Paripurna DPR setujui APBN Rapat Paripurna DPR RI di Jakarta Rabu menyetujui RUU APBN untu,rapat paripurna DPR tuju APBN rapat paripurna DPR RI di jakarta rabu tuju RUU APBN untu,DPR plenary meeting on the APBN plenary meeting of the DPR RI in Jakarta Wednesday on the APBN Bill on
833,2016-10-26T12:57:36.000Z,Antara Rapat Paripurna DPR setujui APBN Rapat Paripurna DPR RI di Jakarta Rabu menyetujui RUU APBN,antara rapat paripurna DPR tuju APBN rapat paripurna DPR RI di jakarta rabu tuju RUU APBN,"between the DPR plenary meeting towards the APBN, the DPR RI plenary meeting in Jakarta on Wednesday towards the APBN Bill"
834,2016-10-26T12:57:34.000Z,AntaraNews Rapat Paripurna DPR setujui APBN Rapat Paripurna DPR RI di Jakarta Rabu menyetujui RUU AP,antaranews rapat paripurna DPR tuju APBN rapat paripurna DPR RI di jakarta rabu tuju RUU APA,Antaranews DPR plenary meeting on APBN DPR RI plenary meeting in Jakarta Wednesday on APA Bill
835,2016-10-26T12:51:16.000Z,In Picture Rapat Paripurna DPR Sahkan APBN JAKARTA Dewan Perwakilan Rakyat,ini picture rapat paripurna DPR sahkan APBN JAKARTA dewan wakil rakyat,"This is a picture of the DPR plenary meeting ratifying the JAKARTA APBN, the people's representative council"
836,2016-10-26T12:50:02.000Z,RUU APBD Telah Disetujui Dalam Rapat Paripurna DPR RI page of,RUU APBD telah tuju dalam rapat paripurna DPR RI page of,The APBD Bill has been submitted to the DPR RI plenary session page of
837,2016-10-26T12:45:23.000Z,Rapat Paripurna DPR RI di Jakarta Rabu menyetujui RUU APBN untuk disahkan menjadi UU yang mencakup pos,rapat paripurna DPR RI di jakarta rabu tuju RUU APBN untuk sah jadi UU yang cakup pos,The DPR RI plenary meeting in Jakarta Wednesday aimed for the APBN Bill to become law that covers post
838,2016-10-26T12:45:12.000Z,DPR Gelar Paripurna Pengesahan APBN Dewan Perwakilan Rakyat Republik Indonesia DPR RI menggelar sida,DPR gelar paripurna pengesahan APBN dewan wakil rakyat republik indonesia DPR RI gelar sida,"The DPR holds a plenary session to ratify the APBN, the House of Representatives of the Republic of Indonesia holds a plenary session"
839,2016-10-26T12:38:36.000Z,Rapat Paripurna DPR setujui APBN Rapat Paripurna DPR RI di Jakarta Rabu menyetujui RUU APBN untuk,rapat paripurna DPR tuju APBN rapat paripurna DPR RI di jakarta rabu tuju RUU APBN untuk,DPR plenary meeting on the APBN plenary meeting of the DPR RI in Jakarta Wednesday on the APBN Bill on
840,2016-10-26T12:36:24.000Z,MemBOLOS Anggota di Sidang Paripurna Pengesahan UU APBN TakPatutDiCONTOH,bolos anggota di sidang paripurna pengesahan UU APBN takpatutdicontoh,Members skipping the plenary session to ratify the APBN Law is not exemplary
841,2016-10-26T11:58:42.000Z,Nah tuh banyak yg absen kan ???,nah tuh banyak yang absen kan ? ?,"Well, there are a lot of people absent, right? ?"
842,2016-10-26T11:11:22.000Z,DPR Resmi Sahkan RUU APBN Menjadi UU DPR RI resmi mengesahkan RUU Anggaran,DPR resmi sahkan RUU APBN jadi UU DPR RI resmi pengesahan RUU anggaran,The DPR officially ratifies the APBN Bill as Law. The DPR RI officially ratifies the budget bill
843,2016-10-26T11:00:01.000Z,Ayo dukung RUU Penghapusan Kekerasan Seksual di gerakbersama cewekbanget,ayo dukungan RUU hapus keras seksual di gerakbersama cewekbanget,"Come on, support the bill to eradicate sexual violence in the movement together with girls, really"
844,2016-10-26T10:10:50.000Z,Baleg Ingin RUU PKS Berikan Perlindungan Psikologis Kepada Korban Anggota Badan Legislasi_ Baleg DPR RI Ammy,baleg ingin RUU PKS ikan lindung psikologis kepada korban anggota badan Legislasi_ baleg DPR RI ammy,"Baleg wants the PKS bill to provide psychological protection for victims of the DPR RI Legislative Council, Ammy"
845,2016-10-26T10:07:51.000Z,Sah! DPR Setujui UU APBN Dewan Perwakilan Rakyat DPR RI akhirnya menyetujui Rancangan Undang Undang UU Anggaran Pendapatan,sah ! DPR tuju UU APBN dewan wakil rakyat DPR RI akhir tuju rancangan undang undang UU anggaran dapat,"legit! The DPR aims for the APBN Law, the DPR RI's people's representative council finally aims for the draft budget law"
846,2016-10-26T10:07:19.000Z,Sah! DPR Setujui UU APBN Dewan Perwakilan Rakyat DPR RI akhirnya menyetujui Rancangan Undang Undang,sah ! DPR tuju UU APBN dewan wakil rakyat DPR RI akhir tuju rancangan undang undang,"legit! The DPR aims for the APBN Law, the DPR RI's people's representative council ultimately aims for the draft law"
847,2016-10-26T09:36:32.000Z,detikcom Paripurna Pengesahan UU APBN Anggota DPR Tak Hadir,detikcom paripurna pengesahan UU APBN anggota DPR tak hadir,detikcom plenary ratification of the APBN Law DPR members were not present
848,2016-10-26T09:22:33.000Z,Paripurna Pengesahan UU APBN Anggota DPR Tak Hadir Namun pantauan,paripurna pengesahan UU APBN anggota DPR tak hadir tetapi pantau,DPR members were not present at the plenary ratification of the APBN Law but were monitoring
849,2016-10-26T09:22:06.000Z,Paripurna Pengesahan UU APBN Anggota DPR Tak Hadir Namun Ads,paripurna pengesahan UU APBN anggota DPR tak hadir tetapi ads,DPR members were not present at the plenary ratification of the APBN Law but ads
850,2016-10-26T09:14:00.000Z,Paripurna Pengesahan UU APBN Anggota DPR Tak Hadir Namun pantauan di dalam ruang sidang tak banya,paripurna pengesahan UU APBN anggota DPR tak hadir tetapi pantau di dalam ruang sidang tak banya,DPR members were not present at the plenary ratification of the APBN Law but there were not many observers in the courtroom
851,2016-10-26T09:08:01.000Z,Detik Paripurna Pengesahan UU APBN Anggota DPR Tak Hadir NewsToday DKK,detik paripurna pengesahan UU APBN anggota DPR tak hadir newstoday DKK,"during the plenary session for the ratification of the APBN Law, DPR members were not present newstoday DKK"
852,2016-10-26T09:08:00.000Z,Detik Paripurna Pengesahan UU APBN Anggota DPR Tak Hadir Namun pantauan di dalam ruang NewsToday,detik paripurna pengesahan UU APBN anggota DPR tak hadir tetapi pantau di dalam ruang newstoday,"during the plenary session for the ratification of the APBN Law, DPR members were not present but were watching in the newstoday room"
853,2016-10-26T09:06:41.000Z,Paripurna Pengesahan UU APBN Anggota DPR Tak Hadir Namun pantauan di dalam ruang sidang tak banyak anggota DPR yang hadir,paripurna pengesahan UU APBN anggota DPR tak hadir tetapi pantau di dalam ruang sidang tak banyak anggota DPR yang hadir,"DPR members were not present at the plenary ratification of the APBN Law, but it was observed that in the courtroom there were not many DPR members present"
854,2016-10-26T09:03:59.000Z,Paripurna Pengesahan UU APBN Anggota DPR Tak Hadir Namun pantauan di dalam ruang si BeritaTerbaru,paripurna pengesahan UU APBN anggota DPR tak hadir tetapi pantau di dalam ruang sih beritaterbaru,DPR members were not present at the plenary ratification of the APBN Law but were monitoring the latest news in the room
855,2016-10-26T09:03:57.000Z,BeritaNasional Paripurna Pengesahan UU APBN Anggota DPR Tak Hadir Namun pantauan di dalam ruang s,beritanasional paripurna pengesahan UU APBN anggota DPR tak hadir tetapi pantau di dalam ruang si,national news plenary ratification of the APBN Law DPR members were not present but were monitoring in the si room
856,2016-10-26T09:03:33.000Z,INFO Paripurna Pengesahan UU APBN Anggota DPR Tak Hadir Namun pantauan di dalam ruang sidang tak,INFO paripurna pengesahan UU APBN anggota DPR tak hadir tetapi pantau di dalam ruang sidang tak,INFO plenary ratification of the APBN Law DPR members were not present but were not present in the courtroom
857,2016-10-26T09:01:28.000Z,Paripurna Pengesahan UU APBN Anggota DPR Tak Hadir Namun pantauan di dalam ruang sidang botSOLID,paripurna pengesahan UU APBN anggota DPR tak hadir tetapi pantau di dalam ruang sidang botsolid,DPR members were not present at the plenary ratification of the APBN Law but were observing in the botsolid courtroom
858,2016-10-26T08:50:18.000Z,Jika tak ada aral melintang Kamis jam akan ada Rapat Paripurna utk pembicaraan tingkat II RUU RevisiUUITE,jika tak ada aral lintang kamis jam akan ada rapat paripurna untuk bicara tingkat II RUU revisiuuite,"If nothing goes wrong, Thursday there will be a plenary meeting to discuss level II of the revised bill"
859,2016-10-26T08:43:11.000Z,RUU BUMN Belum Terjemahkan Hajat Hidup Orang Banyak Anggota DPR RI Hekal dalam diskusi mingguan Forum,RUU BUMN belum terjemah hajat hidup orang banyak anggota DPR RI hekal dalam diskusi minggu forum,The BUMN Bill has not yet been translated into the lives of many members of the Republic of Indonesia's DPR during the forum week's discussions
860,2016-10-26T08:41:26.000Z,RUU BUMN Belum Terjemahkan Hajat Hidup Orang Banyak Anggota DPR RI Hekal dalam d BatikBontang,RUU BUMN belum terjemah hajat hidup orang banyak anggota DPR RI hekal dalam di batikbontang,The BUMN Bill has not yet been translated into the lives of many members of the Republic of Indonesia's DPR living in Batikbontang
861,2016-10-26T08:41:03.000Z,Anggota DPR RI Hekal dalam diskusi mingguan Forum Legislasi yang membincangkan RUU BUMN di Media Center DPR,anggota DPR RI hekal dalam diskusi minggu forum legislasi yang bincang RUU BUMN di media center DPR,Members of the DPR RI took part in the week's discussion of the legislative forum discussing the BUMN Bill in the DPR media center
862,2016-10-26T08:31:10.000Z,News DPR RI Wujudkan Kebijakan dan Anggaran Negara yang Adil Tribunnews DPR RI LindungiPerempuan,news DPR RI perwujudan kebijakan dan anggaran negara yang adil tribunnews DPR RI lindungiperempuan,news DPR RI realizes fair state policies and budget tribunnews DPR RI protects women
863,2016-10-26T08:27:46.000Z,Memimpin rapat Paripurna DPR RI dengan agenda penetapan RUU APBN menjadi Undang Undang bersama waka DPR RI,kepemimpinan rapat paripurna DPR RI dengan agenda tetap RUU APBN jadi undang undang sama waka DPR RI,leadership of the DPR RI plenary session with the fixed agenda of the APBN Bill being an act by the Deputy Deputy of the DPR RI
864,2016-10-26T08:17:03.000Z,Wakil Ketua DPR RI Dr Agus Hermanto menghadiri Rapat Paripurna DPR Ke MP I TS pengesahan APBN,wakil ketua DPR RI dari agus hermanto hadir rapat paripurna DPR ke MP i TS pengesahan APBN,"The deputy chairman of the DPR RI, Agus Hermanto, attended the DPR plenary meeting to MP i TS for the approval of the APBN"
865,2016-10-26T07:54:33.000Z,LANGSUNG di Periscope Rapat Paripurna DPR Ke MP I TS terkait pengesahan APBN ParipurnaLive,LANGSUNG di periscope rapat paripurna DPR ke MP i TS kait pengesahan APBN paripurnalive,LIVE on periscope of the DPR plenary meeting to MP i TS regarding ratification of the plenary APBN live
866,2016-10-26T07:37:28.000Z,Jumlah Caleg tahun sebesar semestinya bertambah di tahun nanti kita ikuti pembahasan RUU Pemilu cc,jumlah caleg tahun besar mesti tambah di tahun nanti kita ikut bahas RUU pemilu cc,The number of legislative candidates for the big year must be increased next year. We will also discuss the CC Election Bill
867,2016-10-26T07:03:55.000Z,Anggota DPR Ingatkan Pemerintah Kebijakan Pemerataan Pembangunan,anggota DPR ingat pemerintah kebijakan perata pembangunan,DPR members remember the government's policy of leveling development
868,2016-10-26T06:57:35.000Z,Wakil Ketua Komisi VII DPR RI Mulyadi mengungkapkan proses pembahasan revisi Undang Undang Nomor tahun,wakil ketua komisi VII DPR RI mulyadi ungkap proses bahas revisi undang undang nomor tahun,Deputy chairman of Commission VII DPR RI Mulyadi revealed the process of discussing the revision of the year number law
869,2016-10-26T06:52:38.000Z,Nasib APBN Ditentukan Hari Ini DPR RI bersama pemerintah hari ini akan menetapkan RUU APBN Peneta,nasib APBN tentu hari ini DPR RI sama pemerintah hari ini akan tetap RUU APBN teta,"The fate of the APBN, of course today, the DPR RI and the government today will remain the APBN Bill"
870,2016-10-26T06:52:23.000Z,Warta Kiwari Nasib APBN Ditentukan Hari Ini DPR RI bersama pemerintah hari ini akan menetapkan RUU APB,warta kiwari nasib APBN tentu hari ini DPR RI sama pemerintah hari ini akan tetap RUU APB,"Kiwari news about the fate of the APBN. Of course today, the DPR RI and the government will continue to draft the APB Bill"
871,2016-10-26T06:51:56.000Z,Nasib APBN Ditentukan Hari Ini DPR RI bersama pemerintah hari ini akan menetapkan RUU APBN okezone,nasib APBN tentu hari ini DPR RI sama pemerintah hari ini akan tetap RUU APBN okezone,"The fate of the APBN, of course today, the DPR RI and the government today will remain the OKzone APBN Bill"
872,2016-10-26T06:51:41.000Z,Nasib APBN Ditentukan Hari Ini DPR RI bersama pemerintah hari ini akan menetapkan RUU APBN Penetapan ini dilakukan dalam,nasib APBN tentu hari ini DPR RI sama pemerintah hari ini akan tetap RUU APBN tetap ini pelaksanaan dalam,"The fate of the APBN, of course today, the DPR RI and the government today will still implement the APBN Bill"
873,2016-10-26T06:51:32.000Z,okezone Nasib APBN Ditentukan Hari Ini DPR RI bersama pemerintah hari ini akan menetapkan RUU APBN,okezone nasib APBN tentu hari ini DPR RI sama pemerintah hari ini akan tetap RUU APBN,"OK, the fate of the APBN, of course today, the DPR RI and the government today will continue to draft the APBN"
874,2016-10-26T06:30:39.000Z,Sepuluh Fraksi di Banggar Setujui RUU APBN Diputuskan di Paripurna,puluh partai di banggar tuju RUU APBN keputusan di paripurna,dozens of parties are proud to lead to a decision on the APBN Bill in plenary
875,2016-10-26T06:29:45.000Z,Wakil Ketua Komisi VI DPR M Hekal RUU BUMN Belum Terjemahkan Hajat Hidup Orang Banyak,wakil ketua komisi VI DPR sama hekal RUU BUMN belum terjemah hajat hidup orang banyak,The deputy chairman of Commission VI of the DPR is the same as protecting the BUMN Bill which has not been translated into the lives of many people
876,2016-10-26T06:29:02.000Z,Legislator Ingin RUU PKS Berikan Perlindungan Psikologis Kepada Korban,legislator ingin RUU PKS ikan lindung psikologis kepada korban,legislators want the PKS Bill to provide psychological protection for victims
877,2016-10-26T06:20:26.000Z,Agenda hari ini Rapat Paripurna DPR Ke Masa Persidangan I Tahun Sidang agendaDPR sidangparipurna DPR RI,agenda hari ini rapat paripurna DPR ke masa sidang i tahun sidang agendadpr sidangparipurna DPR RI,"Today's agenda is the plenary session of the DPR for the first session of the year, agenda of the DPR RI plenary session"
878,2016-10-26T05:27:43.000Z,Syarifuddin Suding RUU Pemilu Akan Digiring ke Pemilu Sistem Proporsional Tertutup Setiap fraksi di DPR mel,syarifuddin suding RUU pemilu akan giring ke pemilu sistem proporsional tutup tiap partai di DPR mel,Syarifuddin said the election bill would lead to a proportional system election closing each party in the DPR mel
879,2016-10-26T05:26:12.000Z,Syarifuddin Suding RUU Pemilu Akan Digiring ke Pemilu Sistem Proporsional Tertutup,syarifuddin suding RUU pemilu akan giring ke pemilu sistem proporsional tutup,Syarifuddin said the election bill would lead to a closed proportional system election
880,2016-10-26T05:25:29.000Z,DPR RI Wujudkan Kebijakan dan Anggaran Negara yang Adil Gender DPR RI saat ini sedang dalam proses legislasi,DPR RI perwujudan kebijakan dan anggaran negara yang adil gender DPR RI saat ini sedang dalam proses legislasi,DPR RI to realize gender fair state policies and budget The DPR RI is currently in the legislative process
881,2016-10-26T05:24:55.000Z,TribunNASIONAL Syarifuddin Suding RUU Pemilu Akan Digiring ke Pemilu Sistem Proporsional Tertutup,tribunnasional syarifuddin suding RUU pemilu akan giring ke pemilu sistem proporsional tutup,Tribun Nasional Syarifuddin said the election bill would lead to a closed proportional system election
882,2016-10-26T05:24:27.000Z,NEWS Syarifuddin Suding RUU Pemilu Akan Digiring ke Pemilu Sistem Proporsional Tertutup GaleriBerita,NEWS syarifuddin suding RUU pemilu akan giring ke pemilu sistem proporsional tutup galeriberita,"NEWS Syarifuddin suspects that the election bill will lead to a proportional system election, close galeriberita"
883,2016-10-26T05:24:17.000Z,Surya News Syarifuddin Suding RUU Pemilu Akan Digiring ke Pemilu Sistem Proporsional Tertutup Setiap fraks,surya news syarifuddin suding RUU pemilu akan giring ke pemilu sistem proporsional tutup tiap fraks,Surya News Syarifuddin said the election bill would lead to a proportional system election closing each faction
884,2016-10-26T05:23:43.000Z,Syarifuddin Suding RUU Pemilu Akan Digiring ke Pemilu Sistem Proporsional Tertutup via tribunnews,syarifuddin suding RUU pemilu akan giring ke pemilu sistem proporsional tutup via tribunnews,Syarifuddin suggests that the election bill will lead to a proportional system election close via tribunnews
885,2016-10-26T05:23:34.000Z,TribunNEWS Syarifuddin Suding RUU Pemilu Akan Digiring ke Pemilu Sistem Proporsional Tertutup,tribunnews syarifuddin suding RUU pemilu akan giring ke pemilu sistem proporsional tutup,Tribunnews Syarifuddin said the election bill would lead to a closed proportional system election
886,2016-10-26T05:23:28.000Z,News Syarifuddin Suding RUU Pemilu Akan Digiring ke Pemilu Sistem Proporsional Tertutup Setiap fraksi TU,news syarifuddin suding RUU pemilu akan giring ke pemilu sistem proporsional tutup tiap partai ITU,news Syarifuddin suggests the election bill will lead to a proportional system election closing each ITU party
887,2016-10-26T05:23:23.000Z,tribunnews Syarifuddin Suding RUU Pemilu Akan Digiring ke Pemilu Sistem Proporsional Tertutup Setiap fraks,tribunnews syarifuddin suding RUU pemilu akan giring ke pemilu sistem proporsional tutup tiap fraks,Tribunnews Syarifuddin said the election bill would lead to a proportional system election closing each faction
888,2016-10-26T05:23:11.000Z,Syarifuddin Suding RUU Pemilu Akan Digiring ke Pemilu Sistem Proporsional Tertutup beritanegara,syarifuddin suding RUU pemilu akan giring ke pemilu sistem proporsional tutup beritanegara,"Syarifuddin said that the election bill would lead to a proportional system election, closed Berita Negara"
889,2016-10-26T04:00:56.000Z,Rapat Bersama TVRI RRI Terkait Persiapan Kunjungan Kerja Reses Komisi DPR RI,rapat sama TVRI RRI kait siap kunjung kerja reses komisi DPR RI,meeting with TVRI RRI about being ready to visit the work of the DPR RI commission recess
890,2016-10-26T03:26:26.000Z,Pada masa reses anggota dewan tetap menjalankan tugasnya dengan melakukan kunjungan ke daerah masareses,pada masa reses anggota dewan tetap jalan tugas dengan pelaksanaan kunjung ke daerah masareses,"During the recess period, council members continue to carry out their duties by visiting the area during the recess period"
891,2016-10-26T02:09:12.000Z,Agenda DPR Rabu Pukul WIB Rapat Paripurna DPR Ke Masa Persidangan I Tahun Sidang agendaDPR,agenda DPR rabu pukul WIB rapat paripurna DPR ke masa sidang i tahun sidang agendadpr,"DPR agenda, Wednesday at WIB, DPR plenary meeting for the first session of the year, DPR agenda session"
892,2016-10-26T01:21:30.000Z,Jam sore kita diterima DPR RI audiensi utk percepatan pengesahan UU Perlindungan TKI Mungkin bisa gabung,jam sore kita terima DPR RI audiensi untuk cepat pengesahan UU lindung TKI mungkin dapat gabung,"In the afternoon, we will receive an audience from the DPR RI to quickly ratify the law on protecting migrant workers, perhaps we can join"
893,2016-10-25T19:53:10.000Z,Aher Fasilitasi Pansus Bahas RUU Pemilu Pada Masa Reses Wakil Ketua DPR RI Agus Hermanto yakin keberadaan,aher fasilitas pansus bahas RUU pemilu pada masa reses wakil ketua DPR RI agus hermanto yakin ada,"aher special committee facilities to discuss the election bill during the recess, the deputy chairman of the DPR RI, Agus Hermanto, is sure there is"
894,2016-10-25T19:17:09.000Z,Gedung Nusantara DPR RI Jakarta Johan Tallo Gedung Nusantara DPR RI Jakarta Rabu,gedung nusantara DPR RI jakarta johan tallo gedung nusantara DPR RI jakarta rabu,Indonesian House of Representatives Nusantara Building Jakarta Johan Tallo Indonesian House of Representatives Nusantara Building Jakarta Wednesday
895,2016-10-25T17:10:13.000Z,Bamus DPR Sepakat Bentuk Pansus RUU Pemilu Badan Musyawarah Bamus DPR RI,bamus DPR sepakat bentuk pansus RUU pemilu badan musyawarah bamus DPR RI,"The DPR RI Bamus agreed to form a special committee on the election bill, the DPR RI Bamus deliberative body"
896,2016-10-25T16:51:35.000Z,Bamus DPR Sepakat Bentuk Pansus RUU Pemilu Badan Musyawarah Bamus DPR RI sepakat membentuk panitia khusus,bamus DPR sepakat bentuk pansus RUU pemilu badan musyawarah bamus DPR RI sepakat bentuk panitia khusus,The DPR RI Bamus agrees to form a special committee on the election bill. The DPR RI Bamus deliberative body agrees to form a special committee
897,2016-10-25T16:46:43.000Z,saya mendukung RUU ITE oleh anggota DPR RI tanggal nanti hari jumat harus disahkan untuk pencegahan terrorisme narkoba,saya dukungan RUU ITE oleh anggota DPR RI tanggal nanti hari jumat harus sah untuk cegah terrorisme narkoba,"I support the ITE Bill by members of the Republic of Indonesia's DPR on Friday, it must be legal to prevent drug terrorism"
898,2016-10-25T16:30:55.000Z,Bamus DPR Sepakat Bentuk Pansus RUU Pemilu Badan Musyawarah Bamus DPR RI sepak,bamus DPR sepakat bentuk pansus RUU pemilu badan musyawarah bamus DPR RI sepak,"The DPR RI Bamus agreed to form a special committee on the election bill, the DPR RI BAMUs deliberative body for football"
899,2016-10-25T15:56:08.000Z,JAKARTA Dewan Perwakilan Rakyat DPR sepakat untuk membentuk panitia khusus Pansus guna membahas revisi,JAKARTA dewan wakil rakyat DPR sepakat untuk bentuk panitia khusus pansus penggunaan bahas revisi,"JAKARTA, the DPR's people's representatives have agreed to form a special special committee to discuss revisions"
900,2016-10-25T15:28:54.000Z,Usai Reses DPR akan Bahas Kinerja Bea Cukai,usai reses DPR akan bahas kerja bea cukai,"After the recess, the DPR will discuss customs work"
901,2016-10-25T15:19:25.000Z,Resmi RUU Pemilu Digodok Pansus Pimpinan DPR RI menyelenggarakan rapat Badan Musyawarah Bamus bersama seluruh,resmi RUU pemilu godok pansus kepemimpinan DPR RI penyelenggaraan rapat badan musyawarah bamus sama seluruh,"Officially, the election bill has been discussed by the special committee for the leadership of the Indonesian House of Representatives to hold a meeting of the entire Bamus deliberative body"
902,2016-10-25T14:23:46.000Z,Anggota DPR Sibuk Urus Pilkada Pembahasan RUU Molor,anggota DPR sibuk urus pilkada bahas RUU molor,DPR members are busy taking care of the regional elections discussing the delayed bill
903,2016-10-25T13:52:17.000Z,NewsUpdate RUU APBN Siap Dibawa ke Paripurna Besok DPR RI dan pemerintah menyepakati postur APBN,newsupdate RUU APBN siap bawa ke paripurna besok DPR RI dan pemerintah pakat postur APBN,newsupdate The APBN Bill is ready to be brought to plenary tomorrow. The DPR RI and the government have agreed on a posture for the APBN
904,2016-10-25T13:50:29.000Z,RUU APBN Siap Dibawa ke Paripurna Besok DPR RI dan pemerintah menyepakati postur APBN yang akan di,RUU APBN siap bawa ke paripurna besok DPR RI dan pemerintah pakat postur APBN yang akan di,The APBN Bill is ready to be brought to plenary tomorrow. The DPR RI and the government have agreed on the posture of the APBN that will be drafted
905,2016-10-25T13:49:55.000Z,Agribisnis RUU APBN Siap Dibawa ke Paripurna Besok DPR RI dan pemerintah menyepakati postur APBN,agribisnis RUU APBN siap bawa ke paripurna besok DPR RI dan pemerintah pakat postur APBN,agribusiness The APBN Bill is ready to be brought to plenary tomorrow. The DPR RI and the government have agreed on a posture for the APBN
906,2016-10-25T13:49:29.000Z,RUU APBN Siap Dibawa ke Paripurna Besok DPR RI dan pemerintah menyepakati postur APBN yang akan dibawa ke rapat paripurna,RUU APBN siap bawa ke paripurna besok DPR RI dan pemerintah pakat postur APBN yang akan bawa ke rapat paripurna,The APBN Bill is ready to be brought to plenary tomorrow. The DPR RI and the government have agreed on a posture for the APBN that will be brought to the plenary session
907,2016-10-25T13:44:15.000Z,Infoterkini RUU APBN Siap Dibawa ke Paripurna Besok DPR RI dan pemerintah menyepakati postur APBN,infoterkini RUU APBN siap bawa ke paripurna besok DPR RI dan pemerintah pakat postur APBN,Latest info: The APBN Bill is ready to be brought to plenary tomorrow. The DPR RI and the government have agreed on a posture for the APBN
908,2016-10-25T13:43:10.000Z,IG anggarax_ RUU APBN Siap Dibawa ke Paripurna Besok DPR RI dan pemerintah menyepak FB Tri Yohan,IG anggarax_ RUU APBN siap bawa ke paripurna besok DPR RI dan pemerintah sepak FB tri yohan,IG anggarax_ The APBN Bill is ready to be brought to plenary tomorrow by the DPR RI and the FB Tri Yohan football government
909,2016-10-25T13:42:18.000Z,news RUU APBN Siap Dibawa ke Paripurna Besok DPR RI dan pemerintah menyepakati postur APBN yang a,news RUU APBN siap bawa ke paripurna besok DPR RI dan pemerintah pakat postur APBN yang a,news The APBN Bill is ready to be brought to plenary tomorrow. The DPR RI and the government have agreed on a APBN posture that is a
910,2016-10-25T13:42:18.000Z,teamfolloback RUU APBN Siap Dibawa ke Paripurna Besok DPR RI dan pemerintah menyepakati postur APBN,teamfolloback RUU APBN siap bawa ke paripurna besok DPR RI dan pemerintah pakat postur APBN,teamfollowback The APBN Bill is ready to be brought to plenary tomorrow. The DPR RI and the government have agreed on a posture for the APBN
911,2016-10-25T13:41:22.000Z,News RUU APBN Siap Dibawa ke Paripurna Besok DPR RI dan pemerintah menyepakati postur APBN y TU,news RUU APBN siap bawa ke paripurna besok DPR RI dan pemerintah pakat postur APBN ya ITU,"news The APBN Bill is ready to be brought to plenary tomorrow. The DPR RI and the government have agreed on a posture for the APBN, OK?"
912,2016-10-25T13:39:35.000Z,detikcom RUU APBN Siap Dibawa ke Paripurna Besok DPR RI dan pemerintah menyepakati postur APBN ya,detikcom RUU APBN siap bawa ke paripurna besok DPR RI dan pemerintah pakat postur APBN ya,detikcom The APBN Bill is ready to be brought to plenary tomorrow. The DPR RI and the government have agreed on a posture for the APBN
913,2016-10-25T10:20:22.000Z,Agus Hermanto Bamus Sepakat RUU Pemilu Dibahas Pansus DPR RI,agus hermanto bamus sepakat RUU pemilu bahas pansus DPR RI,Agus Hermanto Bamus agrees that the election bill will be discussed by the DPR RI special committee
914,2016-10-25T08:58:47.000Z,Wakil Ketua Baleg DPR Firman Soebagyo Baleg DPR Minta Pembahasan RUU diselesaikan dalam Kali Masa Persidangan,wakil ketua baleg DPR firman soebagyo baleg DPR minta bahas RUU selesai dalam kali masa sidang,"The deputy chairman of the DPR baleg, Firman Soebagyo, the DPR legislative council, asked that the discussion of the bill be completed within the session period"
915,2016-10-25T07:34:58.000Z,Penyebab Lambannya Pengesahan RUU PPTKILN Menurut PKS Riyadh,sebab lamban pengesahan RUU PPTKILN turut PKS riyadh,because of the slow ratification of the PPTKILN Bill by PKS Riyadh
916,2016-10-25T07:31:35.000Z,Pansus RUU Wawasan Nusantara Pertimbangkan Masukan Lemhanas,pansus RUU wawas nusantara timbang masuk lemhanas,The special committee on the Indonesian Wawas Archipelago Bill is weighing whether it will be included in Lemhanas
917,2016-10-25T07:24:10.000Z,Pansus RUU Wasantara Pertimbangkan Masukan Lemhanas Panitia Khusus Pansus Rancangan Undang Undang RUU Wa,pansus RUU wasantara timbang masuk lemhanas panitia khusus pansus rancangan undang undang RUU wa,"The special committee on the Wasantara Bill is considering entering the Lemhanas special committee, the special committee on drafting the WA Bill"
918,2016-10-25T07:21:47.000Z,Pansus RUU Wasantara Pertimbangkan Masukan Lemhanas,pansus RUU wasantara timbang masuk lemhanas,The special committee on the Wasantara bill weighs in on National Defense Council
919,2016-10-25T07:20:16.000Z,TribunNASIONAL Pansus RUU Wasantara Pertimbangkan Masukan Lemhanas,tribunnasional pansus RUU wasantara timbang masuk lemhanas,National tribunal special committee on Wasantara bill weighs in at Lemhanas
920,2016-10-25T07:19:46.000Z,NEWS Pansus RUU Wasantara Pertimbangkan Masukan Lemhanas GaleriBerita,NEWS pansus RUU wasantara timbang masuk lemhanas galeriberita,NEWS The special committee on the Wasantara Bill weighs in on Lemhanas Galeriberita
921,2016-10-25T07:19:33.000Z,Surya News Pansus RUU Wasantara Pertimbangkan Masukan Lemhanas Panitia Khusus Pansus Rancangan Undang Und,surya news pansus RUU wasantara timbang masuk lemhanas panitia khusus pansus rancangan undang und,surya news special committee on wasantara bill weighs in to lemhanas special committee special committee on draft law und
922,2016-10-25T07:18:54.000Z,Pansus RUU Wasantara Pertimbangkan Masukan Lemhanas via tribunnews,pansus RUU wasantara timbang masuk lemhanas via tribunnews,The special committee on the Wasantara bill weighs in on Lemhanas via Tribunnews
923,2016-10-25T07:18:44.000Z,TribunNEWS Pansus RUU Wasantara Pertimbangkan Masukan Lemhanas,tribunnews pansus RUU wasantara timbang masuk lemhanas,tribunnews special committee on wasantara bill weighing in to lemhanas
924,2016-10-25T07:18:38.000Z,News Pansus RUU Wasantara Pertimbangkan Masukan Lemhanas Panitia Khusus Pansus Rancangan Undang Unda TU,news pansus RUU wasantara timbang masuk lemhanas panitia khusus pansus rancangan undang unda ITU,news The special committee on the Wasantara bill is being weighed in by the special committee of the special committee on the ITU draft law
925,2016-10-25T07:18:31.000Z,tribunnews Pansus RUU Wasantara Pertimbangkan Masukan Lemhanas Panitia Khusus Pansus Rancangan Undang Und,tribunnews pansus RUU wasantara timbang masuk lemhanas panitia khusus pansus rancangan undang und,tribunnews special committee on draft wasantara bill weighs in lemhanas special committee special committee on draft law und
926,2016-10-25T07:18:19.000Z,Pansus RUU Wasantara Pertimbangkan Masukan Lemhanas beritanegara,pansus RUU wasantara timbang masuk lemhanas beritanegara,The special committee on the Wasantara bill is considering entering the National News Lemhanas
927,2016-10-25T07:17:40.000Z,Tribun Pansus RUU Wasantara Pertimbangkan Masukan Lemhanas Panitia Khusus Pansus Rancangan NewsToday,tribun pansus RUU wasantara timbang masuk lemhanas panitia khusus pansus rancangan newstoday,special committee tribune Wasantara bill weighs in to lemhanas special committee draft newstoday
928,2016-10-25T07:17:40.000Z,Tribun Pansus RUU Wasantara Pertimbangkan Masukan Lemhanas NewsToday DKK,tribun pansus RUU wasantara timbang masuk lemhanas newstoday DKK,The special committee tribune considers the Wasantara bill to be included in Lemhanas newstoday DKK
929,2016-10-25T07:13:04.000Z,Baleg DPR Rapat Harmonisasi RUU tentang Kekerasan Seksual dan RUU tentang Perkelapasawitan DPRLive,baleg DPR rapat harmonisasi RUU tentang keras seksual dan RUU tentang perkelapasawitan dprlive,"DPR Baleg meets to harmonize the bill on sexual violence and the bill on palm oil, DPRlive"
930,2016-10-25T06:45:44.000Z,Forum Legislasi di Media Center DPR RI membahas tentang RUU BUMN dan PMN DPRLive,forum legislasi di media center DPR RI bahas tentang RUU BUMN dan PMN dprlive,Legislative forum at the DPR RI media center discussing the BUMN and PMN Bill dprlive
931,2016-10-25T06:28:12.000Z,Anggota DPR Sibuk Urus Pilkada Pembahasan RUU Molor via,anggota DPR sibuk urus pilkada bahas RUU molor via,DPR members are busy taking care of the regional elections discussing the bill which is delayed via
932,2016-10-25T04:41:34.000Z,Banggar DPR raker dengan Menteri Keuangan Menteri PPN Bappenas MenkumHAM Gub BI terkait Pembicaraan Tk I RUU APBN TA DPRLive,banggar DPR raker dengan menteri uang menteri PPN bappenas menkumham gub BI kait bicara tak i RUU APBN TA dprlive,"DPR members work together with the Minister of Money, Minister of National Development Planning, Bappenas, Minister of Law and Human Rights, Governor of BI, whether to talk or not about the TA APBN Bill, DPRLive"
933,2016-10-25T02:34:53.000Z,DPR Sahkan RUU ITE Pekan Depan JAKARTA Komisi I Dewan Perwakilan Rakyat DPR sepakat meloloskan Rancangan,DPR sahkan RUU ITE pekan depan JAKARTA komisi i dewan wakil rakyat DPR sepakat lolos rancangan,DPR approves ITE Bill next week JAKARTA commission i of the DPR's people's representatives agreed to pass the draft
934,2016-10-25T02:00:18.000Z,Agenda DPR Selasa Pukul WIB Baleg DPR Rapat Harmonisasi RUU Kekerasan Seksual RUU Perkelapasawitan agendaDPR,agenda DPR selasa pukul WIB baleg DPR rapat harmonisasi RUU keras seksual RUU perkelapasawitan agendadpr,"DPR agenda, Tuesday at WIB, DPR legislative council meeting on harmonization of the tough sexual bill, palm oil bill, DPR agenda"
935,2016-10-25T01:00:41.000Z,Anggota DPR Sibuk Pilkada Pembahasan RUU Molor,anggota DPR sibuk pilkada bahas RUU molor,DPR members are busy in regional elections discussing the delayed bill
936,2016-10-25T00:58:57.000Z,Faktor Kedisiplinan Anggota DPR dan pemerintah dalam pembahasan RUU Baik disiplin dalam waktu maupun substansi RUU Prolegnas,faktor disiplin anggota DPR dan pemerintah dalam bahas RUU baik disiplin dalam waktu maupun substansi RUU prolegnas,"The discipline factor of members of the DPR and the government in discussing the bill, both discipline in the timing and substance of the National Legislation Bill"
937,2016-10-24T14:15:04.000Z,Okky anggaran kesehatan telah sesuai amanat undang undang Anggota Komisi IX DPR RI Okky Asokawati mengemuka,okky anggaran sehat telah sesuai amanat undang undang anggota komisi IX DPR RI okky asokawati muka,"Okky, the healthy budget is in accordance with the mandate of the law, member of Commission IX of the Indonesian House of Representatives, Okky Asokawati Muka"
938,2016-10-24T14:12:33.000Z,infoSehat Okky anggaran kesehatan telah sesuai amanat undang undang Anggota Komisi IX DPR RI Ok Mojokerto,infosehat okky anggaran sehat telah sesuai amanat undang undang anggota komisi IX DPR RI ok mojokerto,infosehat okky healthy budget is in accordance with the mandate of the law of members of Commission IX DPR RI ok mojokerto
939,2016-10-24T13:54:43.000Z,Anggota Komisi IX DPR RI Okky Asokawati mengemukakan alokasi anggaran kesehatan di era Pemerintahan Presiden,anggota komisi IX DPR RI okky asokawati muka alokasi anggaran sehat di era pemerintah presiden,Member of Commission IX DPR RI Okky Asokawati faces healthy budget allocations in the era of the presidential government
940,2016-10-24T13:54:24.000Z,AntaraNews Okky anggaran kesehatan telah sesuai amanat undang undang Anggota Komisi IX DPR RI Okky Asokawa,antaranews okky anggaran sehat telah sesuai amanat undang undang anggota komisi IX DPR RI okky asokawa,"Antaranews Okky Healthy Budget is in accordance with the mandate of the law, member of Commission IX DPR RI Okky Asokawa"
941,2016-10-24T13:53:46.000Z,VenzTime Anggota Komisi IX DPR RI Okky Asokawati mengemukakan alokasi anggaran kesehatan di era Pemerintaha,venztime anggota komisi IX DPR RI okky asokawati muka alokasi anggaran sehat di era pemerintaha,Venztime member of Commission IX DPR RI Okky Asokawati faces healthy budget allocations in the era of government
942,2016-10-24T13:52:43.000Z,Okky anggaran kesehatan telah sesuai amanat undang undang Anggota Komisi IX DPR RI Okky Asokawati mengemukakan,okky anggaran sehat telah sesuai amanat undang undang anggota komisi IX DPR RI okky asokawati muka,"Okky, the healthy budget is in accordance with the mandate of the law, member of Commission IX of the Indonesian House of Representatives, Okky Asokawati Muka"
943,2016-10-24T13:46:33.000Z,Okky anggaran kesehatan telah sesuai amanat undang undang Anggota Komisi IX DPR RI Okky Asokawati mengemukak,okky anggaran sehat telah sesuai amanat undang undang anggota komisi IX DPR RI okky asokawati mengemukak,"Okky, the healthy budget is in accordance with the mandate of the law, member of Commission IX of the Indonesian House of Representatives, Okky Asokawati, said"
944,2016-10-24T12:29:08.000Z,Ketidakhadiran Anggota DPR Sebabkan RUU Prolegnas Terancam Gagal Dibahas nusantaranews,ketidakhadiran anggota DPR sebab RUU prolegnas ancam gagal bahas nusantaranews,DPR members are absent because the National Legislation Bill threatens to fail to be discussed nusantaranews
945,2016-10-24T11:32:55.000Z,Anggota DPR Sibuk Urus Pilkada Pembahasan RUU Molor Indonesia,anggota DPR sibuk urus pilkada bahas RUU molor indonesia,DPR members are busy dealing with regional elections discussing Indonesia's delayed bill
946,2016-10-24T11:23:21.000Z,Penyampaian laporan kegiatan Pansus RUU Tindak Terorime di Badan Legislasi DPR RI,sampai lapor giat pansus RUU tindakan terorime di badan legislasi DPR RI,to actively report to the special committee on the bill on terrorist acts in the DPR RI legislative body
947,2016-10-24T11:16:12.000Z,Anggota DPR Sibuk Urus Pilkada Pembahasan RUU Molor Ada RUU yang sudah molor dari batas waktu pembahas,anggota DPR sibuk urus pilkada bahas RUU molor ada RUU yang sudah molor dari batas waktu bahas,"DPR members are busy taking care of the regional elections, discussing bills that have been delayed, and there are bills that have been delayed by the deadline for discussion"
948,2016-10-24T11:05:32.000Z,Anggota DPR Sibuk Urus Pilkada Pembahasan RUU Molor Detikcom,anggota DPR sibuk urus pilkada bahas RUU molor detikcom,DPR members are busy taking care of the regional elections discussing the draft bill which is delayed detikcom
949,2016-10-24T11:05:26.000Z,Anggota DPR Sibuk Urus Pilkada Pembahasan RUU Molor Ada RUU yang sudah molor dari batas waktu pembahasa,anggota DPR sibuk urus pilkada bahas RUU molor ada RUU yang sudah molor dari batas waktu bahasa,"DPR members are busy taking care of the regional elections, discussing bills that have been delayed, there are bills that have been delayed by the language deadline"
950,2016-10-24T11:05:13.000Z,Anggota DPR Sibuk Urus Pilkada Pembahasan RUU Molor Ada RUU yang sudah molor dari batas waktu p tzetta,anggota DPR sibuk urus pilkada bahas RUU molor ada RUU yang sudah molor dari batas waktu p tzetta,DPR members are busy taking care of the regional elections discussing bills that are delayed. There are bills that have been delayed from the deadline for p tzetta
951,2016-10-24T11:01:55.000Z,Anggota DPR Sibuk Urus Pilkada Pembahasan RUU Molor Ada RUU yang sudah molor dari batas waktu pembahasan,anggota DPR sibuk urus pilkada bahas RUU molor ada RUU yang sudah molor dari batas waktu bahas,"DPR members are busy taking care of the regional elections, discussing bills that have been delayed, and there are bills that have been delayed by the deadline for discussion"
952,2016-10-24T11:00:42.000Z,Anggota DPR Sibuk Urus Pilkada Pembahasan RUU Molor Ada RUU yang sudah molor dari batas BeritaTerbaru,anggota DPR sibuk urus pilkada bahas RUU molor ada RUU yang sudah molor dari batas beritaterbaru,"DPR members are busy taking care of the regional elections, discussing bills that have been delayed, there are bills that have been delayed from the latest news deadline"
953,2016-10-24T11:00:41.000Z,BeritaNasional Anggota DPR Sibuk Urus Pilkada Pembahasan RUU Molor Ada RUU yang sudah molor dari batas,beritanasional anggota DPR sibuk urus pilkada bahas RUU molor ada RUU yang sudah molor dari batas,"National News DPR members are busy taking care of the regional elections, discussing bills that are delayed, there are bills that have been delayed beyond the deadline"
954,2016-10-24T11:00:16.000Z,INFO Anggota DPR Sibuk Urus Pilkada Pembahasan RUU Molor Ada RUU yang sudah molor dari batas waktu pem,INFO anggota DPR sibuk urus pilkada bahas RUU molor ada RUU yang sudah molor dari batas waktu pem,"INFO DPR members are busy taking care of the regional elections, discussing bills that are delayed, there are bills that have been delayed by the government's deadline"
955,2016-10-24T11:00:14.000Z,Ada RUU yang sudah molor dari batas waktu pembahasan di DPR Salah satu alasan yang dikemukakan adalah karena banyak anggota DPR ya,ada RUU yang sudah molor dari batas waktu bahas di DPR salah satu alas yang muka adalah karena banyak anggota DPR ya,There are bills that have been delayed from the deadline for discussion in the DPR. One of the reasons for this is because there are many members of the DPR
956,2016-10-24T09:57:06.000Z,Sutrisno Pangaribuan Ambil Palu Pimpinan Sidang Rapat Paripurna DPRD Sumut Ricuh!,sutrisno pangaribuan ambil palu kepemimpinan sidang rapat paripurna DPRD sumut ricuh !,Sutrisno Pangaribuan takes leadership gavel. North Sumatra DPRD plenary session is chaotic!
957,2016-10-24T09:46:54.000Z,PEKANBARU Ruang Rapat Paripurna Dewan Perwakilan Rakyat Daerah DPRD Riau sudah dipadati ribuan pasang mat,PEKANBARU ruang rapat paripurna dewan wakil rakyat daerah DPRD riau sudah padat ribu pasang mat,"PEKANBARU, the plenary meeting room of the regional people's representative council of the Riau DPRD is already packed with thousands of pairs of mats"
958,2016-10-24T06:43:06.000Z,Acara reses Partai PKB di kemang selatan bersama anggota DPR PKB pusa,acara reses partai PKB di kemang selatan sama anggota DPR PKB pusa,PKB party recess event in South Kemang with PKB Pusa DPR members
959,2016-10-24T04:07:49.000Z,Tetap semangat bang tetap jadi wakil rakyat Teladan MariBerbenah,tetap semangat bang tetap jadi wakil rakyat teladan mariberbenah,"Keep up the enthusiasm, bro, and continue to be an exemplary representative of the people, let's improve"
960,2016-10-24T03:56:27.000Z,DPR Pede Pembahasan RUU Pemilu Berlangsung Cepat DPR RI pede bisa menyelesaikan pembahasan RUU Pemilu secara cepat,DPR percaya diri bahas RUU pemilu langsung cepat DPR RI percaya diri dapat selesai bahas RUU pemilu cara cepat,DPR is confident in discussing the fast direct election bill. The Republic of Indonesia's DPR is confident that it can finish discussing the fast direct election bill
961,2016-10-24T03:55:32.000Z,DPR RI pede bisa menyelesaikan pembahasan RUU Pemilu secara cepat,DPR RI percaya diri dapat selesai bahas RUU pemilu cara cepat,The DPR RI is confident that it can finish discussing the election bill quickly
962,2016-10-24T03:55:12.000Z,news DPR Pede Pembahasan RUU Pemilu Berlangsung Cepat DPR RI pede bisa menyelesaikan pembahasan RUU Pemilu,news DPR percaya diri bahas RUU pemilu langsung cepat DPR RI percaya diri dapat selesai bahas RUU pemilu,news DPR is confident to discuss the election bill quickly. The Republic of Indonesia's DPR is confident that it can finish discussing the election bill
963,2016-10-24T03:55:10.000Z,News DPR Pede Pembahasan RUU Pemilu Berlangsung Cepat DPR RI pede bisa menyelesaikan pembahasan RUU Pemilu,news DPR percaya diri bahas RUU pemilu langsung cepat DPR RI percaya diri dapat selesai bahas RUU pemilu,news DPR is confident to discuss the election bill quickly. The Republic of Indonesia's DPR is confident that it can finish discussing the election bill
964,2016-10-24T03:55:03.000Z,mexC DPR Pede Pembahasan RUU Pemilu Berlangsung Cepat DPR RI pede bisa menyelesaika t co macau_meximas,mexc DPR percaya diri bahas RUU pemilu langsung cepat DPR RI percaya diri dapat menyelesaika t cowok macau_meximas,mexc DPR is confident to discuss bill on fast direct elections RI DPR is confident that it can complete t macau guy_meximas
965,2016-10-24T03:32:48.000Z,DPR Janji Respon Cepat Draf RUU Pemilu Yang Dikirim Pemerintah Wakil Ketua DPR RI Taufik Kurniawan menyambut baik,DPR janji respon cepat draf RUU pemilu yang kirim pemerintah wakil ketua DPR RI taufik kurniawan sambut baik,"The DPR promises a quick response to the draft election bill that the government sent, the deputy chairman of the DPR RI, Taufik Kurniawan, welcomed it"
966,2016-10-23T05:47:58.000Z,Tgl Okt lalu Pemerintah mengajukan Draft RUU ttg Penyelenggaraan Pemilihan Umum ke DPR RI Pemilu Parpol Kecil Bubar,tanggal okt lalu pemerintah aju draft RUU tentang penyelenggaraan pilih umum ke DPR RI pemilu parpol kecil bubar,"Last October, the government submitted a draft bill on holding general elections to the DPR RI. The election for small political parties was dissolved"
967,2016-10-22T22:49:18.000Z,Komisi VII akan melakukan sinkronisasi terlebih dulu,komisi VII akan pelaksanaan sinkronisasi lebih dulu,Commission VII will carry out the synchronization first
968,2016-10-22T13:43:34.000Z,Di RUU baru deradikalisasi sebaiknya diganti jadi disengagement,di RUU baru deradikalisasi baik ganti jadi disengagement,"In the new bill, good deradicalization is changed to disengagement"
969,2016-10-22T12:45:24.000Z,NU Dorong RUU Teroris Segera Dirampungkan,NU dorong RUU teroris segera rampung,NU pushes for immediate completion of terrorist bill
970,2016-10-22T10:22:23.000Z,Revisi RUU ITE Disepakati Oleh Fraksi Komisi DPR RI Ke Rapat Paripurna,revisi RUU ITE pakat oleh partai komisi DPR RI ke rapat paripurna,DPR RI commission parties agreed to revise the ITE Bill at the plenary session
971,2016-10-22T04:02:35.000Z,kenapa skg kalian bnyak diam terlalu byk kebijakan pmrth yg tdk lewati pertimbangan kalain DisfungsiWakilRakyat,kenapa sekarang kalian banyak diam terlalu banyak kebijakan pmrth yang tidak lewat timbang kalain disfungsiwakilrakyat,Why are you so silent now? There are too many PMRT policies that don't take into account when it comes to dysfunction of people's representatives
972,2016-10-22T03:46:42.000Z,jitunews Agus Hermanto Benarkan Draft RUU Pemilu Telah Diterima DPR Wakil Ketua DPR RI Agus beritapangan,jitunews agus hermanto benar draft RUU pemilu telah terima DPR wakil ketua DPR RI agus beritapangan,"jitunews Agus Hermanto is correct that the draft election bill has been received by the DPR, Deputy Chairman of the DPR RI, Agus Beritapangan"
973,2016-10-22T03:46:32.000Z,jitunews Agus Hermanto Benarkan Draft RUU Pemilu Telah Diterima DPR Wakil Ketua DPR RI Ag beritalifestyle,jitunews agus hermanto benar draft RUU pemilu telah terima DPR wakil ketua DPR RI ag beritalifestyle,"jitunews Agus Hermanto is correct that the draft election bill has been received by the DPR, the deputy chairman of the DPR RI, ag Beritalifestyle"
974,2016-10-22T00:14:26.000Z,LIVE! Anggota Komisi III yg jg Ketua Pansus RUU Terorisme M Syafii bicara DPR RI sepakat libatkan TNI dlm pemberantasan Terorisme,LIVE ! anggota komisi II yang juga ketua pansus RUU terorisme sama syafii bicara DPR RI sepakat libat TNI dalam berantas terorisme,"LIVE! Member of Commission II who is also chairman of the special committee on the terrorism bill and Syafii, speaking at the Indonesian House of Representatives, agreed to involve the TNI in eradicating terrorism."
975,2016-10-21T22:13:40.000Z,DPR Sudah Terima Draf RUU Pemilu Wakil Ketua DPR RI Agus Hermanto mengatakan bahwa pihaknya sudah menerima,DPR sudah terima draf RUU pemilu wakil ketua DPR RI agus hermanto kata bahwa pihak sudah terima,"The DPR has received the draft bill for the election of the deputy chairman of the Indonesian DPR, Agus Hermanto, said that the party has accepted it"
976,2016-10-21T21:30:06.000Z,DPR Sudah Terima Draf RUU Pemilu Wakil Ketua DPR RI Agus Hermanto mengatakan infoTribun,DPR sudah terima draf RUU pemilu wakil ketua DPR RI agus hermanto kata infotribun,"The DPR has received the draft bill on the election of the deputy chairman of the DPR RI, Agus Hermanto, said Infotribun"
977,2016-10-21T20:39:16.000Z,Tribun DPR Sudah Terima Draf RUU Pemilu Wakil Ketua DPR RI Agus Hermanto mengatakan bahwa pihaknya NewsToday,tribun DPR sudah terima draf RUU pemilu wakil ketua DPR RI agus hermanto kata bahwa pihak newstoday,"The DPR tribune has received the draft bill on the election of the deputy chairman of the DPR RI, Agus Hermanto, said that newstoday"
978,2016-10-21T20:11:37.000Z,KTweets Pembahasan RUU Penyandang Disabilitas Berjalan Lambat di DPR RI RUUDisabilitas,ktweets bahas RUU sandang disabilitas jalan lambat di DPR RI ruudisabilitas,ktweets discussing the disability clothing bill is progressing slowly in the DPR RI regarding disability
979,2016-10-21T14:59:53.000Z,DPR terima draf RUU Pemilu Wakil Ketua Dewan Perwakilan Rakyat Agus Hermanto mengatakan lembaga ini telah me,DPR terima draf RUU pemilu wakil ketua dewan wakil rakyat agus hermanto kata lembaga ini telah me,"The DPR received the draft bill on the election of the deputy chairman of the People's Representative Council, Agus Hermanto, who said this institution had..."
980,2016-10-21T14:37:42.000Z,Ada halaman lebih RUU Tentang Penyelenggaraan Pemilihan Umum yg diserahkan oleh presiden ke,ada halaman lebih RUU tentang penyelenggaraan pilih umum yang serah oleh presiden ke,there are more pages of the bill on holding general elections which the president handed over to
981,2016-10-21T14:31:10.000Z,DPR Terima Draf RUU Pemilu Wakil Ketua Dewan Perwakilan Rakyat Agus Hermanto me Info,DPR terima draf RUU pemilu wakil ketua dewan wakil rakyat agus hermanto me info,"The DPR received the draft bill on the election of the deputy chairman of the People's Representative Council, Agus Hermanto Me Info"
982,2016-10-21T13:04:47.000Z,Knp para wakil rakyat diam saja? Mana tanggung jwb mrk yg tlh dipilh rakyat u mewakili menyuarakn aspirasi rakyat,kenapa para wakil rakyat diam saja ? mana pertanggungjawaban jawab mereka yang tlh dipilh rakyat kamu wakil menyuarakn aspirasi rakyat,"Why are the people's representatives silent? where are the responsibilities of those who have been elected by the people, you are the representative to voice the aspirations of the people"
983,2016-10-21T13:01:33.000Z,DPR terima draf RUU Pemilu Wakil Ketua Dewan Perwakilan Rakyat Agus Hermanto mengatakan lembaga ini telah menerima,DPR terima draf RUU pemilu wakil ketua dewan wakil rakyat agus hermanto kata lembaga ini telah terima,"The DPR received the draft bill on the election of the deputy chairman of the People's Representative Council, Agus Hermanto, said this institution had received it"
984,2016-10-21T12:45:17.000Z,Anggota DPR Minta Pemerintah Perkuat Kebijakan Ekonomi,anggota DPR minta pemerintah kuat kebijakan ekonomi,DPR members ask the government to strengthen economic policies
985,2016-10-21T12:36:35.000Z,Ambang batas atau parliamentary threshold dlm RUU Pemilu baru ini adalah dan hanya utk DPR RI tidak berlaku utk DPRD,ambang batas atau parliamentary threshold dalam RUU pemilu baru ini adalah dan hanya untuk DPR RI tidak pelaksanaan untuk DPRD,The threshold or parliamentary threshold in this new election bill is and is only for the DPR RI and is not implemented for the DPRD
986,2016-10-21T11:55:43.000Z,Telah disahkan UU Persetujuan Paris pada Senin Oktober melalui Rapat Paripurna DPR RI Sila diunduh,telah sah UU tuju paris pada senin oktober lalu rapat paripurna DPR RI sila unduh,"The law on going to Paris was passed on Monday October at the DPR RI plenary session, please download it"
987,2016-10-21T11:26:01.000Z,hny bs protes dan mengejek kebijakan appun yg dilakukan dan pdhaldia sndr g jls apa kelebihannya sbg,hanya dapat protesan dan ejek kebijakan appun yang pelaksanaan dan pdhaldia sendiri tidak jls apa lebih bagai,can only protest and ridicule any policy that is being implemented and even though he himself is not doing anything better
988,2016-10-21T08:44:35.000Z,News Revisi UU ITE Disepakati ke Rapat Paripurna RUU Revisi UU ITE disetujui oleh Fraksi Komisi DPR RI TU,news revisi UU ITE pakat ke rapat paripurna RUU revisi UU ITE tuju oleh partai komisi DPR RI ITU,news revision of the ITE Law agreed to the plenary session The bill for the revision of the ITE Law was sent by the DPR RI ITU commission party
989,2016-10-21T08:44:30.000Z,Revisi UU ITE Disepakati ke Rapat Paripurna RUU Revisi UU ITE disetujui oleh Fraksi Komisi DPR RI,revisi UU ITE pakat ke rapat paripurna RUU revisi UU ITE tuju oleh partai komisi DPR RI,revision of the ITE Law agreed to the plenary session. The bill for the revision of the ITE Law was sent by the DPR RI commission party
990,2016-10-21T08:44:14.000Z,News Revisi UU ITE Disepakati ke Rapat Paripurna RUU Revisi UU ITE disetujui oleh Fraksi Komisi DPR RI,news revisi UU ITE pakat ke rapat paripurna RUU revisi UU ITE tuju oleh partai komisi DPR RI,news revision of the ITE Law agreed to the plenary session The draft bill for the revision of the ITE Law was sent by the DPR RI commission parties
991,2016-10-21T01:41:59.000Z,Topik Kebijakan Satu Harga Bahan Bakar Minyak BBM Now perbincangan bersama Anggota Komisi VII DPR Ri,topik kebijakan satu harga bahan bakar minyak BBM now bincang sama anggota komisi VII DPR ri,The topic of the policy of one fuel price is now discussed with members of Commission VII DPR RI
992,2016-10-20T23:59:18.000Z,Radio ANDIKA Rancangan Undang Undang Pemilu RUU Pemilu akan segera dibahas di Dewan Perwakilan Rakyat,radio ANDIKA rancangan undang undang pemilu RUU pemilu akan segera bahas di dewan wakil rakyat,ANDIKA radio draft election law The election bill will soon be discussed in the people's representative council
993,2016-10-20T14:32:58.000Z,DPR minta pemerintah segera serahkan draf RUU Pemilu Wakil Ketua DPR RI Agus Hermanto mendorong pemerintah s,DPR minta pemerintah segera serah draf RUU pemilu wakil ketua DPR RI agus hermanto dorong pemerintah si,"The DPR asked the government to immediately hand over the draft bill for the election of the deputy chairman of the Indonesian DPR, Agus Hermanto, to encourage the government"
994,2016-10-20T14:32:02.000Z,BKD Diharapkan Perkuat DPR Hasilkan Kebijakan Berbasis Akademis,BKD harap kuat DPR hasil kebijakan bas akademis,BKD hopes that the DPR will be strong in the results of the academic bass policy
995,2016-10-20T14:19:04.000Z,Pansus DPR Setujui RUU Merek dan Indikasi Geografis,pansus DPR tuju RUU merek dan indikasi geografis,DPR special committee aims to draft bill on brands and geographical indications
996,2016-10-20T12:03:39.000Z,Paket SABU SemuA Butuh Uang! Paket Kebijakan Ekonomi Dinilai Belum Efektif,paket SABU semua butuh uang ! paket kebijakan ekonomi nilai belum efektif,SABU packages all need money! the value economic policy package has not been effective
997,2016-10-20T11:05:25.000Z,Country risk! Segera Sidang Istimewa VIDEO Ribuan Mahasiswa Protes Kebijakan Jokowi,country risk ! segera sidang istimewa VIDEO ribu mahasiswa protesan kebijakan jokowi,country risk! VIDEO special session of thousands of students protesting Jokowi's policies soon
998,2016-10-20T10:51:14.000Z,Puji Tuhan! Tinggal satu tahap di Rapat Paripurna utk menjadi UU Perubahan UU ITE Terima kasih Komisi !,puji tuhan ! tinggal satu tahap di rapat paripurna untuk jadi UU ubah UU ITE terima kasih komisi !,"Praise the Lord ! There is only one stage left in the plenary session to become a law to amend the ITE Law, thank you commission!"
999,2016-10-20T10:47:30.000Z,DPR minta pemerintah segera serahkan draf RUU Pemilu Wakil Ketua DPR RI Agus Hermanto mendorong pemerintah se,DPR minta pemerintah segera serah draf RUU pemilu wakil ketua DPR RI agus hermanto dorong pemerintah se,"The DPR asks the government to immediately hand over the draft bill for the election of the deputy chairman of the DPR RI, Agus Hermanto encourages the government se"
1000,2016-10-20T10:21:43.000Z,Pengesahan RUU tentang Perubahan atas UU No Tahun tentang I T E,pengesahan RUU tentang ubah atas UU no tahun tentang i t e,ratification of the Bill on amendments to Law no year concerning i t e
1001,2016-10-20T10:10:38.000Z,DPR minta pemerintah segera serahkan draf RUU Pemilu Wakil Ketua DPR RI Agus Hermanto mendorong pemerintah segera,DPR minta pemerintah segera serah draf RUU pemilu wakil ketua DPR RI agus hermanto dorong pemerintah segera,"The DPR asks the government to immediately hand over the draft bill for the election of the Deputy Speaker of the DPR RI, Agus Hermanto urges the government to immediately"
1002,2016-10-20T10:04:48.000Z,TyoNews DPR minta pemerintah segera serahkan draf RUU Pemilu Wakil Ketua DPR RI Agus Hermanto mendoro News,tyonews DPR minta pemerintah segera serah draf RUU pemilu wakil ketua DPR RI agus hermanto mendoro news,"tyonews The DPR asks the government to immediately hand over the draft bill for the election of the Deputy Speaker of the DPR RI, Agus Hermanto Mendoro News"
1003,2016-10-20T10:03:32.000Z,Wakil Ketua DPR RI Agus Hermanto mendorong pemerintah segera menyerahkan draf Rancangan Undang Undang RUU P,wakil ketua DPR RI agus hermanto dorong pemerintah segera serah draf rancangan undang undang RUU p,"Deputy Chairman of the Indonesian House of Representatives, Agus Hermanto, urges the government to immediately submit the draft law, Bill p"
1004,2016-10-20T10:01:39.000Z,DPR minta pemerintah segera serahkan draf RUU Pemilu Wakil Ketua DPR RI Agus Hermanto mendorong pemerinta RT,DPR minta pemerintah segera serah draf RUU pemilu wakil ketua DPR RI agus hermanto dorong pemerinta RT,"The DPR asked the government to immediately hand over the draft bill for the election of the deputy chairman of the Indonesian DPR, Agus Hermanto, to encourage the RT government"
1005,2016-10-20T10:01:37.000Z,antaranews DPR minta pemerintah segera serahkan draf RUU Pemilu Wakil Ketua DPR RI Agus Hermanto mendorong,antaranews DPR minta pemerintah segera serah draf RUU pemilu wakil ketua DPR RI agus hermanto dorong,"Antaranews The DPR asked the government to immediately hand over the draft bill for the election of the Deputy Speaker of the Indonesian DPR, Agus Hermanto, to push"
1006,2016-10-20T09:55:52.000Z,seharusnya anggota dewan wakil rakyat mendengar dan memperjuangkan aspirasi rakyat,harus anggota dewan wakil rakyat dengar dan juang aspirasi rakyat,members of the people's representative council must listen to and fight for the aspirations of the people
1007,2016-10-20T09:23:02.000Z,Menteri menandatangani naskah RUU Revisi UU ITE di Raker Komisi sore ini Kamis,menteri menandatangani naskah RUU revisi UU ITE di raker komisi sore ini kamis,"The minister signed the draft bill for the revision of the ITE Law at the commission meeting this afternoon, Thursday"
1008,2016-10-20T09:18:37.000Z,Menteri baru sj menyampaikan Tanggapan Akhir Pemerintah atas RUU Revisi UU ITE di Raker Komisi,menteri baru saja sampai tanggap akhir pemerintah atas RUU revisi UU ITE di raker komisi,The minister has just arrived at the government's final response to the draft revision of the ITE Law at the commission meeting
1009,2016-10-20T09:06:54.000Z,Dgn demikian Fraksi menyetujui menerima naskah final RUU Revisi UU ITE akan dibawa ke Rapat Paripurna,dengan demikian partai tuju terima naskah final RUU revisi UU ITE akan bawa ke rapat paripurna,"In this way, the party will receive the final draft of the bill for the revision of the ITE Law and will take it to the plenary session"
1010,2016-10-20T09:05:26.000Z,Fraksi Hanura sambut baik muatan materi the right to be forgotten dlm RUU Revisi UU ITE setuju ke Paripurna cc,partai hanura sambut baik muat materi the right tetapi be forgotten dalam RUU revisi UU ITE tuju ke paripurna cc,Hanura Party welcomes loading of the right but forgotten material in ITE Law revision bill headed to plenary cc
1011,2016-10-20T09:02:42.000Z,Fraksi Partai Nasdem menilai Naskah RUU Revisi UU ITE sdh menjawab kegelisahan publik setuju utk dibawa ke Paripurna,partai partai nasdem nilai naskah RUU revisi UU ITE sudah jawab gelisah publik tuju untuk bawa ke paripurna,The Nasdem party believes that the text of the draft bill for the revision of the ITE Law has responded to the public's concerns about bringing it to plenary
1012,2016-10-20T08:55:15.000Z,Fraksi PPP setuju muatan materi RUU Revisi UU ITE setuju utk dibawa ke Rapat Paripurna cc,partai PP tuju muat materi RUU revisi UU ITE tuju untuk bawa ke rapat paripurna cc,The PP party aims to load material on the bill for the revision of the ITE Law and aims to bring it to the CC plenary meeting
1013,2016-10-20T08:37:23.000Z,Dadang Ingatkan Anggota DPR Jangan Bicarakan Hal Sensitif Saat Rapat Paripurna Jangan bicara yang sensitif,dadang ingat anggota DPR jangan bicara hal sensitif saat rapat paripurna jangan bicara yang sensitif,Dadang remember that DPR members should not talk about sensitive matters during the plenary session. Don't talk about anything sensitive
1014,2016-10-20T08:27:30.000Z,Fraksi Demokrat juga sepakat Naskah RUU Revisi UU ITE utk di bawah ke Pembicaraan tingkat II cc,partai demokrat juga sepakat naskah RUU revisi UU ITE untuk di bawah ke bicara tingkat II cc,The Democratic Party also agreed that the text of the draft bill for the revision of the ITE Law would be brought down to level II cc discussion
1015,2016-10-20T08:10:57.000Z,Saat ini sdg berlangsung Raker Komisi dgn Menkominfo Kemkumham utk persetujuan tingkat RUU Revisi UU ITE,saat ini sedang langsung raker komisi dengan menkominfo kemkumham untuk tuju tingkat RUU revisi UU ITE,"Currently, a commission meeting is being held directly with the Minister of Communication and Information, Ministry of Justice and Human Rights to address the level of the bill for the revision of the ITE Law"
1016,2016-10-20T07:39:33.000Z,DPR Sahkan Perjanjian Paris Menjadi Undang Undang DPR RI akhirnya menyetujui RU via,DPR sahkan janji paris jadi undang undang DPR RI akhir tuju RU via,DPR ratifies Paris promise to become law DPR RI finally goes to RU via
1017,2016-10-20T06:53:35.000Z,Anggota DPR Diminta Tidak Bicarakan SARA saat Rapat Paripurna,anggota DPR minta tidak bicara SARA saat rapat paripurna,DPR members asked not to talk about SARA during the plenary meeting
1018,2016-10-20T06:42:38.000Z,Selanjutnya mengunjungi Ruang Rapat Paripurna DPR RI pada sesi ini dijelaskan sejarah dari gedung parlemen DPR RI KenalDPR,lanjut unjung ruang rapat paripurna DPR RI pada sesi ini jelas sejarah dari gedung parlemen DPR RI kenaldpr,Continue visiting the DPR RI plenary meeting room in this session. The history of the DPR RI parliament building is clear
1019,2016-10-20T06:02:12.000Z,DPR RI akhirnya menyetujui RUU tentang Ratifikasi Perjanjian Paris atas Konvensi Kerangka Kerja Perserikatan,DPR RI akhir tuju RUU tentang ratifikasi janji paris atas konvensi kerangka kerja serikat,The Republic of Indonesia's DPR is finally moving towards a bill regarding the ratification of the Paris promise of the Union Framework Convention
1020,2016-10-20T04:50:28.000Z,Hanya dalam sepekan selesaikan RUU itu karena mau dibawa Presiden ke pertemuan berikutnya LegislasiJokowi,hanya dalam pek selesai RUU itu karena mau bawa presiden ke temu ikut legislasijokowi,Only in the week the bill was finished was because he wanted to bring the president to a meeting to participate in Jokowi's legislation
1021,2016-10-20T04:21:41.000Z,Pansus RUU Pemberantasan Tindak Pidana Terorisme DPR RDP dengan Kemenlu Kementerian Pertahanan terkait masukan RUU Terorisme DPRLive,pansus RUU berantas tindakan pidana terorisme DPR RDP dengan kemenlu menteri pertahanan kait masuk RUU terorisme dprlive,"DPR RDP's special committee on the bill to eradicate criminal acts of terrorism with the Ministry of Foreign Affairs, Minister of Defense is linked to inclusion in the DPR Live terrorism bill"
1022,2016-10-20T03:39:03.000Z,kgiatannya masukin anggaran yg bisa ditilep Mencela kebijakan pemerintah,kgiatannya pasuk anggaran yang dapat ditilep cela kebijakan pemerintah,Its activities are within the budget which can be seen as a blemish on government policy
1023,2016-10-20T03:01:02.000Z,Nanti Setelah Reses Ruhut Sitompul Mundur Dari DPR RI,nanti telah reses ruhut sitompul mundur dari DPR RI,Ruhut Sitompul will resign from the DPR RI after the recess
1024,2016-10-20T02:23:32.000Z,tentang perubahan kedua Undang Undang Nomor Tahun tentang Perlindungan Anak PahamiPerppuKebiri cc,tentang ubah dua undang undang nomor tahun tentang lindung anak pahamiperppukebiri cc,regarding changing two year number laws regarding child protection understand perppukebiri cc
1025,2016-10-20T02:14:13.000Z,Wagub Sudikerta Terima Baleg DPR RI Serap Aspirasi Terkait RUU Kekarantinaan Kesehatan,wagub sudikerta terima baleg DPR RI serap aspirasi kait RUU karantina sehat,Deputy Governor Sudikerta accepts DPR RI legislative council to accept aspirations regarding the healthy quarantine bill
1026,2016-10-20T01:38:05.000Z,Anggota Komisi VII DPR Kurtubi Apresiasi Kebijakan BBM Satu Harga,anggota komisi VII DPR kurtubi apresiasi kebijakan BBM satu harga,DPR Commission VII member Kurtubi appreciates the one price fuel policy
1027,2016-10-20T01:34:54.000Z,Paripurna DPR Sahkan RUU Perubahan Iklim Menjadi Undang Undang,paripurna DPR sahkan RUU ubah iklim jadi undang undang,The DPR plenary ratifies the climate change bill into law
1028,2016-10-20T00:48:17.000Z,Kebijakan Harga BBM Sama Di Papua Dan Jawa Didukung Anggota DPR Jakarta Harga bahan bakar minyak BBM di,kebijakan harga BBM sama di papua dan jawa dukungan anggota DPR jakarta harga bahan bakar minyak BBM di,"The fuel price policy is the same in Papua and Java, supported by members of the Jakarta DPR, the price of fuel oil in"
1029,2016-10-20T00:10:05.000Z,Kurtubi Kebijakan BBM Satu Harga Berdampak Positif Anggota Komisi VII DPR RI Kurtubi mengapresiasi kebijaka,kurtubi kebijakan BBM satu harga dampak positif anggota komisi VII DPR RI kurtubi apresiasi kebijaka,kurtubi one price fuel policy has had a positive impact on members of commission VII DPR RI kurtubi appreciation of the policy
1030,2016-10-20T00:00:48.000Z,Anggota Komisi VII DPR RI Kurtubi mengapresiasi kebijakan Presiden Joko Widodo yang menyeragamkan harga Bahan,anggota komisi VII DPR RI kurtubi apresiasi kebijakan presiden joko widodo yang seragam harga bahan,Member of Commission VII DPR RI Kurtubi appreciates President Joko Widodo's policy of uniform material prices
1031,2016-10-19T23:42:10.000Z,DPR RI Akan Sahkan RUU Merek dan Indikasi Geografis,DPR RI akan sahkan RUU merek dan indikasi geografis,The Republic of Indonesia's DPR will ratify the Draft Bill on Brands and Geographical Indications
1032,2016-10-19T16:29:23.000Z,Usai Reses Ruhut Mundur sebagai Anggota DPR RI,usai reses ruhut mundur bagai anggota DPR RI,After the chaotic recess he stepped down as a member of the DPR RI
1033,2016-10-19T15:20:37.000Z,Terimakasih Indonesia Sahkan Paris Agreement Jadi Undang Undang,terimakasih indonesia sahkan paris agreement jadi undang undang,"Thank you, Indonesia ratifies the Paris Agreement as law"
1034,2016-10-19T15:14:39.000Z,Ruhut Sitompul Akan Mundur sebagai Anggota DPR Setelah Reses,ruhut sitompul akan mundur bagai anggota DPR telah reses,Ruhut Sitompul will resign as members of the DPR have gone into recess
1035,2016-10-19T15:04:31.000Z,Ruhut Sitompul Akan Mundur sebagai Anggota DPR setelah Reses Ruhut Sitompul akan mundur dari keanggotaanya d,ruhut sitompul akan mundur bagai anggota DPR telah reses ruhut sitompul akan mundur dari keanggotaanya di,Ruhut Sitompul will resign as members of the DPR have gone into recess. Ruhut Sitompul will resign from his membership in
1036,2016-10-19T15:04:29.000Z,News Ruhut Sitompul Akan Mundur sebagai Anggota DPR Setelah Reses followMe follback,news ruhut sitompul akan mundur bagai anggota DPR telah reses followme follback,news Ruhut Sitompul will resign as members of the DPR have taken a recess followme follback
1037,2016-10-19T15:03:12.000Z,Ruhut Sitompul Akan Mundur sebagai Anggota DPR setelah Reses RLNews,ruhut sitompul akan mundur bagai anggota DPR telah reses rlnews,Ruhut Sitompul will step down as members of the DPR have recessed rlnews
1038,2016-10-19T15:03:07.000Z,Ruhut Sitompul akan mundur dari keanggotaanya di Dewan Perwakilan Rakyat DPR setelah masa reses,ruhut sitompul akan mundur dari keanggotaanya di dewan wakil rakyat DPR telah masa reses,Ruhut Sitompul will resign from his membership on the DPR's people's representative council following the recess
1039,2016-10-19T15:03:01.000Z,Ruhut Sitompul Akan Mundur sebagai Anggota DPR setelah Reses,ruhut sitompul akan mundur bagai anggota DPR telah reses,Ruhut Sitompul will resign as members of the DPR have gone into recess
1040,2016-10-19T15:02:51.000Z,news Ruhut Sitompul Akan Mundur sebagai Anggota DPR setelah Reses Ruhut Sitompul akan mundur dari keanggota,news ruhut sitompul akan mundur bagai anggota DPR telah reses ruhut sitompul akan mundur dari anggota,news Ruhut Sitompul will resign as members of the DPR have gone into recess. Ruhut Sitompul will resign as a member
1041,2016-10-19T15:02:49.000Z,News Ruhut Sitompul Akan Mundur sebagai Anggota DPR setelah Reses Ruhut Sitompul akan mundur dari keanggota,news ruhut sitompul akan mundur bagai anggota DPR telah reses ruhut sitompul akan mundur dari anggota,news Ruhut Sitompul will resign as members of the DPR have gone into recess. Ruhut Sitompul will resign as a member
1042,2016-10-19T15:01:30.000Z,BeritaIndonesia Ruhut Sitompul Akan Mundur sebagai Anggota DPR Setelah Reses Via,beritaindonesia ruhut sitompul akan mundur bagai anggota DPR telah reses via,Beritaindonesia Ruhut Sitompul will step down as members of the DPR have gone into recess via
1043,2016-10-19T15:00:40.000Z,RT Ruhut Sitompul Akan Mundur sebagai Anggota DPR setelah Reses SEBHEUPDATE,RT ruhut sitompul akan mundur bagai anggota DPR telah reses SEBHEUPDATE,RT Ruhut Sitompul will step down as members of the DPR have gone into recess SEBHEUPDATE
1044,2016-10-19T13:40:47.000Z,Mengecewakan melihat lebih dari setengah anggota DPR tidak hadir dlm Rapat Paripurna utk membahas Perjanjian Paris hari ini climatechange,kecewa lihat lebih dari tengah anggota DPR tidak hadir dalam rapat paripurna untuk bahas janji paris hari ini climatechange,Disappointed to see that more than half of DPR members were not present at the plenary meeting to discuss today's Paris climate change promises
1045,2016-10-19T13:37:18.000Z,kami tak peduli dng alasan anda kalian anggota DPR kami rakyat yg gajiin jd masa RUU prmilu aj lambat kerjamu ap?,kami tak peduli dengan alas anda kalian anggota DPR kami rakyat yang gajiin jadi masa RUU prmilu saja lambat kerja ap ?,"We don't care about your excuses, you are members of the DPR, we are the people who pay salaries, so when the election bill is slow, why is it working?"
1046,2016-10-19T13:07:33.000Z,Sidang Paripurna pengambilan keputusan thdp RUU ttg pengesahan persetujuan Paris atas Konvensi Kerangka Kerja PBB,sidang paripurna ambil keputusan hadap RUU tentang pengesahan tuju paris atas konvensi kerangka kerja PBB,The plenary session takes a decision on the bill regarding ratification of the Paris goal of the UN Framework Convention
1047,2016-10-19T11:09:01.000Z,Pernyataan sikap anggota DPR RI Al Muzammil Yusuf terhadap penistaan AlMaidah pada Rapat Paripurna hari ini,nyata sikap anggota DPR RI al muzammil yusuf hadap nista almaidah pada rapat paripurna hari ini,The real attitude of DPR RI member Al Muzammil Yusuf towards Almaidah's insults at today's plenary session
1048,2016-10-19T10:28:36.000Z,Desak Pemerintah Cepat Selesaikan RUU Pemilu,desakan pemerintah cepat selesai RUU pemilu,The government urges the election bill to be completed quickly
1049,2016-10-19T08:50:05.000Z,Ruhut Sitompul akan Mundur dari DPR RI Paska Reses,ruhut sitompul akan mundur dari DPR RI paska reses,Ruhut Sitompul will resign from the DPR RI after the recess
1050,2016-10-19T08:11:16.000Z,Komisi VI DPR Rapat Kerja dengan Menteri Koperasi UKM Menteri Keuangan MenkumHAM terkait RUU Pengkoperasian Perdagangan DPRLive,komisi VI DPR rapat kerja dengan menteri koperasi UKM menteri uang menkumham kait RUU koperasi dagang dprlive,"Commission VI of the DPR working meeting with the Minister of Cooperatives, SMEs, Minister of Money, Minister of Law and Human Rights regarding the Trade Cooperatives Bill, DPRlive"
1051,2016-10-19T07:46:44.000Z,Anggota DPR Dukung Kebijakan Harga BBM Sama di Papua dan Jawa Pertamina bisa menerapkan subsidi silang di,anggota DPR dukungan kebijakan harga BBM sama di papua dan jawa pertamina dapat terap subsidi silang di,"DPR members support the same fuel price policy in Papua and Java, Pertamina can implement cross subsidies in"
1052,2016-10-19T07:45:24.000Z,Anggota DPR Dukung Kebijakan Harga BBM Sama di Papua dan Jawa Pertamina bisa menera BatikBontang,anggota DPR dukungan kebijakan harga BBM sama di papua dan jawa pertamina dapat tera batikbontang,"DPR members support the same fuel price policy in Papua and Java, Pertamina can be credited with batikbontang"
1053,2016-10-19T07:45:12.000Z,Anggota DPR Dukung Kebijakan Harga BBM Sama di Papua dan Jawa,anggota DPR dukungan kebijakan harga BBM sama di papua dan jawa,DPR members support the same fuel price policy in Papua and Java
1054,2016-10-19T06:48:42.000Z,Anggota DPR Minta Pemerintah Segera Serahkan RUU Pemilu otonomi nasional,anggota DPR minta pemerintah segera serah RUU pemilu otonomi nasional,DPR members ask the government to immediately hand over the National Autonomy Election Bill
1055,2016-10-19T06:06:16.000Z,Rapat Paripurna Hari Ini Anggota DPR yang Tak Hadir,rapat paripurna hari ini anggota DPR yang tak hadir,"Today's plenary session, members of the DPR were not present"
1056,2016-10-19T05:57:07.000Z,DPR Sahkan RUU Persetujuan Paris tentang Perubahan Iklim jadi UU DPR RI menyetujui RUU tentang Persetujuan P,DPR sahkan RUU tuju paris tentang ubah iklim jadi UU DPR RI tuju RUU tentang tuju p,The DPR passes the bill for Paris on climate change into law. The Republic of Indonesia's House of Representatives passes the bill on the goal of p
1057,2016-10-19T05:19:18.000Z,Mau tanya pak Menteri bolehkah Kantor Kelurahan dipakai buat Reses Anggota DPRD ? cc terimakasih,mau tanya pak menteri boleh kantor lurah pemakaian buat reses anggota DPRD ? cc terimakasih,"I want to ask, Minister, can the sub-district head's office be used for DPRD members' recess? cc thank you"
1058,2016-10-19T05:12:11.000Z,Ambassades RT Selamat atas disahkannya RUU Pengesahan Paris Agreement to the United,ambassades RT selamat atas sah RUU pengesahan paris agreement tetapi the united,RT ambassadors congratulations on the legalization of the bill ratifying the Paris Agreement but the United
1059,2016-10-19T04:56:54.000Z,Pemerintah Didesak Masukkan Draf RUU Pemilu ke DPR Dewan Perwakilan Rakyat,pemerintah desakan masuk draf RUU pemilu ke DPR dewan wakil rakyat,"The government is urging the draft election bill to be submitted to the DPR, the people's representative council"
1060,2016-10-19T04:36:51.000Z,Rapat Paripurna DPR Ke Masa Persidang I Tahun Sidang telah selesai Terima kasih ParipurnaLive,rapat paripurna DPR ke masa sidang i tahun sidang telah selesai terima kasih paripurnalive,"DPR plenary session for the first session of the year, the session has finished, thank you plenary live"
1061,2016-10-19T04:31:36.000Z,Selamat atas disahkannya RUU Pengesahan Paris Agreement to the United Nations Framework Convention on Climate Change jadi UU ParipurnaLive,selamat atas sah RUU pengesahan paris agreement tetapi the united nations framework convention on climate change jadi UU paripurnalive,Congratulations on the legalization of the bill ratifying the Paris Agreement but the United Nations Framework Convention on Climate Change has become a plenary law
1062,2016-10-19T04:10:28.000Z,Paripurna Bahas Perjanjian Paris Anggota DPR Tak Hadir Saat bel tanda rapat paripurna dimulai ada,paripurna bahas janji paris anggota DPR tak hadir saat bel tanda rapat paripurna mulai ada,plenary session discussing Paris promises DPR members were not present when the bell signaling the plenary session started
1063,2016-10-19T04:08:14.000Z,Paripurna Bahas Perjanjian Paris Anggota DPR Tak Hadir Saat bel tanda rapat paripurna dimulai a,paripurna bahas janji paris anggota DPR tak hadir saat bel tanda rapat paripurna mulai a,plenary session discusses Paris promises DPR members are not present when the bell signals the start of the plenary session a
1064,2016-10-19T03:57:35.000Z,Wakil Ketua DPR RI Dr Agus Hermanto Memimpin Rapat Paripurna DPR RI Ke Masa Persidangan I Tahun Sidang agendaDPR,wakil ketua DPR RI dari agus hermanto kepemimpinan rapat paripurna DPR RI ke masa sidang i tahun sidang agendadpr,"Deputy Chairman of the DPR RI from Agus Hermanto, leadership of the DPR RI plenary meeting for the first session of the DPR agenda session year"
1065,2016-10-19T03:44:07.000Z,Tugas DPR RI Baleg menyelesaikan RUU Karantina Kesehatan Mauliate Horas Shalom,tugas DPR RI baleg selesai RUU karantina sehat mauliate horas shalom,DPR RI's task of baleg is to complete the healthy quarantine bill Mauliate horas shalom
1066,2016-10-19T03:43:52.000Z,LANGSUNG di Periscope Rapat Paripurna DPR Ke Masa Persidangan I Tahun Sidang ParipurnaLive,LANGSUNG di periscope rapat paripurna DPR ke masa sidang i tahun sidang paripurnalive,LIVE on the periscope of the DPR plenary session for the first session of the plenary session year live
1067,2016-10-19T03:30:31.000Z,DPR RI akhirnya menyepakati naskah RUU Pengesahan Persetujuan Paris Atas Konvensi Kerangka Kerja Persatuan,DPR RI akhir pakat naskah RUU pengesahan tuju paris atas konvensi kerangka kerja satu,The Republic of Indonesia's DPR has finally agreed on the draft bill to ratify Paris on the first framework convention
1068,2016-10-19T02:23:00.000Z,telah meminta masukan banyak pihak untuk pelibatan TNI dalam pemberantasan terorisme,telah minta masuk banyak pihak untuk libat TNI dalam berantas terorisme,has asked many parties to involve the TNI in eradicating terrorism
1069,2016-10-19T02:22:09.000Z,Agenda DPR Rabu Pukul WIB Pansus RUU Merek Rapat Kerja dengan MenkumHAM dan Menteri Perdagangan agendaDPR,agenda DPR rabu pukul WIB pansus RUU merek rapat kerja dengan menkumham dan menteri dagang agendadpr,DPR agenda Wednesday at WIB special committee on draft bill working meeting with Minister of Law and Human Rights and Minister of Trade DPR agenda
1070,2016-10-19T02:18:33.000Z,Agenda DPR Rabu Pukul WIB Banggar DPR Rapat Panja Draft RUU APBN TA agendaDPR,agenda DPR rabu pukul WIB banggar DPR rapat panja draft RUU APBN TA agendadpr,"DPR agenda for Wednesday at WIB, DPR will hold a working committee meeting on the draft APBN TA bill, agenda for the DPR"
1071,2016-10-19T02:17:32.000Z,Target pengesahan draft Maret banyak resikonya Dr Ir Hetifah Sjaifudian MPP Kom DPR RI,target pengesahan draft maret banyak resiko dari ir hetifah sjaifudian MPP kom DPR RI,The target of ratifying the March draft is that there are many risks from IR Hetifah Sjaifudian MPP Kom DPR RI
1072,2016-10-19T00:16:31.000Z,Agenda Rabu Oktober Pukul Rapat Paripurna DPR RI MP I TS,agenda rabu oktober pukul rapat paripurna DPR RI MP i TS,agenda for Wednesday October at the plenary session of the DPR RI MP i TS
1073,2016-10-18T21:09:01.000Z,Anggota DPR sipil dinilai perlu terlibat pembahasan RUU Antiterorisme Anggota Pansus RUU Antiterorisme DPR,anggota DPR sipil nilai perlu libat bahas RUU antiterorisme anggota pansus RUU antiterorisme DPR,"Civilian members of the DPR feel that they need to be involved in discussing the anti-terrorism bill, members of the DPR's anti-terrorism bill special committee"
1074,2016-10-18T15:05:39.000Z,Politisi PKS Khawatir Amerika Tunggani Pembentukan RUU Anti Terorisme Anggota Komisi III DPR RI Nasir Djami,politis PKS khawatir amerika tunggani bentuk RUU anti terorisme anggota komisi II DPR RI nasir djami,"PKS politics are worried that America will take the form of an anti-terrorism bill, member of Commission II of the Indonesian House of Representatives, Nasir Djami"
1075,2016-10-18T14:26:06.000Z,Anggota DPR sipil dinilai perlu terlibat pembahasan RUU Antiterorisme,anggota DPR sipil nilai perlu libat bahas RUU antiterorisme,Civilian DPR members believe they need to be involved in discussing the anti-terrorism bill
1076,2016-10-18T14:04:15.000Z,Kebijakan Satu Harga BBM Mampu Ciptakan Pemerataan di NKRI Komisi XI DPR RI menyambut baik langkah Presiden,kebijakan satu harga BBM mampu cipta perata di NKRI komisi XI DPR RI sambut baik langkah presiden,The policy of one fuel price is able to create equality in the Republic of Indonesia. Commission XI DPR RI welcomes the president's move
1077,2016-10-18T12:44:08.000Z,Wagub Sudikerta Terima Baleg DPR RI Serap Aspirasi Terkait RUU Kekarantinaan Kesehatan via,wagub sudikerta terima baleg DPR RI serap aspirasi kait RUU karantina sehat via,Deputy Governor Sudikerta accepts the legislative assembly of the DPR RI to absorb aspirations regarding the healthy quarantine bill via
1078,2016-10-18T12:31:31.000Z,Anggota DPR Sipil dinilai perlu terlibat pembahasan RUU Antiterorisme,anggota DPR sipil nilai perlu libat bahas RUU antiterorisme,Civilian DPR members believe they need to be involved in discussing the anti-terrorism bill
1079,2016-10-18T12:28:05.000Z,Baleg DPR RI Datangi Unair Bahas Soal RUU Karantinaan Kesehatan,baleg DPR RI datang unair bahas soal RUU karantina sehat,DPR RI baleg came to Unair to discuss the healthy quarantine bill
1080,2016-10-18T11:58:12.000Z,Anggota DPR sipil dinilai perlu terlibat pembahasan RUU Antiterorisme Indonesia,anggota DPR sipil nilai perlu libat bahas RUU antiterorisme indonesia,Civilian DPR members believe they need to be involved in discussing the Indonesian anti-terrorism bill
1081,2016-10-18T11:39:16.000Z,Anggota DPR sipil dinilai perlu terlibat pembahasan RUU Antiterorisme Politik,anggota DPR sipil nilai perlu libat bahas RUU antiterorisme politik,Civilian DPR members believe they need to be involved in discussing the political anti-terrorism bill
1082,2016-10-18T11:38:00.000Z,Anggota DPR sipil dinilai perlu terlibat pembahasan RUU Antiterorisme Anggota Pansus R RanoKarnoHRSMundur,anggota DPR sipil nilai perlu libat bahas RUU antiterorisme anggota pansus r ranokarnohrsmundur,"Civilian DPR members believe they need to be involved in discussing the anti-terrorism bill, special committee member R Ranokarnohrs resigns"
1083,2016-10-18T11:36:13.000Z,Anggota DPR sipil dinilai perlu terlibat pembahasan RUU Antiterorisme politik,anggota DPR sipil nilai perlu libat bahas RUU antiterorisme politik,Civilian DPR members believe they need to be involved in discussing the political anti-terrorism bill
1084,2016-10-18T11:31:20.000Z,Anggota Pansus RUU Antiterorisme DPR dari Fraksi Golkar Bobby Adhityo Rizaldi mengatakan masyarakat sipil pe,anggota pansus RUU antiterorisme DPR dari partai golkar bobby adhityo rizaldi kata masyarakat sipil pe,"member of the special committee on the DPR's anti-terrorism bill from the Golkar party, Bobby Adhityo Rizaldi, said civil society PE"
1085,2016-10-18T11:30:22.000Z,catatantanganeza Anggota DPR sipil dinilai perlu terlibat pembahasan RUU Antiterorisme,catatantanganeza anggota DPR sipil nilai perlu libat bahas RUU antiterorisme,notetanganeza civilian members of the DPR believe that they need to be involved in discussing the anti-terrorism bill
1086,2016-10-18T09:43:32.000Z,Usai reses Ruhut Sitompul mundur dari DPR RI,usai reses ruhut sitompul mundur dari DPR RI,"After the recess, Ruhut Sitompul resigned from the DPR RI"
1087,2016-10-18T08:42:48.000Z,RUU Pengesahan Perjanjian Paris Siap Dibahas di Rapat Paripurna DPR DPR RI akhi via,RUU pengesahan janji paris siap bahas di rapat paripurna DPR DPR RI akh via,The bill on ratifying the Paris promise is ready to be discussed at the DPR RI plenary session last via
1088,2016-10-18T08:26:07.000Z,Fadli Zon dukung pembahasan RUU PPAT Wakil Ketua DPR RI Fadli Zon mendukung pembahasan Rancangan Undang Unda,fadli zon dukungan bahas RUU PPAT wakil ketua DPR RI fadli zon dukungan bahas rancangan undang unda,"Fadli Zon supports discussing the PPAT Bill, Deputy Chair of the DPR RI Fadli Zon supports discussing the draft UNDA"
1089,2016-10-18T07:53:17.000Z,Fadli Zon dukung pembahasan RUU PPAT Wakil Ketua DPR RI Fadli Zon mendukung pembahasan Rancangan Undang Undang,fadli zon dukungan bahas RUU PPAT wakil ketua DPR RI fadli zon dukungan bahas rancangan undang undang,"Fadli Zone supports discussing the PPAT Bill, Deputy Chair of the DPR RI Fadli Zone supports discussing the draft law"
1090,2016-10-18T07:45:55.000Z,Fadli Zon dukung pembahasan RUU PPAT Wakil Ketua DPR RI Fadli Zon mendukung pembahasan Rancangan Undang Undan,fadli zon dukungan bahas RUU PPAT wakil ketua DPR RI fadli zon dukungan bahas rancangan undang undan,"fadli zone supports discussing the PPAT Bill, deputy chairman of the DPR RI, fadli zone supports discussing the draft law"
1091,2016-10-18T06:53:30.000Z,Forum Legislasi Wartawan Koordinatoriat DPR RI dengan tema RUU Terorisme dan Keterlibatan TNI di Media Center DPR RI DPRLive,forum legislasi wartawan koordinatoriat DPR RI dengan tema RUU terorisme dan libat TNI di media center DPR RI dprlive,DPR RI coordinating journalists' legislative forum with the theme of the Terrorism Bill and TNI involvement at the DPR RI media center dprlive
1092,2016-10-18T06:36:48.000Z,Ruhut Berhenti Jadi Anggota DPR Usai Reses,ruhut henti jadi anggota DPR usai reses,Ruhut stopped being a member of the DPR after the recess
1093,2016-10-18T06:35:36.000Z,Pengurus Pusat Ikatan Pejabat Pembuat Akta Tanah PPIPPAT juga berharap agar RUU PPAT masuk dalam Prolegnas DPRLive,urus pusat ikat jabatan buat akta tanah PPIPPAT juga harap agar RUU PPAT masuk dalam prolegnas dprlive,manage the office binding center for PPIPPAT land deeds and also hope that the PPAT Bill is included in the DPRlive National Legislation Program
1094,2016-10-18T04:45:00.000Z,Usai Reses Ruhut Berhenti Jadi Anggota DPR,usai reses ruhut henti jadi anggota DPR,After the chaotic recess he stopped being a member of the DPR
1095,2016-10-18T04:29:58.000Z,Wakil Ketua Komisi X DPR Berharap Dewan Perbukuan Jangan Mati Suri Panja RUU Sistem Perbukuan Sisbuk Komis,wakil ketua komisi kali DPR harap dewan buku jangan mati suri panja RUU sistem buku sisbuk komis,Deputy chairman of the House of Representatives Commission hopes that the book council will not be inactive working committee on the Sisbuk Komis book system bill
1096,2016-10-18T04:23:42.000Z,Wakil Ketua Komisi X DPR Berharap Dewan Perbukuan Jangan Mati Suri Panja RUU infoTribun,wakil ketua komisi kali DPR harap dewan buku jangan mati suri panja RUU infotribun,The deputy chairman of the DPR commission hopes that the book council will not stall in working on the infotribun bill
1097,2016-10-18T01:34:43.000Z,Dewan dan Pemerintah Setuju RUU Perubahan Iklim Dibawa ke Paripurna,dewan dan pemerintah tuju RUU ubah iklim bawa ke paripurna,Council and government aim to bring climate change bill to plenary
1098,2016-10-17T17:21:42.000Z,Pengesahan Ranperda OPD ini sempat diwarnai pro dan kontra antara wakil rakyat yang berkantor di gedung DPRD,pengesahan ranperda OPD ini sempat warna pro dan kontra antara wakil rakyat yang kantor di gedung DPRD,The ratification of the OPD draft regional regulation had colored pros and cons between the people's representatives whose offices were in the DPRD building
1099,2016-10-17T12:58:10.000Z,Untuk itu Koalisi mendorong Komisi VII menyelesaikan RUU Migas Prosesnya harus transparan partisipatif LHP,untuk itu gabungan dorong komisi VII selesai RUU migas proses harus transparan partisipatif LHP,"For this reason, the combined push for Commission VII to complete the oil and gas bill process must be transparent, participatory, LHP"
1100,2016-10-17T07:33:21.000Z,KabarParlemen Badan Legislasi DPR rapat paparan Tenaga Ahli terkait Harmonisasi RUU ASN DPRLive,kabarparlemen badan legislasi DPR rapat papar tenaga ahli kait harmonisasi RUU ASN dprlive,"Parliamentary news, the DPR legislative body, met with experts regarding the harmonization of the DPR Live ASN Bill"
1101,2016-10-17T07:16:11.000Z,Badan Legislasi DPR rapat paparan Tenaga Ahli terkait Harmonisasi RUU ASN DPRLive,badan legislasi DPR rapat papar tenaga ahli kait harmonisasi RUU ASN dprlive,DPR legislative body meets to explain experts regarding harmonization of DPRlive ASN Bill
1102,2016-10-17T04:24:25.000Z,Baleg RDP dengan Kamar Dagang Industri Indonesia terkait penyusunan RUU Larangan Praktik Monopoli Persaingan Usaha Tidak Sehat DPRLive,baleg RDP dengan kamar dagang industri indonesia kait susun RUU larang praktik monopoli saing usaha tidak sehat dprlive,RDP baleg with Indonesian industrial chamber of commerce to draft bill prohibiting monopolistic practices unfair business competition dprlive
1103,2016-10-17T03:55:07.000Z,Komisi X DPR RI Kunjungi Jatim dalam rangka matangkan RUU Perbukuan,komisi kali DPR RI kunjung jatim dalam rangka matang RUU buku,The DPR RI commission visited East Java in order to finalize the book bill
1104,2016-10-17T03:01:51.000Z,Panja RUU Sisbuk Komisi X DPR Gali Masukan ke Jatim,panja RUU sisbuk komisi kali DPR gali masuk ke jatim,The draft committee on the draft bill is busy with the DPR commission to enter East Java
1105,2016-10-17T02:18:33.000Z,Agenda DPR Senin Pukul WIB Baleg DPR Rapat Harmonisasi RUU ASN agendaDPR,agenda DPR senin pukul WIB baleg DPR rapat harmonisasi RUU ASN agendadpr,DPR agenda Monday at WIB Baleg DPR meeting on harmonization of ASN Bill DPR agenda
1106,2016-10-17T02:12:30.000Z,Agenda DPR Senin Pukul WIB Komisi I DPR Rapat Panja RUU ITE dengan Pemerintah agendaDPR,agenda DPR senin pukul WIB komisi i DPR rapat panja RUU ITE dengan pemerintah agendadpr,DPR agenda Monday at WIB commission i DPR meeting working committee on ITE Bill with government agendadpr
1107,2016-10-17T02:09:16.000Z,Agenda DPR Senin Pukul WIB Komisi I DPR Rapat Timus RUU ITE dengan Pemerintah agendaDPR,agenda DPR senin pukul WIB komisi i DPR rapat timus RUU ITE dengan pemerintah agendadpr,DPR agenda Monday at WIB commission i DPR team meeting on ITE Bill with government dpr agenda
1108,2016-10-16T14:32:55.000Z,Apakah UU Tax Amnesty adalah titipan korporasi yang takut dan ingin mengamankan hartanya? RUU mendadak hadir dalam Prolegnas DPR RI,apakah UU tax amnesty adalah titip korporasi yang takut dan ingin aman harta ? RUU dadak hadir dalam prolegnas DPR RI,Is the tax amnesty law entrusted to corporations who are afraid and want to keep their assets safe? The bill suddenly appeared in the National Legislative Assembly of the Republic of Indonesia's DPR RI
1109,2016-10-16T11:48:25.000Z,Komisi X DPR Mengajukan Inisiatif RUU Perbukuan Oct Komisi X Dewan Perwakilan Rakyat DPR,komisi kali DPR aju inisiatif RUU buku oct komisi kali dewan wakil rakyat DPR,Commission times DPR proposes book bill initiative Oct Commission times House of People's Representatives DPR
1110,2016-10-15T11:28:54.000Z,Retweeted RameshRaoAKS wakil rakyat DAP Bantah RUU Sebab Tak Boleh Lagi,retweeted rameshraoaks wakil rakyat DAP bantah RUU karena tak boleh lagi,retweeted rameshraoaks DAP people's representatives reject the bill because it is no longer allowed
1111,2016-10-15T10:53:02.000Z,wakil rakyat DAP Bantah RUU Sebab Tak Boleh Lagi Sondol Menyondol Berkhalwat! Kesian Kena Kencing Kaw Kaw,wakil rakyat DAP bantah RUU karena tak boleh lagi sondol menyondol khalwat ! kesi kena kencing kaw kaw,DAP people's representatives reject the bill because it is no longer permissible to sing khalwat! I'm going to have to pee kaw kaw
1112,2016-10-15T09:52:19.000Z,Kerap Acuhkan Kebijakan Anggota DPR Minta Menteri Jonan Jangan Suka Ngeyel,kerap acuh kebijakan anggota DPR minta menteri jonan jangan suka ngeyel,DPR members often ignore policies and ask Minister Jonan not to be sarcastic
1113,2016-10-15T08:22:54.000Z,Anggota Komisi VII DPR RI Dito Ganinduto mengingatkan Ignasius Jonan selaku Menteri ESDM yang baru untuk tida,anggota komisi VII DPR RI dito ganinduto ingat ignasius jonan selaku menteri ESDM yang baru untuk tida,Member of Commission VII DPR RI Dito Ganinduto remembers Ignasius Jonan as the new Minister of Energy and Mineral Resources not to
1114,2016-10-15T08:00:02.000Z,BAB VII DEWAN PERWAKILAN RAKYAT Pasal Susunan Dewan Perwakilan Rakyat ditetapkan dengan Undang undang,BAB VII DEWAN WAKIL RAKYAT pasal susun dewan wakil rakyat tetap dengan undang undang,CHAPTER VII COUNCIL OF PEOPLE'S REPRESENTATIVES articles on the composition of the council of people's representatives remain with the law
1115,2016-10-15T07:56:36.000Z,Dalam reses masa sidang III wakil rakyat dari Partai Kebangkitan Bangsa PKB itu menemui konstituen di,dalam reses masa sidang II wakil rakyat dari partai bangkit bangsa PKB itu temu konstituen di,"During the recess during the second session, the people's representatives from the PKB nation rising party met with constituents at"
1116,2016-10-15T04:55:01.000Z,Puluhan petugas kepolisian berjaga jaga di depan kantor Dewan Perwakilan Rakyat Daerah DPRD Provinsi Kalimantan,puluh tugas polisi jaga jaga di depan kantor dewan wakil rakyat daerah DPRD provinsi kalimantan,"There are dozens of police on guard duty in front of the office of the regional people's representative council, DPRD, Kalimantan province"
1117,2016-10-15T01:29:36.000Z,kalau om di dpr wakil rakyat kenapa kebijakan yg tidak untuk kesejahtraan rakyat di goalkan Bukan infrastruktur saja om,jika om di dpr wakil rakyat kenapa kebijakan yang tidak untuk kesejahtraan rakyat di goalkan bukan infrastruktur saja om,"If uncle is a people's representative in the DPR, why are policies that are not for the welfare of the people being targeted instead of just infrastructure, uncle?"
1118,2016-10-15T00:08:29.000Z,Komisi X DPR meninjau Perpustakaan Daerah Provinsi Jambi terkait dengan RUU Sistem Perbukuan Jumat KunkerDPR,komisi kali DPR tinjau pustaka daerah provinsi jambi kait dengan RUU sistem buku jumat kunkerdpr,DPR commission reviews regional libraries in Jambi province in connection with the Kunkerdpr Friday book system bill
1119,2016-10-14T12:50:30.000Z,Mari kita dukung Presiden y konsen thd kebijakan Penegakan hukum smg berKeadilan tanpa Suap,mari kita dukungan presiden ya konsen thd kebijakan tega hukum moga adil tanpa suap,Let's support the president and agree to the policy of upholding the law so that it is fair without bribery
1120,2016-10-14T12:20:22.000Z,Anggota DPR Nilai Jonan Bagus Jadi Menteri ESDM Meski Bukan Bidangnya Jonan harus memprioritaskan kebijakan,anggota DPR nilai jonan bagus jadi menteri ESDM meski bukan bidang jonan harus prioritas kebijakan,"DPR members rated Jonan well as Minister of Energy and Mineral Resources, even though it is not Jonan's field, it must be a policy priority"
1121,2016-10-14T09:16:22.000Z,Panja RUU Sistem Perbukuan Identifikasi Masalah Utama,panja RUU sistem buku identifikasi masalah utama,The working committee on the book system bill identifies the main problems
1122,2016-10-14T09:14:40.000Z,nemu ini di FB Lihat penjelasan ps Tp cuma wakil rakyat yg paham tafsir UU itu,nemu ini di FB lihat jelas pas tetapi cuma wakil rakyat yang paham tafsir UU itu,found this on FB and saw it clearly fits but only people's representatives understand the interpretation of the law
1123,2016-10-14T08:10:13.000Z,DPR RI masyarakat BIDAN MAHASISWA KEBIDANAN DOSEN KEBIDANAN KEMENTRIAN KESEHATAN RI INSTITUSI PENDIDIKAN,DPR RI masyarakat BIDAN MAHASISWA BIDAN DOSEN BIDAN TRI SEHAT RI INSTITUSI DIDIK,DPR RI community MIDWIFERES STUDENTS MIDWIVES LECTURER MIDWIFERES TRI SEHAT RI EDUCATIONAL INSTITUTIONS
1124,2016-10-14T07:42:44.000Z,Saya siap mendukung RUU Penghapusan Kekerasan Seksual Amy Amalia komisi Fraksi PAN GerakBersama,saya siap dukungan RUU hapus keras seksual amy amalia komisi partai KAPAN gerakbersama,"I am ready to support the bill to eradicate sexual violence, Amy Amalia, the party commission, WHEN to move together"
1125,2016-10-14T07:23:15.000Z,Siang ini jd pembicara Forum Wartawan ttg Urgensi RUU Perubahan Iklim w pembcra dari,siang ini jadi bicara forum wartawan tentang urgensi RUU ubah iklim saya pembcra dari,This afternoon I spoke at a journalists' forum about the urgency of the climate change bill
1126,2016-10-14T07:21:15.000Z,Diskusi di Media Center DPR RI membahas Urgensi RUU Perubahan Iklim DPRLive,diskusi di media center DPR RI bahas urgensi RUU ubah iklim dprlive,discussion at the DPR RI media center discussing the urgency of the climate change bill dprlive
1127,2016-10-14T03:50:36.000Z,Komisi X DPR gelar pertemuan dg Sekda Dinas Pendidikan Perpusda Arsip Jatim terkait RUU Sistem Perbukuan Jum at KunkerDPR,komisi kali DPR gelar temu dengan sekda dinas didik perpusda arsip jatim kait RUU sistem buku jum at kunkerdpr,"DPR commission holds meeting with regional secretary, education service, library, East Java archives regarding book system bill, Friday at kunkerdpr"
1128,2016-10-14T03:11:00.000Z,DPR Sepakati Pembahasan RUU Pengesahan Perjanjian Paris Butuh komitmen dan Pak climatechange,DPR sepakat bahas RUU pengesahan janji paris butuh komitmen dan pak climatechange,"The DPR agreed to discuss the bill to ratify the Paris Promise, which requires commitment and climate change"
1129,2016-10-14T03:05:25.000Z,Rencana pelibatan TNI dalam UU Terorisme merupakan usulan dari Pemerintah Wakil Ketua Pansus RUU Terorisme Supiadin Aries Saputra,rencana libat TNI dalam UU terorisme rupa usul dari pemerintah wakil ketua pansus RUU terorisme supiadin aries saputra,"The plan to involve the TNI in the terrorism law is a proposal from the government, deputy chairman of the special committee on the terrorism bill, Supiadin Aries Saputra"
1130,2016-10-14T02:42:10.000Z,Sidang Paripurna DPR RI menyetujui Undang Undang Perlindungan Anak dengan Catatan DPRRI Paripurna Pimpinan,sidang paripurna DPR RI tuju undang undang lindung anak dengan catat DPRRI paripurna kepemimpinan,The plenary session of the DPR RI aims to legislate on child protection by taking notes from the DPRRI plenary leadership
1131,2016-10-14T02:18:05.000Z,tunda proses hukum ahok stlh pilkada cabut sk pengesahan ppp romy?bener ga tuh,tunda proses hukum ahok telah pilkada cabut suka pengesahan pp romy ? bener tidak tuh,"delaying the legal process Ahok has revoked the regional elections, do you like the ratification of Romy's PP? isn't that true?"
1132,2016-10-14T01:25:11.000Z,Agenda DPR Jumat Pukul WIB Komisi III DPR Rapat Panja RUU KUHP agendaDPR,agenda DPR jumat pukul WIB komisi II DPR rapat panja RUU KUHP agendadpr,DPR agenda Friday at WIB Commission II DPR meeting working committee on Criminal Code Bill DPR agenda
1133,2016-10-13T14:46:18.000Z,Persakmi memperkuat kolaborasi pemangku kebijakan dari Komisi DPR RI untuk bersama,persakmi kuat kolaborasi mang kebijakan dari komisi DPR RI untuk sama,Persakmi strongly believes that collaboration is the policy of the DPR RI commission to be the same
1134,2016-10-13T14:38:39.000Z,Persakmi memperkuat kolaborasi pemangku kebijakan dari Komisi DPR RI untuk bersama mewujudkan kesehatan,persakmi kuat kolaborasi mang kebijakan dari komisi DPR RI untuk sama perwujudan sehat,Persakmi strongly supports the policy of the DPR RI commission for the realization of health
1135,2016-10-13T14:21:51.000Z,Wakil rakyat Islam salah jika tidak sokong RUU Hadi kata mufti Perak Click Read More,wakil rakyat islam salah jika tidak sokong RUU had kata mufti perak click read more,"Representatives of the Islamic people would be wrong if they did not support the bill, said the Silver Mufti, click read more"
1136,2016-10-13T09:35:32.000Z,Rapat Dengar Pendapat Pansus RUU Tindak Terorisme dengan Mahkamah Agung dan Lemhannas,rapat dengar dapat pansus RUU tindakan terorisme dengan mahkamah agung dan lemhannas,The hearing was held by the special committee on the bill on acts of terrorism with the Supreme Court and Lemhannas
1137,2016-10-13T07:45:47.000Z,Rapat kerja Menteri LHK dan tentang RUU Pengesahan Paris Agreement to the UN Framework Convention on climatechange,rapat kerja menteri LHK dan tentang RUU pengesahan paris agreement tetapi the UN framework convention on climatechange,working meeting of the Minister of Environment and Forestry and regarding the bill ratifying the Paris Agreement but the UN framework convention on climate change
1138,2016-10-13T07:38:09.000Z,Raker dgn Kom VII DPR RI ttg RUU Pengesahan Paris Agreement to the UN Framework Convention on Ckimate Change,raker dengan kom VII DPR RI tentang RUU pengesahan paris agreement tetapi the UN framework convention on ckimate change,working meeting with Kom VII DPR RI regarding the bill ratifying the Paris Agreement but the UN framework convention on climate change
1139,2016-10-13T07:30:00.000Z,NEWS Pemerintah sebelumnya diminta untuk mempercepat proses ratifikasi Kesepakatan Paris menjadi undang undang,NEWS pemerintah belum minta untuk cepat proses ratifikasi sepakat paris jadi undang undang,NEWS The government has not asked for the process of ratifying the Paris Agreement to become law quickly
1140,2016-10-13T07:20:00.000Z,NEWS Proses ratifikasi berlangsung setelah Presiden Joko Widodo mengirimkan RUU Pengesahan Kesepakatan Paris,NEWS proses ratifikasi langsung telah presiden joko widodo kirim RUU pengesahan sepakat paris,NEWS: President Joko Widodo has sent a direct ratification bill to ratify the Paris agreement
1141,2016-10-13T04:22:08.000Z,Kunjungi Detasemen Cijantung Pansus RUU Terorisme Tinjau Kesiapan Kopassus,kunjung detasemen cijantung pansus RUU terorisme tinjau kesiap kopassus,"Visit the Cijantung Detachment, Special Committee on Terrorism Bill to review Kopassus readiness"
1142,2016-10-13T04:01:27.000Z,Anggota DPR Sistem Deteksi dini di RUU Terorisme,anggota DPR sistem deteksi dini di RUU terorisme,members of the DPR early detection system in the terrorism bill
1143,2016-10-13T03:48:59.000Z,Tanggulangi Terorisme Pansus Terapkan Sistem Deteksi Dini Wakil Ketua Pansus RUU Terorisme Supiadin Aries S,tanggulang terorisme pansus terap sistem deteksi dini wakil ketua pansus RUU terorisme supiadin aries si,anti-terrorism special committee applies early detection system deputy chairman of the special committee on terrorism bill supiadin aries si
1144,2016-10-13T03:36:08.000Z,GerakBersama kawal RUU Penghapusan Kekerasan Seksual,gerakbersama kawal RUU hapus keras seksual,joint movement to guard the bill to eliminate sexual violence
1145,2016-10-13T03:15:12.000Z,Tribun Tanggulangi Terorisme Pansus Terapkan Sistem Deteksi Dini Wakil Ketua Pansus RUU Terorisme NewsToday,tribun tanggulang terorisme pansus terap sistem deteksi dini wakil ketua pansus RUU terorisme newstoday,Special Committee for Terrorism Response Tribun applies early detection system Deputy Chair of Special Committee for Terrorism Bill Newstoday
1146,2016-10-13T03:14:11.000Z,News Tanggulangi Terorisme Pansus Terapkan Sistem Deteksi Dini Wakil Ketua Pansus RUU Terorisme Supiadin A,news tanggulang terorisme pansus terap sistem deteksi dini wakil ketua pansus RUU terorisme supiadin a,news anti-terrorism special committee applies early detection system deputy chairman of the special committee on terrorism bill supiadin a
1147,2016-10-13T03:14:00.000Z,NewsUpdate Tanggulangi Terorisme Pansus Terapkan Sistem Deteksi Dini Wakil Ketua Pansus RUU Terorisme Supi,newsupdate tanggulang terorisme pansus terap sistem deteksi dini wakil ketua pansus RUU terorisme sup,newsupdate anti-terrorism special committee applies early detection system deputy chairman of special committee on terrorism bill sup
1148,2016-10-13T02:46:12.000Z,Pansus RUU Pemberantasan Tindak Pidana Terorisme Aktifkan Early Warning System Atasi Penanggulangan Terorisme,pansus RUU berantas tindakan pidana terorisme aktif early warning system atas tanggulang terorisme,The special committee on the bill to eradicate criminal acts of terrorism activates the early warning system for countering terrorism
1149,2016-10-13T02:44:06.000Z,Pansus RUU Pemberantsan Tindak Pidana Terorisme Tinjau Kesiapan Kopassus Tangani Terorisme,pansus RUU pemberantsan tindakan pidana terorisme tinjau kesiap kopassus tangan terorisme,The special committee on the bill to eradicate criminal acts of terrorism reviews the readiness of the Special Forces to handle terrorism
1150,2016-10-13T02:40:12.000Z,Paripurna DPR RI Setujui RUU Jabatan Hakim Jadi Inisiatif DPR,paripurna DPR RI tuju RUU jabatan hakim jadi inisiatif DPR,DPR RI plenary session aims to make the Bill on the position of judges a DPR initiative
1151,2016-10-13T02:33:25.000Z,DPR Setujui Undang Undang Perlindungan Anak dengan Catatan,DPR tuju undang undang lindung anak dengan catat,The DPR aims for legislation to protect children with notes
1152,2016-10-13T02:26:37.000Z,Kunjungan kerja Pansus RUU Tindak Terorisme DPR RI di SAT Kopassus,kunjung kerja pansus RUU tindakan terorisme DPR RI di SAT kopassus,Visit the work of the DPR RI DPR's special committee on acts of terrorism at SAT Kopassus
1153,2016-10-13T02:20:08.000Z,Chirpified GerakBersama kawal RUU Penghapusan Kekerasan Seksual,chirpified gerakbersama kawal RUU hapus keras seksual,chirpified movement together to guard the bill to abolish sexual violence
1154,2016-10-13T02:09:41.000Z,Jakarta Wakil Ketua Panitia Khusus Pansus Rancangan Undang Undang RUU Terorisme Supiadin Aries Saputra,jakarta wakil ketua panitia khusus pansus rancangan undang undang RUU terorisme supiadin aries saputra,"Jakarta, deputy chairman of the special committee for the draft law on the terrorism bill, Supiadin Aries Saputra"
1155,2016-10-13T01:49:36.000Z,DPR Sahkan UU Pelaksanaan Hukuman Kebiri JAKARTA SK Pihak DPR RI akhirnya mengesahkan undang undang UU,DPR sahkan UU laksana hukum kebiri JAKARTA SUKA pihak DPR RI akhir pengesahan undang undang UU,DPR passes law such as castration law JAKARTA LIKES The DPR RI has finally ratified the law
1156,2016-10-13T00:36:18.000Z,Akhirnya DPR RI Sahkan Perppu Kebiri Jadi Undang Undang,akhir DPR RI sahkan perppu kebiri jadi undang undang,"Finally, the DPR RI passed the castration regulation into law"
1157,2016-10-13T00:00:03.000Z,Rapat Paripurna DPR RI memutuskan menyetujui dijadikannya Perppu sebagai UU tentang Perubahan Kedua atas,rapat paripurna DPR RI keputusan tuju jadi perppu bagai UU tentang ubah dua atas,DPR RI plenary meeting decided to become a Perppu as a law on changing the top two
1158,2016-10-12T22:30:28.000Z,Anggota DPR sistem deteksi dini di RUU Terorisme,anggota DPR sistem deteksi dini di RUU terorisme,members of the DPR early detection system in the terrorism bill
1159,2016-10-12T22:28:31.000Z,Anggota DPR sistem deteksi dini di RUU Terorisme Wakil Ketua Panitia Khusus Pansus R RanoKarnoHRSMundur,anggota DPR sistem deteksi dini di RUU terorisme wakil ketua panitia khusus pansus r ranokarnohrsmundur,"DPR member for early detection system in the terrorism bill, deputy chairman of the special special committee, R Ranokarnohrsmundur"
1160,2016-10-12T22:06:12.000Z,Anggota DPR sistem deteksi dini di RUU Terorisme Pernyataan lisan MUI di ILC tertulis aksi teror,anggota DPR sistem deteksi dini di RUU terorisme nyata lisan MUI di ILC tulis gerakan teror,Members of the DPR for an early detection system in the real terrorism bill spoken by the MUI at the ILC wrote about terror movements
1161,2016-10-12T22:02:45.000Z,Anggota DPR sistem deteksi dini di RUU Terorisme Politik,anggota DPR sistem deteksi dini di RUU terorisme politik,DPR members early detection system in political terrorism bill
1162,2016-10-12T22:02:41.000Z,Anggota DPR sistem deteksi dini di RUU Terorisme politik,anggota DPR sistem deteksi dini di RUU terorisme politik,DPR members early detection system in political terrorism bill
1163,2016-10-12T21:50:20.000Z,Anggota DPR sistem deteksi dini di RUU Terorisme Wakil Ketua Panitia Khusus Pansus Rancangan Undang Unda,anggota DPR sistem deteksi dini di RUU terorisme wakil ketua panitia khusus pansus rancangan undang unda,"member of the DPR for the early detection system in the terrorism bill, deputy chairman of the special committee for the draft law"
1164,2016-10-12T21:45:59.000Z,Anggota DPR sistem deteksi dini di RUU Terorisme Wakil Ketua Panitia Khusus Pansus Rancangan Undang Undan,anggota DPR sistem deteksi dini di RUU terorisme wakil ketua panitia khusus pansus rancangan undang undan,"member of the DPR for the early detection system in the terrorism bill, deputy chairman of the special committee for the special committee on draft legislation"
1165,2016-10-12T21:43:27.000Z,Anggota DPR sistem deteksi dini di RUU Terorisme Wakil Ketua Panitia Khusus Pansus Rancangan Undang Undang,anggota DPR sistem deteksi dini di RUU terorisme wakil ketua panitia khusus pansus rancangan undang undang,"member of the DPR for the early detection system in the terrorism bill, deputy chairman of the special committee for the draft law"
1166,2016-10-12T21:38:29.000Z,Anggota DPR sistem deteksi dini di RUU Terorisme Wakil Ketua Panitia Khusus Pansus Ran SeputarIndonesia,anggota DPR sistem deteksi dini di RUU terorisme wakil ketua panitia khusus pansus ran seputarindonesia,"Member of the DPR for the early detection system in the terrorism bill, deputy chairman of the special committee for the special committee on ran around Indonesia"
1167,2016-10-12T21:37:26.000Z,Antara Anggota DPR sistem deteksi dini di RUU Terorisme,antara anggota DPR sistem deteksi dini di RUU terorisme,among members of the DPR early detection system in the terrorism bill
1168,2016-10-12T21:37:21.000Z,Anggota DPR sistem deteksi dini di RUU Terorisme Indonesia,anggota DPR sistem deteksi dini di RUU terorisme indonesia,members of the DPR early detection system in the Indonesian terrorism bill
1169,2016-10-12T21:37:20.000Z,Anggota DPR sistem deteksi dini di RUU Terorisme Wakil Ketua Panitia Khusus Pansus Rancangan Antara News,anggota DPR sistem deteksi dini di RUU terorisme wakil ketua panitia khusus pansus rancangan antara news,"Member of the DPR for the early detection system in the terrorism bill, deputy chairman of the special committee for the draft, Antara News"
1170,2016-10-12T21:36:24.000Z,Anggota DPR sistem deteksi dini di RUU Terorisme CianjurBangkit,anggota DPR sistem deteksi dini di RUU terorisme cianjurbangkit,member of the DPR early detection system in the Cianjurbangkit terrorism bill
1171,2016-10-12T21:35:34.000Z,AntaraNews Anggota DPR sistem deteksi dini di RUU Terorisme Wakil Ketua Panitia Khusus Pansus Rancangan,antaranews anggota DPR sistem deteksi dini di RUU terorisme wakil ketua panitia khusus pansus rancangan,"Antaranews Member of the DPR, early detection system in the terrorism bill, deputy chairman of the special committee for drafting"
1172,2016-10-12T21:35:31.000Z,catatantanganeza Anggota DPR sistem deteksi dini di RUU Terorisme read more,catatantanganeza anggota DPR sistem deteksi dini di RUU terorisme read more,DPR members' notes on the early detection system in the terrorism bill read more
1173,2016-10-12T21:35:30.000Z,catatantanganeza Anggota DPR sistem deteksi dini di RUU Terorisme,catatantanganeza anggota DPR sistem deteksi dini di RUU terorisme,DPR members' notes on the early detection system in the terrorism bill
1174,2016-10-12T17:12:47.000Z,Paripurna DPR RI Setujui RUU Jabatan Hakim,paripurna DPR RI tuju RUU jabatan hakim,The plenary session of the Indonesian House of Representatives aimed at the bill on the position of judges
1175,2016-10-12T16:41:41.000Z,Ade Komarudin Yakin Paket Kebijakan Hukum Akan Berhasil Ketua DPR RI Ade Komarudin meminta semua pihak untuk,adek komarudin yakin paket kebijakan hukum akan hasil ketua DPR RI adek komarudin minta semua pihak untuk,"Adek Komarudin is confident that the legal policy package will be the result of the chairman of the DPR RI, Adek Komarudin asked all parties to"
1176,2016-10-12T13:53:10.000Z,Paripurna DPR RI Setujui RUU Jabatan Hakim Seluruh Fraksi di DPR RI menyetujui Ranc BatikBontang,paripurna DPR RI tuju RUU jabatan hakim seluruh partai di DPR RI tuju ranc batikbontang,plenary session of the Indonesian House of Representatives aims for a bill on the position of judges for all parties in the Indonesian House of Representatives for the Batikbontang plan
1177,2016-10-12T13:52:27.000Z,Seluruh Fraksi di DPR RI menyetujui Rancangan Undang undang tentang jabatan Hakim,seluruh partai di DPR RI tuju rancangan undang undang tentang jabatan hakim,all parties in the DPR RI aimed at the draft law regarding the position of judges
1178,2016-10-12T13:44:00.000Z,Paripurna DPR RI Setujui RUU Jabatan Hakim Seluruh Fraksi di DPR RI menyetujui Rancangan Undang u,paripurna DPR RI tuju RUU jabatan hakim seluruh partai di DPR RI tuju rancangan undang kamu,plenary session of the Indonesian House of Representatives aims for the bill on the position of judges. All parties in the DPR RI aim for your bill
1179,2016-10-12T13:40:24.000Z,DPR RI Sahkan Perppu Kebiri Jadi Undang Undang,DPR RI sahkan perppu kebiri jadi undang undang,The DPR RI ratifies the castration regulation as law
1180,2016-10-12T13:01:18.000Z,Ketua DPR sambut usulan RUU madrasah dan pesantren Ketua DPR RI Ade Komarudin menyambut baik usulan Fraksi P,ketua DPR sambut usul RUU madrasah dan pesantren ketua DPR RI adek komarudin sambut baik usul partai p,DPR chairman welcomes proposal for madrasa and Islamic boarding school bill DPR RI chairman adek komarudin welcomes party's proposal
1181,2016-10-12T12:26:53.000Z,Pemerintah OMDO! Sgra Sidang Istimewa Pengesahan Perppu Kebiri Cermin Kegagapan Negara,pemerintah OMDO ! sgra sidang istimewa pengesahan perppu kebiri cermin gagap negara,OMDO government! sgra special session ratifying perppu castration reflects state stuttering
1182,2016-10-12T11:32:12.000Z,Oleh karenanya RUU Penghapusan Kekerasan Seksual menjadi sangat penting untuk segera dibahas dan disahkan GerakBersama,oleh karena RUU hapus keras seksual jadi sangat penting untuk segera bahas dan sah gerakbersama,"Because the bill abolishes sexual violence, it is very important to immediately discuss it and make the movement legal together"
1183,2016-10-12T11:29:04.000Z,Yg ngga jelas cuma fadli zon kali bukan semua anggota DPR Nilai Paket Kebijakan Hukum Pemerintahan Jokowi Tak Jelas,yang tidak jelas cuma fadli zon kali bukan semua anggota DPR nilai paket kebijakan hukum pemerintah jokowi tak jelas,"The only thing that is not clear is Fadli Zon, not all members of the DPR. The value of the Jokowi government's legal policy package is not clear"
1184,2016-10-12T11:27:52.000Z,RUU Penghapusan Kekerasan Seksual diterima oleh Bapak wakil ketua GerakBersama,RUU hapus keras seksual terima oleh bapak wakil ketua gerakbersama,The bill to eradicate sexual violence was accepted by the deputy chairman of the Joint Movement
1185,2016-10-12T11:25:50.000Z,Komnas Perempuan menyerahkan RUU Penghapusan Kekerasan Seksual ke siangtadi GerakBersama,komnas perempuan serah RUU hapus keras seksual ke siangtadi gerakbersama,The National Commission on Women submitted a bill to eliminate sexual violence to the Joint Movement this afternoon
1186,2016-10-12T11:06:36.000Z,Ketua DPR sambut usulan RUU madrasah dan pesantren Ketua DPR RI Ade Komarudin menyambut RanoKarnoHRSMundur,ketua DPR sambut usul RUU madrasah dan pesantren ketua DPR RI adek komarudin sambut ranokarnohrsmundur,DPR chairman welcomes proposal for madrasa and Islamic boarding school bill DPR RI chairman adek komarudin welcomes ranokarnohrsmundur
1187,2016-10-12T10:46:07.000Z,Ketua DPR sambut usulan RUU madrasah dan pesantren Ketua DPR RI Ade Komarudin menyambut baik usulan Fraksi PK,ketua DPR sambut usul RUU madrasah dan pesantren ketua DPR RI adek komarudin sambut baik usul partai PEMAKAIAN,DPR chairman welcomes proposal for madrasa and Islamic boarding school bill DPR RI chairman adek komarudin welcomes party proposal USE
1188,2016-10-12T10:35:10.000Z,Ketua DPR RI Ade Komarudin menyambut baik usulan Fraksi PKB DPR atas RUU Pendidikan Madrasah dan Pondok Pesan,ketua DPR RI adek komarudin sambut baik usul partai PKB DPR atas RUU didik madrasah dan pondok pesan,"Chairman of the Republic of Indonesia's DPR, Adek Komarudin, welcomed the DPR's PKB party's proposal regarding the bill on madrasah and Islamic boarding school education"
1189,2016-10-12T10:30:15.000Z,Ketua DPR sambut usulan RUU madrasah dan pesantren Ketua DPR RI Ade Komarudin menyambut baik usulan Fraksi PKB DPR,ketua DPR sambut usul RUU madrasah dan pesantren ketua DPR RI adek komarudin sambut baik usul partai PKB DPR,DPR chairman welcomes proposal for madrasa and Islamic boarding school bill DPR RI chairman adek komarudin welcomes proposal from DPR's PKB party
1190,2016-10-12T09:50:22.000Z,Ketua DPR Ade Komarudin Sambut Usulan RUU Madrasah dan Pesantren dari FKB,ketua DPR adek komarudin sambut usul RUU madrasah dan pesantren dari FKB,"Chairman of the DPR, Adek Komarudin, welcomed the proposal for the Madrasah and Islamic Boarding School Bill from FKB"
1191,2016-10-12T09:48:54.000Z,Anggota Komisi VIII DPR Itet Tridjajati Sumarijanto Kecewa Penolakan Asosiasi Perusahaan terhadap RUU TJSP,anggota komisi VII DPR itet tridjajati sumarijanto kecewa penolakan asosiasi usaha hadap RUU TJSP,DPR Commission VII member Itet Tridjajati Sumarijanto is disappointed with the business association's rejection of the TJSP Bill
1192,2016-10-12T08:14:21.000Z,Wakil Ketua Komisi III DPR RI Trimedya Pandjaitan mendukung langkah pemerintah utk menghapuskan pungli dalam paket kebijakan hukum,wakil ketua komisi II DPR RI trimedya pandjaitan dukungan langkah pemerintah untuk hapus pungli dalam paket kebijakan hukum,Deputy chairman of Commission II DPR RI Trimedya Pandjaitan supports the government's steps to eliminate extortion in the legal policy package
1193,2016-10-12T08:00:58.000Z,Komnas Perempuan menyerahkan RUU Penghapusan Kekerasan Seksual ke Mari kawal bersama tweeps! GerakBersama,komnas perempuan serah RUU hapus keras seksual ke mari kawal sama tweeps ! gerakbersama,"National Commission for Women submits bill to eliminate sexual violence, let's guard tweeps! move together"
1194,2016-10-12T07:14:36.000Z,Wakil Ketua DPR menerima audiensi Komnas Perempuan terkait Penyerahan Draft RUU Penghapusan Kekerasan Seksual DPRLive,wakil ketua DPR terima audiensi komnas perempuan kait serah draft RUU hapus keras seksual dprlive,The deputy chairman of the DPR receives an audience from the National Women's Commission regarding the submission of the draft bill to eradicate sexual violence to DPRlive
1195,2016-10-12T07:59:34.000Z,Banggar DPR Rapat Panja dengan Pemerintah membahas Belanja Pemerintah Pusat RUU tentang APBN TA DPRLive,banggar DPR rapat panja dengan pemerintah bahas belanja pemerintah pusat RUU tentang APBN TA dprlive,"DPR members have a working committee meeting with the government to discuss central government spending, the bill on the APBN FY dprlive"
1196,2016-10-12T07:58:10.000Z,Undang undang Kebiri Akhirnya Disetujui DPR RI Tanpa Gerindra,undang undang kebiri akhir tuju DPR RI tanpa gerindra,The final castration law goes to the DPR RI without any grumbling
1197,2016-10-12T07:15:54.000Z,DPR RI Sahkan Perppu Kebiri Jadi Undang Undang via,DPR RI sahkan perppu kebiri jadi undang undang via,The Republic of Indonesia's DPR passed the castration regulation into law via
1198,2016-10-12T06:56:56.000Z,Audiensi Komnas Perempuan dg Waka Bang di ruang kerjanya siang ini Penyerahan Draft RUU Penghapusan Kekerasan Seksual,audiensi komnas perempuan dengan waka bang di ruang kerja siang ini serah draft RUU hapus keras seksual,The National Commission on Women's audience with Waka Bang in the work room this afternoon handed over the draft bill to eliminate sexual violence
1199,2016-10-12T06:47:05.000Z,Kunjungan Tim Pansus RUU Terorisme ke Satuan Kopassus TNI AD terkait dengan masukan RUU Pemberantasan Tindak Pidana Terorisme SidakDPR,kunjung tim pansus RUU terorisme ke satu kopassus TNI ADA kait dengan masuk RUU berantas tindakan pidana terorisme sidakdpr,visit of the special committee team on the terrorism bill to a TNI ADA special force related to the inclusion of the bill to eradicate criminal acts of terrorism at the DPR
1200,2016-10-12T06:43:48.000Z,Pertemuan Pansus RUU Pemberantasan Tindak Pidana Terorisme dengan Satuan Kopassus TNI AD di Cijantung Rabu SidakDPR,temu pansus RUU berantas tindakan pidana terorisme dengan satu kopassus TNI ADA di cijantung rabu sidakdpr,meeting of the special committee on the bill to eradicate criminal acts of terrorism with one TNI ADA special force in Cijantung Wednesday sidakdpr
1201,2016-10-12T06:30:50.000Z,Pembahasan Perppu Kebiri Alot Rapat Paripurna Diskor Dewan Perwakilan Rakyat DPR tengah melakukan rapat p,bahas perppu kebiri alot rapat paripurna skor dewan wakil rakyat DPR tengah pelaksanaan rapat p,discussing the perppu on castration a lot in the plenary meeting scores of the DPR's people's representatives in the middle of the meeting p
1202,2016-10-12T06:17:58.000Z,WIB Rapat Paripurna DPR RI akhirnya mengesahkan Perppu no menggantikan UU tentang perlindungan anak,WIB rapat paripurna DPR RI akhir pengesahan perppu no ganti UU tentang lindung anak,"WIB, the final plenary session of the DPR RI ratified Perppu no to replace the law on child protection"
1203,2016-10-12T06:16:21.000Z,Pembahasan Perppu Kebiri Alot Rapat Paripurna Diskor Dewan Perwakilan Rakyat DPR tengah melakukan rapat paripurna yang salah satu,bahas perppu kebiri alot rapat paripurna skor dewan wakil rakyat DPR tengah pelaksanaan rapat paripurna yang salah satu,discussing the perppu on castration is tough in the plenary meeting scores of the DPR's people's representatives in the middle of holding a plenary meeting which is one of
1204,2016-10-12T06:16:06.000Z,Surya News Pembahasan Perppu Kebiri Alot Rapat Paripurna Diskor Dewan Perwakilan Rakyat DPR tengah melak,surya news bahas perppu kebiri alot rapat paripurna skor dewan wakil rakyat DPR tengah lak,"Surya News discussed the Perppu on castration during the plenary session, the score of the People's Representative Council of the Central DPR was lak"
1205,2016-10-12T06:11:10.000Z,News Pembahasan Perppu Kebiri Alot Rapat Paripurna Diskor Dewan Perwakilan Rakyat DPR tengah melakukan r,news bahas perppu kebiri alot rapat paripurna skor dewan wakil rakyat DPR tengah pelaksanaan r,news discussing perppu on castration tough plenary meeting score DPR people's representatives in the middle of implementing r
1206,2016-10-12T06:10:45.000Z,Warta Kiwari Pembahasan Perppu Kebiri Alot Rapat Paripurna Diskor Dewan Perwakilan Rakyat DPR tengah mel,warta kiwari bahas perppu kebiri alot rapat paripurna skor dewan wakil rakyat DPR tengah mel,"Warta Kiwari discusses the Perppu on castration in a tough plenary session, the score of the DPR's people's representatives is in the middle of Mel"
1207,2016-10-12T06:10:09.000Z,Pembahasan Perppu Kebiri Alot Rapat Paripurna Diskor Dewan Perwakilan Rakyat DPR tengah melakuka okezone,bahas perppu kebiri alot rapat paripurna skor dewan wakil rakyat DPR tengah melakuka okezone,"discussing the perppu on castration during the plenary session, the DPR's people's representative council is currently holding an okezone"
1208,2016-10-12T06:07:45.000Z,Okezone Pembahasan Perppu Kebiri Alot Rapat Paripurna Diskor Dewan Perwakilan Rakyat DPR tengah melakuka,okezone bahas perppu kebiri alot rapat paripurna skor dewan wakil rakyat DPR tengah melakuka,"okezone discussing the perppu on castration during the plenary session, the House of Representatives of the People's Representative Council is currently holding it"
1209,2016-10-12T05:52:36.000Z,Hari ini para anggota DPR RI melakukan rapat paripurna perihal Perppu Kebiri,hari ini para anggota DPR RI pelaksanaan rapat paripurna perihal perppu kebiri,Today the members of the DPR RI held a plenary meeting regarding the castration regulation
1210,2016-10-12T05:45:41.000Z,Waduch jd disahkn Paripurna DPR menyetujui RUU ttg Penetapan PERPPU Perlindungan Anak mjdi UU,waduch jadi disahkn paripurna DPR tuju RUU tentang tetap PERPPU lindung anak mjdi UU,waduch so it was ratified by the DPR plenary to make the bill on permanent PERPPU protecting children become law
1211,2016-10-12T05:43:29.000Z,Agenda kedua Rapat Paripurna DPR Pendapat Fraksi terhadap RUU usul inisiatif Komisi III DPR ttg RUU Jabatan Hakim ParipurnaLive,agenda dua rapat paripurna DPR dapat partai hadap RUU usul inisiatif komisi II DPR tentang RUU jabatan hakim paripurnalive,"agenda for two plenary sessions of the DPR, parties can face the DPR Commission II initiative bill regarding the Bill on the position of plenary judges. Live"
1212,2016-10-12T05:35:27.000Z,Paripurna Perppu Kebiri dan RUU Jabatan Hakim Anggota DPR Tak Hadir,paripurna perppu kebiri dan RUU jabatan hakim anggota DPR tak hadir,The plenary session for the Perppu on castration and the bill on the position of judges for members of the DPR were not present
1213,2016-10-12T05:20:00.000Z,Paripurna DPR menyetujui RUU tentang Penetapan PERPPU Perlindungan Anak menjadi Undang Undang ParipurnaLive,paripurna DPR tuju RUU tentang tetap PERPPU lindung anak jadi undang undang paripurnalive,plenary session of the DPR turns the bill on permanent PERPPU protecting children into plenary law
1214,2016-10-12T05:19:20.000Z,dari Fraksi di DPR menyetujui RUU tentang Perlindungan Anak menjadi Undang undang ParipurnaLive,dari partai di DPR tuju RUU tentang lindung anak jadi undang undang paripurnalive,from parties in the DPR to make the bill on child protection a plenary law
1215,2016-10-12T04:53:12.000Z,paspor dgn visa apapun or tnp visa Bl RUU PPILN,paspor dengan visa apa orang tanpa visa bl RUU PPILN,passport with visa or person without visa bl PPILN Bill
1216,2016-10-12T04:52:49.000Z,Paripurna Perppu Kebiri dan RUU Jabatan Hakim Anggota DPR Tak Hadir DPR menggelar rapat paripurna untuk,paripurna perppu kebiri dan RUU jabatan hakim anggota DPR tak hadir DPR gelar rapat paripurna untuk,plenary session regarding the castration regulation and the bill on the position of judges. DPR members were not present. The DPR held a plenary session for
1217,2016-10-12T04:51:31.000Z,Paripurna Perppu Kebiri dan RUU Jabatan Hakim Anggota DPR Tak Hadir via detik,paripurna perppu kebiri dan RUU jabatan hakim anggota DPR tak hadir via detik,plenary session regarding the castration regulation and the bill on the position of judges for members of the DPR were not present via sec
1218,2016-10-12T04:24:45.000Z,Ketua DPR RI Ade Komarudin mendukung usulan RUU Madrasah dan Pondok Pesantren dari Fraksi PKB DPR HUTFraksiPKB,ketua DPR RI adek komarudin dukungan usul RUU madrasah dan pondok pesantren dari partai PKB DPR hutfraksipkb,"Chairman of the Indonesian House of Representatives, Adek Komarudin, supports the proposal for the Madrasah and Islamic Boarding School Bill from the DPR's PKB party Hufraksipkb"
1219,2016-10-12T04:14:21.000Z,RUU TJSP Ditolak Itet Tridjajati Perusahaan Jangan Ambil Untungnya Saja,RUU TJSP penolakan itet tridjajati usaha jangan ambil untung saja,"The TJSP Bill rejects the Tridjajati business plan, don't just take profits"
1220,2016-10-12T04:09:36.000Z,Agenda kedua Rapat Paripurna DPR Pendapat Fraksi fraksi terhadap RUU usul inisiatif komisi III DPR RI ParipurnaLive,agenda dua rapat paripurna DPR dapat partai partai hadap RUU usul inisiatif komisi II DPR RI paripurnalive,"The agenda for the two DPR plenary meetings can be for parties to face the DPR RI Commission II initiative bill, plenary live"
1221,2016-10-12T04:08:18.000Z,Agenda pertama Rapat Paripurna DPR Pembicaraan tingkat II pengambilan keputusan penetapan PERPPU perlindungan anak mjd UU ParipurnaLive,agenda pertama rapat paripurna DPR bicara tingkat II ambil keputusan tetap PERPPU lindung anak mjd UU paripurnalive,The first agenda of the DPR plenary session is to talk at level II to make a permanent decision on PERPPU protecting children to become a plenary law.
1222,2016-10-12T03:00:21.000Z,Pansus RUU Pemberantasan Tindak Pidana Terorisme DPR melakukan kunjungan ke Markas Kopasus TNI AD di Cijantung Rabu SidakDPR,pansus RUU berantas tindakan pidana terorisme DPR pelaksanaan kunjung ke markas kopasus TNI ADA di cijantung rabu sidakdpr,"DPR's special committee on the bill to eradicate criminal acts of terrorism visited the TNI ADA Kopassus headquarters in Cijantung, Wednesday, DPR session"
1223,2016-10-12T02:40:42.000Z,DPR Kembali Bahas UU Perppu di Rapat Paripurna Dewan Perwakilan Rakyat DPR,DPR kembali bahas UU perppu di rapat paripurna dewan wakil rakyat DPR,The DPR again discussed the Perppu Law at the plenary meeting of the DPR's people's representative council
1224,2016-10-12T02:40:09.000Z,DPR Kembali Bahas UU Perppu di Rapat Paripurna Dewan Perwakilan Rakyat DPR RI akan menggelar rapat paripur,DPR kembali bahas UU perppu di rapat paripurna dewan wakil rakyat DPR RI akan gelar rapat paripur,The DPR will again discuss the Perppu Law at the plenary session of the DPR RI's people's representative council and will hold a plenary meeting
1225,2016-10-12T02:37:40.000Z,NewsUpdate DPR Kembali Bahas UU Perppu di Rapat Paripurna Dewan Perwakilan Rakyat DPR RI akan menggelar r,newsupdate DPR kembali bahas UU perppu di rapat paripurna dewan wakil rakyat DPR RI akan gelar r,newsupdate The DPR will again discuss the Perppu Law at the plenary meeting of the DPR RI's people's representatives to hold r
1226,2016-10-12T02:27:29.000Z,Agenda DPR Rabu Pukul WIB Komisi IX DPR Rapat Panja RUU Tenaga Kerja Asing agendaDPR,agenda DPR rabu pukul WIB komisi IX DPR rapat panja RUU tenaga kerja asing agendadpr,DPR agenda Wednesday at WIB Commission IX DPR working committee meeting on foreign workers bill DPR agenda
1227,2016-10-12T02:21:58.000Z,setuju untuk melanjutkan pembahasan RUU Pengesahan Paris Agreement to The United Nations Framework Convention on climatechange,tuju untuk lanjut bahas RUU pengesahan paris agreement tetapi the united nations framework convention on climatechange,aim to continue discussing the bill ratifying the paris agreement but the united nations framework convention on climate change
1228,2016-10-12T00:54:04.000Z,DPR Sepakati Pembahasan RUU Pengesahan Perjanjian Paris,DPR sepakat bahas RUU pengesahan janji paris,DPR agrees to discuss bill ratifying Paris promises
1229,2016-10-12T00:10:30.000Z,Pendapat fraksi fraksi dan pengambilan keputusan terhadap RUU usul inisiatif komisi III DPR RI tentang jabatan hakim menjadi usul DPR,dapat partai partai dan ambil keputusan hadap RUU usul inisiatif komisi II DPR RI tentang jabatan hakim jadi usul DPR,The parties can take a decision on the DPR RI Commission II initiative proposal bill regarding the position of judge as a proposal from the DPR
1230,2016-10-12T00:09:22.000Z,Selamat pagi sahabat Agenda Rabu Oktober Pukul Rapat Paripurna DPR RI MP I TS,selamat pagi sahabat agenda rabu oktober pukul rapat paripurna DPR RI MP i TS,"Good morning friends, agenda for Wednesday October at the plenary session of the DPR RI MP i TS"
1231,2016-10-11T11:20:59.000Z,Apakah RUU PPLIN Pilen msh diperlukab bl TKI distop ?,apakah RUU PPLIN pilen masih diperlukab bl TKI stop ?,Is the PPLIN Pilen Bill still needed before TKI stops?
1232,2016-10-11T09:38:26.000Z,Rapat juga menyetujui perpanjangan waktu pembahasan Pansus RUU PPILN sampai dengan Masa Persidangan II Tahun Sidang,rapat juga tuju panjang waktu bahas pansus RUU PPILN sampai dengan masa sidang II tahun sidang,The meeting also aimed to discuss the PPILN Bill special committee for a long time until the second session of the session year
1233,2016-10-11T09:37:08.000Z,Rapat juga menyetujui pengambilan keputusan Tk II Perppu Perlindungan Anak menjadi UU dalam Rapat Paripurna DPR tanggal Oktober,rapat juga tuju ambil keputusan tak II perppu lindung anak jadi UU dalam rapat paripurna DPR tanggal oktober,The meeting also aims to make a decision on whether II of the Perppu protecting children will become law at the DPR plenary session on October
1234,2016-10-11T09:36:52.000Z,Rapat juga memutuskan RUU Jabatan Hakim untuk disahkan menadi RUU inisiatif DPR dalam Rapat Paripurna DPR RI tanggal Oktober,rapat juga keputusan RUU jabatan hakim untuk sah nadi RUU inisiatif DPR dalam rapat paripurna DPR RI tanggal oktober,The meeting also decided on the Bill on Judges' Positions to be valid as part of the DPR's initiative bill in the DPR RI plenary session on October
1235,2016-10-11T09:33:32.000Z,Komisi VII DPR akan segera membahas Pengesahan Paris Agreement to the United Nations Framework Convention on Change bersama Pemerintah,komisi VII DPR akan segera bahas pengesahan paris agreement tetapi the united nations framework convention on change sama pemerintah,DPR Commission VII will soon discuss ratifying the Paris Agreement but the United Nations Framework Convention is on change with the government
1236,2016-10-11T09:32:44.000Z,Pengesahan Paris Agreement to the United Nations Framework Convention on Change diserahkan kepada Komisi VII DPR,pengesahan paris agreement tetapi the united nations framework convention on change serah kepada komisi VII DPR,ratification of the Paris Agreement but the United Nations Framework Convention on Change is handed over to Commission VII DPR
1237,2016-10-11T09:31:04.000Z,Dalam rapat juga menyetujui Pembahasaan RUU tentang Pengesahan Paris Agreement to the United Nations Framework Convention on Change,dalam rapat juga tuju bahasa RUU tentang pengesahan paris agreement tetapi the united nations framework convention on change,The meeting also addressed the bill's language regarding ratification of the Paris Agreement but the United Nations Framework Convention on Change
1238,2016-10-11T09:09:46.000Z,Forum Legislasi di Media Center DPR RI membahas RUU tentang Penyelenggaraan Ibadah Haji dan Umrah DPRLive,forum legislasi di media center DPR RI bahas RUU tentang penyelenggaraan ibadah haji dan umrah dprlive,Legislative forum at the DPR RI media center discussing the bill regarding the implementation of the Hajj and Umrah pilgrimage dprlive
1239,2016-10-11T09:03:28.000Z,Fadli Zon Sindir Jokowi soal Pembuatan Undang undang Wakil Ketua Dewan Perwakilan Rakyat Fadli Zon menyindir,fadli zon sindir jokowi soal buat undang undang wakil ketua dewan wakil rakyat fadli zon sindir,"Fadli Zon Sindir Jokowi about inviting the deputy chairman of the People's Representative Council, Fadli Zon Sindir"
1240,2016-10-11T08:39:32.000Z,Serunya simulasi rapat paripurna DPR RI ala ParlemenSantriPKB lengkap dgn pimpinan sidang penyerahan palu sampai interupsi,seru simulasi rapat paripurna DPR RI ala parlemensantripkb lengkap dengan kepemimpinan sidang serah palu sampai interupsi,Exciting simulation of the DPR RI plenary session in the style of parliamentsantripkb complete with the chair of the session handing over the gavel to interruptions
1241,2016-10-11T08:07:05.000Z,Rapat paripurna ParlemenSantriPKB telah berlangsung Kemeriahan rangkaian acara HUTFPKB DPR RI,rapat paripurna parlemensantripkb telah langsung riah rangkai acara HUTFPKB DPR RI,The plenary session of the Santripkb parliament immediately became a lively event as part of the DPR RI's HUTFPKB event
1242,2016-10-11T06:28:39.000Z,Fraksi Partai Kebangkitan Bangsa DPR RI menginisiasi Rancangan Undang Undang RUU Pendidikan Madrasah dan Pondok,partai partai bangkit bangsa DPR RI inisiasi rancangan undang undang RUU didik madrasah dan pondok,"The National Awakening Party, DPR RI initiated a draft law on Madrasah and Islamic boarding school education"
1243,2016-10-11T05:19:18.000Z,Komisi VII DPR RDPU dengan Pakar Hukum terkait masukan penyusunan Draf RUU tentang Migas dari sisi Ketentuan Pidana DPRLive,komisi VII DPR RDPU dengan pakar hukum kait masuk susun draf RUU tentang migas dari sisi tentu pidana dprlive,Commission VII of the DPR RDPU with legal experts has entered into drafting a draft bill on oil and gas from a DPR live criminal perspective
1244,2016-10-11T04:38:36.000Z,Rapat di pimpin Wakil Ketua Komisi VIII DPR RI terkait RUU ttg Tanggung Jawab Sosial Perusahaan TJSP,rapat di kepemimpinan wakil ketua komisi VII DPR RI kait RUU tentang pertanggungjawaban jawab sosial usaha TJSP,meeting under the leadership of the deputy chairman of Commission VII DPR RI regarding the bill on social responsibility for TJSP businesses
1245,2016-10-11T03:39:10.000Z,PBNU dukung FPKB DPR RI utk mengusulkan Draf RUU Madrasah Pesantren pd Prolegnas,PBNU dukungan FPKB DPR RI untuk usul draf RUU madrasah pesantren pada prolegnas,PBNU supports the DPR RI's FPKB in proposing a draft bill on Islamic boarding schools in the National Legislation Program
1246,2016-10-11T03:32:21.000Z,Kabar kemarin FPKB DPR RI tentang gagasan RUU Madrasah Pesantren,kabar kemarin FPKB DPR RI tentang gagas RUU madrasah pesantren,yesterday's news from the DPR RI FPKB regarding the idea of ​​the Islamic boarding school madrasa bill
1247,2016-10-11T02:15:45.000Z,Agenda DPR Selasa Pukul WIB Komisi I DPR Rapat Laporan Tim Perumus kepada Tim Panja RUU ITE agendaDPR,agenda DPR selasa pukul WIB komisi i DPR rapat lapor tim rumus kepada tim panja RUU ITE agendadpr,"DPR agenda, Tuesday at WIB, DPR commission i meeting reports the formula team to the DPR agenda ITE Bill working committee"
1248,2016-10-11T02:10:59.000Z,Agenda DPR Selasa Pukul WIB Komisi I DPR Rapat Pembahasan Tim Perumus RUU ITE agendaDPR,agenda DPR selasa pukul WIB komisi i DPR rapat bahas tim rumus RUU ITE agendadpr,"DPR agenda, Tuesday at WIB, DPR commission i met to discuss the formula team for the ITE Bill, DPR agenda"
1249,2016-10-11T01:00:02.000Z,Komisi III DPR RI menemukan penyalahgunaan kebijakan bebas visa oleh turis dari sejumlah negara di beberapa,komisi II DPR RI temu penyalahgunaan kebijakan bebas visa oleh turis dari jumlah negara di beberapa,Commission II DPR RI finds abuse of visa-free policy by tourists from several countries
1250,2016-10-11T00:23:25.000Z,JAKARTA Fraksi Partai Kebangkitan Bangsa FPKB DPR RI segera menginisiasi Rancangan Undang Undang RUU Pen,JAKARTA partai partai bangkit bangsa FPKB DPR RI segera inisiasi rancangan undang undang RUU pengin,"JAKARTA, the nation's rising party, the FPKB DPR RI, will immediately initiate a draft law on the bill"
1251,2016-10-10T16:31:22.000Z,Saya menambahkan video ke daftar putar PBNU Terima Draf RUU Madrasah Pesantren Inisiasi FPKB DPR RI,saya tambah video ke daftar putar PBNU terima draf RUU madrasah pesantren inisiasi FPKB DPR RI,I added the video to the playlist PBNU received the draft Islamic boarding school madrasah bill initiated by the DPR RI's FPKB
1252,2016-10-10T15:35:08.000Z,Fraksi Partai Kebangkitan Bangsa FPKB DPR RI bakal menginisiasi RUU Pendidikan Madrasah dan Pondok Pesantre,partai partai bangkit bangsa FPKB DPR RI bakal inisiasi RUU didik madrasah dan pondok pesantre,The National Awakening Party FPKB DPR RI will initiate a bill on madrasah and Islamic boarding school education
1253,2016-10-10T14:59:52.000Z,Retweeted Nahdlatul Ulama Laporan FPKB DPR RI kepada Ketum PBNU sekaligus Launching RUU,retweeted nahdlatul ulama lapor FPKB DPR RI kepada tum PBNU sekaligus launching RUU,retweeted nahdlatul ulama reports FPKB DPR RI to tum PBNU at the same time launching the bill
1254,2016-10-10T14:03:59.000Z,PBNU Terima Draf RUU Madrasah Pesantren Inisiasi FPKB DPR RI,PBNU terima draf RUU madrasah pesantren inisiasi FPKB DPR RI,PBNU receives the draft bill on Islamic boarding school madrasas initiated by the DPR RI's FPKB
1255,2016-10-10T13:48:12.000Z,PBNU Terima Draf RUU Madrasah Pesantren Inisiasi FPKB DPR RI melalui,PBNU terima draf RUU madrasah pesantren inisiasi FPKB DPR RI lalu,PBNU received the draft Islamic boarding school madrasa bill initiated by the DPR RI's FPKB
1256,2016-10-10T13:24:14.000Z,Fraksi Partai Kebangkitan Bangsa di DPR RI akan mengusulkan RUU Pendidikan Madrasah dan MinangKabau Sumbar,partai partai bangkit bangsa di DPR RI akan usul RUU didik madrasah dan minangkabau sumbar,The National Awakening parties in the DPR RI will propose a bill on madrasah and Minangkabau education in West Sumatra
1257,2016-10-10T13:10:36.000Z,Nasional Fraksi Partai Kebangkitan Bangsa di DPR RI akan mengusulkan RUU Pendidikan Madrasah dan Pondok Pesantren,nasional partai partai bangkit bangsa di DPR RI akan usul RUU didik madrasah dan pondok pesantren,The National Awakening of the Nation party in the DPR RI will propose a bill on madrasah and Islamic boarding school education
1258,2016-10-10T13:06:08.000Z,Sumbar Fraksi Partai Kebangkitan Bangsa di DPR RI akan mengusulkan RUU Pendidikan Madrasah dan Pondok Pesantren,sumbar partai partai bangkit bangsa di DPR RI akan usul RUU didik madrasah dan pondok pesantren,said the National Awakening Party in the DPR RI will propose a bill on madrasah and Islamic boarding school education
1259,2016-10-10T13:04:02.000Z,News Fraksi Partai Kebangkitan Bangsa di DPR RI akan mengusulkan RUU Pendidikan Madrasah dan Pondok Pesantren,news partai partai bangkit bangsa di DPR RI akan usul RUU didik madrasah dan pondok pesantren,news The nation's rising party in the DPR RI will propose a bill on madrasah and Islamic boarding school education
1260,2016-10-10T13:03:13.000Z,KabaKampuang Fraksi Partai Kebangkitan Bangsa di DPR RI akan mengusulkan RUU Pendidikan Madrasah dan Pondok Pesan,kabakampuang partai partai bangkit bangsa di DPR RI akan usul RUU didik madrasah dan pondok pesan,The head of the National Awakening Party party in the DPR RI will propose a bill on madrasah and Islamic boarding school education
1261,2016-10-10T12:04:55.000Z,Kunjungan Lapangan TIM PANSUS RUU Tindak Terorisme DPR RI ke BNPT,kunjung lapang TIM PANSUS RUU tindakan terorisme DPR RI ke BNPT,Field visit by the DPR RI DPR's Terrorism Act Bill to the BNPT
1262,2016-10-10T10:16:36.000Z,Panja RUU Larangan Praktik Monopoli Dibentuk Baleg DPR RI,panja RUU larang praktik monopoli bentuk baleg DPR RI,The bill's working committee prohibits monopolistic practices in the form of DPR RI legislative councils
1263,2016-10-10T08:58:48.000Z,diskusi dgn media membahas RUU penghapusan kekerasan seksual,diskusi dengan media bahas RUU hapus keras seksual,discussions with the media to discuss the bill to eliminate sexual violence
1264,2016-10-10T08:09:17.000Z,Fraksi PPP DPR RI Menyerahkan NA RUU tentang Pendidikan Keagamaan yang menjadi Usulan PPP dan,partai PP DPR RI serah NYA RUU tentang didik agama yang jadi usul PP dan,PP party DPR RI handed over NYA the bill on religious education which was proposed by PP and
1265,2016-10-10T07:59:07.000Z,Undang Undang Nomor tentang Kesehatan Jiwa disahkan DPR menjadi UU pada tanggal Juli yang merupakan usul inisiatif DPR,undang undang nomor tentang sehat jiwa sah DPR jadi UU pada tanggal juli yang rupa usul inisiatif DPR,"The DPR's law on mental health became law on July, which was apparently an initiative proposal from the DPR"
1266,2016-10-10T07:56:34.000Z,Di Indonesia sendiri Kesehatan Jiwa telah diatur dalam Undang Undang Nomor tahun tentang Kesehatan Jiwa,di indonesia sendiri sehat jiwa telah pengaturan dalam undang undang nomor tahun tentang sehat jiwa,"In Indonesia, mental health has been regulated in the year number law regarding mental health"
1267,2016-10-10T07:26:48.000Z,Admin akan live tweet acara parlement gathering di Komnas Perempuan Dicatet ya anggota yg dukung RUU Penghapusan KekerasanSeksual,admin akan live tweet acara parlement gathering di komnas perempuan dicatet ya anggota yang dukungan RUU hapus kekerasanseksual,"admin will live tweet the parliamentary gathering event at the National Women's Commission, including members who support the bill to eradicate sexual violence"
1268,2016-10-10T07:07:42.000Z,RUU Penghapusan KekerasanSeksual sekarang posisinya prioritas nomor di GerakBersama,RUU hapus kekerasanseksual sekarang posisi prioritas nomor di gerakbersama,The bill to eradicate sexual violence is now the number one priority in the joint movement
1269,2016-10-10T06:30:17.000Z,RT NahdlatulOelama Laporan FPKB DPR RI kepada Ketum PBNU sekaligus Launching RUU Pendidikan Madrasah dan Pondok P,RT nahdlatuloelama lapor FPKB DPR RI kepada tum PBNU sekaligus launching RUU didik madrasah dan pondok p,RT nahdlatuloelama reports FPKB DPR RI to tum PBNU at the same time launching bill on madrasah and Islamic boarding school education
1270,2016-10-10T06:27:53.000Z,Laporan FPKB DPR RI kepada Ketum PBNU sekaligus Launching RUU Pendidikan Madrasah dan Pondok Pesantren,lapor FPKB DPR RI kepada tum PBNU sekaligus launching RUU didik madrasah dan pondok pesantren,reported the DPR RI FPKB to the PBNU tum and at the same time launched the bill on madrasah and Islamic boarding school education
1271,2016-10-10T06:08:54.000Z,Fraksi PKB DPR RI hari ini me launching RUU PENDIDIKAN MADRASAH DAN PONDOK PESANTREN di Gd PBNU,partai PKB DPR RI hari ini me launching RUU DIDIK MADRASAH DAN PONDOK PESANTREN di gd PBNU,The DPR RI PKB party today launched the MADRASAH AND Islamic Boarding School EDUCATION Bill at the PBNU building
1272,2016-10-10T04:50:36.000Z,RUU Madrasah Pondok Pesantren adlh hadiah Hari Santri Nasional yg dpersembahkn FPKB DPR RI untk santri Indonesia RUUPesantrenPKB HUTFPKB,RUU madrasah pondok pesantren adalah hadiah hari santri nasional yang dpersembahkn FPKB DPR RI untuk santri indonesia ruupesantrenpkb HUTFPKB,The Islamic boarding school madrasah bill is a national santri day gift presented by the DPR RI FPKB for Indonesian students ruupesantrenpkb HUTFPKB
1273,2016-10-10T04:37:12.000Z,Semoga lancar LAUNCHING RUU PENDIDIKAN MADRASAH PONDOK PESANTREN FPKB DPR RI Bangkaitlah wahai PKB,moga lancar LAUNCHING RUU DIDIK MADRASAH PONDOK PESANTREN FPKB DPR RI bangkaitlah wahai PKB,"Good luck with the LAUNCHING OF THE MADRASAH EDUCATION BILL, FPKB Islamic Boarding School, DPR RI, let's go, O PKB"
1274,2016-10-10T04:36:25.000Z,mmprjuangkn hak kaum santri hari ini FPKB DPR RI me launching RUU Madrasah n Ponpes d kntor PBNU RUUPesantrenPKB,mmprjuangkn hak kaum santri hari ini FPKB DPR RI me launching RUU madrasah n ponpes di kntor PBNU ruupesantrenpkb,"Fighting for the rights of Islamic boarding school students today, FPKB DPR RI launched the Madrasah and Islamic Boarding School Bill at the PBNU office ruupesantrenpkb"
1275,2016-10-10T03:59:23.000Z,Badan Legislasi DPR Rapat Harmonisasi RUU tentang Larangan Praktek Monopoli dan Persaingan Usaha Tidak Sehat DPRLive,badan legislasi DPR rapat harmonisasi RUU tentang larang praktek monopoli dan saing usaha tidak sehat dprlive,DPR legislative body meets to harmonize the bill on prohibiting monopolistic practices and unhealthy business competition dprlive
1276,2016-10-10T03:28:43.000Z,Now Fraksi PKB DPR RI Launching RUU Pesantren Madrasah di PBNU Mengembalikan spirit prjuangan para kyai ulama,now partai PKB DPR RI launching RUU pesantren madrasah di PBNU kembali spirit juang para kyai ulama,Now the PKB DPR RI party is launching the Madrasah Islamic Boarding School Bill at PBNU to restore the fighting spirit of the kyai ulama
1277,2016-10-10T03:00:31.000Z,Komisi XI DPR RI akan segera membahas dua revisi undang undang UU mengenai penerimaan negara TaxNews,komisi XI DPR RI akan segera bahas dua revisi undang undang UU kena terima negara taxnews,Commission
1278,2016-10-10T01:56:09.000Z,Agenda DPR Senin Pukul WIB Baleg DPR Rapat Harmonisasi RUU Larangan Praktek Monopoli Persaingan Usaha agendaDPR,agenda DPR senin pukul WIB baleg DPR rapat harmonisasi RUU larang praktek monopoli saing usaha agendadpr,DPR agenda Monday at WIB DPR legislative council meeting on harmonization of bill prohibiting monopolistic practices in business competition DPR agenda
1279,2016-10-09T23:07:21.000Z,Dewan Perwakilan Rakyat DPR meminta aturan turunan dari Undang Undang UU No Tahun tentang Pendidikan,dewan wakil rakyat DPR minta pengaturan turun dari undang undang UU no tahun tentang didik,The DPR's people's representative council asked for regulations to come down from Law No. 1 regarding education
1280,2016-10-08T20:45:52.000Z,DPR bebas visa disalahgunakan Jatim rugi Rp triliun Komisi III DPR RI menemukan penyalahgunaan kebijakan b,DPR bebas visa disalahgunakan jatim rugi rp triliun komisi II DPR RI temu penyalahgunaan kebijakan b,East Java's visa-free DPR abuses loss of IDR trillion. Commission II DPR RI finds abuse of policy b
1281,2016-10-08T20:22:14.000Z,DPR bebas visa disalahgunakan Jatim rugi Rp triliun Komisi III DPR RI menemukan penyalahgunaan kebijakan,DPR bebas visa disalahgunakan jatim rugi rp triliun komisi II DPR RI temu penyalahgunaan kebijakan,"East Java's visa-free DPR abuses Rp trillion loss, Commission II DPR RI finds abuse of policy"
1282,2016-10-08T20:03:18.000Z,DPR bebas visa disalahgunakan jatim rugi Rp triliun Komisi III DPR RI menemukan penyalahgunaan kebijakan bebas,DPR bebas visa disalahgunakan jatim rugi rp triliun komisi II DPR RI temu penyalahgunaan kebijakan bebas,East Java's visa-free DPR abuses Rp trillion in losses. Commission II DPR RI finds abuse of free policy
1283,2016-10-08T18:09:01.000Z,Komisi III DPR RI menemukan penyalahgunaan kebijakan bebas visa oleh turis dari sejumlah negara di be,komisi II DPR RI temu penyalahgunaan kebijakan bebas visa oleh turis dari jumlah negara di be,Commission II DPR RI finds abuse of visa-free policy by tourists from a number of countries in Be
1284,2016-10-07T14:22:11.000Z,Komisi VIII DPR menggelar pertemuan dengan UIN Makassar terkait dengan RUU Penyelenggaraan Ibadah Haji Umrah Jumat KunkerDPR,komisi VII DPR gelar temu dengan UIN makassar kait dengan RUU penyelenggaraan ibadah haji umrah jumat kunkerdpr,Commission VII of the DPR holds a meeting with UIN Makassar regarding the bill on the implementation of the Friday Umrah Hajj kunkerdpr
1285,2016-10-07T14:20:29.000Z,Komisi VIII DPR menggelar pertemuan dengan UIN Malang terkait dengan RUU Penyelenggaraan Ibadah Haji Umrah Jum at KunkerDPR,komisi VII DPR gelar temu dengan UIN malang kait dengan RUU penyelenggaraan ibadah haji umrah jum at kunkerdpr,Commission VII of the DPR holds a meeting with UIN Malang regarding the bill on the implementation of the Friday Umrah Hajj pilgrimage at kunkerdpr
1286,2016-10-07T12:01:23.000Z,Panitia Khusus Pansus II Dewan Perwakilan Rakyat Kota DPRK terhadap Rancangan Qanun Pertanggungjawaban,panitia khusus pansus II dewan wakil rakyat kota DPRK hadap rancangan qanun pertanggungjawaban,special committee special committee II of the DPRK city people's representative council is facing the draft accountability qanun
1287,2016-10-07T11:17:10.000Z,Kunjungan Spesifik Kom X ke perpusda DIY bahas RUU perubahan atas UU no thn ttg Serah Simpan Karya Cetak Karya Rekam,kunjung spesifik kom kali ke perpusda DIY bahas RUU ubah atas UU no tahun tentang serah simpan karya cetak karya rekam,"Special visit to the DIY library to discuss the draft amendment to Law No. 1 regarding the transfer of storage of printed works, recorded works"
1288,2016-10-07T11:16:52.000Z,Masukan Penghapusan Hukuman Mati Diterima Panja KUHP Komisi III Panitia Kerja Panja RUU KUHP Kitab undang,masuk hapus hukum mati terima panja KUHP komisi II panitia kerja panja RUU KUHP kitab undang,"Sign in to abolish the death penalty, accept the Criminal Code working committee, Commission II, Working Committee, Working Committee, Draft Criminal Code Bill"
1289,2016-10-07T11:16:44.000Z,News Masukan Penghapusan Hukuman Mati Diterima Panja KUHP Komisi III Panitia Kerja Panja RUU KUHP Kitab,news masuk hapus hukum mati terima panja KUHP komisi II panitia kerja panja RUU KUHP kitab,incoming news to abolish the death penalty accepts the Criminal Code committee II working committee working committee on the Draft Criminal Code Bill
1290,2016-10-07T00:54:12.000Z,Anggota DPR Apresiasi Penghentian Kebijakan Plastik Berbayar,anggota DPR apresiasi henti kebijakan plastik bayar,DPR members appreciate stopping the paid plastic policy
1291,2016-10-06T14:36:43.000Z,Jakarta GATRAnews Anggota Komisi V DPR RI Ahmad M Ali menolak kebijakan pelaksana tugas Menteri Energi Sumber,jakarta gatranews anggota komisi v DPR RI ahmad sama ali penolakan kebijakan laksana tugas menteri energi sumber,jakarta gatranews members of commission v DPR RI ahmad and ali reject the policy as carrying out the duties of the minister of energy sources
1292,2016-10-06T14:30:41.000Z,Anggota Komisi V DPR RI Ahmad M Ali menolak kebijakan pelaksana tugas Menteri Energi Sumber Daya Mineral ESDM,anggota komisi v DPR RI ahmad sama ali penolakan kebijakan laksana tugas menteri energi sumber daya mineral ESDM,"members of commission v DPR RI ahmad sama ali reject the policy as carrying out the duties of the minister of energy, mineral resources, ESDM"
1293,2016-10-06T14:08:50.000Z,Forum Panmus DPD RI sepakat untuk menggelar rapat paripurna luar biasa untuk memilih pimpinan DPR RI dari Ind,forum panmus DPD RI sepakat untuk gelar rapat paripurna luar biasa untuk pilih kepemimpinan DPR RI dari ind,The DPD RI special committee forum agreed to hold an extraordinary plenary meeting to elect the leadership of the DPR RI from Indonesia
1294,2016-10-06T14:04:37.000Z,Wakil Ketua Komisi IV Herman Khaeron saat raker dengan Menteri LHK Siti Nurbaya di gedung DPR Senayan,wakil ketua komisi IV herman khaeron saat raker dengan menteri LHK siti nurbaya di gedung DPR senayan,Deputy Chairman of Commission IV Herman Khaeron during a working meeting with Minister of Environment and Forestry Siti Nurbaya at the Senayan DPR building
1295,2016-10-06T13:11:48.000Z,Tim Perumus Pemerintah Komisi membahas rumusan final RUU Revisi UU ITE di Jakarta Kamis,tim rumus pemerintah komisi bahas rumus final RUU revisi UU ITE di jakarta kamis,"The commission's government formula team discussed the final formula for the ITE Law revision bill in Jakarta, Thursday"
1296,2016-10-06T11:45:58.000Z,Kasian ya Di Negara ini Anggota DPR gak ngerti yg namanya Hukum Padahal salah satu tugasnya bikin Undang Undang,kasihan ya di negara ini anggota DPR tidak erti yang nama hukum padahal salah satu tugas bikin undang undang,It's a shame that in this country members of the DPR don't understand the name of the law even though one of their duties is making laws
1297,2016-10-06T11:17:20.000Z,Anggota DPR Apresiasi Penghentian Kebijakan Kantong Plastik Berbayar,anggota DPR apresiasi henti kebijakan kantong plastik bayar,DPR members appreciate stopping the paid plastic bag policy
1298,2016-10-06T08:14:14.000Z,DPR Optimistis Revisi RUU ITE Segera Disahkan,DPR optimistis revisi RUU ITE segera sah,The DPR is optimistic that the revised ITE Bill will soon be legal
1299,2016-10-06T08:13:51.000Z,DPR Optimistis Revisi RUU ITE Segera Disahkan Republika,DPR optimistis revisi RUU ITE segera sah republika,The DPR is optimistic that the revised ITE Bill will soon become republican
1300,2016-10-06T07:57:53.000Z,Panja RUU PPILN Komisi IX DPR RDP dengan BPJS Ketenagakerjaan OJK Konsorsium Asuransi Mitra TKI membahas Jaminan Sosial Bagi TKI DPRLive,panja RUU PPILN komisi IX DPR RDP dengan BPJS ketenagakerjaan OJK konsorsium asuransi mitra TKI bahas jamin sosial bagi TKI dprlive,DPR RDP commission IX PPILN bill working committee with BPJS employment OJK insurance consortium partners for migrant workers discuss social security for migrant workers dprlive
1301,2016-10-06T07:53:55.000Z,Tim pansus RUU Terorisme berfoto bersama dengan kepala,tim pansus RUU terorisme foto sama dengan kepala,the special team for the terrorism bill has the same photo as the head
1302,2016-10-06T07:27:53.000Z,Ketua Pansus RUU Tipitor Minta Imunisasi Masyarakat Dari Bahaya Terorisme,ketua pansus RUU tipitor minta imunisasi masyarakat dari bahaya terorisme,The chairman of the special committee on the tipitor bill asked for immunization of the public from the dangers of terrorism
1303,2016-10-06T07:27:06.000Z,Ketua Pansus RUU Tipitor Minta BNPT Imunisasi Masyarakat Dari Bahaya Terorisme,ketua pansus RUU tipitor minta BNPT imunisasi masyarakat dari bahaya terorisme,The chairman of the special committee on the tipitor bill asked BNPT to immunize the public from the dangers of terrorism
1304,2016-10-06T07:22:51.000Z,Baru Saja Ratusan Mahasiswa Ambil Alih Kursi Wakil Rakyat saat Rapat Paripurna di Gedung DPRD,baru saja ratus mahasiswa ambil alih kursi wakil rakyat saat rapat paripurna di gedung DPRD,Hundreds of students have just taken over the seats of people's representatives during a plenary meeting at the DPRD building
1305,2016-10-06T07:22:31.000Z,Anggota Komisi III Taufiqulhadi Pencantuman Pancasila dalam RUU KUHP Bentuk Perlindungan Terhadap Ideologi Bangsa,anggota komisi II taufiqulhadi cantum pancasila dalam RUU KUHP bentuk lindung hadap ideologi bangsa,Commission II member Taufiqulhadi included Pancasila in the Criminal Code Bill as a form of protection against the nation's ideology
1306,2016-10-06T05:45:15.000Z,Komisi IV DPR RI Susun RUU Karantina Hewan Tumbuhan Pertanian,komisi IV DPR RI susun RUU karantina hewan tumbuh tani,Commission IV of the Indonesian House of Representatives drafts a bill on quarantine of farmed animals
1307,2016-10-06T05:44:11.000Z,Update Time Baru Saja Ratusan Mahasiswa Ambil Alih Kursi Wakil Rakyat saat Rapat Paripurna di Gedung DPRD Du,update time baru saja ratus mahasiswa ambil alih kursi wakil rakyat saat rapat paripurna di gedung DPRD du,"update time, hundreds of students have just taken over the seats of people's representatives during a plenary meeting at the DPRD du building"
1308,2016-10-06T05:44:06.000Z,SeputarRiau Baru Saja Ratusan Mahasiswa Ambil Alih Kursi Wakil Rakyat saat Rapat Paripurna di Via GoRiau,seputarriau baru saja ratus mahasiswa ambil alih kursi wakil rakyat saat rapat paripurna di via goriau,"Around Riau, hundreds of students have just taken over the seats of people's representatives during a plenary meeting in Via Goriau"
1309,2016-10-06T05:44:02.000Z,Baru Saja Ratusan Mahasiswa Ambil Alih Kursi Wakil Rakyat saat Rapat Paripurna di Gedung DPRD Dumai,baru saja ratus mahasiswa ambil alih kursi wakil rakyat saat rapat paripurna di gedung DPRD dumai,Hundreds of students have just taken over the seats of people's representatives during a plenary meeting at the Dumai DPRD building
1310,2016-10-06T05:43:57.000Z,NewsUpdate Baru Saja Ratusan Mahasiswa Ambil Alih Kursi Wakil Rakyat saat Rapat Paripurn MentionForFolBack,newsupdate baru saja ratus mahasiswa ambil alih kursi wakil rakyat saat rapat paripurn mentionforfolback,newsupdate just now hundreds of students took over the seats of people's representatives during the plenary meeting mentionforfolback
1311,2016-10-06T05:10:23.000Z,Baru Saja Ratusan Mahasiswa Ambil Alih Kursi Wakil Rakyat saat Rapat Paripurna di Gedung DPRD Dumai Go Riau,baru saja ratus mahasiswa ambil alih kursi wakil rakyat saat rapat paripurna di gedung DPRD dumai go riau,Hundreds of students have just taken over the seats of people's representatives during a plenary meeting at the Dumai Go Riau DPRD building
1312,2016-10-06T05:10:22.000Z,Baru Saja Ratusan Mahasiswa Ambil Alih Kursi Wakil Rakyat saat Rapat Paripurna di Gedung DPRD Dumai GoRiau,baru saja ratus mahasiswa ambil alih kursi wakil rakyat saat rapat paripurna di gedung DPRD dumai goriau,Hundreds of students have just taken over the seats of people's representatives during a plenary meeting at the Dumai Goriau DPRD building
1313,2016-10-06T05:01:07.000Z,DPR dukung undang undang khusus tentang Antara Anggota Komisi I DPR RI yang juga pernah menjadi pemimpin re,DPR dukungan undang undang khusus tentang antara anggota komisi i DPR RI yang juga pernah jadi kepemimpinan re,The DPR supports a special law regarding members of Commission I of the DPR RI who have also served as leadership re
1314,2016-10-06T04:43:48.000Z,Baru Saja Ratusan Mahasiswa Ambil Alih Kursi Wakil Rakyat saat Rapat Paripurna di Gedung,baru saja ratus mahasiswa ambil alih kursi wakil rakyat saat rapat paripurna di gedung,Hundreds of students have just taken over the seats of people's representatives during a plenary meeting in the building
1315,2016-10-06T03:17:22.000Z,Pejabat BNPT bersiap menyambut KunjunganPansus dalam rangka Pembahasan RUU tentang Pemberantasan Terorisme,jabatan BNPT siap sambut kunjunganpansus dalam rangka bahas RUU tentang berantas terorisme,The BNPT office is ready to welcome the special committee's visit to discuss the bill on eradicating terrorism
1316,2016-10-06T02:54:42.000Z,Anggota DPR setuju juga Wakil rakyat atau wakil rezim ? AWASI kebijakan rezim bila tdk ingin negri ini tergadai,anggota DPR tuju juga wakil rakyat atau wakil rezim ? AWAS kebijakan rezim bila tidak ingin negeri ini gadai,Are DPR members also supposed to be representatives of the people or representatives of the regime? BEWARE of the regime's policies if you don't want this country to be mortgaged
1317,2016-10-06T02:02:01.000Z,Agenda DPR Kamis Pukul WIB Komisi IX DPR Rapat Panja RUU PPILN dengan BPJS Ketenagakerjaan OJK agendaDPR,agenda DPR kamis pukul WIB komisi IX DPR rapat panja RUU PPILN dengan BPJS ketenagakerjaan OJK agendadpr,DPR agenda Thursday at WIB commission IX DPR working committee meeting PPILN Bill with BPJS employment OJK agendadpr
1318,2016-10-06T01:59:22.000Z,Agenda DPR Kamis Pukul WIB Komisi IX DPR Rapat Panja RUU Kebidanan agendaDPR,agenda DPR kamis pukul WIB komisi IX DPR rapat panja RUU bidan agendadpr,"DPR agenda, Thursday at WIB, DPR Commission IX meeting of the midwife bill committee meeting, DPR agenda"
1319,2016-10-05T18:30:56.000Z,DPR dukung undang undang khusus tentang Antara Anggota Komisi I DPR RI yang juga pernah menjadi pemimpin red,DPR dukungan undang undang khusus tentang antara anggota komisi i DPR RI yang juga pernah jadi kepemimpinan red,The DPR supports a special law regarding members of Commission I of the DPR RI who have also served as leadership
1320,2016-10-05T18:10:29.000Z,Anggota Komisi I DPR RI yang juga pernah menjadi pemimpin redaksi di beberapa stasiun televisi Arief Suditom,anggota komisi i DPR RI yang juga pernah jadi kepemimpinan redaksi di beberapa stasiun televisi arief suditom,Member of Commission I DPR RI who has also served as editorial leadership at several Arief Suditom television stations
1321,2016-10-05T18:09:47.000Z,VenzTime Anggota Komisi I DPR RI yang juga pernah menjadi pemimpin redaksi di beberapa stasiun televisi Ari,venztime anggota komisi i DPR RI yang juga pernah jadi kepemimpinan redaksi di beberapa stasiun televisi ari,Venztime is a member of Commission I DPR RI who has also served as editorial leadership at several Ari television stations
1322,2016-10-05T18:02:40.000Z,TyoNews DPR dukung undang undang khusus tentang Antara Anggota Komisi I DPR RI yang juga pernah menja News,tyonews DPR dukungan undang undang khusus tentang antara anggota komisi i DPR RI yang juga pernah menja news,tyonews The DPR supports a special law regarding members of Commission I of the DPR RI who have also done news
1323,2016-10-05T18:00:26.000Z,DPR dukung undang undang khusus tentang Antara Anggota Komisi I DPR RI yang juga pernah menjadi pemimpin RT,DPR dukungan undang undang khusus tentang antara anggota komisi i DPR RI yang juga pernah jadi kepemimpinan RT,The DPR supports a special law regarding members of Commission I of the DPR RI who have also served as RT leadership
1324,2016-10-05T18:00:24.000Z,antaranews DPR dukung undang undang khusus tentang Antara Anggota Komisi I DPR RI yang juga pernah menjadi,antaranews DPR dukungan undang undang khusus tentang antara anggota komisi i DPR RI yang juga pernah jadi,Antaranews The DPR supports a special law regarding members of Commission I of the DPR RI which has also been passed
1325,2016-10-05T17:53:18.000Z,DPR dukung undang undang khusus tentang Antara Anggota Komisi I DPR RI yang juga pernah me SeputarIndonesia,DPR dukungan undang undang khusus tentang antara anggota komisi i DPR RI yang juga pernah me seputarindonesia,The DPR supports a special law regarding members of Commission I of the DPR RI who have also been involved in Indonesia
1326,2016-10-05T17:51:57.000Z,DPR dukung undang undang khusus tentang Antara Anggota Komisi I DPR RI yang juga pernah menjadi Antara News,DPR dukungan undang undang khusus tentang antara anggota komisi i DPR RI yang juga pernah jadi antara news,The DPR supports a special law regarding members of Commission I of the DPR RI which has also been among the news
1327,2016-10-05T17:45:55.000Z,DPR dukung undang undang khusus tentang Antara Anggota Komisi I DPR RI yang juga pernah menjadi pemimpin reda,DPR dukungan undang undang khusus tentang antara anggota komisi i DPR RI yang juga pernah jadi kepemimpinan reda,The DPR supports a special law regarding members of Commission I of the DPR RI who have also served as leadership
1328,2016-10-05T17:32:03.000Z,DPR dukung undang undang khusus tentang Antara Anggota Komisi I DPR RI yang juga pernah RanoKarnoHRSMundur,DPR dukungan undang undang khusus tentang antara anggota komisi i DPR RI yang juga pernah ranokarnohrsmundur,The DPR supports a special law regarding members of Commission I of the DPR RI who also had to resign
1329,2016-10-05T17:27:16.000Z,Antara DPR dukung undang undang khusus tentang Antara Anggota Komisi I DPR RI yang juga pernah menjadi pe,antara DPR dukungan undang undang khusus tentang antara anggota komisi i DPR RI yang juga pernah jadi pe,between the DPR supports a special law regarding members of Commission I DPR RI who have also been pe
1330,2016-10-05T17:27:13.000Z,AntaraNews DPR dukung undang undang khusus tentang Antara Anggota Komisi I DPR RI yang juga pernah menjadi,antaranews DPR dukungan undang undang khusus tentang antara anggota komisi i DPR RI yang juga pernah jadi,Antaranews The DPR supports a special law regarding members of Commission I of the DPR RI which has also been passed
1331,2016-10-05T17:20:48.000Z,autotekno Hanafi Rais Network Sharing Bertentangan dengan Undang undang Wakil Ketua Komisi I DPR RI Hanaf,autotekno hanafi rais network sharing tentang dengan undang undang wakil ketua komisi i DPR RI hanaf,autotekno hanafi rais network sharing regarding the invitation to the deputy chairman of commission i DPR RI hanaf
1332,2016-10-05T16:58:29.000Z,DPR dukung undang undang khusus tentang Antara Anggota Komisi I DPR RI yang juga pernah menjadi pemimpin redaksi,DPR dukungan undang undang khusus tentang antara anggota komisi i DPR RI yang juga pernah jadi kepemimpinan redaksi,The DPR supports a special law regarding members of Commission I of the DPR RI who have also served as editorial leadership
1333,2016-10-05T10:04:11.000Z,Anggota me inisiasi revisi UU No,anggota me inisiasi revisi UU no,members initiated the revision of Law no
1334,2016-10-05T09:38:38.000Z,Anggota Komisi I DPR RI Optimis Revisi RUU ITE Segera Disahkan,anggota komisi i DPR RI optimis revisi RUU ITE segera sah,Members of Commission I DPR RI are optimistic that the revision of the ITE Bill will soon be legal
1335,2016-10-05T07:59:43.000Z,ROKAN HILIR Rapat Paripurna Istimewa Dewan Perwakilan Rakyat Daerah kabupaten Rokan Hilir Rohil dalam ran,ROK HILIR rapat paripurna istimewa dewan wakil rakyat daerah kabupaten rok hilir rohil dalam ran,ROK HILIR special plenary meeting of the regional people's representative council of Rok Hilir Regency Rohil in Ran
1336,2016-10-05T05:30:07.000Z,Update Time DPR Merasa Optimis Revisi RUU ITE Bisa Disahkan Sebelum Oktober JAKARTA DPR RI optimis,update time DPR rasa optimis revisi RUU ITE dapat sah belum oktober JAKARTA DPR RI optimis,update time The DPR is optimistic that the revision of the ITE Bill will be valid before October. JAKARTA The Indonesian DPR is optimistic
1337,2016-10-05T05:30:03.000Z,DPR Merasa Optimis Revisi RUU ITE Bisa Disahkan Sebelum Oktober JAKARTA DPR RI optimis revisi Ranc,DPR rasa optimis revisi RUU ITE dapat sah belum oktober JAKARTA DPR RI optimis revisi ranc,The DPR is optimistic that the revision of the ITE Bill will be valid before October. JAKARTA The Republic of Indonesia DPR is optimistic about the draft revision
1338,2016-10-05T04:42:55.000Z,Revisi rancangan Undang Undang RUU tentang Informasi dan Transaksi Elektronik ITE akan segera dibawa ke P,revisi rancangan undang undang RUU tentang informasi dan transaksi elektronik ITE akan segera bawa ke p,revision of the draft law on ITE electronic information and transactions will soon be brought to p
1339,2016-10-05T04:41:26.000Z,Komisi I DPR Optimis Revisi RUU ITE Segera Disahkan,komisi i DPR optimis revisi RUU ITE segera sah,Commission i of the DPR is optimistic that the revision of the ITE Bill will soon be legal
1340,2016-10-05T04:40:17.000Z,Komisi I DPR Optimis Revisi RUU ITE Segera Disahkan Revisi rancangan Undang Undang RUU tentang Informasi d,komisi i DPR optimis revisi RUU ITE segera sah revisi rancangan undang undang RUU tentang informasi di,Commission I of the DPR is optimistic that the revision of the ITE Bill will soon become legal. The revision of the draft law on information in
1341,2016-10-05T04:40:04.000Z,TribunNASIONAL Komisi I DPR Optimis Revisi RUU ITE Segera Disahkan,tribunnasional komisi i DPR optimis revisi RUU ITE segera sah,The DPR's commission i tribunnational is optimistic that the revision of the ITE Bill will soon be legal
1342,2016-10-05T04:39:42.000Z,Paripurna DPR Setujui Bahrullah Akbar Jadi Anggota BPK RI Rapat Paripurna DPR Pada Selasa DPR R,paripurna DPR tuju bahrullah akbar jadi anggota BPK RI rapat paripurna DPR pada selasa DPR r,DPR plenary session aims for Bahrullah Akbar to become member of BPK RI DPR plenary meeting on Tuesday DPR r
1343,2016-10-05T04:39:28.000Z,NEWS Komisi I DPR Optimis Revisi RUU ITE Segera Disahkan GaleriBerita,NEWS komisi i DPR optimis revisi RUU ITE segera sah galeriberita,NEWS commission i DPR is optimistic that the revision of the ITE Bill will soon be legal galleryberita
1344,2016-10-05T04:38:44.000Z,BeritaBolla Komisi I DPR Optimis Revisi RUU ITE Segera Disahkan Revisi rancangan Undang Undang RUU tentan,beritabolla komisi i DPR optimis revisi RUU ITE segera sah revisi rancangan undang undang RUU tentan,Beritabolla Commission I of the DPR is optimistic that the revision of the ITE Bill will soon become legal. The revision of the draft law on the bill
1345,2016-10-05T04:38:34.000Z,Komisi I DPR Optimis Revisi RUU ITE Segera Disahkan via tribunnews,komisi i DPR optimis revisi RUU ITE segera sah via tribunnews,DPR Commission I is optimistic that the revision of the ITE Bill will soon be legal via tribunnews
1346,2016-10-05T04:38:20.000Z,TribunNEWS Komisi I DPR Optimis Revisi RUU ITE Segera Disahkan,tribunnews komisi i DPR optimis revisi RUU ITE segera sah,tribunnews commission i DPR is optimistic that the revision of the ITE Bill will soon be legal
1347,2016-10-05T04:38:09.000Z,News Komisi I DPR Optimis Revisi RUU ITE Segera Disahkan Revisi rancangan Undang Undang RUU tentang TU,news komisi i DPR optimis revisi RUU ITE segera sah revisi rancangan undang undang RUU tentang ITU,"news commission i DPR is optimistic that the revision of the ITE Bill will soon be valid, the revision of the draft law on the ITU Bill"
1348,2016-10-05T04:37:51.000Z,tribunnews Komisi I DPR Optimis Revisi RUU ITE Segera Disahkan Revisi rancangan Undang Undang RUU tentang,tribunnews komisi i DPR optimis revisi RUU ITE segera sah revisi rancangan undang undang RUU tentang,tribunnews Commission I of the DPR is optimistic that the revision of the ITE Bill will soon become legal. The revision of the draft law on the Bill on
1349,2016-10-05T04:37:38.000Z,Komisi I DPR Optimis Revisi RUU ITE Segera Disahkan beritanegara,komisi i DPR optimis revisi RUU ITE segera sah beritanegara,DPR Commission I is optimistic that the revision of the ITE Bill will soon become official news
1350,2016-10-05T04:29:14.000Z,Tribun Komisi I DPR Optimis Revisi RUU ITE Segera Disahkan NewsToday DKK,tribun komisi i DPR optimis revisi RUU ITE segera sah newstoday DKK,DPR commission i tribune is optimistic that the revision of the ITE Bill will soon be legal newstoday DKK
1351,2016-10-05T04:29:11.000Z,Tribun Komisi I DPR Optimis Revisi RUU ITE Segera Disahkan Revisi rancangan Undang Undang RUU NewsToday,tribun komisi i DPR optimis revisi RUU ITE segera sah revisi rancangan undang undang RUU newstoday,The House of Representatives Commission I tribune is optimistic that the revision of the ITE Bill will soon become legal
1352,2016-10-05T04:19:40.000Z,BaLamNews Dewan Perwakilan Rakyat Daerah Kabupaten Lampung Utara menggelar rapat paripurna dengan agenda p,balamnews dewan wakil rakyat daerah kabupaten lampung utara gelar rapat paripurna dengan agenda p,balamnews North Lampung Regency People's Representative Council holds a plenary meeting with agenda p
1353,2016-10-05T02:18:48.000Z,Agenda DPR Rabu Pukul WIB Komisi VIII DPR RDP dengan BKD membahas RUU Tanggung Jawab Sosial Perusahaan agendaDPR,agenda DPR rabu pukul WIB komisi VII DPR RDP dengan BKD bahas RUU pertanggungjawaban jawab sosial usaha agendadpr,DPR agenda for Wednesday at WIB Commission VII DPR RDP with BKD to discuss the Business Social Responsibility Bill on the DPR agenda
1354,2016-10-04T16:55:24.000Z,Mana UU SPIP? RUU tinggal RUU Sayonara pengawasan intern independen Inspektorat hanya peti kemas korupsi instansi,mana UU SPIP ? RUU tinggal RUU sayonara awas intern independen inspektorat hanya peti kemas korupsi instansi,where is the SPIP Law? The only bill left is the Sayonara Bill to monitor that independent internal inspectorates are just containers for agency corruption
1355,2016-10-04T14:15:38.000Z,Radio ANDIKA Anggota Komisi I DPR RI Saifullah Tamliha optimistis revisi Undang Undang No tahun,radio ANDIKA anggota komisi i DPR RI saifullah tamliha optimistis revisi undang undang no tahun,ANDIKA radio member of commission i DPR RI Saifullah Tamliha is optimistic about the revision of law no
1356,2016-10-04T14:08:08.000Z,NASIONAL JAKARTA PR Anggota Komisi I DPR RI FPPP H Syai,NASIONAL JAKARTA PR anggota komisi i DPR RI FPP h syai,NATIONAL JAKARTA PR member of commission i DPR RI FPP h syai
1357,2016-10-04T11:08:50.000Z,Penyelenggaraan Haji Banyak Kekurangan Komisi VIII DPR RI Bahas RUU PIHU Rancangan Undang Undang Penyelengg,penyelenggaraan haji banyak kurang komisi VII DPR RI bahas RUU PIHU rancangan undang undang penyelengg,"Many people are lacking in organizing the Hajj. Commission VII DPR RI discusses the PIHU Bill, a draft law on organizing it"
1358,2016-10-04T10:22:03.000Z,DPD RI Dorong DPR RI Usulkan RUU PIHU DPDRI,DPD RI dorong DPR RI usul RUU PIHU DPDRI,DPD RI encourages the DPR RI to propose the DPDRI PIHU Bill
1359,2016-10-04T10:21:07.000Z,RUU Penyelenggaraan Ibadah Haji Untuk Perbaiki Kualitas Komisi VIII DPR RI bersama Kementerian Agama DPDRI,RUU penyelenggaraan ibadah haji untuk baik kualitas komisi VII DPR RI sama menteri agama DPDRI,Bill on organizing the Hajj pilgrimage to improve the quality of Commission VII of the DPR RI and the Minister of Religion of the DPDRI
1360,2016-10-04T09:43:45.000Z,Rapat Paripurna DPR RI Laporan Komisi XI DPR RI with SINTIA Hafi Dotul and others at pic,rapat paripurna DPR RI lapor komisi XI DPR RI with SINTIA hafi dotul and others at pic,DPR RI plenary meeting reports commission XI DPR RI with SINTIA hafi dotul and others at pic
1361,2016-10-04T09:11:01.000Z,Komisi XI Minta Rapat Paripurna DPR RI Tetapkan Bahrullah Akbar Sebagai Anggota BPK,komisi XI minta rapat paripurna DPR RI tetap bahrullah akbar bagai anggota BPK,Commission
1362,2016-10-04T08:39:49.000Z,Wakil Ketua Komisi VIII DPR Iskan Qolba Lubis RUU PIHU Perbaiki Kualitas Penyelenggara Haji,wakil ketua komisi VII DPR iskan qolba lubis RUU PIHU baik kualitas penyelenggaraan haji,The deputy chairman of Commission VII DPR said that the PIHU bill would improve the quality of Hajj implementation
1363,2016-10-04T07:45:31.000Z,RUU PIHU Perbaiki Kualitas Penyelenggara Haji,RUU PIHU baik kualitas penyelenggaraan haji,The PIHU Bill improves the quality of Hajj implementation
1364,2016-10-04T07:24:05.000Z,Dr Agus Hermanto bersama pimpinan DPR RI mengikuti Rapat Paripurna DPR Ke Masa Persidangan I DPRRI Paripurna,dari agus hermanto sama kepemimpinan DPR RI ikut rapat paripurna DPR ke masa sidang i DPRRI paripurna,"from Agus Hermanto and the leadership of the DPR RI, they took part in the DPR plenary session during the first DPRRI plenary session"
1365,2016-10-04T07:00:43.000Z,Rapat Paripurna DPR Ke Masa Persidangan I Tahun Sidang dipimpin Wakil Ketua DPR Taufik Kurniawan ParipurnaLive,rapat paripurna DPR ke masa sidang i tahun sidang kepemimpinan wakil ketua DPR taufik kurniawan paripurnalive,DPR plenary meeting to session period i year leadership session DPR deputy chairman taufik kurniawan plenary session
1366,2016-10-04T06:04:20.000Z,Persiapan Rapat Paripurna DPR RI agenda Laporan Komisi XI DPR RI tentang Hasil Pembahasan Calon Anggota BPK RI,siap rapat paripurna DPR RI agenda lapor komisi XI DPR RI tentang hasil bahas calon anggota BPK RI,"ready for the plenary session of the DPR RI, the agenda is to report to Commission"
1367,2016-10-04T04:35:40.000Z,Retweeted Fraksi PKS DPR RI Bbrp persoalan yg diadukan kpd adlh mengenai kebijakan,retweeted partai PKS DPR RI beberapa soal yang adu kepada adalah kena kebijakan,"retweeted by the DPR RI PKS party, some of the issues that people are arguing about are subject to policy"
1368,2016-10-04T04:07:11.000Z,RUU Penyelenggaraan Ibadah Haji dan Umroh Perbaiki Kualitas Penyelenggaraan Haji Komisi VIII DPR RI bersama,RUU penyelenggaraan ibadah haji dan umroh baik kualitas penyelenggaraan haji komisi VII DPR RI sama,The draft law on organizing the Hajj and Umrah pilgrimages is good. The quality of the Hajj implementation by Commission VII DPR RI is the same
1369,2016-10-04T02:27:58.000Z,Agenda DPR Selasa Pukul WIB Rapat Paripurna DPR Masa Persidangan I Tahun Sidang agendaDPR,agenda DPR selasa pukul WIB rapat paripurna DPR masa sidang i tahun sidang agendadpr,"DPR agenda, Tuesday at WIB, DPR plenary meeting for the first session of the year, DPR agenda session"
1370,2016-10-04T02:21:41.000Z,Agenda DPR Selasa Pukul WIB Komisi V DPR Rapat Panja RUU Arsitek agendaDPR,agenda DPR selasa pukul WIB komisi v DPR rapat panja RUU arsitek agendadpr,"DPR agenda, Tuesday at WIB, commission v DPR working committee meeting, draft agenda, DPR agenda"
1371,2016-10-04T01:51:59.000Z,Komisi VIII DPR RI bersama KemenAg DPD RI membahas RUU Penyelenggaraan Ibadah Haji dan Umroh PIHU DPDRI,komisi VII DPR RI sama kemenag DPD RI bahas RUU penyelenggaraan ibadah haji dan umroh PIHU DPDRI,Commission VII of the DPR RI and the Ministry of Religion of the DPD RI discuss the bill on the implementation of the Hajj and Umrah pilgrimage PIHU DPDRI
1372,2016-10-04T01:13:26.000Z,DPRD menggelar Rapat Paripurna Ke Masa Persidangan III Tahun Dewan Perwakilan Rakyat Daerah DPRD Ko,DPRD gelar rapat paripurna ke masa sidang II tahun dewan wakil rakyat daerah DPRD kok,The DPRD held a plenary meeting during the second session of the DPRD regional people's representative council
1373,2016-10-04T01:09:53.000Z,Pukul Rapat Paripurna DPR RI MP I TS,pukul rapat paripurna DPR RI MP i TS,at the plenary session of the DPR RI MP i TS
1374,2016-10-03T19:00:06.000Z,RUU Penyelenggaraan Ibadah Haji Untuk Perbaiki Kualitas Komisi VIII DPR RI bersama Kementerian Agama dan DPD,RUU penyelenggaraan ibadah haji untuk baik kualitas komisi VII DPR RI sama menteri agama dan DPD,The bill for organizing the Hajj pilgrimage is for the good quality of Commission VII DPR RI and the Minister of Religion and DPD
1375,2016-10-03T13:30:31.000Z,DPD RI Dorong DPR RI Usulkan RUU PIHU,DPD RI dorong DPR RI usul RUU PIHU,DPD RI encourages DPR RI to propose the PIHU Bill
1376,2016-10-03T11:23:53.000Z,Pengesahan tentang Rancangan UU Daerah Otonomi Baru DOB itu bertempat di Gedung DPR RI MoedaPenggerak,pengesahan tentang rancangan UU daerah otonomi baru DOB itu tempat di gedung DPR RI moedapenggerak,ratification of the draft law on the new autonomous region of DOB takes place in the DPR RI building
1377,2016-10-03T08:26:56.000Z,Wakil Ketua Komisi X DPR Abdul Fikri Faqih Panja RUU Kebudayaan Komisi X Himpun Masukan ke Kalsel,wakil ketua komisi kali DPR abdul fikri faqih panja RUU budaya komisi kali himpun masuk ke kalsel,"Deputy chairman of the DPR's Kali Commission, Abdul Fikri Faqih, the committee on Culture Bill, the Kali Commission, was submitted to South Kalimantan"
1378,2016-10-03T08:20:14.000Z,Anggota Komisi X DPR Mujib Rohmad RUU Kebudayaan Sebagai Elemen Pembangunan Bangsa,anggota komisi kali DPR mujib rohmad RUU budaya bagai elemen pembangunan bangsa,DPR commission member Mujib Rohmad The culture bill is an element of nation building
1379,2016-10-03T06:58:04.000Z,Komisi VIII DPR RI hari ini resmi menetapkan Panitia Kerja Panja RUU Penyelenggaraan Ibadah Haji dan Umrah,komisi VII DPR RI hari ini resmi tetap panitia kerja panja RUU penyelenggaraan ibadah haji dan umrah,Commission VII DPR RI today officially remains the working committee of the bill on the implementation of the Hajj and Umrah pilgrimages
1380,2016-10-03T05:58:51.000Z,Panja RUU Kebudayaan Jaring Masukan ke Kalsel Republika Online Republika OnlinePanja RUU Kebudayaan Jaring,panja RUU budaya jaring masuk ke kalsel republika online republika onlinepanja RUU budaya jaring,Net Culture Draft Committee enters South Kalimantan Republika Online Republika Online Panja Net Culture Bill
1381,2016-10-03T05:22:18.000Z,Panja RUU Kebudayaan Jaring Masukan ke Kalsel,panja RUU budaya jaring masuk ke kalsel,Working Committee on Net Culture Bill goes to South Kalimantan
1382,2016-10-03T05:10:23.000Z,Komisi VIII raker dengan Menag Menhub Menlu Menkeu Menpan RB MenkumHAM membahas RUU Penyelenggaraan Ibadah Haji dan Umrah DPRLive,komisi VII raker dengan menag menhub menlu menkeu menpan RIBU menkumham bahas RUU penyelenggaraan ibadah haji dan umrah dprlive,Commission VII working meeting with Minister of Religion Minister of Transportation Minister of Finance Minister of Administrative and Bureaucratic Reform RIBU Minister of Law and Human Rights to discuss bill on organizing the Hajj and Umrah pilgrimage DPRlive
1383,2016-10-03T05:10:07.000Z,republikaonline Panja RUU Kebudayaan Jaring Masukan ke Kalsel,republikaonline panja RUU budaya jaring masuk ke kalsel,Republikaonline Panja Net Culture Bill goes to South Kalimantan
1384,2016-10-03T03:26:52.000Z,Ketua Komisi IX DPR Dede Yusuf RUU PPLIN untuk Tingkatkan Kompetensi TKI,ketua komisi IX DPR adek yusuf RUU PPLIN untuk tingkat kompetensi TKI,chairman of Commission IX DPR adek yusuf PPLIN Bill for the competency level of TKI
1385,2016-10-03T03:13:30.000Z,Baleg DPR dan Pemerintah Sepakati DIM RUU Kekarantinaan Kesehatan,baleg DPR dan pemerintah sepakat DIM RUU karantina sehat,The legislative assembly of the DPR and the government agreed to DIM the healthy quarantine bill
1386,2016-10-02T07:48:19.000Z,Rapat Paripurna DPR RI rapat Anggota yg dipimpin oleh pimpinan DPR merupakan forum tertinggi dlm melaksanakan wewenang tugas DPR RI,rapat paripurna DPR RI rapat anggota yang kepemimpinan oleh kepemimpinan DPR rupa forum tinggi dalam laksana wewenang tugas DPR RI,The plenary meeting of the DPR RI is a meeting of members led by the leadership of the DPR which is a high forum in carrying out the authority of the duties of the DPR RI
1387,2016-10-01T04:53:23.000Z,Jgn Persulit Pembayar Pajak,jangan sulit bayar pajak,Don't be difficult to pay taxes
1388,2016-09-30T08:28:17.000Z,Beginilah Wakil Rakyat yang kita pilih wahai orang Samarinda Ini suasana Rapat Paripurna DPRD,begini wakil rakyat yang kita pilih wahai orang samarinda ini suasana rapat paripurna DPRD,"This is the atmosphere of the people's representatives that we elect, people of Samarinda. This is the atmosphere of the DPRD plenary meeting"
1389,2016-09-30T07:55:24.000Z,RUU Perlindungan Pekerja Luar Negeri Lindungi Pekerja dan Tingkatkan Kompetensi Pekerja Ketua Komisi IX DPR,RUU lindung kerja luar negeri lindung kerja dan tingkat kompetensi kerja ketua komisi IX DPR,The bill on protecting overseas jobs protects jobs and the level of work competency of the chairman of Commission IX of the DPR
1390,2016-09-29T15:13:39.000Z,Wakil Ketua Badan Legislasi DPR RI Firman Soebagyo menginginkan realisasi regulasi turunan dari Undang Undang,wakil ketua badan legislasi DPR RI firman soebagyo ingin realisasi regulasi turun dari undang undang,"Deputy chairman of the DPR RI legislative body, Firman Soebagyo, wants the realization of regulations to come down from law"
1391,2016-09-29T14:44:37.000Z,DPR RI BALEG SEMPURNAKAN DRAF RUU KARANTINA KESEHATAN lewat,DPR RI BALEG SEMPURNA DRAF RUU KARANTINA SEHAT lewat,DPR RI BALEG PERFECT DRAFT HEALTHY QUARANTINE BILL passed
1392,2016-09-29T14:11:49.000Z,Singapura Jangan Main main dengan Undang Undang Tax Amnesty Ketua DPR RI Ade Komaru BatikBontang,singapura jangan main main dengan undang undang tax amnesty ketua DPR RI adek komaru batikbontang,"Singapore, don't play around with the tax amnesty law, Chairman of the Indonesian House of Representatives, Adek Komaru Batikbontang"
1393,2016-09-29T10:38:54.000Z,Ketua DPR RI Singapura Jangan Menghambat Program Pengampunan Pajak Pemberlakuan Undang Undang Tax Amnes,ketua DPR RI singapura jangan hambat program ampun pajak pelaksanaan undang undang tax amnes,Chairman of the Indonesian House of Representatives in Singapore should not hinder the tax amnesty program from implementing the tax amnesty law
1394,2016-09-29T09:04:23.000Z,RDP Panja RUU Kebidanan Komisi IX DPR RI UUbidan dibutuhkan utk perlundungan bagi masyarakat,RDP panja RUU bidan komisi IX DPR RI uubidan butuh untuk perlundungan bagi masyarakat,"The RDP working committee on the bill on midwives, Commission IX DPR RI, requires protection for the community"
1395,2016-09-29T08:47:37.000Z,Komisi IX DPR RI RDP dengan Kepala Badan PPSDM Kesehatan masukan terhadap RUU tentang Kebidanan DPRLive,komisi IX DPR RI RDP dengan kepala badan PPSDM sehat masuk hadap RUU tentang bidan dprlive,Commission IX DPR RI RDP with the head of the Healthy PPSDM agency submitted to the bill on DPRlive midwives
1396,2016-09-29T06:42:25.000Z,Tim RUU Tindak Pidana Terorisme DPR Kunjungan Spesifik ke Pasukan Khusus Angkatan Laut Den Jaka di Cilandak Kamis KunkerDPR,tim RUU tindakan pidana terorisme DPR kunjung spesifik ke pasu khusus angkat laut den jaka di cilandak kamis kunkerdpr,DPR's terrorism criminal act bill team makes a specific visit to the special naval lifting force in Jakarta in Cilandak Thursday kunkerdpr
1397,2016-09-29T04:31:12.000Z,Banggar DPR Raker dgn Kemenkeu Menteri PPN Menkumham dan Gubernur BI bahas Penetapan Postur Sementara RUU APBN TA DPRLive,banggar DPR raker dengan kemenkeu menteri PPN menkumham dan gubernur BI bahas tetap postur sementara RUU APBN TA dprlive,"DPR members hold a working meeting with the Ministry of Finance, Minister of National Development Planning, Minister of Law and Human Rights and the BI Governor to discuss the temporary posture of the TA APBN Bill, DPRLive"
1398,2016-09-29T02:12:54.000Z,Agenda DPR Kamis Pukul WIB Komisi IX DPR RDP Panja RUU Kebidanan agendaDPR,agenda DPR kamis pukul WIB komisi IX DPR RDP panja RUU bidan agendadpr,DPR agenda Thursday at WIB Commission IX DPR RDP working committee on Midwife Bill DPR agenda
1399,2016-09-29T02:05:10.000Z,Agenda DPR Kamis Pukul WIB Komisi IX DPR Rapat Panja RUU Perlindungan Pekerja Indonesia dg Pemerintah agendaDPR,agenda DPR kamis pukul WIB komisi IX DPR rapat panja RUU lindung kerja indonesia dengan pemerintah agendadpr,"DPR agenda, Thursday at WIB, Commission IX of the DPR, working committee meeting on the Indonesian job protection bill with the government, DPR agenda"
1400,2016-09-29T02:03:28.000Z,Agenda DPR Kamis Pukul WIB Komisi I DPR Rapat Panja RUU Penyiaran agendaDPR,agenda DPR kamis pukul WIB komisi i DPR rapat panja RUU siar agendadpr,DPR agenda Thursday at WIB commission i DPR meeting working committee on bill broadcasts dpr agenda
1401,2016-09-28T23:46:04.000Z,Hizbut Tahrir Indonesia HTI Solo mendatangi Kantor Dewan Perwakilan Rakyat Daerah DPRD Jl Adisucpto Solo,hizbut tahrir indonesia HTI solo datang kantor dewan wakil rakyat daerah DPRD jl adisucpto solo,Hizbut Tahrir Indonesia HTI Solo comes to the office of the Regional People's Representative Council DPRD Jl Adisucpto Solo
1402,2016-09-28T14:07:29.000Z,Tetap menjadi wakil rakyat yang bnr mengerti dan memahami aspirasi rakyat NovantoMenangMKD,tetap jadi wakil rakyat yang banget erti dan paham aspirasi rakyat novantomenangmkd,remain a people's representative who really understands and understands the aspirations of the people of Novantomenangmkd
1403,2016-09-28T10:56:08.000Z,Oleh krn itu penting kiranya memasukkan HakUntukTahu dlm pasal di RUU PPILN yg sdg dibahas di,oleh karena itu penting kira masuk hakuntuktahu dalam pasal di RUU PPILN yang sedang bahas di,"Therefore, it is important to include the right to know in the article in the PPILN Bill which is being discussed here"
1404,2016-09-28T09:29:11.000Z,Isu RUU Pemilu Masih Krusial,isu RUU pemilu masih krusial,the issue of the election bill is still crucial
1405,2016-09-28T08:43:34.000Z,Pansus RUU Pemberantasan Tindak Pidana Terorisme mengunjungi Markas Satuan Bravo Paskhas di Bogor Rabu SidakDPR,pansus RUU berantas tindakan pidana terorisme unjung markas satu bravo paskhas di bogor rabu sidakdpr,The special committee on the bill to eradicate criminal acts of terrorism visited the headquarters of One Bravo Paskhas in Bogor on Wednesday at the DPR hearing
1406,2016-09-28T05:14:03.000Z,Komisi II DPR RI Siap Bahas Pasal RUU Pemilu,komisi II DPR RI siap bahas pasal RUU pemilu,Commission II DPR RI is ready to discuss articles on the election bill
1407,2016-09-28T04:22:18.000Z,Kang mohon Tinjau Kebijakan ttg Sangsi atas Telatnya pembayaran UU Th Ps,kang mohon tinjau kebijakan tentang sangsi atas telat bayar UU tahu pas,"Sir, please review the policy regarding sanctions for late payments under the Tofu Law"
1408,2016-09-28T02:41:10.000Z,Kunjungan Kerja Komisi III DPR RI dalam rangka pembahasan RUU Tentang KUHP Masa Persidangan I,kunjung kerja komisi II DPR RI dalam rangka bahas RUU tentang KUHP masa sidang i,visited the work of Commission II DPR RI in the context of discussing the Bill on the Criminal Code during session i
1409,2016-09-28T01:59:09.000Z,Agenda DPR Rabu Pukul WIB Komisi IX DPR Rapat Panja RUU Kebidanan agendaDPR,agenda DPR rabu pukul WIB komisi IX DPR rapat panja RUU bidan agendadpr,"DPR agenda, Wednesday at WIB, DPR Commission IX meeting of the midwife bill committee meeting, DPR agenda"
1410,2016-09-27T23:57:54.000Z,Dewan Perwakilan Rakyat DPR menjadwalkan menggelar rapat paripurna guna mengesahkan Rancangan Undang Undang,dewan wakil rakyat DPR jadwal gelar rapat paripurna penggunaan pengesahan rancangan undang undang,the DPR's people's representative council schedules a plenary meeting to ratify the draft law
1411,2016-09-27T23:57:44.000Z,Jika RUU Jabatan Hakim Disahkan Hakim Bukan Monopoli MA Dewan Perwakilan Rakyat DPR menjadwalkan mengge,jika RUU jabatan hakim sah hakim bukan monopoli SAMA dewan wakil rakyat DPR jadwal mengge,"If the bill on the position of judges is valid, judges are not a monopoly of the SAME DPR's people's representative council, the schedule will move"
1412,2016-09-27T23:57:38.000Z,hukumOnline Jika RUU Jabatan Hakim Disahkan Hakim Bukan Monopoli MA Dewan Perwakilan Rakyat DPR menjad,hukumonline jika RUU jabatan hakim sah hakim bukan monopoli SAMA dewan wakil rakyat DPR menjad,"judionline if the bill on the position of judges is valid, judges are not a monopoly of the SAME council of people's representatives, the DPR becomes"
1413,2016-09-27T22:33:30.000Z,Kacau Wakil Rakyat Ini Main Game Saat Rapat Paripurna,kacau wakil rakyat ini main game saat rapat paripurna,This is a mess of people's representatives playing games during the plenary meeting
1414,2016-09-27T15:27:19.000Z,Anggota DPR ada pasal krusia dalam RUU Pemilu RUU tentang Pemilu Legislatif yang disampaikan Pemerintah,anggota DPR ada pasal krusia dalam RUU pemilu RUU tentang pemilu legislatif yang sampai pemerintah,DPR members have a crucial article in the election bill. The bill on legislative elections has reached the government
1415,2016-09-27T15:13:10.000Z,Wakil Ketua Baleg Firman Soebangyo bersama Menteri Kesehatan Nila Farid Moeloek di gedung DPR RI,wakil ketua baleg firman soebangyo sama menteri sehat nila farid moeloek di gedung DPR RI,Deputy Chairperson of Baleg Firman Soebangyo and Health Minister Nila Farid Moeloek at the DPR RI building
1416,2016-09-27T11:56:55.000Z,Anggota DPR ada pasal krusia dalam RUU Pemilu,anggota DPR ada pasal krusia dalam RUU pemilu,DPR members have a crucial article in the election bill
1417,2016-09-27T11:48:21.000Z,Anggota DPR ada pasal krusia dalam RUU Pemilu Indonesia,anggota DPR ada pasal krusia dalam RUU pemilu indonesia,DPR members have a crucial article in the Indonesian election bill
1418,2016-09-27T11:35:46.000Z,Anggota DPR ada pasal krusia dalam RUU Pemilu loperkoran,anggota DPR ada pasal krusia dalam RUU pemilu loperkoran,DPR members have a crucial article in the newspaper carrier election bill
1419,2016-09-27T11:34:36.000Z,Anggota DPR ada pasal krusia dalam RUU Pemilu RUU tentang Pemilu Legislatif yang disampaikan Pemerintah ke DPR,anggota DPR ada pasal krusia dalam RUU pemilu RUU tentang pemilu legislatif yang sampai pemerintah ke DPR,DPR members have a crucial article in the election bill. The bill on legislative elections has reached the government to the DPR
1420,2016-09-27T11:27:25.000Z,JKWJK Anggota DPR ada pasal krusia dalam RUU Pemilu ANTARA,JKWJK anggota DPR ada pasal krusia dalam RUU pemilu ANTARA,JKWJK DPR members have a crucial article in the ANTARA election bill
1421,2016-09-27T11:27:23.000Z,Anggota DPR ada pasal krusia dalam RUU Pemilu ANTARA JKWJK,anggota DPR ada pasal krusia dalam RUU pemilu ANTARA JKWJK,DPR members have a crucial article in the BETWEEN JKWJK election bill
1422,2016-09-27T11:27:21.000Z,Pemilu Anggota DPR ada pasal krusia dalam RUU Pemilu ANTARA,pemilu anggota DPR ada pasal krusia dalam RUU pemilu ANTARA,in the DPR member election there is a crucial article in the ANTARA election bill
1423,2016-09-27T11:22:45.000Z,Anggota DPR ada pasal krusia dalam RUU Pemilu politik,anggota DPR ada pasal krusia dalam RUU pemilu politik,DPR members have a crucial article in the political election bill
1424,2016-09-27T11:22:32.000Z,Anggota DPR ada pasal krusia dalam RUU Pemilu Politik,anggota DPR ada pasal krusia dalam RUU pemilu politik,DPR members have a crucial article in the political election bill
1425,2016-09-27T11:22:11.000Z,Anggota DPR ada pasal krusia dalam RUU Pemilu ANTARA Pemilu,anggota DPR ada pasal krusia dalam RUU pemilu ANTARA pemilu,DPR members have a crucial article in the election bill BETWEEN elections
1426,2016-09-27T10:23:08.000Z,TEMBILAHAN Wakil Ketua Dewan Perwakilan Rakyat Daerah DPRD Kabupaten Indragiri Hilir Inhil DR Ir Syahr,TEMBILAHAN wakil ketua dewan wakil rakyat daerah DPRD kabupaten indragiri hilir inhil DARI ir syahr,TEMBILAHAN deputy chairman of the regional people's representative council DPRD Indragiri downstream district inhil FROM ir syahr
1427,2016-09-26T10:25:44.000Z,Kebijakan Baru BPJS Dinilai Beratkan Peserta,kebijakan baru BPJS nilai rat serta,BPJS's new policy of rat value as well
1428,2016-09-26T06:41:02.000Z,Baleg DPR Rapat Kerja dengan Menteri Kesehatan MenkumHAM Menteri Perhubungan membahas DIM RUU tentang Kekarantinaan Kesehatan DPRLive,baleg DPR rapat kerja dengan menteri sehat menkumham menteri hubung bahas DIM RUU tentang karantina sehat dprlive,"Baleg DPR working meeting with minister of health, minister of law and human rights, minister to discuss DIM bill on healthy quarantine dprlive"
1429,2016-09-26T06:21:04.000Z,Minim Sosialisasi Komisi IX Protes Kebijakan Sistem Pembayaran Iuran BPJS yang Baru,minim sosialisasi komisi IX protesan kebijakan sistem bayar iur BPJS yang baru,minimal socialization by Commission IX to protest the new BPJS contribution payment system policy
1430,2016-09-26T05:51:44.000Z,Kebijakan Baru BPJS Kesehatan Mendapat Protes Keras dari Komisi IX DPR RI,kebijakan baru BPJS sehat dapat protesan keras dari komisi IX DPR RI,The new BPJS healthy policy received strong protests from Commission IX of the DPR RI
1431,2016-09-26T05:50:28.000Z,Komisi IX Protes Kebijakan Sistem Pembayaran Iuran BPJS yang Baru,komisi IX protesan kebijakan sistem bayar iur BPJS yang baru,Commission IX protests the new BPJS contribution payment system policy
1432,2016-09-26T05:47:01.000Z,Sabarrr untuk pelaku bisnis yg berhubungan dengan karantina Pakar dan praktisi sudah merumuskan ruu yang baru,sabarr untuk pelaksanaan bisnis yang hubung dengan karantina pakar dan praktisi sudah rumus ruu yang baru,Patience for carrying out business related to quarantine of experts and practitioners has a new bill formula
1433,2016-09-26T05:19:02.000Z,BPJS seperti rentenir Komisi IX Protes Kebijakan Sistem Pembayaran Iuran BPJS yang Baru,BPJS seperti rentenir komisi IX protesan kebijakan sistem bayar iur BPJS yang baru,"BPJS, like Commission IX loan sharks, protested the new BPJS contribution payment system policy"
1434,2016-09-26T04:12:42.000Z,Rapat paripurna dalam rangka memperingati hari at Gedung Dewan Perwakilan Rakyat Daerah DPRD Kota Bandung,rapat paripurna dalam rangka ingat hari at gedung dewan wakil rakyat daerah DPRD kota bandung,plenary meeting to commemorate the day at the Bandung city DPRD regional people's representative council building
1435,2016-09-26T03:38:51.000Z,Anggota DPR RI Linda Megawati reses di Cerelek Subang,anggota DPR RI linda megawati reses di celek subang,"Member of the Republic of Indonesia's DPR, Linda Megawati, takes a recess in Celek Subang"
1436,2016-09-26T01:59:09.000Z,Agenda DPR Senin Pukul WIB Komisi IV DPR Rapat Panja RUU Karantina Ikan Hewan dan Tumbuhan agendaDPR,agenda DPR senin pukul WIB komisi IV DPR rapat panja RUU karantina ikan hewan dan tumbuh agendadpr,DPR agenda Monday at WIB Commission IV DPR working committee meeting on animal fish quarantine bill and growing DPR agenda
1437,2016-09-25T07:42:24.000Z,Perindo Banyak Legislator yang Tak Paham Fungsinya Tak heran kualitas kebijakan yang dihasilkan para wakil rakyat juga buruk,perindo banyak legislator yang tak paham fungsi tak heran kualitas kebijakan yang hasil para wakil rakyat juga buruk,"Because many legislators don't understand their function, it's no surprise that the quality of the policies produced by the people's representatives is also poor"
1438,2016-09-25T07:41:36.000Z,Tak heran kualitas kebijakan yang dihasilkan para wakil rakyat juga buruk,tak heran kualitas kebijakan yang hasil para wakil rakyat juga buruk,No wonder the quality of the policies produced by the people's representatives is also poor
1439,2016-09-23T10:31:08.000Z,Anggota DPR Minta Harga Gas Hulu Diturunkan via,anggota DPR minta harga gas hulu turun via,DPR members ask for upstream gas prices to decrease via
1440,2016-09-23T03:29:06.000Z,Bahas RUU Karantina Hewan Ikan dan Tumbuhan Komisi IV DPR RI Jalin Konsultasi Publik dengan UB InfoUB,bahas RUU karantina hewan ikan dan tumbuh komisi IV DPR RI jalin konsultasi publik dengan UB infoub,"Discusses fish and growth quarantine bill, Commission IV DPR RI holds public consultation with UB infoub"
1441,2016-09-23T03:29:06.000Z,beritaub Bahas RUU Karantina Hewan Ikan dan Tumbuhan Komisi IV DPR RI Jalin Konsultasi Publik dengan UB A,beritaub bahas RUU karantina hewan ikan dan tumbuh komisi IV DPR RI jalin konsultasi publik dengan UB a,"newsub discusses the draft fish quarantine and growth bill, Commission IV DPR RI holds public consultation with UB a"
1442,2016-09-23T03:18:24.000Z,info Bahas RUU Karantina Hewan Ikan dan Tumbuhan Komisi IV DPR RI Jalin Konsultasi Publik dengan UB Apa y,info bahas RUU karantina hewan ikan dan tumbuh komisi IV DPR RI jalin konsultasi publik dengan UB apa ya,"info discussing the bill on animal fish quarantine and growth, Commission IV of the DPR RI is holding a public consultation with UB"
1443,2016-09-23T02:34:09.000Z,BeritaUB Bahas RUU Karantina Hewan Ikan dan Tumbuhan Komisi IV DPR RI Jalin Konsultasi Publik dengan UB,beritaub bahas RUU karantina hewan ikan dan tumbuh komisi IV DPR RI jalin konsultasi publik dengan UB,"Beritaub discusses the fish quarantine and growth bill, Commission IV DPR RI holds public consultation with UB"
1444,2016-09-22T10:47:39.000Z,Komisi IV DPR Gelar FGD di Undip Himpun Masukan RUU Karantina,komisi IV DPR gelar FGD di undip himpun masuk RUU karantina,Commission IV of the DPR held an FGD at Undip to put together a quarantine bill
1445,2016-09-22T10:43:53.000Z,Wakil Ketua Komisi IV Daniel Johan DPR Komitmen Jaga Kedaulatan Pangan Melalui RUU Karantina Hewan Ikan Tumbuhan,wakil ketua komisi IV daniel johan DPR komitmen jaga daulat pangan lalu RUU karantina hewan ikan tumbuh,"Deputy chairman of Commission IV, Daniel Johan, DPR is committed to maintaining food sovereignty and then the fish quarantine bill grows"
1446,2016-09-22T09:46:10.000Z,Selain itu Kesultanan Kasepuhan Cirebon berharap DPR segera menyelesaikan RUU Kebudayaan yang masih dibahas di Komisi X DPR DPRLive,selain itu sultan kasepuhan cirebon harap DPR segera selesai RUU budaya yang masih bahas di komisi kali DPR dprlive,"Apart from that, the Sultan of Kasepuhan Cirebon hopes that the DPR will quickly complete the culture bill which is still being discussed in the DPR commission, DPR Live"
1447,2016-09-22T07:26:30.000Z,Rieke Diah Pitaloka Undang Undang Tax Amnesty Jangan Menakuti Pengusaha,rieke diah pitaloka undang undang tax amnesty jangan takut usaha,"rieke diah pitaloka enacts tax amnesty law, don't be afraid of business"
1448,2016-09-22T07:22:27.000Z,Tribun Rieke Diah Pitaloka Undang Undang Tax Amnesty Jangan Menakuti Pengusaha Anggota Komisi VI NewsToday,tribun rieke diah pitaloka undang undang tax amnesty jangan takut usaha anggota komisi VI newstoday,"tribune rieke diah pitaloka invites tax amnesty law, don't be afraid of the efforts of members of commission VI newstoday"
1449,2016-09-22T07:22:19.000Z,Tribun Rieke Diah Pitaloka Undang Undang Tax Amnesty Jangan Menakuti Pengusaha NewsToday DKK,tribun rieke diah pitaloka undang undang tax amnesty jangan takut usaha newstoday DKK,"tribune rieke diah pitaloka invites tax amnesty law, don't be afraid of DKK's newstoday efforts"
1450,2016-09-22T07:18:24.000Z,Rieke Diah Pitaloka Undang Undang Tax Amnesty Jangan Menakuti Pengusaha Anggota Komisi VI DPR RI Rieke D,rieke diah pitaloka undang undang tax amnesty jangan takut usaha anggota komisi VI DPR RI rieke di,rieke diah pitaloka legislation tax amnesty don't be afraid of the efforts of member of commission VI DPR RI rieke di
1451,2016-09-22T07:15:04.000Z,Rieke Diah Pitaloka Undang Undang Tax Amnesty Jangan Menakuti Pengusaha Anggota Komisi VI DPR RI Rieke Diah Pitaloka menekankan,rieke diah pitaloka undang undang tax amnesty jangan takut usaha anggota komisi VI DPR RI rieke diah pitaloka tekan,"rieke diah pitaloka enacts tax amnesty law, don't be afraid of the efforts of members of commission VI DPR RI rieke diah pitaloka press"
1452,2016-09-22T07:12:45.000Z,TribunNASIONAL Rieke Diah Pitaloka Undang Undang Tax Amnesty Jangan Menakuti Pengusaha,tribunnasional rieke diah pitaloka undang undang tax amnesty jangan takut usaha,"National Tribunal Rieke Diah Capitaloka enacts tax amnesty law, don't be afraid of business"
1453,2016-09-22T07:11:59.000Z,Surya News Rieke Diah Pitaloka Undang Undang Tax Amnesty Jangan Menakuti Pengusaha Anggota Komisi VI DP,surya news rieke diah pitaloka undang undang tax amnesty jangan takut usaha anggota komisi VI DP,"surya news rieke diah pitaloka invites tax amnesty law, don't be afraid of the efforts of members of Commission VI DP"
1454,2016-09-22T07:10:37.000Z,Rieke Diah Pitaloka Undang Undang Tax Amnesty Jangan Menakuti Pengusaha beritanegara,rieke diah pitaloka undang undang tax amnesty jangan takut usaha beritanegara,"rieke diah pitaloka enacts tax amnesty law, don't be afraid of state news efforts"
1455,2016-09-22T06:51:10.000Z,dorong dukung kebijakan melanjutkan Jkt krn utk nelayan buruh,dorong dukungan kebijakan lanjut jakarta karena untuk nelayan buruh,encourage further policy support in Jakarta for working fishermen
1456,2016-09-22T04:46:23.000Z,Banggar DPR Rapat Panja Asumsi Dasar Pendapatan Defisit dan Pembiayaan RUU APBN TA dengan Pemerintah DPRLive,banggar DPR rapat panja asumsi dasar dapat defisit dan biaya RUU APBN TA dengan pemerintah dprlive,DPR members hold a working committee meeting with basic assumptions regarding the deficit and costs of the TA APBN Bill with the DPRlive government
1457,2016-09-22T02:36:34.000Z,Agenda DPR Kamis Pukul WIB Komisi IX DPR Rapat Panja RUU Perlindungan Pekerja Indonesia di Luar Negeri agendaDPR,agenda DPR kamis pukul WIB komisi IX DPR rapat panja RUU lindung kerja indonesia di luar negeri agendadpr,DPR agenda Thursday at WIB Commission IX DPR working committee meeting on bill protecting Indonesian workers abroad DPR agenda
1458,2016-09-22T02:35:05.000Z,Agenda DPR Kamis Pukul WIB Komisi I DPR Rapat Panja RUU ITE dengan Pemerintah agendaDPR,agenda DPR kamis pukul WIB komisi i DPR rapat panja RUU ITE dengan pemerintah agendadpr,DPR agenda Thursday at WIB commission i DPR meeting working committee on ITE Bill with government dpr agenda
1459,2016-09-21T23:44:20.000Z,babat belantara korupsi dgn kebijakan hukuman mati seberatnya,babat belantara korupsi dengan kebijakan hukum mati berat,Tripe wilderness of corruption with a policy of severe death penalty
1460,2016-09-21T11:02:29.000Z,Menerima kunjungan Keluarga Mahasiswa Manajemen dan Kebijakan Publik UGM di,terima kunjung keluarga mahasiswa manajemen dan kebijakan publik UGM di,Welcome the family of UGM management and public policy students at
1461,2016-09-21T09:57:48.000Z,dan pandangan atas kedua rancangan undang undang di atas hingga akhir masa sidang ini cc,dan pandang atas dua rancangan undang undang di atas hingga akhir masa sidang ini cc,"and review the two draft laws above until the end of this session, cc"
1462,2016-09-21T09:41:32.000Z,telah disepakati bahwa KomiteDPDRI akan menyusun pertimbangan dan pandangan terhadap kedua draft RUU tersebut CC,telah pakat bahwa komitedpdri akan susun timbang dan pandang hadap dua draft RUU sebut CC,has agreed that the DPRD committee will weigh and review the two draft bills called CC
1463,2016-09-21T09:11:00.000Z,KomiteDPDRI telah melaksanakan serangkaian kegiatan inventarisasi dan pendalaman materi atas RUU tersebut CC,komitedpdri telah laksana rangkai giat inventarisasi dan dalam materi atas RUU sebut CC,The DPRD Committee has carried out an active series of inventories and in the material on the bill it is called CC
1464,2016-09-21T09:04:30.000Z,Wakil Ketua DPR Fadli Zon menerima audiensi Mahasiswa i Manajemen dan Kebijakan Publik FISIPOL Universitas Gajah Mada Yogyakarta DPRLive,wakil ketua DPR fadli zon terima audiensi mahasiswa i manajemen dan kebijakan publik FISIPOL universitas gajah mada yogyakarta dprlive,"deputy chairman of the DPR, Fadli Zon, receives an audience of students from management and public policy, FISIPOL, Gajah Mada University, Yogyakarta, dprlive"
1465,2016-09-21T08:58:37.000Z,adalah sebagai RUU Inisiatif KomiteDPDRI dan merupakan progam prioritas Komite III DPD RI CC,adalah bagai RUU inisiatif komitedpdri dan rupa progam prioritas komite II DPD RI CC,is an initiative bill from the DPR RI Committee and a type of priority program for Committee II DPD RI CC
1466,2016-09-21T07:56:09.000Z,Anggota DPR Dorong RUU Otsus Plus Direvisi,anggota DPR dorong RUU otsus plus revisi,DPR members are pushing for the special autonomy bill plus revisions
1467,2016-09-21T07:50:03.000Z,Anggota DPR Dorong RUU Otsus Plus Direvisi Warta Ekonomi,anggota DPR dorong RUU otsus plus revisi warta ekonomi,DPR members push for special autonomy bill plus revision of economic news
1468,2016-09-21T07:34:13.000Z,RUU Karantina Jadi Upaya Jaga Produk Petani,RUU karantina jadi upaya jaga produk tani,The quarantine bill is an effort to protect agricultural products
1469,2016-09-21T03:39:21.000Z,Tiga Poin Utama Pembahasan RUU Perbukuan JAKARTA EDUNEWS ID Komisi X DPR RI tengah fokus melakukan pembah,tiga poin utama bahas RUU buku JAKARTA EDUNEWS ID komisi kali DPR RI tengah fokus pelaksanaan bah,"three main points discussing the JAKARTA EDUNEWS ID book bill, the DPR RI commission is currently focusing on implementation"
1470,2016-09-21T02:49:55.000Z,Sosialisasi RUU ttg karantina Hewan Ikan Tumbuhan olh sekt komidi IV DPR RI di BKIPM Semarang,sosialisasi RUU tentang karantina hewan ikan tumbuh olh sekt komidi IV DPR RI di BKIPM semarang,socialization of the bill on animal quarantine for growing fish by the DPR RI DPR RI Committee IV section at BKIPM Semarang
1471,2016-09-21T02:43:33.000Z,FGD konsultasi publik RUU ttg karantina Hewan Ikan Tumbuhan oleh Komisi IV DPR RI KKP UNDIP,FGD konsultasi publik RUU tentang karantina hewan ikan tumbuh oleh komisi IV DPR RI KKP UNDIP,Public consultation FGD on the draft law on animal quarantine for growing fish by Commission IV DPR RI KKP UNDIP
1472,2016-09-21T02:41:32.000Z,Titiek Soeharto Kebijakan Impor Jadi Celah Lahirnya Mafia Pangan KULONPROGO Wakil Ketua Komisi IV DPR RI,titiek soeharto kebijakan impor jadi celah lahir mafia pangan KULONPROGO wakil ketua komisi IV DPR RI,"Titiek Soeharto's import policy became a loophole for the birth of the KULONPROGO food mafia, deputy chairman of Commission IV DPR RI"
1473,2016-09-21T02:07:47.000Z,Agenda DPR Rabu Pukul WIB Pansus RUU Pemberantasan Tindak Pidana Terorisme kunjungi Densus di Depok agendaDPR,agenda DPR rabu pukul WIB pansus RUU berantas tindakan pidana terorisme kunjung densus di depok agendadpr,"DPR agenda, Wednesday at WIB, the special committee on the bill to eradicate criminal acts of terrorism visited the special meeting in Depok, DPR agenda"
1474,2016-09-21T01:18:57.000Z,Dewan Perwakilan Rakyat DPR membela pemerintah dari seluruh gugatan atas Pengujian Undang Undang UU Nomor,dewan wakil rakyat DPR bela pemerintah dari seluruh penggugatan atas uji undang undang UU nomor,the DPR's people's representative council defended the government from all complaints regarding the judicial review of Law no
1475,2016-09-20T11:44:16.000Z,JAKARTA Anggota Komisi X DPR RI Noor Ahmad menjelaskan mengapa pembahasan Rancangan,JAKARTA anggota komisi kali DPR RI noor ahmad jelas mengapa bahas rancangan,JAKARTA DPR RI commission member Noor Ahmad is clear about why he is discussing the draft
1476,2016-09-20T09:28:47.000Z,akan mendesak Komisi untuk segera membuat jadwal pembahasan ruu kebidanan,akan desakan komisi untuk segera buat jadwal bahas ruu bidan,The commission will immediately schedule a discussion of the midwives bill
1477,2016-09-20T08:07:30.000Z,Forum Legislasi di Media Center DPR RI membahas tentang RUU Sistem Perbukuan DPRLive,forum legislasi di media center DPR RI bahas tentang RUU sistem buku dprlive,Legislative forum at the DPR RI media center discussing the DPRlive book system bill
1478,2016-09-20T08:05:52.000Z,Pertemuan Komisi IV dengan Civitas Akademika Universitas Diponegoro terkait masukan RUU Karantina Hewan Ikan Tumbuban KunkerDPR,temu komisi IV dengan civitas akademika universitas diponegoro kait masuk RUU karantina hewan ikan tumbuban kunkerdpr,Commission IV meeting with Diponegoro University academic community regarding inclusion of Tumbuban Fish Animal Quarantine Bill KunkerDPR
1479,2016-09-20T07:48:38.000Z,Kadir Kita masih gagal lakukan tugas kita Wakil rakyat wakili kita bukan AG Kena lihat undang undang dari aspek kita SHWacana by Sin,kadir kita masih gagal pelaksanaan tugas kita wakil rakyat wakil kita bukan AG kena lihat undang undang dari aspek kita shwacana by sin,"kadir we are still failing in carrying out our duties as representatives of the people, our representatives are not AGs, we have to look at the law from our perspective shwacana by sin"
1480,2016-09-20T07:45:20.000Z,Kadir Kita masih gagal lakukan tugas kita Wakil rakyat wakili kita bukan AG Kena lihat undang undang dari aspek kita SHWacana,kadir kita masih gagal pelaksanaan tugas kita wakil rakyat wakil kita bukan AG kena lihat undang undang dari aspek kita shwacana,"Kadir we are still failing to carry out our duties as representatives of the people. Our representatives, not AGs, have to look at the law from our perspective"
1481,2016-09-20T07:21:14.000Z,Dirjen Budidaya Perikanan Komisi IV DPR RI melakukan FGD RUU karantina Ikan hewan dan Tumbuhan di UGM,dirjen budidaya ikan komisi IV DPR RI pelaksanaan FGD RUU karantina ikan hewan dan tumbuh di UGM,"Director General of Fish Cultivation, Commission IV DPR RI, implementation of the FGD on the Animal and Growing Fish Quarantine Bill at UGM"
1482,2016-09-20T07:07:10.000Z,Cari Masukan RUU Karantina Hewan Ikan dan Tumbuhan Komisi IV DPR RI Gelar FGD di Undip,cari masuk RUU karantina hewan ikan dan tumbuh komisi IV DPR RI gelar FGD di undip,"looking for inclusion in the Fish and Growth Animal Quarantine Bill, Commission IV DPR RI holds FGD at Undip"
1483,2016-09-20T06:57:12.000Z,Cari Masukan RUU Karantina Hewan Ikan dan Tumbuhan Komisi IV DPR RI Gelar FGD di Undip via TribunJateng,cari masuk RUU karantina hewan ikan dan tumbuh komisi IV DPR RI gelar FGD di undip via tribunjateng,"looking for inclusion in the fish and growth animal quarantine bill, Commission IV DPR RI holds FGD at Undip via Tribunjateng"
1484,2016-09-20T02:18:41.000Z,Rujukan buat pengambil kebijakan,rujuk buat ambil kebijakan,refer to take policy
1485,2016-09-20T02:06:53.000Z,Bandit Koruptor Pantasnya Divonis Mati,bandit koruptor pantas vonis mati,Corrupt bandits deserve the death sentence
1486,2016-09-20T01:57:09.000Z,Agenda DPR Selasa Pukul WIB Forum Legislasi tentang RUU Sistem Perbukuan di Media Center DPR RI agendaDPR,agenda DPR selasa pukul WIB forum legislasi tentang RUU sistem buku di media center DPR RI agendadpr,"DPR agenda, Tuesday at WIB, legislative forum regarding the book system bill at the DPR RI media center agendadpr"
1487,2016-09-19T18:41:56.000Z,apa ada sebuah institusi tentukan kebijakan hanya mengetahui dari keluarga tersangka? Bijaksanalah!,apa ada buah institusi tentu kebijakan hanya tahu dari keluarga sangka ? bijaksana !,Is there any institutional policy that only knows from the suspect's family? wise!
1488,2016-09-19T15:08:10.000Z,RUU Pertembakauan Tingkatkan Kesejahteraan Petani Dewan Perwakilan Rakyat DPR menilai Rancangan Undang Un,RUU tembakau tingkat sejahtera tani dewan wakil rakyat DPR nilai rancangan undang un,"The tobacco bill on the level of farmer welfare, the DPR's people's representatives, the value of the draft law un"
1489,2016-09-19T14:48:40.000Z,kebijakan prevenrif yaitu hukuman berat hukuman mati bagi koruptor hal ini sejalan dengan revolusi mental,kebijakan prevenrif yaitu hukum berat hukum mati bagi koruptor hal ini jalan dengan revolusi mental,"preventive policy, namely serious laws, the death penalty for corruptors, this goes with a mental revolution"
1490,2016-09-19T14:45:35.000Z,Usaha kebijakan preventif dari dalam usaha menyelematkan negara dari sikap sifat korup,usaha kebijakan preventif dari dalam usaha lat negara dari sikap sifat korup,preventive policy efforts from within the state to prevent corrupt attitudes
1491,2016-09-19T14:27:14.000Z,DiskusiPRFM Pejabat publik kembali terjerat Korupsi Benarkah korupsi makin kronis? Apa yg harus dilakukan guna cegah korupsi? Komentar?,diskusiprfm jabatan publik kembali jerat korupsi benar korupsi makin kronis ? apa yang harus pelaksanaan penggunaan cegah korupsi ? komentar ?,PRFM discussions on public office are once again entangled in corruption. Is it true that corruption is becoming more chronic? What should be the implementation of the use of preventing corruption? comment ?
1492,2016-09-19T11:11:42.000Z,Idris dan Riza Duet Maut Lakukan Reses Idris dan Riza Duet Maut Lakukan Reses Dua wakil rakyat ini kembali turun kebawa beritabogor,idris dan riza duet maut pelaksanaan reses idris dan riza duet maut pelaksanaan reses dua wakil rakyat ini kembali turun bawa beritabogor,Iris and Riza's deadly duet during the recess
1493,2016-09-19T08:24:10.000Z,Wakil Rakyat Emang Hebat Baru Kerja Tahun Dpt Mobinya Baru Apakah Sdh Perjuangkan Aspirasi Rakyat ???,wakil rakyat memang hebat baru kerja tahun dapat mob baru apakah sudah juang aspirasi rakyat ? ?,People's representatives are really great. Just started working this year and got a new car. Have you fought for the aspirations of the people? ?
1494,2016-09-19T08:05:09.000Z,Baru Kerja Tahun Tiap Anggota DPRD Demak Dapat Mobil Baru,baru kerja tahun tiap anggota DPRD demak dapat mobil baru,"After a year's work, every member of the Demak DPRD gets a new car"
1495,2016-09-19T07:52:49.000Z,Suasana Rapat Tim Perumus RUU Revisi UU ITE di Komisi Senin,suasana rapat tim rumus RUU revisi UU ITE di komisi senin,atmosphere of the team meeting for the draft bill for the revision of the ITE Law at the commission on Monday
1496,2016-09-19T04:55:05.000Z,BeritaFISIPUI Ammy Amalia F S DPR RI mengatakan DPR meundukung melalui masuknya RUU Penghapusan Kekerasan Seksual ke Prolegnas,beritafisipui ammy amalia f si DPR RI kata DPR meundukung lalu masuk RUU hapus keras seksual ke prolegnas,newsfisipui ammy amalia f the DPR RI said the DPR supported it and then included the bill to eliminate sexual violence in the National Legislation Program
1497,2016-09-19T01:55:14.000Z,Agenda DPR Senin Pukul WIB Komisi I DPR RDP Tim Perumus RUU ITE dengan Pemerintah agendaDPR,agenda DPR senin pukul WIB komisi i DPR RDP tim rumus RUU ITE dengan pemerintah agendadpr,DPR agenda Monday at WIB commission i DPR RDP team formulating ITE Bill with government dpr agenda
1498,2016-09-18T22:04:10.000Z,Anggota Komisi IV DPR RI dari PKS Akmal Pasluddin menilai kebijakan pemerintah khususnya Menko Maritim dan,anggota komisi IV DPR RI dari PKS akmal pasluddin nilai kebijakan pemerintah khusus menko maritim dan,Member of Commission IV DPR RI from PKS Akmal Pasluddin on the value of government policies specifically the Coordinating Minister for Maritime Affairs and
1499,2016-09-18T16:02:58.000Z,Kira berapa ya biaya anggaran komisi dpr ri bahas ruu pemilu yang tak bermutu tuk mengizinkan napi atau ekx penjahat jadi balon kdh nasib,kira berapa ya biaya anggaran komisi dpr ri bahas ruu pemilu yang tak mutu untuk izin napi atau ekx jahat jadi balon kdh nasib,I wonder how much it would cost for the Republic of Indonesia House of Representatives commission to discuss an election bill that is not of good quality to allow criminal convicts or ex-ex to become a balloon for fate
1500,2016-09-18T08:53:11.000Z,Pak harus berani mengeluarkan kebijakan preventif Rancang UU Hukum Mati Koruptor,pak harus berani keluar kebijakan preventif rancangan UU hukum mati koruptor,"Sir, you must have the courage to issue a preventive policy on the draft law on the death penalty for corruptors"
1501,2016-09-18T05:34:00.000Z,Berapa banyak koruptor yg ditangkap di OTT tak akan pernah menghentikan korupsi Hukum mereka seberat beratnya minimal tahun,berapa banyak koruptor yang tangkap di OTT tak akan pernah henti korupsi hukum mereka berat berat minimal tahun,"how many corruptors are caught in OTT, corruption will never stop, their laws will be serious for at least a year"
1502,2016-09-17T22:37:46.000Z,Ucapan selamat HUT TahunPMI dari menyejukkan harapan pengesahan RUUKepalangmerahan,ucap selamat HUT tahunpmi dari sejuk harap pengesahan ruukepalangmerahan,"Congratulations on PMMI's anniversary from the cool, hoping for approval of the ruuupalangmerahan"
1503,2016-09-17T20:47:45.000Z,H Idris Reses Tandem Dengan Koleganya Dari DPR RI lewat,h idris reses tandem dengan kolega dari DPR RI lewat,h Idris took a tandem recess with colleagues from the Republic of Indonesia's DPR
1504,2016-09-17T14:02:30.000Z,Sudah Diamanatkan Oleh Undang Undang Baleg DPR Dorong Pembentukan Badan Pangan infoTribun,sudah amanat oleh undang undang baleg DPR dorong bentuk badan pangan infotribun,It has been mandated by the DPR legislation to encourage the formation of an infotribun food agency
1505,2016-09-17T13:48:07.000Z,Sudah Diamanatkan Oleh Undang Undang Baleg DPR Dorong Pembentukan Badan Pangan Nasional,sudah amanat oleh undang undang baleg DPR dorong bentuk badan pangan nasional,It has been mandated by the DPR legislation to encourage the formation of a national food agency
1506,2016-09-17T13:47:59.000Z,Sudah Diamanatkan Oleh Undang Undang Baleg DPR Dorong Pembentukan Badan Pangan Nasional Badan Legislasi Ba,sudah amanat oleh undang undang baleg DPR dorong bentuk badan pangan nasional badan legislasi ba,It has been mandated by law that the legislative assembly of the DPR encourages the formation of a national food agency as a legislative body
1507,2016-09-17T13:46:14.000Z,TribunNASIONAL Sudah Diamanatkan Oleh Undang Undang Baleg DPR Dorong Pembentukan Badan Pangan Nasional,tribunnasional sudah amanat oleh undang undang baleg DPR dorong bentuk badan pangan nasional,The National Tribunal has been mandated by the DPR legislative legislative act to encourage the formation of a national food agency
1508,2016-09-17T13:45:45.000Z,Surya News Sudah Diamanatkan Oleh Undang Undang Baleg DPR Dorong Pembentukan Badan Pangan Nasional Badan L,surya news sudah amanat oleh undang undang baleg DPR dorong bentuk badan pangan nasional badan l,Surya News has been mandated by the legislative legislative assembly of the DPR to encourage the formation of a national food agency
1509,2016-09-17T13:44:57.000Z,Sudah Diamanatkan Oleh Undang Undang Baleg DPR Dorong Pembentukan Badan Pangan Nasional beritanegara,sudah amanat oleh undang undang baleg DPR dorong bentuk badan pangan nasional beritanegara,"It has been mandated by the legislative legislative council to encourage the formation of a national food agency, Beritanegara"
1510,2016-09-17T13:35:07.000Z,Pak sepantasnya mengeluarkan kebijakan hukuman mati bagi koruptor untuk preventif Cegah badut tikus rakus negara!,pak pantas keluar kebijakan hukum mati bagi koruptor untuk preventif cegah badut tikus rakus negara !,"Sir, it's appropriate to issue a policy of the death penalty for corruptors to prevent greedy rat clowns in the country!"
1511,2016-09-17T10:54:33.000Z,Dan baru aja selesai dari jam pagi ampe jam sore dah kayak rapat paripurna at pic,dan baru saja selesai dari jam pagi sampai jam sore deh seperti rapat paripurna at pic,and just finished from morning to afternoon like a plenary meeting at pic
1512,2016-09-17T08:00:14.000Z,Wakil Ketua Komisi X DPR Sutan Adil Hendra Dorong RUU Sistem Perbukuan Segera Disahkan,wakil ketua komisi kali DPR sutan adil hendra dorong RUU sistem buku segera sah,"Deputy chairman of the DPR Commission, Sutan Adil Hendra, is pushing for the book system bill to be legalized immediately"
1513,2016-09-17T07:58:48.000Z,Anggota Komisi X DPR Dwita Ria Gunadi RUU Sisbuk Diharapkan Ratakan Distribusi Buku,anggota komisi kali DPR dwita ria gunadi RUU sisbuk harap rata distribusi buku,"Member of the House of Representatives Commission, Dwita Ria Gunadi, Draft Sisbuk Bill hopes for even distribution of books"
1514,2016-09-15T08:20:44.000Z,Berlanjut Baleg DPR RI Bahas DIM RUU Kekarantinaan Kesehatan,lanjut baleg DPR RI bahas DIM RUU karantina sehat,The DPR RI legislative council continued discussing the DIM healthy quarantine bill
1515,2016-09-15T08:19:56.000Z,Berlanjut Baleg DPR RI Bahas DIM RUU Kekarantinaan Kesehatan Pembahasan Daftar Invetarisasi Masalah DIM R,lanjut baleg DPR RI bahas DIM RUU karantina sehat bahas daftar invetarisasi masalah DIM r,continued DPR RI baleg discussing DIM Healthy quarantine bill discussing inventory list of DIM problems r
1516,2016-09-15T08:19:52.000Z,Pembahasan Daftar Invetarisasi Masalah DIM Rancangan Undang Undang Kekarantinaan Kesehatan dilanjutkan oleh,bahas daftar invetarisasi masalah DIM rancangan undang undang karantina sehat lanjut oleh,"discuss the inventory list of DIM problems in the draft healthy quarantine law, continued by"
1517,2016-09-15T08:18:32.000Z,Berlanjut Baleg DPR RI Bahas DIM RUU Kekarantinaan Kesehatan Pembahasan Daftar Invetarisasi Masalah DIM Rancangan Undang Undang K,lanjut baleg DPR RI bahas DIM RUU karantina sehat bahas daftar invetarisasi masalah DIM rancangan undang undang ke,continued DPR RI baleg discussing DIM healthy quarantine bill discussing inventory list of DIM issues draft law to
1518,2016-09-15T08:17:50.000Z,CPNS Berlanjut Baleg DPR RI Bahas DIM RUU Kekarantinaan Kesehatan,CPNS lanjut baleg DPR RI bahas DIM RUU karantina sehat,CPNS continued with the DPR RI legislative council discussing the DIM healthy quarantine bill
1519,2016-09-15T08:16:57.000Z,TribunNASIONAL Berlanjut Baleg DPR RI Bahas DIM RUU Kekarantinaan Kesehatan,tribunnasional lanjut baleg DPR RI bahas DIM RUU karantina sehat,Tribunnational continued with the DPR RI legislative council discussing the DIM healthy quarantine bill
1520,2016-09-15T08:16:20.000Z,NEWS Berlanjut Baleg DPR RI Bahas DIM RUU Kekarantinaan Kesehatan GaleriBerita,NEWS lanjut baleg DPR RI bahas DIM RUU karantina sehat galeriberita,NEWS continues with DPR RI legislative council discussing DIM healthy quarantine bill galeriberita
1521,2016-09-15T08:16:14.000Z,Surya News Berlanjut Baleg DPR RI Bahas DIM RUU Kekarantinaan Kesehatan Pembahasan Daftar Invetarisasi Mas,surya news lanjut baleg DPR RI bahas DIM RUU karantina sehat bahas daftar invetarisasi mas,"Surya News continues with the DPR RI legislative council discussing the DIM Healthy Quarantine Bill discussing the inventory list, bro"
1522,2016-09-15T08:15:39.000Z,BeritaBolla Berlanjut Baleg DPR RI Bahas DIM RUU Kekarantinaan Kesehatan Pembahasan Daftar Invetarisasi Ma,beritabolla lanjut baleg DPR RI bahas DIM RUU karantina sehat bahas daftar invetarisasi sama,Beritabolla continues with the DPR RI legislative council discussing the DIM Healthy Quarantine Bill discussing the same inventory list
1523,2016-09-15T08:14:53.000Z,Berlanjut Baleg DPR RI Bahas DIM RUU Kekarantinaan Kesehatan beritanegara,lanjut baleg DPR RI bahas DIM RUU karantina sehat beritanegara,"The DPR RI legislative council continued discussing the DIM Healthy Quarantine Bill, Beritanegara"
1524,2016-09-15T08:04:54.000Z,Tribun Berlanjut Baleg DPR RI Bahas DIM RUU Kekarantinaan Kesehatan NewsToday DKK,tribun lanjut baleg DPR RI bahas DIM RUU karantina sehat newstoday DKK,tribun continues DPR RI legislative council discussing DIM healthy quarantine bill newstoday DKK
1525,2016-09-15T08:03:36.000Z,Tribun Berlanjut Baleg DPR RI Bahas DIM RUU Kekarantinaan Kesehatan Pembahasan Daftar Invetarisasi NewsToday,tribun lanjut baleg DPR RI bahas DIM RUU karantina sehat bahas daftar invetarisasi newstoday,Tribun continues DPR RI legislative council discussing DIM Healthy Quarantine Bill discussing inventory list newstoday
1526,2016-09-15T07:58:37.000Z,Rapat Badan Legislasi DPR RI dengan Menpan RB tentang Undang Undang Ketahanan Pangan,rapat badan legislasi DPR RI dengan menpan RIBU tentang undang undang pertahanan pangan,DPR RI legislative body meeting with Minister of Administrative and Bureaucratic Reform RIBU regarding the food defense law
1527,2016-09-15T07:15:52.000Z,Sekjen Nur Syam hadir dalam rapat Panja pembahasan RUU Pemberantasan Tindak Pidana Teroris Kamis,sekjen nur syam hadir dalam rapat panja bahas RUU berantas tindakan pidana teroris kamis,Secretary General Nur Syam was present at the working committee meeting discussing the bill to eradicate criminal acts of terrorism on Thursday
1528,2016-09-15T07:10:05.000Z,Penambahan Kewenangan Penindakan Hukum BPOM Dirumuskan dalam RUU,tambah wenang tindakan hukum BPOM rumus dalam RUU,adds BPOM's legal action authority to the formula in the bill
1529,2016-09-15T07:08:31.000Z,Baleg Bahas DIM RUU Kekarantinaan Kesehatan,baleg bahas DIM RUU karantina sehat,baleg discusses DIM healthy quarantine bill
1530,2016-09-15T05:00:03.000Z,Anggota Fraksi Partai Gerakan Indonesia Raya Gerindra DPR RI Muhammad Syafi i mempertanyakan kebijakan Menko,anggota partai partai gera indonesia raya gerindra DPR RI muhammad syafi i tanya kebijakan menko,Member of the Gera Indonesia Raya Gerindra Party DPR RI Muhammad Syafi I asked the coordinating minister's policy
1531,2016-09-15T04:41:30.000Z,FGD RUU Pemilu di DPR RI Bersama,FGD RUU pemilu di DPR RI sama,The FGD on the election bill in the DPR RI is the same
1532,2016-09-15T04:28:37.000Z,Komisi IV DPR RDPU dengan Pakar terkait RUU tentang Karantina Hewan Ikan dan Tumbuhan DPRLive,komisi IV DPR RDPU dengan pakar kait RUU tentang karantina hewan ikan dan tumbuh dprlive,"Commission IV DPR RDPU with experts regarding the bill regarding animal quarantine, fish and growing dprlive"
1533,2016-09-15T03:54:17.000Z,Kom dan Gub Sepakat Revisi Kebijakan Susi,kom dan gub sepakat revisi kebijakan sus,Kom and Gub agree to revise SUS policy
1534,2016-09-15T03:48:19.000Z,Sambutan ketua FPKB DPR RI dlm Diskusi RUU Pemilu,sambut ketua FPKB DPR RI dalam diskusi RUU pemilu,welcomed the chairman of the FPKB DPR RI in the discussion of the election bill
1535,2016-09-15T02:20:27.000Z,Agenda DPR Kamis Pukul WIB Komisi X DPR Rapat Panja RUU Sistem Perbukuan agendaDPR,agenda DPR kamis pukul WIB komisi kali DPR rapat panja RUU sistem buku agendadpr,"DPR agenda Thursday at WIB, DPR commission meeting working committee on DPR agenda book system bill"
1536,2016-09-15T02:10:10.000Z,Agenda DPR Kamis Pukul WIB Pansus RUU Pemberantasan Tindak Pidana Terorisme RDP dg Kemdikbud Kemdagri agendaDPR,agenda DPR kamis pukul WIB pansus RUU berantas tindakan pidana terorisme RDP dengan kemdikbud kemdagri agendadpr,DPR agenda Thursday at WIB special committee on bill to eradicate criminal acts of terrorism RDP with Ministry of Education and Culture Ministry of Home Affairs DPR agenda
1537,2016-09-15T01:26:27.000Z,Radio ANDIKA Wakil Ketua Komisi I DPR RI TB Hasanuddin mengakui kebijakan bebas visa masuk Indonesia,radio ANDIKA wakil ketua komisi i DPR RI TB hasanuddin aku kebijakan bebas visa masuk indonesia,ANDIKA radio deputy chairman of commission i DPR RI TB Hasanuddin I'm visa-free entry policy to Indonesia
1538,2016-09-15T00:08:08.000Z,APA KENDALA LEGISLASI RUU PERAMPASAN ASET? by cc,APA KENDALA LEGISLASI RUU AMPAS ASET ? by cc,WHAT ARE THE LEGISLATION OBSTACLES OF THE ASSET WASTE BILL? by cc
1539,2016-09-14T19:34:55.000Z,JAKARTA Wakil Ketua Komisi I DPR RI TB Hasanuddin mengakui kebijakan bebas visa masuk Indonesia berdampak,JAKARTA wakil ketua komisi i DPR RI TB hasanuddin aku kebijakan bebas visa masuk indonesia dampak,JAKARTA deputy chairman of commission i DPR RI TB Hasanuddin I impact the policy of visa-free entry into Indonesia
1540,2016-09-14T16:20:33.000Z,RT Pengacara Asal Nias Tantang Menkumham,RT acara asal nias tantang menkumham,RT event from Nias challenges the Minister of Law and Human Rights
1541,2016-09-14T07:58:16.000Z,Komisi IV DPR RDPU dengan Gubernur membahas dampak kebijakan Menteri Kelautan dan Perikanan DPRLive,komisi IV DPR RDPU dengan gubernur bahas dampak kebijakan menteri laut dan ikan dprlive,DPR RDPU Commission IV with the governor discussed the impact of the policy of the minister of sea and fish dprlive
1542,2016-09-14T04:18:14.000Z,Pemerintah jangan buat kebijakan maju mundur tarik ulur karena ini mrp kelakuan Boim,pemerintah jangan buat kebijakan maju mundur tarik ulur karena ini mrp pelaksanaan boim,The government should not make a policy of pushing back and forth because this is the implementation of bombing
1543,2016-09-14T03:49:30.000Z,Agenda DPR Rabu Pukul WIB Komisi IV RDPU dengan pakar terkait RUU Sistem Budi Daya Tanaman agendaDPR,agenda DPR rabu pukul WIB komisi IV RDPU dengan pakar kait RUU sistem budi daya tanam agendadpr,DPR agenda Wednesday at WIB Commission IV RDPU with experts regarding the draft cultivation system bill on the DPR agenda
1544,2016-09-14T02:19:13.000Z,Reses Hari Wakil Rakyat Kota Bogor Dibekali Rp Juta,reses hari wakil rakyat kota bogor bekal rp juta,Bogor City People's Representatives' Recess Day Provision of IDR Million
1545,2016-09-14T01:20:45.000Z,Emang sekarang tugasnya PENGAWASAN atau hanya PENGESAHAN kebijakan pemerintah??? Hasil Reformasi ?,memang sekarang tugas AWAS atau hanya PENGESAHAN kebijakan pemerintah ? ? hasil reformasi ?,Is it really your job to be AWARE or just to ENDORSE government policy? ? the results of the reform?
1546,2016-09-13T13:51:50.000Z,Untuk kesekian kalinya Dewan Perwakilan Rakyat Daerah DPRD Gresik menggelar rapat paripurna pemandangan umum,untuk sekian kali dewan wakil rakyat daerah DPRD gresik gelar rapat paripurna pandang umum,"For the number of times, the Gresik Regional People's Representative Council has held a plenary meeting for public viewing"
1547,2016-09-13T09:59:32.000Z,Semoga wakil rakyat nya menghendaki aspirasi rakyat,moga wakil rakyat nya hendak aspirasi rakyat,hopefully the people's representatives will want the aspirations of the people
1548,2016-09-13T01:55:46.000Z,baiknya jd ka,baik jadi kak,okay then sis
1549,2016-09-12T13:43:30.000Z,DPR Terkini DPR Setujui RUU Ketenagakerjaan Maritim Menjadi Undang Undang,DPR kini DPR tuju RUU ketenagakerjaan maritim jadi undang undang,The DPR is now aiming for the maritime employment bill to become law
1550,2016-09-11T18:57:58.000Z,Pemerintah dan Dewan Perwakilan Rakyat DPR hingga pekan kedua September belum membahas rancangan atura,pemerintah dan dewan wakil rakyat DPR hingga pekan dua september belum bahas rancangan atura,The government and the People's Representative Council of the DPR have not discussed the draft regulations until the second week of September
1551,2016-09-11T18:57:53.000Z,Perlukah e voting masuk dalam RUU Pemilu? Pemerintah dan Dewan Perwakilan Rakyat DPR hingga pekan kedua Se,perlu e voting masuk dalam RUU pemilu ? pemerintah dan dewan wakil rakyat DPR hingga pekan dua se,Is it necessary for e-voting to be included in the election bill? government and the DPR's people's representatives until the second week of the year
1552,2016-09-11T18:57:47.000Z,Update Perlukah e voting masuk dalam RUU Pemilu? Pemerintah dan Dewan Perwakilan Rakyat DPR hingga pekan,update perlu e voting masuk dalam RUU pemilu ? pemerintah dan dewan wakil rakyat DPR hingga pekan,update is it necessary to include e-voting in the election bill? government and the DPR's people's representatives until Sunday
1553,2016-09-11T18:57:40.000Z,AntaraNews Perlukah e voting masuk dalam RUU Pemilu? Pemerintah dan Dewan Perwakilan Rakyat DPR hingga pe,antaranews perlu e voting masuk dalam RUU pemilu ? pemerintah dan dewan wakil rakyat DPR hingga pe,Antaranews needs e-voting to be included in the election bill? government and the people's representative council from the DPR to PE
1554,2016-09-11T18:54:35.000Z,Perlukah e voting masuk dalam RUU Pemilu? Pemerintah dan Dewan Perwakilan Rakyat DPR hingga pekan kedua RT,perlu e voting masuk dalam RUU pemilu ? pemerintah dan dewan wakil rakyat DPR hingga pekan dua RT,Is it necessary for e-voting to be included in the election bill? government and the people's representative council of the DPR until the second week of the RT
1555,2016-09-11T18:54:33.000Z,antaranews Perlukah e voting masuk dalam RUU Pemilu? Pemerintah dan Dewan Perwakilan Rakyat DPR hingga pe,antaranews perlu e voting masuk dalam RUU pemilu ? pemerintah dan dewan wakil rakyat DPR hingga pe,Antaranews needs e-voting to be included in the election bill? government and the people's representative council from the DPR to PE
1556,2016-09-11T18:54:29.000Z,Segala_Berita Perlukah e voting masuk dalam RUU Pemilu? Pemerintah dan Dewan Perwakilan Rakyat DPR hingga,Segala_berita perlu e voting masuk dalam RUU pemilu ? pemerintah dan dewan wakil rakyat DPR hingga,All_news needs e-voting to be included in the election bill? government and the people's representative council from the DPR to
1557,2016-09-11T13:50:01.000Z,KM ITB juga memberikan Draft Rekomendasi Blok Natuna Rekomendasi RUU Migas kepada salah satu anggota DPR dan juga Dirjen Migas,KAMU ITB juga beri draft rekomendasi blok natuna rekomendasi RUU migas kepada salah satu anggota DPR dan juga dirjen migas,KAMU ITB also gave a draft recommendation for the natuna block recommendation for the oil and gas bill to one of the members of the DPR and also the director general of oil and gas
1558,2016-09-11T13:23:49.000Z,DPR yg gagah berani menyampaikan Aspirasi rakyat kebanggan pemilihnya pengecut belain cukong,DPR yang gagah berani sampai aspirasi rakyat bangga pilih kecut bela cukong,"The DPR, which was brave enough to meet the aspirations of the proud people, chose to cowardly defend the barons"
1559,2016-09-11T13:04:52.000Z,Dewan Perwakilan Rakyat yang menyampaikan aspirasi rakyat dgn benar justru dipecat oleh Partai Politik bejat,dewan wakil rakyat yang sampai aspirasi rakyat dengan banget justru pecat oleh partai politik bejat,the people's representative council which really met the people's aspirations was actually fired by a depraved political party
1560,2016-09-11T09:59:33.000Z,PARTAI BAHLUL PDUKUNG AHOK ITU TAHU BAKAL DTINGGAL RAKYAT Tolak Ahok Ketua DPC Hanura Jaktim dipecat,PARTAI BAHLUL PDUKUNG AHOK ITU TAHU BAKAL DTINGGAL RAKYAT penolakan ahok ketua DPC hanura jaktim pecat,"THE BAHLUL PARTY SUPPORTS AHOK KNOWS THE PEOPLE WILL LEAVE, Ahok's rejection, the chairman of the East Jakarta Hanura DPC is fired"
1561,2016-09-10T15:44:34.000Z,Anggota DPR Sebut RUU ITE Mengacu Putusan MK,anggota DPR sebut RUU ITE acu keputusan MAKA,DPR members say the ITE Bill refers to the MAKA decision
1562,2016-09-10T15:25:02.000Z,Anggota DPR Sebut RUU ITE Mengacu Putusan MK Warta Ekonomi,anggota DPR sebut RUU ITE acu keputusan MAKA warta ekonomi,DPR members say the ITE Bill refers to the MAKA economic news decision
1563,2016-09-10T14:49:36.000Z,Retweeted Radio Elshinta Anggota DPR RUU ITE mengacu putusan MK,retweeted radio elshinta anggota DPR RUU ITE acu keputusan MAKA,retweeted radio elshinta DPR member ITE Bill refers to MAKA decision
1564,2016-09-10T14:40:51.000Z,Anggota DPR RUU ITE mengacu putusan MK,anggota DPR RUU ITE acu keputusan MAKA,DPR members on ITE Bill refer to MAKA's decision
1565,2016-09-10T12:55:13.000Z,Anggota DPR RUU ITE mengacu putusan MK Anggota Komisi I DPR RI Bobby Adhityo Rizadi me RanoKarnoHRSMundur,anggota DPR RUU ITE acu keputusan MAKA anggota komisi i DPR RI bobby adhityo rizadi me ranokarnohrsmundur,Member of DPR on ITE Bill refers to decision THEN member of Commission I DPR RI Bobby Adhityo Rizadi me ranokarnohrs resigns
1566,2016-09-10T12:48:39.000Z,Anggota DPR RUU ITE mengacu putusan MK Anggota Komisi I DPR RI Bobby Adhityo Rizadi mengatakan revisi Unda,anggota DPR RUU ITE acu keputusan MAKA anggota komisi i DPR RI bobby adhityo rizadi kata revisi unda,DPR member ITE Bill refers to decision MAKA member of commission i DPR RI bobby adhityo rizadi says unda revision
1567,2016-09-10T12:33:07.000Z,Anggota DPR RUU ITE mengacu putusan MK Indonesia,anggota DPR RUU ITE acu keputusan MAKA indonesia,DPR members on the ITE Bill refer to Indonesia's MAKA decision
1568,2016-09-10T12:32:48.000Z,Anggota DPR RUU ITE mengacu putusan MK Politik,anggota DPR RUU ITE acu keputusan MAKA politik,DPR members on the ITE Bill refer to political MAKA decisions
1569,2016-09-10T12:32:44.000Z,Anggota DPR RUU ITE mengacu putusan MK politik,anggota DPR RUU ITE acu keputusan MAKA politik,DPR members on the ITE Bill refer to political MAKA decisions
1570,2016-09-10T12:24:34.000Z,Anggota DPR RUU ITE mengacu putusan MK via antaranews,anggota DPR RUU ITE acu keputusan MAKA via antaranews,DPR members on the ITE Bill refer to MAKA's decision via Antaranews
1571,2016-09-10T12:24:31.000Z,Anggota DPR RUU ITE mengacu putusan MK Style Manado,anggota DPR RUU ITE acu keputusan MAKA style manado,DPR members on ITE Bill refer to Manado style MAKA decision
1572,2016-09-10T12:23:57.000Z,Anggota DPR RUU ITE mengacu putusan MK Anggota Komisi I DPR RI Bobby Adhityo Rizadi mengatakan revisi U RT,anggota DPR RUU ITE acu keputusan MAKA anggota komisi i DPR RI bobby adhityo rizadi kata revisi kamu RT,DPR member ITE Bill refers to decision THEN member of commission i DPR RI bobby adhityo rizadi says your revision RT
1573,2016-09-10T12:16:16.000Z,Antara Anggota DPR RUU ITE mengacu putusan MK,antara anggota DPR RUU ITE acu keputusan MAKA,between DPR members the ITE Bill refers to the MAKA decision
1574,2016-09-10T12:16:10.000Z,Anggota DPR RUU ITE mengacu putusan MK Anggota Komisi I DPR RI Bobby Adhityo Rizadi mengatakan Antara News,anggota DPR RUU ITE acu keputusan MAKA anggota komisi i DPR RI bobby adhityo rizadi kata antara news,Member of the DPR on the ITE Bill refers to the decision of MAKA member of Commission I DPR RI Bobby Adhityo Rizadi said Antara news
1575,2016-09-10T12:08:16.000Z,Anggota DPR RUU ITE mengacu putusan MK Bandar Lampung Lampung,anggota DPR RUU ITE acu keputusan MAKA bandar lampung lampung,Members of the DPR on the ITE Bill refer to the MAKA Bandar Lampung Lampung decision
1576,2016-09-10T12:07:31.000Z,Anggota DPR RUU ITE mengacu putusan MK loperkoran,anggota DPR RUU ITE acu keputusan MAKA loperkoran,Members of the DPR on the ITE Bill refer to MAKA's decision to deliver newspapers
1577,2016-09-10T12:06:14.000Z,Anggota DPR RUU ITE mengacu putusan MK Anggota Komisi I DPR RI Bobby Adhityo Rizadi mengatakan revisi,anggota DPR RUU ITE acu keputusan MAKA anggota komisi i DPR RI bobby adhityo rizadi kata revisi,"Member of the DPR on the ITE Bill refers to the decision of the member of Commission I DPR RI, Bobby Adhityo Rizadi, to say revision"
1578,2016-09-09T15:42:22.000Z,Ratusan Anggota DPR Pilih Tak Hadir Saat Paripurna Pengesahan Kepala BIN,ratus anggota DPR pilih tak hadir saat paripurna pengesahan kepala BIN,Hundreds of DPR members chose not to attend the plenary session to ratify the head of BIN
1579,2016-09-09T14:03:59.000Z,Rapat Paripurna Istimewa Listrik Padam Wakil Rakyat Geram lewat,rapat paripurna istimewa listrik padam wakil rakyat geram lewat,"In a special plenary session, the power went out, the people's representatives were furious and passed by"
1580,2016-09-09T13:20:43.000Z,Panja RUU Jasa Konstruksi Komisi V Dewan Perwakilan Rakyat DPR RI bersama Kementerian Pekerjaan Umum dan Pe,panja RUU jasa konstruksi komisi v dewan wakil rakyat DPR RI sama menteri kerja umum dan pe,working committee on the construction services bill commission v the House of Representatives DPR RI with the Minister of Public Works and PE
1581,2016-09-09T08:50:07.000Z,Selamat atas disetujuinya Budi Gunawan sebagai Kepala BIN menggantikan Sutiyoso dalam Rapat Paripurna DPR,selamat atas tuju budi gunawan bagai kepala BIN ganti sutiyoso dalam rapat paripurna DPR,Congratulations on Budi Gunawan's appointment as head of BIN replacing Sutiyoso in the DPR plenary session
1582,2016-09-09T08:48:42.000Z,Hasil keputusan Rapat Paripurna DPR mengenai calon Kepala BIN akan diserahkan langsung ke Presiden Jokowi,hasil keputusan rapat paripurna DPR kena calon kepala BIN akan serah langsung ke presiden jokowi,The results of the DPR plenary meeting's decision regarding the candidate for head of BIN will be handed over directly to President Jokowi
1583,2016-09-09T08:46:41.000Z,Rapat Paripurna DPR Ke Masa Persidangan I Tahun Sidang menyetujui Budi Gunawan sebagai Kepala BIN,rapat paripurna DPR ke masa sidang i tahun sidang tuju budi gunawan bagai kepala BIN,the DPR plenary session to the first session of the session year led to Budi Gunawan as head of BIN
1584,2016-09-09T07:08:27.000Z,RT SindotrijayaFM Komisi DPR_RI targetkan akan menyelesaikan RUU Masa Jabatan Hakim menjadi Undang Undang dlm masa periode persidangan t,RT sindotrijayafm komisi DPR_RI target akan selesai RUU masa jabatan hakim jadi undang undang dalam masa periode sidang t,RT sindotrijayafm commission DPR_RI targets to complete the Bill on judges' terms of office into law within the session period t
1585,2016-09-09T02:29:31.000Z,Serempak Seluruh Anggota Dewan Setujui RUU Ketenagakerjaan Maritim,serempak seluruh anggota dewan tuju RUU ketenagakerjaan maritim,"In unison, all members of the council aimed at the maritime employment bill"
1586,2016-09-09T00:17:32.000Z,anggota banyak reses gak jelas,anggota banyak reses tidak jelas,members of many recesses are unclear
1587,2016-09-09T00:15:54.000Z,Hari Hari Sepi Rapat Paripurna DPR Berlanjut,hari hari sepi rapat paripurna DPR lanjut,"The day is quiet, the DPR plenary session continues"
1588,2016-09-08T21:35:03.000Z,nggota Komisi XI DPR RI dari Fraksi PKS Junaidi Auly menegaskan bahwa sikap PKS dalam kebijakan Pengampunan Pajak,nggota komisi XI DPR RI dari partai PKS junaidi auly tegas bahwa sikap PKS dalam kebijakan ampun pajak,Member of Commission
1589,2016-09-08T16:29:21.000Z,Semoga juga dalam waktu yang tidak lama lagi semua instansi pemerintah terkait dan dpr serempak untuk ratifikasi,moga juga dalam waktu yang tidak lama lagi semua instansi pemerintah kait dan dpr serempak untuk ratifikasi,Hopefully in the not too distant future all government agencies and the DPR will agree to ratify it
1590,2016-09-08T13:18:38.000Z,BeritaNaker Serempak Seluruh Anggota Dewan Setujui RUU Ketenagakerjaan Maritim via cc,beritanaker serempak seluruh anggota dewan tuju RUU ketenagakerjaan maritim via cc,Beritanaker simultaneously all members of the council aim for the maritime employment bill via cc
1591,2016-09-08T10:50:54.000Z,Indonesia telah menyetujui RUU tentang ketenagakerjaan maritim Maritime Labour Convention BKI,indonesia telah tuju RUU tentang ketenagakerjaan maritim maritime labour convention BKI,Indonesia has adopted a bill on maritime labor maritime labor convention BKI
1592,2016-09-08T09:04:04.000Z,DPR Setujui RUU Ketenagakerjaan Maritim Jadi Undang Undang,DPR tuju RUU ketenagakerjaan maritim jadi undang undang,DPR aims for the maritime employment bill to become law
1593,2016-09-08T08:53:32.000Z,Indonesia has approved law on maritime labour Maritime Labour Convention BKI,indonesia has approved law on maritime labour maritime labour convention BKI,Indonesia has approved law on maritime labor maritime labor convention BKI
1594,2016-09-08T08:47:45.000Z,LangkahHT DPR Sahkan RUU Konvensi Ketenagakerjaan Maritim Dewan Perwakilan Rakyat mengesahkan rancangan und,langkahht DPR sahkan RUU konvensi ketenagakerjaan maritim dewan wakil rakyat pengesahan rancangan und,steps taken by the DPR to ratify the Maritime Labor Convention Bill. The House of Representatives ratifies the draft UN
1595,2016-09-08T08:33:13.000Z,Paripurna DPR Sahkan RUU Ketenagakerjaan Maritim Ditandai persetujuan seluruh fraksi DPR Anggota DPR secar,paripurna DPR sahkan RUU ketenagakerjaan maritim tanda tuju seluruh partai DPR anggota DPR secar,"The DPR plenary ratifies the maritime employment bill, a sign that all DPR parties, members of the DPR, are directed"
1596,2016-09-08T08:29:36.000Z,DPR Sahkan RUU Konvensi Ketenagakerjaan Maritim Dewan Perwakilan Rakyat mengesah dkrinkz,DPR sahkan RUU konvensi ketenagakerjaan maritim dewan wakil rakyat pengesahan dkrinkz,"The DPR ratifies the Maritime Labor Convention Bill, the House of Representatives ratifies DKrinkz"
1597,2016-09-08T08:26:39.000Z,VenzTime Dewan Perwakilan Rakyat mengesahkan rancangan undang undang tentang Konvensi Ketenagakerjaan Maritim,venztime dewan wakil rakyat pengesahan rancangan undang undang tentang konvensi ketenagakerjaan maritim,Venztime the House of Representatives ratified the draft law on the Maritime Labor Convention
1598,2016-09-08T08:07:58.000Z,Pansus RUU Pemberantasan Tindak Pidana Terorisme RDPU dengan Kemenkeu Kemenkes dan PPATK DPRLive,pansus RUU berantas tindakan pidana terorisme RDPU dengan kemenkeu kemenkes dan PPATK dprlive,"special committee on the bill to eradicate criminal acts of terrorism RDPU with the Ministry of Finance, Ministry of Health and PPATK DPRlive"
1599,2016-09-08T07:53:38.000Z,Resmi! RUU Ketenagakerjaan Maritim Disahkan di Paripurna Berita_Seputar_DPR_RI Nasional,resmi ! RUU ketenagakerjaan maritim sah di paripurna berita_seputar_dpr_ri nasional,official! The maritime employment bill was legalized at the national Berita_seputar_DPR_RI plenary session
1600,2016-09-08T07:31:08.000Z,BreakingNews Pimpinan DPR Minta Presiden Jokowi Segera Lantik Budi Gunawan Semua wakil rakyat yang hadir dalam rapat paripurna followMe,breakingnews kepemimpinan DPR minta presiden jokowi segera lantik budi gunawan semua wakil rakyat yang hadir dalam rapat paripurna followme,breakingnews DPR leadership asks President Jokowi to immediately inaugurate Budi Gunawan all the people's representatives who attended the plenary meeting followme
1601,2016-09-08T07:21:58.000Z,Serempak Seluruh Anggota Dewan Setujui RUU Ketenagakerjaan Maritim RUU tentang infoTribun,serempak seluruh anggota dewan tuju RUU ketenagakerjaan maritim RUU tentang infotribun,"in unison, all members of the council aimed at the maritime employment bill, the bill regarding infotribun"
1602,2016-09-08T07:17:12.000Z,Inilah Hasil Rapat Paripurna Pengangkatan Budi Gunawan Jadi Kepala BIN,ini hasil rapat paripurna angkat budi gunawan jadi kepala BIN,This is the result of the plenary meeting appointing Budi Gunawan as head of BIN
1603,2016-09-08T07:04:19.000Z,Selamat atas disetujuinya Budi Gunawan sebagai Kepala Badan Intelijen Negara BIN dalam Rapat Paripurna DPR,selamat atas tuju budi gunawan bagai kepala badan intelijen negara BIN dalam rapat paripurna DPR,Congratulations on Budi Gunawan's appointment as head of the state intelligence agency BIN in the DPR plenary session
1604,2016-09-08T07:01:50.000Z,Rapat Paripurna DPR Ke MP I TS menyetujui Budi Gunawan sebagai Kepala Badan Intelijen Negara BIN,rapat paripurna DPR ke MP i TS tuju budi gunawan bagai kepala badan intelijen negara BIN,DPR plenary meeting to MP i TS addressed Budi Gunawan as head of the state intelligence agency BIN
1605,2016-09-08T06:36:21.000Z,Menaker Hanif Dhakiri sampaikan Pendapat Akhir Pemerintah atas RUU Konvensi Ketenagakerjaan Maritim,menaker hanif dhakiri sampai dapat akhir pemerintah atas RUU konvensi ketenagakerjaan maritim,Minister of Manpower Hanif Dhakiri until the government gets the final say on the Maritime Labor Convention Bill
1606,2016-09-08T06:27:37.000Z,Rapat Paripurna DPR Ke menyetujui RUU Konvensi Ketenagakerjaan Maritim menjadi Undang Undang,rapat paripurna DPR ke tuju RUU konvensi ketenagakerjaan maritim jadi undang undang,plenary session of the DPR to ensure that the maritime labor convention bill becomes law
1607,2016-09-08T06:13:02.000Z,Rapat Paripurna DPR RI Setujui Budi Gunawan Jadi Calon Kepala BIN,rapat paripurna DPR RI tuju budi gunawan jadi calon kepala BIN,The plenary meeting of the DPR RI aimed at Budi Gunawan as a candidate for head of BIN
1608,2016-09-08T06:09:38.000Z,Komisi IX DPR telah melaksanakan RDPU RDP raker untuk membahas RUU Maritime Labour Convention,komisi IX DPR telah laksana RDPU RDP raker untuk bahas RUU maritime labour convention,DPR Commission IX has held an RDPU RDP working meeting to discuss the maritime labor convention bill
1609,2016-09-08T06:09:20.000Z,Rapat Bamus pada tanggal Mei memutuskan untuk menyetujui pembahasan RUU Maritime Labour Convention oleh Komisi IX DPR,rapat bamus pada tanggal mei keputusan untuk tuju bahas RUU maritime labour convention oleh komisi IX DPR,The Bamus meeting on May decided to discuss the Maritime Labor Convention Bill by Commission IX of the DPR
1610,2016-09-08T06:09:09.000Z,Pembahasan RUU Maritime Labour Convention berdasarkan Surat Presiden RI pada Ketua DPR dengan nomor R Pres April,bahas RUU maritime labour convention dasar surat presiden RI pada ketua DPR dengan nomor r pres april,discuss the maritime labor convention bill based on the letter from the President of the Republic of Indonesia to the chairman of the DPR with number R Pres April
1611,2016-09-08T06:08:55.000Z,Rapat Paripurna DPR Ke mengagendakan Pengambilan Keputusan Pembicaraan Tk II RUU Maritime Labour Convention menjadi Undang Undang,rapat paripurna DPR ke agenda ambil keputusan bicara tak II RUU maritime labour convention jadi undang undang,DPR plenary meeting to take decision on the agenda to discuss No. II. The maritime labor convention bill becomes law
1612,2016-09-08T06:08:44.000Z,Ketua Komisi IX DPR Dede Yusuf menyampaikan Laporan Komisi IX DPR terhadap RUU Maritime Labour Convention,ketua komisi IX DPR adek yusuf sampai lapor komisi IX DPR hadap RUU maritime labour convention,"Chairman of Commission IX of the DPR, Adek Yusuf, has reported to Commission IX of the DPR regarding the Maritime Labor Convention Bill"
1613,2016-09-08T06:07:23.000Z,Agenda ke Paripurna DPR Laporan Komisi IX terhadap hasil Pembicaraan Tk I RUU Maritime Labour Convention,agenda ke paripurna DPR lapor komisi IX hadap hasil bicara tak i RUU maritime labour convention,agenda for the DPR plenary session to report to Commission IX regarding the results of the discussion on the Maritime Labor Convention Bill
1614,2016-09-08T06:01:13.000Z,BI sudah menyelesaikan draf RUU Redenominasi Rupiah dan akan menyerahkan ke Dewan Perwakilan Rakyat,BI sudah selesai draf RUU redenominasi rupiah dan akan serah ke dewan wakil rakyat,BI has completed the draft of the rupiah redenomination bill and will submit it to the people's representative council
1615,2016-09-08T05:50:29.000Z,Menaker berbincang dg Pimpinan DPR dan Jenderal Budi Gunawan sebelum Rapat Paripurna DPR RI,menaker bincang dengan kepemimpinan DPR dan jenderal budi gunawan belum rapat paripurna DPR RI,The Minister of Manpower spoke with the leadership of the DPR and General Budi Gunawan before the DPR RI plenary meeting
1616,2016-09-08T05:46:46.000Z,saham DPR setujui Budi Gunawan pimpin BIN Rapat Paripurna DPR RI menyetujui Budi Gunawan menjadi Kepala BIN,saham DPR tuju budi gunawan kepemimpinan BIN rapat paripurna DPR RI tuju budi gunawan jadi kepala BIN,"DPR shares are aimed at Budi Gunawan, leadership of BIN. DPR RI plenary meeting is aimed at Budi Gunawan as head of BIN"
1617,2016-09-08T05:46:01.000Z,Menaker sampaikan pendapat akhir pemerintah ttg Pengesahan Maritime Labour Cenvention,menaker sampai dapat akhir pemerintah tentang pengesahan maritime labour cenvention,Minister of Manpower until the government gets the final say on ratifying the maritime labor convention
1618,2016-09-08T05:44:22.000Z,Rapat Paripurna DPR RI Ke Masa Persidangan I Tahun Sidang Kamis September,rapat paripurna DPR RI ke masa sidang i tahun sidang kamis september,"DPR RI plenary meeting for the first session of the session year, Thursday September"
1619,2016-09-08T05:28:20.000Z,DPR setujui Budi Gunawan pimpin BIN Rapat Paripurna DPR RI menyetujui Budi Gunawan menjadi Kepala BIN yang,DPR tuju budi gunawan kepemimpinan BIN rapat paripurna DPR RI tuju budi gunawan jadi kepala BIN yang,DPR appoints Budi Gunawan as chairman of BIN. DPR RI plenary meeting appoints Budi Gunawan as head of BIN
1620,2016-09-08T05:13:43.000Z,Canda Menaker dg CaKabin jelang Pengesahan Maritime Labour Convention di Paripurna,canda menaker dengan cakabin jelang pengesahan maritime labour convention di paripurna,Menaker joked with Cakabin ahead of the ratification of the Maritime Labor Convention at the plenary session
1621,2016-09-08T04:43:34.000Z,Paripurna Bahas Kepala BIN Anggota DPR Tak Hadir DPR menggelar rapat paripurna untuk mengesahkan perti,paripurna bahas kepala BIN anggota DPR tak hadir DPR gelar rapat paripurna untuk pengesahan perti,"plenary discussion, head of BIN, members of the DPR were not present. The DPR held a plenary meeting to ratify the legislation"
1622,2016-09-08T04:34:10.000Z,Pengesahan Bapak Budi Gunawan sebagai Kepala BIN dalam rapat paripurna DPR RI,pengesahan bapak budi gunawan bagai kepala BIN dalam rapat paripurna DPR RI,ratification of Mr. Budi Gunawan as head of BIN in the plenary session of the DPR RI
1623,2016-09-08T04:31:30.000Z,Paripurna Bahas Kepala BIN Anggota DPR Tak Hadir DPR menggelar rapat paripurna untuk mengesahkan pertim,paripurna bahas kepala BIN anggota DPR tak hadir DPR gelar rapat paripurna untuk pengesahan tim,"plenary discussion, head of BIN, members of the DPR were not present. The DPR held a plenary meeting to ratify the team"
1624,2016-09-08T04:31:01.000Z,Pengesahan Komjen Budi Gunawan menjadi kepala BIN pada rapat Paripurna DPR RI yang ke ifakta,pengesahan komjen budi gunawan jadi kepala BIN pada rapat paripurna DPR RI yang ke ifakta,ratification of Commissioner General Budi Gunawan as head of BIN at the actual plenary session of the DPR RI
1625,2016-09-08T04:29:57.000Z,DPR menggelar rapat paripurna untuk mengesahkan pertimbangan terkait calon Kepala BIN Ratusan anggota DPR tidak hadir di paripurna k,DPR gelar rapat paripurna untuk pengesahan timbang kait calon kepala BIN ratus anggota DPR tidak hadir di paripurna ke,The DPR held a plenary meeting to ratify the weigh-in for the candidate for head of BIN. Hundreds of DPR members were not present at the plenary session
1626,2016-09-08T04:18:06.000Z,Detiknews Paripurna Bahas Kepala BIN Anggota DPR Tak Hadir DPR menggelar rapat paripurna untuk mengesah,detiknews paripurna bahas kepala BIN anggota DPR tak hadir DPR gelar rapat paripurna untuk pengesahan,"detiknews plenary session discussing the head of BIN, members of the DPR who were not present. The DPR held a plenary meeting for ratification"
1627,2016-09-08T04:17:58.000Z,Paripurna Bahas Kepala BIN Anggota DPR Tak Hadir DPR menggelar rapat paripurna untuk mengesah Detikcom,paripurna bahas kepala BIN anggota DPR tak hadir DPR gelar rapat paripurna untuk pengesahan detikcom,"plenary discussion, head of BIN, DPR members not present. DPR holds plenary meeting to ratify detikcom"
1628,2016-09-08T04:17:23.000Z,Rapat Paripurna DPR menyetujui Budi Gunawan sebagai Kepala Badan Intelijen Negara BIN ParipurnaLive,rapat paripurna DPR tuju budi gunawan bagai kepala badan intelijen negara BIN paripurnalive,The DPR plenary session addressed Budi Gunawan as head of the state intelligence agency BIN plenary session
1629,2016-09-08T04:01:28.000Z,Rapat Paripurna DPR Ke Masa Persidangan I TS dipimpin Wakil Ketua DPR Taufik kurniawan ParipurnaLive,rapat paripurna DPR ke masa sidang i TS kepemimpinan wakil ketua DPR taufik kurniawan paripurnalive,DPR plenary meeting to session period i TS leadership of DPR deputy chairman Taufik Kurniawan plenary session
1630,2016-09-08T03:53:58.000Z,Selamat siang saat ini tengah berlangsung Rapat Paripurna tweeps,selamat siang saat ini tengah langsung rapat paripurna tweeps,"good afternoon, we are currently in the middle of a plenary session tweeps"
1631,2016-09-08T03:50:09.000Z,paripurna dede y jabar Persetujuan rapat paripurna adalah bukti nyata dpr ri peduli terhadap tenaga kerja maritim,paripurna adek ya jabar tuju rapat paripurna adalah bukti nyata dpr ri peduli hadap tenaga kerja maritim,"West Java's plenary session, the aim of the plenary meeting is clear proof that the Republic of Indonesia's DPR cares about the maritime workforce"
1632,2016-09-08T03:42:30.000Z,Inilah di balik bagusnya pemberitaan saat rapat paripurna di DPR RI Gedung DPR MPR DPD RI,ini di balik bagus berita saat rapat paripurna di DPR RI gedung DPR MPR DPD RI,This is behind the good news during the plenary session at the DPR RI DPR MPR DPD RI building
1633,2016-09-08T03:34:51.000Z,Budi Gunawan tiba di Gedung DPR untuk menghadiri rapat paripurna pengesahan hasil fit and proper test dirinya,budi gunawan tiba di gedung DPR untuk hadir rapat paripurna pengesahan hasil fit and proper test diri,Budi Gunawan arrived at the DPR building to attend the plenary session to ratify the results of the fit and proper test
1634,2016-09-08T03:14:57.000Z,Budi Gunawan tiba di Gedung DPR untuk menghadiri rapat paripurna pengesahan hasil fit and proper test dirinya menjadi Kepala Badan In,budi gunawan tiba di gedung DPR untuk hadir rapat paripurna pengesahan hasil fit and proper test diri jadi kepala badan ini,Budi Gunawan arrived at the DPR building to attend the plenary session to ratify the results of his fit and proper test to become head of this body
1635,2016-09-08T02:13:46.000Z,Bank Indonesia BI mengapresiasi putusan pengesahan asumsi makro RAPBN antara Komisi XI DPR RI dengan p,bank indonesia BI apresiasi keputusan pengesahan asumsi makro RAPBN antara komisi XI DPR RI dengan p,Bank Indonesia BI appreciates the decision to ratify the macro assumptions of the RAPBN between Commission XI DPR RI and p
1636,2016-09-08T01:50:01.000Z,Agenda DPR Kamis Pukul WIB Pansus RUU Pemberantasan Tindak Pidana Terorisme dengan Kemenkeu Kemenkes agendaDPR,agenda DPR kamis pukul WIB pansus RUU berantas tindakan pidana terorisme dengan kemenkeu kemenkes agendadpr,DPR agenda Thursday at WIB special committee on the bill to eradicate criminal acts of terrorism with the Ministry of Finance Ministry of Health DPR agenda
1637,2016-09-07T18:22:56.000Z,Saya menambahkan video ke daftar putar Kegiatan Reses DPR RI Basuki Purnama Ahok,saya tambah video ke daftar putar giat reses DPR RI basuki purnama ahok,"I added the video to the DPR RI recess active playlist, Basuki Purma Ahok"
1638,2016-09-07T14:37:04.000Z,Komisi XI Usulkan Pertumbuhan Ekonomi Komisi XI DPR RI akhirnya memulai rapat pengesahan asumsi m,komisi XI usul tumbuh ekonomi komisi XI DPR RI akhir mulai rapat pengesahan asumsi sama,Commission XI proposes economic growth. Commission
1639,2016-09-07T14:17:49.000Z,menunggu hak tanah yg th terbelenggu oleh kebijakan pemkab,tunggu hak tanah yang tahu belenggu oleh kebijakan pemkab,Wait for land rights which are known to be shackled by district government policy
1640,2016-09-07T13:29:34.000Z,makanya Progress Revolusi Mental tak akan berjalan baik tanpa Kebijakan Tegas Jkw Jk,makanya progress revolusi mental tak akan jalan baik tanpa kebijakan tegas jkw jika,That's why the progress of the mental revolution will not go well without a firm policy if JKW
1641,2016-09-07T13:22:42.000Z,Komisi III DPR Siap Ajukan RUU Jabatan Hakim ke Paripurna DPR,komisi II DPR siap aju RUU jabatan hakim ke paripurna DPR,DPR Commission II is ready to submit a bill on the position of judges to the DPR plenary session
1642,2016-09-07T11:14:45.000Z,DPR Penurunan Tarif Interkoneksi Untungkan Operator Swasta Dewan Perwakilan Rakyat DPR menilai kebijakan,DPR turun tarif interkoneksi untung operator swasta dewan wakil rakyat DPR nilai kebijakan,"DPR lowers interconnection tariffs, profits from private operators, DPR's people's representative council values ​​policy"
1643,2016-09-07T10:12:28.000Z,tentunya perlu langkah kebijakan yg tepat bagi Pemerintahan yg baru u memperbaikinya,tentu perlu langkah kebijakan yang tepat bagi pemerintah yang baru kamu baik,"Of course, appropriate policy steps are needed for your new government"
1644,2016-09-07T10:05:21.000Z,ingat peran IMF BD pd thn atas kebijakan liquidasi bank di Indonesia???,ingat peran IMF BD pada tahun atas kebijakan liquidasi bank di indonesia ? ?,Remember the role of the IMF BD in Indonesia's bank liquidation policy? ?
1645,2016-09-07T10:02:59.000Z,SejarahIMF_BD melalui kebijakan ekonomi fiskal moneter implasi devaluasi IDR,sejarahimf_bd lalu kebijakan ekonomi fiskal moneter implasi devaluasi IDR,historyimf_bd then monetary fiscal economic policy implications of IDR devaluation
1646,2016-09-07T09:51:36.000Z,RUU Maritime Labour Convention akan berikan perlindungan hak hak ketenagakerjaannya di luar negeri,RUU maritime labour convention akan ikan lindung hak hak ketenagakerjaannya di luar negeri,The maritime labor convention bill will protect employment rights abroad
1647,2016-09-07T09:00:17.000Z,bahas RUU Penghapusan Kekerasan Seksual dgn Wakil ketua via,bahas RUU hapus keras seksual dengan wakil ketua via,discuss the bill to eliminate sexual violence with the deputy chairman via
1648,2016-09-07T08:10:15.000Z,Kemdikbud Dan DPR RI Godok RUU Kebudayaan untuk mengelola pelestarian kebudayaan,kemdikbud dan DPR RI godok RUU budaya untuk kelola lestari budaya,The Ministry of Education and Culture and the DPR RI are working on a culture bill for sustainable management of culture
1649,2016-09-07T07:42:38.000Z,Pembentukan RUU Jabatan Hakim sebagai tindak lanjut putusan MK Nomor PUU XII PUU XII DPRLive,bentuk RUU jabatan hakim bagai tindakan lanjut keputusan MAKA nomor PUU XII PUU XII dprlive,the form of the Bill on the position of judge as a follow-up to the decision of MAKA number PUU XII PUU XII dprlive
1650,2016-09-06T08:10:58.000Z,Anggota Baleg DPR Taufiqulhadi RUU Pertembakauan Melindungi Petani Lokal,anggota baleg DPR taufiqulhadi RUU tembakau lindung tani lokal,"Member of the DPR Baleg, Taufiqulhadi, on the tobacco bill to protect local farmers"
1651,2016-09-06T07:38:42.000Z,Forum Legislasi di Media Center DPR RI dengan tema Tarik Ulur RUU Larangan Minuman Beralkohol DPRLive,forum legislasi di media center DPR RI dengan tema tarik ulur RUU larang minum alkohol dprlive,"legislative forum at the DPR RI media center with the theme of the tug-of-war on the bill prohibiting drinking alcohol, dprlive"
1652,2016-09-06T07:37:27.000Z,Komisi V DPR Rapat Kerja dengan Menteri Pekerjaan Umum dan Perumahan Rakyat membahas RUU tentang Arsitek DPRLive,komisi v DPR rapat kerja dengan menteri kerja umum dan rumah rakyat bahas RUU tentang arsitek dprlive,commission v DPR working meeting with the minister of public works and the people's house to discuss the bill regarding dprlive architects
1653,2016-09-06T07:28:58.000Z,Kemdikbud Sambut Baik Inisiatif RUU Kebudayaan Kemdikbud menyambut baik inisiatif DPR RI mengenai pembahasan,kemdikbud sambut baik inisiatif RUU budaya kemdikbud sambut baik inisiatif DPR RI kena bahas,Ministry of Education and Culture welcomes cultural bill initiative Ministry of Education and Culture welcomes DPR RI initiative to be discussed
1654,2016-09-06T07:27:51.000Z,Wakil Ketua DPR menerima audiensi terkait RUU Penghapusan Kekerasan Seksual DPRLive,wakil ketua DPR terima audiensi kait RUU hapus keras seksual dprlive,"Deputy Speaker of the DPR receives an audience regarding the bill to eliminate sexual violence, DPRlive"
1655,2016-09-06T07:12:32.000Z,Kemdikbud menyambut baik inisiatif DPR RI mengenai pembahasan RUU Kebudayaan,kemdikbud sambut baik inisiatif DPR RI kena bahas RUU budaya,The Ministry of Education and Culture welcomes the DPR RI's initiative to discuss the culture bill
1656,2016-09-06T06:18:49.000Z,Mari kita dukung dorong kebijakan pemerintah pusat yg mau melanjutkan proyek reklamasi pulau G clk,mari kita dukungan dorong kebijakan pemerintah pusat yang mau lanjut proyek reklamasi pulau tidak clk,Let's support the central government's policy of continuing the island reclamation project without CLK
1657,2016-09-06T05:31:30.000Z,RAPAT PARIPURNA KE DAN KE MASA PERSIDANGAN III TAHUN Dewan Perwakilan Rakyat Daerah DPRD senin,RAPAT PARIPURNA KE DAN KE MASA SIDANG II TAHUN dewan wakil rakyat daerah DPRD senin,plenary meeting to and from the second session of the DPRD regional people's representatives Monday
1658,2016-09-06T05:25:49.000Z,JAKARTA Hari ini Selasa Dewan Perwakilan Rakyat Republik Indonesia menggelar rapat paripurna Ke,JAKARTA hari ini selasa dewan wakil rakyat republik indonesia gelar rapat paripurna ke,"JAKARTA, today, Tuesday, the Council of People's Representatives of the Republic of Indonesia held its plenary meeting"
1659,2016-09-06T04:53:01.000Z,Paripurna Bahas Kepala BIN Molor Jam Anggota DPR Tak Hadir Rapat paripurna DPR yang akan membacakan s,paripurna bahas kepala BIN molor jam anggota DPR tak hadir rapat paripurna DPR yang akan baca si,plenary session discussing the head of BIN was delayed by the time DPR members did not attend the DPR plenary meeting which was to read si
1660,2016-09-06T04:48:32.000Z,Paripurna Bahas Kepala BIN Molor Jam Anggota DPR Tak Hadir Rapat paripurna DPR yang akan memba,paripurna bahas kepala BIN molor jam anggota DPR tak hadir rapat paripurna DPR yang akan memba,plenary session discussing the head of BIN was delayed when members of the DPR did not attend the plenary meeting of the DPR which was to take place
1661,2016-09-06T04:36:45.000Z,Rapat paripurna DPR yang akan membacakan surat pengajuan nama Komjen Budi Gunawan sebagai Kepala BIN molor,rapat paripurna DPR yang akan baca surat aju nama komjen budi gunawan bagai kepala BIN molor,The DPR plenary meeting which will read the letter submitting the name of Commissioner General Budi Gunawan as the head of BIN has been delayed
1662,2016-09-06T04:32:20.000Z,Paripurna Bahas Kepala BIN Molor Jam Anggota DPR Tak Hadir Rapat paripurna DPR yang akan memb tzetta,paripurna bahas kepala BIN molor jam anggota DPR tak hadir rapat paripurna DPR yang akan memb tzetta,The plenary session discussed that the head of BIN was delayed by the time DPR members did not attend the DPR plenary meeting which was to hold the tzetta
1663,2016-09-06T04:11:38.000Z,Memimpin Rapat Paripurna ke DPR RI Masa Persidangan I tahun sidang bersama pak,kepemimpinan rapat paripurna ke DPR RI masa sidang i tahun sidang sama pak,"leadership of the plenary session of the DPR RI during the first session of the same session, sir"
1664,2016-09-06T04:06:30.000Z,LANGSUNG di Periscope Rapat Paripurna DPR Ke Masa Persidangan I TS ParipurnaLive,LANGSUNG di periscope rapat paripurna DPR ke masa sidang i TS paripurnalive,LIVE on the periscope of the DPR plenary session to the i TS plenary session period live
1665,2016-09-06T03:59:16.000Z,Rapat Paripurna DPR Ke Masa Persidangan I TS dipimpin Wakil Ketua DPR Taufik Kurniawan ParipurnaLive,rapat paripurna DPR ke masa sidang i TS kepemimpinan wakil ketua DPR taufik kurniawan paripurnalive,DPR plenary meeting to session period i TS leadership of DPR deputy chairman Taufik Kurniawan plenary session
1666,2016-09-06T03:51:26.000Z,liputan rapat paripurna with Suja Widya and dika at Gedung Nusantara Paripurna DPR RI DPD RI pic,liput rapat paripurna with suja widya and dika at gedung nusantara paripurna DPR RI DPD RI pic,cover the plenary meeting with suja widya and dika at the nusantara building plenary session DPR RI DPD RI pic
1667,2016-09-06T02:04:31.000Z,Agenda DPR Selasa Pukul WIB Komisi V Rapat Panja RUU Arsitek agendaDPR,agenda DPR selasa pukul WIB komisi v rapat panja RUU arsitek agendadpr,"DPR agenda, Tuesday at WIB, commission v working committee meeting, draft agenda, DPR agenda"
1668,2016-09-06T01:56:40.000Z,Agenda DPR Selasa Pukul WIB Rapat Paripurna DPR Ke Masa Persidangan I Tahun Sidang agendaDPR,agenda DPR selasa pukul WIB rapat paripurna DPR ke masa sidang i tahun sidang agendadpr,"DPR agenda, Tuesday at WIB, DPR plenary meeting for the first session of the year, DPR agenda session"
1669,2016-09-06T01:47:22.000Z,OnaiNews Anggota DPR Tarif Interkoneksi Harus Adil dan Transparan Kebijakan penurunan read more,onainews anggota DPR tarif interkoneksi harus adil dan transparan kebijakan turun read more,onainews DPR members interconnection tariffs must be fair and transparent policy reduction read more
1670,2016-09-06T01:32:22.000Z,Anggota DPR Tarif Interkoneksi Harus Adil dan Transparan Kebijakan penurunan biaya interkoneksi jangan,anggota DPR tarif interkoneksi harus adil dan transparan kebijakan turun biaya interkoneksi jangan,"DPR members, interconnection rates must be fair and transparent. Don't reduce interconnection costs"
1671,2016-09-05T23:15:30.000Z,Salah satu membrantas korupsi adlh hukuman mati Berani bikin RUU korupsi hukum mati baru namanya presiden,salah satu membrantas korupsi adalah hukum mati berani bikin RUU korupsi hukum mati baru nama presiden,One way to eradicate corruption is the death penalty. Dare to draft a new death penalty corruption bill in the name of the president
1672,2016-09-05T16:50:45.000Z,Komisi IX DPR Sepakati RUU Maritime Labour Convention Komisi IX Dewan Perwakilan Rakyat Republik Indonesia,komisi IX DPR sepakat RUU maritime labour convention komisi IX dewan wakil rakyat republik indonesia,"Commission IX of the DPR agreed to the maritime labor convention bill, Commission IX of the House of Representatives of the Republic of Indonesia"
1673,2016-09-05T16:13:51.000Z,Kalo saya jadi anggota DPR saya akan bikin RUU kriminalisasi orang telefon di loudspeaker di atas jam sore,jika saya jadi anggota DPR saya akan bikin RUU kriminalisasi orang telefon di loudspeaker di atas jam sore,If I were a member of the DPR I would draft a bill to criminalize people making telephone calls on loudspeaker after afternoon hours
1674,2016-09-05T15:53:18.000Z,Pengamat Semoga Kebijakan ini membawa Indonesia bersih hebat bermartabat UU_Mou_JanjiPolitik,amat moga kebijakan ini bawa indonesia bersih hebat martabat uu_mou_janjipolitik,"I really hope this policy will bring Indonesia a clean, great dignity, Uu_mou_promisepolitik"
1675,2016-09-05T04:30:34.000Z,Baleg DPR Rapat Pleno RUU Jabatan Hakim DPRLive,baleg DPR rapat pleno RUU jabatan hakim dprlive,DPR baleg plenary meeting bill on judges' positions dprlive
1676,2016-09-05T04:26:03.000Z,Menaker Hadiri Raker Komisi IX Bahas TK I ttg Pengesahan Maritime Labour Convention,menaker hadir raker komisi IX bahas TAK i tentang pengesahan maritime labour convention,The Minister of Manpower was present at the Commission IX working meeting to discuss TAK I regarding the ratification of the Maritime Labor Convention
1677,2016-09-05T03:54:36.000Z,Komisi X DPR RDP dengan SMT Dikti Bappenas LPDP membahas kebijakan strategi dan program beasiswa DPRLive,komisi kali DPR RDP dengan SMT dikti bappenas LPDP bahas kebijakan strategi dan program beasiswa dprlive,DPR RDP commission with SMT Dikti Bappenas LPDP discuss strategic policies and dprlive scholarship program
1678,2016-09-05T01:40:07.000Z,Dalam Prolegnas RUU BUMN telah masuk dalam Prolegnas Draft yg dari pemerintah sedang di godok di komisi VI DPR RI,dalam prolegnas RUU BUMN telah masuk dalam prolegnas draft yang dari pemerintah sedang di godok di komisi VI DPR RI,"in the National Legislation Program, the BUMN Bill has been included in the National Legislation Draft which the government is currently discussing in Commission VI of the DPR RI"
1679,2016-09-04T09:07:18.000Z,Wakil Rakyat Jamin RUU Tembakau Bakal Menguntungkan Petani,wakil rakyat jamin RUU tembakau bakal untung tani,People's representatives guarantee that the tobacco bill will benefit farmers
1680,2016-09-03T18:12:54.000Z,Saat ini RUU Kebudayaan sedang dibahas di Komisi X DPR kita berharap RUU tersebut segera selesai HUTDPR,saat ini RUU budaya sedang bahas di komisi kali DPR kita harap RUU sebut segera selesai HUTDPR,Currently the culture bill is being discussed in the DPR commission. We hope that the bill will be completed as HUTDPR soon
1681,2016-09-03T17:31:53.000Z,btw gw masih netral tapi banyak orang belum tau kalau ahok dari jaman anggota dpr ri dah transparan dana reses dan aspirasi,btw saya masih netral tetapi banyak orang belum tau jika ahok dari jaman anggota dpr ri deh transparan dana reses dan aspirasi,"BTW, I'm still neutral, but many people don't know that Ahok, from the time he was a member of the Indonesian House of Representatives, was transparent about recess funds and aspirations."
1682,2016-09-03T12:31:52.000Z,RUU Penghapusan Kekerasan Seksual segera ke !,RUU hapus keras seksual segera ke !,Bill to abolish sexual violence immediately!
1683,2016-09-02T10:16:59.000Z,mhn kebijakan dpr dan presiden mengizinkan advokat utk dpt ikut partisipasi dlm segala perizinan dinegara ini Trims,mhn kebijakan dpr dan presiden izin advokat untuk dapat ikut partisipasi dalam segala izin negara ini terima kasih,It's the policy of the DPR and the President to allow advocates to participate in all state permits. Thank you
1684,2016-09-02T07:52:38.000Z,Apakah Wakil Rakyat DPRD DKI Tidak Bisa Melawan Kebijakan Yang Brutal Tersebut ???,apakah wakil rakyat DPRD DKI tidak dapat lawan kebijakan yang brutal sebut ? ?,Can't the DKI DPRD people's representatives oppose such brutal policies? ?
1685,2016-09-02T07:34:19.000Z,Diskusi Hanura Kegiatan usaha hulu dan hilir dalam RUU Migas fraksihanura dpr,diskusi hanura giat usaha hulu dan hilir dalam RUU migas fraksihanura dpr,discussion of Hanura's active upstream and downstream businesses in the DPR Fraction Hanura oil and gas bill
1686,2016-09-02T04:17:20.000Z,asik selfi aja pak akom mana ne kebijakan dpri,asik selfi saja pak akom mana ini kebijakan dpri,"Just take a selfie, sir, where is this DPR policy?"
1687,2016-09-01T23:17:54.000Z,Radio ANDIKA Pemerintah dan Dewan Perwakilan Rakyat tengah membahas revisi Undang Undang tentang Informasi,radio ANDIKA pemerintah dan dewan wakil rakyat tengah bahas revisi undang undang tentang informasi,"ANDIKA radio, the government and the people's representative council are discussing the revision of the law on information"
1688,2016-09-01T16:15:39.000Z,Tugas GeNAM selanjutnya bersama masyarakat mendesak untuk SEGERA men Sahkan RUU Larangan Minuman Beralkohol TahunGeNAM,tugas genam lanjut sama masyarakat desakan untuk SEGERA men sahkan RUU larang minum alkohol tahungenam,The task continues with the community's urge to IMMEDIATELY pass the bill banning alcohol in the sixth year
1689,2016-09-01T11:39:57.000Z,Poin Krusial Pembahasan Revisi UU ITE RUU ITE akan dibahas lebih lanjut oleh tim perumus Komisi I DPR RI,poin krusial bahas revisi UU ITE RUU ITE akan bahas lebih lanjut oleh tim rumus komisi i DPR RI,Crucial points discussing the revision of the ITE Law. The ITE Bill will be discussed further by the DPR RI Commission I formula team
1690,2016-09-01T09:32:17.000Z,Fraksi PKS Dukung Percepatan Pembahasan RUU Kebidanan pada Tahun Jakarta Fraksi PKS DPR RI men,partai PKS dukungan cepat bahas RUU bidan pada tahun jakarta partai PKS DPR RI men,"The PKS party supports quickly discussing the midwife bill in Jakarta, the PKS party DPR RI men"
1691,2016-09-01T09:03:17.000Z,Rapat Dengar Pendapat Pansus RUU Tindak Pidana Terorisme dengan KAPOLRI,rapat dengar dapat pansus RUU tindakan pidana terorisme dengan KAPOLRI,hearing meeting held by the special committee on the bill on criminal acts of terrorism with the Indonesian National Police Chief
1692,2016-09-01T09:01:47.000Z,Rapat Dengar Pendapat Pansus RUU Tindak Pidana Terorisme dengan BIN,rapat dengar dapat pansus RUU tindakan pidana terorisme dengan BIN,hearing meeting held by the special committee on the bill on criminal acts of terrorism with BIN
1693,2016-09-01T08:45:31.000Z,kebijakan pmth dn dpr ri tdk boleh adopsi pmth AS dlm ks Guantanamo krn melanggar HAM,kebijakan pmth dan dpr ri tidak boleh adopsi pmth AS dalam ks guantanamo karena langgar HAM,PMTH policy and the Republic of Indonesia's DPR are not allowed to adopt the US PMTH in Guantanamo Hospital because it violates human rights
1694,2016-09-01T07:51:09.000Z,RUU Minol Dibahas Pekan Ini BeritaMiras via,RUU mol bahas pekan ini beritamiras via,Mole bill discussed this week Beritamiras via
1695,2016-08-31T14:27:40.000Z,Tunjangan CPNS Tenaga Kesehatan Tidak Dapat Dianggarkan DPR RI mendukung Jokowi untuk membuat kebijakan yang,tunjang CPNS tenaga sehat tidak dapat anggaran DPR RI dukungan jokowi untuk buat kebijakan yang,CPNS support for healthy workers does not get Jokowi's support from the DPR RI budget to make policies
1696,2016-08-31T13:54:54.000Z,deblitznews Kota Kembang Dewan Perwakilan Rakyat Daerah DPRD Kota Depok Rabu menggelar rapat paripurna,deblitznews kota kembang dewan wakil rakyat daerah DPRD kota depok rabu gelar rapat paripurna,deblitznews Flower City Regional People's Representative Council Depok City DPRD held a plenary meeting on Wednesday
1697,2016-08-31T10:37:06.000Z,Ini sikap DPR RI ttg rokok dan RUU Pertembakauan,ini sikap DPR RI tentang rokok dan RUU tembakau,This is the position of the DPR RI regarding cigarettes and the tobacco bill
1698,2016-08-31T08:55:47.000Z,RUU Penghapusan Kekerasan Seksual akan diupload ke website Komnas Perempuan setelah diserahkan ke Tunggu ya! WujudkanSekarang,RUU hapus keras seksual akan diupload ke website komnas perempuan telah serah ke tunggu ya ! wujudkansekarang,The bill to eradicate sexual violence will be uploaded to the National Women's Commission website. Wait for it! make it happen now
1699,2016-08-31T08:23:06.000Z,Ammy Amalia Komisi mengatakan DPR sangat mendukung RUU Penghapusan Kekerasan Seksual WujudkanSekarang,ammy amalia komisi kata DPR sangat dukungan RUU hapus keras seksual wujudkansekarang,"Ammy Amalia, the commission, said that the DPR strongly supports the bill to abolish sexual violence, make it happen now"
1700,2016-08-31T08:05:26.000Z,GKR Hemas wakil ketua menyampaikan pentingnya semua pihak bersama mendukung RUU ini WujudkanSekarang,GKR has wakil ketua sampai penting semua pihak sama dukungan RUU ini wujudkansekarang,GKR has been deputy chairman so it is important that all parties support this bill and make it happen now
1701,2016-08-31T08:03:47.000Z,kalo dah ada celah korupsi baru adem ayem tapi tetep aja undang gak ada yg jadi reses mulu,jika deh ada celah korupsi baru adem ayem tetapi tetap saja undang tidak ada yang jadi reses mulu,If there is a loophole in corruption then it will be calm but still there is no such thing as a recess for a long time
1702,2016-08-31T07:35:34.000Z,Kapolri Jenderal Tito Karnavian dan Pansus RUU Terorisme rapat dengar pendapat di Gedung DPR Rabu,kapolri jenderal tito karnavian dan pansus RUU terorisme rapat dengar dapat di gedung DPR rabu,National Police Chief General Tito Karnavian and the special committee on the Terrorism Bill held a hearing at the DPR building on Wednesday
1703,2016-08-31T07:34:30.000Z,VenzTime Kapolri Jenderal Tito Karnavian dan Pansus RUU Terorisme rapat dengar pendapat di Gedung DPR Rabu,venztime kapolri jenderal tito karnavian dan pansus RUU terorisme rapat dengar dapat di gedung DPR rabu,Venztime National Police Chief General Tito Karnavian and the special committee on the Terrorism Bill held a hearing at the DPR building on Wednesday
1704,2016-08-31T07:00:40.000Z,Ini sikap warga thd pungutan liar itu,ini sikap warga thd pungut liar itu,This is the attitude of residents towards illegal levies
1705,2016-08-31T06:15:25.000Z,Lembaga Keuangan Mikro Agribisnis Terobosan Penguatan Kelembagaan dan Pembiayaan Pertanian di Perdesaan,lembaga uang mikro agribisnis terobos kuat lembaga dan biaya tani di desa,Agribusiness microfinance institutions are breaking through the strength of farming institutions and costs in villages
1706,2016-08-31T05:58:43.000Z,Revisi Undang Undang Pengamat Pemerintah Ingin Ciptakan Wakil Rakyat Berkualitas,revisi undang undang amat pemerintah ingin cipta wakil rakyat kualitas,The government really wants to revise the law to create quality people's representatives
1707,2016-08-31T04:39:28.000Z,Pansus RUU Terorisme RDP dengan Kapolri Jaksa Agung Ketua Mahkamah Agung terkait revisi UU Terorisme DPRLive,pansus RUU terorisme RDP dengan kapolri jaksa agung ketua mahkamah agung kait revisi UU terorisme dprlive,"special committee on the RDP terrorism bill with the national police chief, attorney general, chairman of the supreme court regarding the revision of the dprlive terrorism law"
1708,2016-08-31T04:14:04.000Z,Baleg DPR Rapat Panja RUU Karantina Kesehatan dengan INSA INACA DPRLive,baleg DPR rapat panja RUU karantina sehat dengan INSA INACA dprlive,DPR baleg meeting of committee on healthy quarantine bill with INSA INACA dprlive
1709,2016-08-30T13:50:20.000Z,DPR Setujui RUU P APBN Jadi UU,DPR tuju RUU p APBN jadi UU,The DPR aims to make the APBN Bill into law
1710,2016-08-30T12:35:34.000Z,RUU Perlindungan Bidan Sudah Masuk Prolegnas DPR RI via berita_rri rrinews RUU Perlindu,RUU lindung bidan sudah masuk prolegnas DPR RI via berita_rri rrinews RUU lindu,The bill to protect midwives has been included in the National Legislative Assembly of the Republic of Indonesia via Berita_rri rrinews The lindu bill
1711,2016-08-30T12:33:25.000Z,RUU Perlindungan Bidan Sudah Masuk Prolegnas DPR RI via rrinews,RUU lindung bidan sudah masuk prolegnas DPR RI via rrinews,The bill to protect midwives has entered the National Legislative Assembly of the Republic of Indonesia via rrinews
1712,2016-08-30T09:11:26.000Z,Komisi IV DPR RDPU dengan KTNA SPI ASBINDO APPI Serta API membahas RUU Sistem Budi Daya Tanaman DPRLive,komisi IV DPR RDPU dengan KTNA SPI ASBINDO APPI serta API bahas RUU sistem budi daya tanam dprlive,Commission IV DPR RDPU with KTNA SPI ASBINDO APPI and API discuss the draft cultivation system bill dprlive
1713,2016-08-30T09:09:10.000Z,Forum Legislasi Di Media Center DPR RI tentang RUU Larangan Monopoli dan Persaingan Usaha Tidak Sehat DPRLive,forum legislasi di media center DPR RI tentang RUU larang monopoli dan saing usaha tidak sehat dprlive,legislative forum at the DPR RI media center regarding the bill prohibiting monopoly and unhealthy business competition dprlive
1714,2016-08-30T08:52:51.000Z,Persoalan petani saat ini habit dan peluang akibat kebijakan mencla mencle neg industri?!,soal tani saat ini habit dan peluang akibat kebijakan mencla mencle neg industri ? !,"Regarding farming, current habits and opportunities due to the policy of mencla mencle neg industry? !"
1715,2016-08-30T07:25:46.000Z,LANGSUNG di Periscope Rapat Paripurna DPR Ke MP I TS ParipurnaLive,LANGSUNG di periscope rapat paripurna DPR ke MP i TS paripurnalive,LIVE on the periscope of the DPR plenary meeting to MP i TS plenary session
1716,2016-08-30T07:21:22.000Z,Menkeu Sri Mulyani serahkan pendapat akhir Pemerintah terhadap RUU P APBN pada Pimpinan Sidang ParipurnaLive,menkeu sri mulyani serah dapat akhir pemerintah hadap RUU p APBN pada kepemimpinan sidang paripurnalive,Minister of Finance Sri Mulyani handed over the government's final submission to the APBN Draft Bill at the leadership of the plenary session. Live
1717,2016-08-30T07:17:04.000Z,Pemerintah akan laksanakan rekomendasi yg diberikan DPR terhadap RUU P APBN TA Sri Mulyani ParipurnaLive,pemerintah akan laksana rekomendasi yang beri DPR hadap RUU p APBN TA sri mulyani paripurnalive,The government will implement the recommendations given by the DPR before the Draft Bill p APBN TA Sri Mulyani plenary session
1718,2016-08-30T06:45:42.000Z,VenzTime Wakil Ketua Dewan Perwakilan Rakyat Fadli Zon mendesak pemerintah segera mengirimkan Rancangan Un,venztime wakil ketua dewan wakil rakyat fadli zon desakan pemerintah segera kirim rancangan un,"Venztime Deputy Chairman of the People's Representative Council, Fadli Zon, urges the government to immediately send the draft UN"
1719,2016-08-30T06:45:22.000Z,Laporan RUU P RUU APBN berupa laporan keuangan yang telah diperiksa oleh BPK Said Abdullah ParipurnaLive,lapor RUU p RUU APBN upa lapor uang yang telah periksa oleh BPK said abdullah paripurnalive,report on the bill p The APBN bill wants to report money that has been checked by the BPK said abdullah paripurnalive
1720,2016-08-30T06:42:42.000Z,Pembahasan RUU P APBN sesuai Surat Presiden Nomor R Pres tanggal Juni Said Abdullah ParipurnaLive,bahas RUU p APBN sesuai surat presiden nomor r pres tanggal juni said abdullah paripurnalive,discuss Bill p APBN according to presidential letter number r pres dated June said abdullah plenary live
1721,2016-08-30T06:37:33.000Z,Wakil Ketua DPR Taufik Kurniawan memimpin Rapat Paripurna DPR Ke Masa Persidangan I TS ParipurnaLive,wakil ketua DPR taufik kurniawan kepemimpinan rapat paripurna DPR ke masa sidang i TS paripurnalive,deputy chairman of the DPR taufik kurniawan leadership of the DPR plenary meeting to the session i TS plenary session
1722,2016-08-30T06:04:30.000Z,Setuju! Anggota DPR juga hrs sosialisasikan ke konstituennya sbg konsekwensi DPR sdh setujui RUU menjadi UU,tuju ! anggota DPR juga harus sosialisasi ke konstituen bagai konsekuensi DPR sudah tuju RUU jadi UU,go! DPR members must also inform their constituents about the consequences of the DPR turning the bill into law
1723,2016-08-30T03:03:29.000Z,Agenda DPR Selasa Pukul WIB Baleg DPR Rapat Panja RUU Jabatan Hakim agendaDPR,agenda DPR selasa pukul WIB baleg DPR rapat panja RUU jabatan hakim agendadpr,"DPR agenda, Tuesday at WIB, DPR legislative committee meeting on the bill on the position of judges, DPR agenda"
1724,2016-08-30T01:32:26.000Z,Topik Roy Salam Akitivis Koalisi MD apakah setiap reses anggota DPR menyampaikan pertanggungjawaban politik kepada konstituen,topik roy salam akitivis gabungan MD apakah tiap reses anggota DPR sampai pertanggungjawaban politik kepada konstituen,"Roy's topic, greetings from MD joint activists, is each DPR member's recess up to political accountability to constituents"
1725,2016-08-29T13:21:27.000Z,Lho koq baru skrng bukannya dulu wkt di DPR RI ada pembahasan RUU nya ?,lho kok baru sekarang bukan dulu waktu di DPR RI ada bahas RUU nya ?,"You know, how come it's only now and not before when the DPR RI discussed the bill?"
1726,2016-08-29T12:07:11.000Z,Lanjutan Rapat Panja RUU ITE di Komisi,lanjut rapat panja RUU ITE di komisi,continued the ITE Bill working committee meeting at the commission
1727,2016-08-29T11:44:13.000Z,Kamis Pansus RUU Terorisme DPR RI mengundang BNPT KPI Ketua KPI menyampaikn ggsan dr sdt pandang penyiaran,kamis pansus RUU terorisme DPR RI undang BNPT KPI ketua KPI menyampaikn ggsan dari sdt pandang siar,"Thursday the special committee on the DPR RI terrorism bill invites the BNPT KPI, the chairman of the KPI conveys the message from a broadcast perspective"
1728,2016-08-29T10:13:41.000Z,Harusnya singapura introspeksi diri dwngan ada nya kebijakan Tax Amnesty jangan maen jegal aja GaTauDiri,harus singapura introspeksi diri dwngan ada nya kebijakan tax amnesty jangan main jegal saja gataudiri,"Singapore must introspect itself with the tax amnesty policy, don't just play around and ignore yourself"
1729,2016-08-29T09:28:24.000Z,Komisi IX DPR Rapat Panja RUU Kebidanan DPRLive,komisi IX DPR rapat panja RUU bidan dprlive,DPR Commission IX meeting of the DPR midwife bill committee meeting dprlive
1730,2016-08-29T07:50:15.000Z,Banyak UU Dibatalkan DPR Perkuat Ahli Perancang Undang undang Dewan Perwakilan Rakyat DPR berencana menam,banyak UU batal DPR kuat ahli ancang undang undang dewan wakil rakyat DPR rencana tam,"Many laws are canceled. The DPR is strong, expert in drafting legislation from the DPR's legislative council to plan tam"
1731,2016-08-29T06:17:36.000Z,Dirgahayu ke Teruslah memperjuangkan aspirasi rakyat Indonesia,dirgahayu ke terus juang aspirasi rakyat indonesia,Thank you for continuing to fight for the aspirations of the Indonesian people
1732,2016-08-29T05:39:25.000Z,Pemotongan nasi tumpeng dalam rangka HUTDPR setelah Rapat Paripurna DPR RI,potong nasi tumpeng dalam rangka HUTDPR telah rapat paripurna DPR RI,cutting tumpeng rice in the context of the DPR RI's HUTDPR plenary meeting
1733,2016-08-29T05:09:04.000Z,Rapat Paripurna HUT DPR Anggota DPR Membolos!,rapat paripurna HUT DPR anggota DPR bolos !,DPR anniversary plenary meeting DPR members skipped!
1734,2016-08-29T05:05:45.000Z,Parah Anggota DPR Bolos Rapat Paripurna Hadir anggota DPR di ruang rapat Paripurna Gedung DPR Ja,banget anggota DPR bolos rapat paripurna hadir anggota DPR di ruang rapat paripurna gedung DPR saja,It's true that DPR members skipped plenary meetings and attended DPR members only in the plenary meeting room of the DPR building
1735,2016-08-29T04:47:56.000Z,Anggota DPR Bolos Rapat Paripurna HUT DPR,anggota DPR bolos rapat paripurna HUT DPR,DPR members skipped the DPR anniversary plenary meeting
1736,2016-08-29T04:44:05.000Z,Anggota DPR Bolos Rapat Paripurna HUT DPR via Tribunnews,anggota DPR bolos rapat paripurna HUT DPR via tribunnews,DPR members skip the DPR anniversary plenary meeting via tribunnews
1737,2016-08-29T04:42:41.000Z,Anggota DPR Bolos Rapat Paripurna HUT DPR via,anggota DPR bolos rapat paripurna HUT DPR via,DPR members skip the DPR anniversary plenary meeting via
1738,2016-08-29T04:23:39.000Z,jakartaku Anggota DPR Bolos Rapat Paripurna HUT DPR Tribunnews Tribunnews Anggota DPR Bolos Rapat,jakartaku anggota DPR bolos rapat paripurna HUT DPR tribunnews tribunnews anggota DPR bolos rapat,jakartaku DPR members skipped DPR anniversary plenary meeting tribunnews tribunnews DPR members skipped meetings
1739,2016-08-29T04:21:59.000Z,TribunNews Anggota DPR Bolos Rapat Paripurna HUT DPR berita,tribunnews anggota DPR bolos rapat paripurna HUT DPR berita,tribunnews DPR members skip plenary meeting of DPR anniversary news
1740,2016-08-29T04:21:53.000Z,Anggota DPR Bolos Rapat Paripurna HUT DPR Tribunnews,anggota DPR bolos rapat paripurna HUT DPR tribunnews,DPR members skipped DPR anniversary plenary meeting tribunnews
1741,2016-08-29T04:08:18.000Z,Pembacaan Doa oleh Ketua Komisi VIII DPR RI Ali Taher dalam Rapat Paripurna DPR RI HUTDPR,baca doa oleh ketua komisi VII DPR RI ali taher dalam rapat paripurna DPR RI HUTDPR,"read a prayer by the chairman of Commission VII DPR RI, Ali Taher, at the DPR RI HUTDPR plenary meeting"
1742,2016-08-29T04:04:26.000Z,DPR RI tidak mungkin mengerjakan undang undang secara sepihak HUTDPR iyya,DPR RI tidak mungkin kerja undang undang cara pihak HUTDPR iyya,It is impossible for the DPR RI to work on legislation the way the HUTDPR party does
1743,2016-08-29T04:04:09.000Z,Antara lain yang dipilih adalah RUU yg benar benar prioritas yaitu RUU RUU yang diyakini benar membawa kepentingan rakyat banyak HUTDPR,antara lain yang pilih adalah RUU yang banget banget prioritas yaitu RUU RUU yang yakin banget bawa penting rakyat banyak HUTDPR,"Among others, those who were chosen were bills that were really a priority, namely bills that were really sure that the HUTDPR was important to many people"
1744,2016-08-29T04:03:35.000Z,Sebagai jalan keluarnya Dewan bersama pemerintah dapat memilih pembahasan undang undang yang mendesak HUTDPR,bagai jalan keluar dewan sama pemerintah dapat pilih bahas undang undang yang desakan HUTDPR,"As a solution, the council and the government can choose to discuss the law that HUTDPR is pushing for"
1745,2016-08-29T04:01:48.000Z,Polemik Penetapan Biaya Interkoneksi Memerlukan Kebijakan Pemerintah IlustrasiAnggota Komisi I DPR RI Bobby,polemik tetap biaya interkoneksi perlu kebijakan pemerintah ilustrasianggota komisi i DPR RI bobby,"The polemic remains that interconnection costs need government policy, illustration, member of Commission I DPR RI Bobby"
1746,2016-08-29T03:55:49.000Z,Jumlah ini meningkat dibandingkan Tahun Sidang sebelumnya yang menyelesaikan dua belas Rancangan Undang Undang HUTDPR,jumlah ini tingkat banding tahun sidang belum yang selesai dua belas rancangan undang undang HUTDPR,This number is at the level of appeals during the unfinished session of twelve draft HUTDPR laws
1747,2016-08-29T03:55:23.000Z,Dalam pelaksanaan fungsi legislasi pada Tahun Sidang ini DPR telah menyelesaikan pembahasan sebanyak RUU HUTDPR,dalam laksana fungsi legislasi pada tahun sidang ini DPR telah selesai bahas banyak RUU HUTDPR,"In carrying out its legislative function in this session year, the DPR has finished discussing many of the HUTDPR Bills"
1748,2016-08-29T03:49:37.000Z,DPR RI terus mengemban amanah fungsinya yang tertera di Undang Undang Dasar Negara Republik Indonesia tahun HUTDPR,DPR RI terus emban amanah fungsi yang tera di undang undang dasar negara republik indonesia tahun HUTDPR,The DPR RI continues to carry out the mandate of the functions stated in the constitution of the Republic of Indonesia in the year of the DPR's anniversary
1749,2016-08-29T03:36:55.000Z,Dewan Perwakilan Rakyat menggelar Rapat Paripurna dgn agenda pembacaan Kinerja DPR dalam rangka HUT DPR RI ke,dewan wakil rakyat gelar rapat paripurna dengan agenda baca kerja DPR dalam rangka HUT DPR RI ke,the council of people's representatives held a plenary meeting with an agenda to read the work of the DPR in the framework of the DPR RI's 20th anniversary
1750,2016-08-29T03:17:12.000Z,Rapat Paripurna DPR RI dalam rangka memperingati Hari Ulang Tahun DPR RI Ke HUTDPR,rapat paripurna DPR RI dalam rangka ingat hari ulang tahun DPR RI ke HUTDPR,DPR RI plenary meeting to commemorate the anniversary of the DPR RI and HUTDPR
1751,2016-08-29T02:09:15.000Z,Agenda DPR Senin Pukul WIB Komisi IX Rapat Panja RUU Kebidanan agendaDPR,agenda DPR senin pukul WIB komisi IX rapat panja RUU bidan agendadpr,DPR agenda Monday at WIB commission IX working committee meeting on midwives bill agendadpr
1752,2016-08-29T02:00:34.000Z,Agenda DPR Senin Pukul WIB Rapat Paripurna DPR Ke Masa Persidangan I Tahun Sidang agendaDPR,agenda DPR senin pukul WIB rapat paripurna DPR ke masa sidang i tahun sidang agendadpr,"DPR agenda, Monday at WIB, DPR plenary meeting for the first session of the year, DPR agenda session"
1753,2016-08-29T01:48:35.000Z,Selamat Hut ke semoga efektivitas kinerja kedepan lebih baik dan dapat menampung aspirasi rakyat lebih baik pula HUTDPR,selamat hut ke moga efektivitas kerja depan lebih baik dan dapat tampung aspirasi rakyat lebih baik pula HUTDPR,"Happy birthday to you, hopefully the effectiveness of future work will be better and the people's aspirations can be accommodated better as well as HUTDPR"
1754,2016-08-29T01:34:26.000Z,Agenda pagi ini Senin Agustus Pukul Rapat Paripurna DPR RI MP I TS,agenda pagi ini senin agustus pukul rapat paripurna DPR RI MP i TS,This morning's agenda is Monday August at the plenary session of the DPR RI MP i TS
1755,2016-08-28T22:56:21.000Z,Dirgahayu semoga kian kukuh menjadi rumah rakyat dan penyambung aspirasi rakyat BergerakBersamaRakyat DPR,dirgahayu moga kian kukuh jadi rumah rakyat dan sambung aspirasi rakyat bergerakbersamarakyat DPR,May it be strengthened to become the people's home and continue the aspirations of the people to move together with the people of the DPR
1756,2016-08-28T13:56:05.000Z,Penyerangan Gereja Jadi Masukan Pansus RUU Anti Terorisme Anggota Komisi III DPR RI Trimedya beranggapan na,serang gereja jadi masuk pansus RUU anti terorisme anggota komisi II DPR RI trimedya anggap nya,"Attacking a church is included in the special committee on the anti-terrorism bill, a member of Commission II of the Indonesian House of Representatives, Trimedya said"
1757,2016-08-28T13:52:19.000Z,metro news Penyerangan Gereja Jadi Masukan Pansus RUU Anti Terorisme Anggota Komisi III DPR RI Trimedya be,metro news serang gereja jadi masuk pansus RUU anti terorisme anggota komisi II DPR RI trimedya be,"metro news attacked a church and was included in the special committee on the anti-terrorism bill, member of Commission II DPR RI Trimedya Be"
1758,2016-08-28T12:34:45.000Z,PULISI dibawah departemen solusi jitu reformasi nya tuch pak juga garap lagi tuch RUU KAMNAS biar pulisi gak kejebak ?,PULISI bawah departemen solusi jitu reformasi nya tuh pak juga garap lagi tuh RUU KAMNAS biar pulisi tidak jebak ?,"Is PULISI under the department for effective solutions to reform, sir, are you also working on the KAMNAS Bill again so that the police are not trapped?"
1759,2016-08-28T11:02:53.000Z,Baleg DPR RI Undang PP IPPAT Bahas Persiapan Pengesahan RUU PPAT,baleg DPR RI undang PP IPPAT bahas siap pengesahan RUU PPAT,DPR RI baleg invites PP IPPAT to discuss readiness to ratify PPAT Bill
1760,2016-08-28T07:17:29.000Z,Radio ANDIKA Anggota Komisi II DPR RI Arteria Dahlan menilai pembahasan rancangan Undang undang Pemilu,radio ANDIKA anggota komisi II DPR RI arteria dahlan nilai bahas rancangan undang undang pemilu,ANDIKA radio member of Commission II DPR RI arteria dahlan value discussing the draft election law
1761,2016-08-28T07:07:55.000Z,Polsek Koja Kerahkan Belasan Personil untuk Mengamankan Kegiatan Reses Anggota DPR RI,polsek koja kerah bas personil untuk aman giat reses anggota DPR RI,Koja police collared bus personnel to safely take part in the recess for DPR RI members
1762,2016-08-27T22:16:34.000Z,Mayoritas Fraksi di DPR Telah Setuju RUU Pertembakauan Segera Disahkan Jakarta Anggota Komisi XI DPR RI M,mayoritas partai di DPR telah tuju RUU tembakau segera sah jakarta anggota komisi XI DPR RI sama,The majority of parties in the DPR have aimed for the tobacco bill to be immediately legalized by Jakarta. Members of Commission XI DPR RI are the same
1763,2016-08-27T14:40:27.000Z,Bang lebih asik bahas RUU ada duitya hehe,bang lebih asik bahas RUU ada duitya hehe,"Bro, it's more fun to discuss the bill with money, hehe"
1764,2016-08-27T13:51:46.000Z,Laporan kinerja DPR RI akan disampaikan secara langsung oleh Ketua DPR Ade Komarudin dalam Rapat Paripurna DPR RI HUTDPR,lapor kerja DPR RI akan sampai cara langsung oleh ketua DPR adek komarudin dalam rapat paripurna DPR RI HUTDPR,"The report on the work of the DPR RI will be received directly by the chairman of the DPR, Adek Komarudin, at the plenary session of the DPR RI HUTDPR"
1765,2016-08-27T13:44:06.000Z,Menyambut HUTDPR pada Agustus juga akan diadakan Rapat Paripurna DPR RI dengan agenda tunggal laporan kinerja DPR RI HUTDPR,sambut HUTDPR pada agustus juga akan ada rapat paripurna DPR RI dengan agenda tunggal lapor kerja DPR RI HUTDPR,welcoming the HUTDPR in August there will also be a plenary meeting of the DPR RI with the sole agenda of reporting on the work of the DPR RI HUTDPR
1766,2016-08-27T04:39:43.000Z,Anggota Komisi III DPR RI Tifatul Sembiring mempertanyakan perbedaan kritikan penghinaan dan fitnah dalam pasal,anggota komisi II DPR RI tifatul sembiring tanya beda kritikan hina dan fitnah dalam pasal,Member of Commission II DPR RI Tifatul Sembiring asked the difference between insulting criticism and slander in an article
1767,2016-08-27T04:09:54.000Z,JAKARTA Anggota Komisi XI DPR RI Heri Gunawan menyesalkan kebijakan pemerintah yang asal asalan berutang ta,JAKARTA anggota komisi XI DPR RI heri gunawan sesal kebijakan pemerintah yang asal asal utang ta,JAKARTA member of Commission XI DPR RI Heri Gunawan regrets the government's policy of originating the debt
1768,2016-08-27T03:49:11.000Z,Anggota DPR Minta Kaji Ulang Penundaan Dana Alokasi Umum Apalagi menurut Rahmat kalau kebijakan tersebut sep,anggota DPR minta kaji ulang tunda dana alokasi umum apalagi turut rahmat jika kebijakan sebut sep,"DPR members ask for a review of the postponement of general allocation funds, especially if the policy is called sep"
1769,2016-08-26T20:16:09.000Z,Badan lembaga institusi hukum sekalipun banyak bahkan bersenjata lengkap tanpa didukung kebijakan maka OMPONG! ASLI,badan lembaga institusi hukum sekalipun banyak bahkan senjata lengkap tanpa dukungan kebijakan maka OMPONG ! ASLI,"Even if there are many legal institutions, even if they are fully armed, without policy support, then it's TOOMPONG! ORIGINAL"
1770,2016-08-26T20:11:07.000Z,JAKARTA Anggota Komisi III DPR RI Tifatul Sembiring mempertanyakan perbedaan kritikan penghinaan dan fitn,JAKARTA anggota komisi II DPR RI tifatul sembiring tanya beda kritikan hina dan fitn,JAKARTA member of Commission II DPR RI Tifatul Sembiring asked the difference between insulting criticism and slander
1771,2016-08-26T20:10:26.000Z,Tentunya semua pihak akan mendukung keseriusan kebijakan TEGAS hukum mati Koruptor cc ASLI,tentu semua pihak akan dukungan serius kebijakan TEGAS hukum mati koruptor cc ASLI,Of course all parties will seriously support the STRICT policy of the death penalty for REAL CC corruptors
1772,2016-08-26T14:45:31.000Z,Kebijakan NeLib Cabut semua Subsidi Listrik BBM Pendidikan Kesehatan,kebijakan nelib cabut semua subsidi listrik BBM didik sehat,Nelib's policy is to remove all electricity subsidies for BBM for healthy students
1773,2016-08-26T12:39:21.000Z,Komunikasi Semakin Baik Jokowi Minta DPR Tak Buat Banyak Undang Undang Presiden Joko Widodo meminta DPR RI,komunikasi makin baik jokowi minta DPR tak buat banyak undang undang presiden joko widodo minta DPR RI,Communication is getting better. Jokowi asks DPR not to make too many laws. President Joko Widodo asks DPR RI
1774,2016-08-26T12:01:51.000Z,Kita bisa begini aja karena mereka guru Tahu terima kasihlah kata Ketua DPR RI Ade Komarudin,kita dapat begini saja karena mereka guru tahu terima kasih kata ketua DPR RI adek komarudin,"We can only do this because they are teachers, thank you, said the chairman of the DPR RI, Adek Komarudin"
1775,2016-08-26T10:44:33.000Z,SUMBER CNC Dewan Perwakilan Rakyat Daerah DPRD Kabupaten Cirebon menyampaikan hasil reses kedua taghun,SUMBER CNC dewan wakil rakyat daerah DPRD kabupaten cirebon sampai hasil reses dua taghun,SOURCE CNC the regional people's representative council of the Cirebon district DPRD until the results of the second year's recess
1776,2016-08-26T10:34:33.000Z,Wakil rakyat tertidur pada saat rapat Paripurna Jombang Jawa Timur Newsroom,wakil rakyat tidur pada saat rapat paripurna jombang jawa timur newsroom,People's representatives slept during the Jombang East Java plenary meeting newsroom
1777,2016-08-26T09:04:07.000Z,RUU Karantina Hewan Akan Diintegrasikan dengan RUU Kekarantinaan Kesehatan,RUU karantina hewan akan integrasi dengan RUU karantina sehat,The animal quarantine bill will be integrated with the healthy quarantine bill
1778,2016-08-26T09:02:56.000Z,Anggota Komisi XI DPR Heri Gunawan Pemerintah Tak Perlu Buat Kebijakan Gegabah,anggota komisi XI DPR heri gunawan pemerintah tak perlu buat kebijakan gegabah,Member of Commission XI DPR Heri Gunawan The government doesn't need to make rash policies
1779,2016-08-26T08:17:27.000Z,Komisi IX DPR Bahas RUU Konvensi Ketenagakerjaan Maritim Komsi IX Dewan Perwakilan Rakyat Republik Indonesia,komisi IX DPR bahas RUU konvensi ketenagakerjaan maritim komsi IX dewan wakil rakyat republik indonesia,"Commission IX of the DPR discusses the maritime employment convention bill, Commission IX of the House of Representatives of the Republic of Indonesia"
1780,2016-08-26T08:14:53.000Z,Anggota DPR Kemendagri Harus Jemput Bola untuk Kebijakan e KTP,anggota DPR kemendagri harus jemput bola untuk kebijakan e KTP,DPR members from the Ministry of Home Affairs must pick up the ball on the e-KTP policy
1781,2016-08-26T08:00:12.000Z,Pemerintah Dan DPR RI Sepakati Pembentukan Lembaga Di RUU Jasa Konstruksi,pemerintah dan DPR RI sepakat bentuk lembaga di RUU jasa konstruksi,The government and DPR RI agreed on the form of the institution in the construction services bill
1782,2016-08-26T07:54:38.000Z,DPR Tunda Pengesahan Perpu Hukuman Kebiri,DPR tunda pengesahan perpu hukum kebiri,DPR delays ratification of perpu on castration law
1783,2016-08-26T06:20:17.000Z,Baleg RUU Karantina Hewan Akan Diintegrasikan dengan RUU Kekarantinaan Kesehatan,baleg RUU karantina hewan akan integrasi dengan RUU karantina sehat,The draft animal quarantine bill will be integrated with the healthy quarantine bill
1784,2016-08-26T06:19:16.000Z,Tribun Baleg RUU Karantina Hewan Akan Diintegrasikan dengan RUU Kekarantinaan Kesehatan Baleg DPR NewsToday,tribun baleg RUU karantina hewan akan integrasi dengan RUU karantina sehat baleg DPR newstoday,legislative tribune The animal quarantine bill will be integrated with the DPR baleg's healthy quarantine bill newstoday
1785,2016-08-26T06:19:15.000Z,Tribun Baleg RUU Karantina Hewan Akan Diintegrasikan dengan RUU Kekarantinaan Kesehatan NewsToday DKK,tribun baleg RUU karantina hewan akan integrasi dengan RUU karantina sehat newstoday DKK,tribun baleg The animal quarantine bill will be integrated with the DKK newstoday healthy quarantine bill
1786,2016-08-26T05:18:11.000Z,DPRD NTT Kembali Reses ke Daerah Dewan Perwakilan Rakyat Daerah DPRD NTT saat ini kembali melakukan reses,DPRD NTT kembali reses ke daerah dewan wakil rakyat daerah DPRD NTT saat ini kembali pelaksanaan reses,The NTT DPRD is back on recess in the area of ​​the regional people's representative council. The NTT DPRD is currently going on recess
1787,2016-08-26T05:02:20.000Z,BM PAN Tolak RUU Pemilu Cekal Artis dan Pengusaha,BM KAPAN penolakan RUU pemilu cekal artis dan usaha,BM WHEN the rejection of the election bill bans artists and businesses
1788,2016-08-26T04:59:52.000Z,BM PAN Tolak RUU Pemilu Cekal Artis dan Pengusaha SabangMerauke,BM KAPAN penolakan RUU pemilu cekal artis dan usaha sabangmerauke,BM WHEN rejects the election bill to ban Sabangmerauke artists and businesses
1789,2016-08-26T04:31:47.000Z,Anggota DPR RI dari Fraksi Partai Demokrat FPD Khotibul Umam Wiranu mengatakan pemikiran penerapan kebijakan,anggota DPR RI dari partai partai demokrat FPD khotibul umam wiranu kata pikir terap kebijakan,Member of the DPR RI from the Democratic Party FPD Khotibul Umam Wiranu said thinking about implementing policy
1790,2016-08-26T04:11:35.000Z,BM PAN Tolak RUU pemilu,BM KAPAN penolakan RUU pemilu,BM WHEN is the rejection of the election bill
1791,2016-08-26T03:17:39.000Z,DPR Janji RUU Pertembakauan Akan Lindungi Petani Tembakau Nasional DPR KenaikanRokok JumatBerkah,DPR janji RUU tembakau akan lindung tani tembakau nasional DPR kenaikanrokok jumatberkah,DPR promises the tobacco bill will protect national tobacco farmers. DPR increases smoking Friday blessings
1792,2016-08-26T01:23:42.000Z,Pemerintah dan Komisi V DPR RI Bahas RUU Jasa Konstruksi inspiratifnews beritamasakini,pemerintah dan komisi v DPR RI bahas RUU jasa konstruksi inspiratifnews beritamasakini,government and commission v DPR RI discuss construction services bill inspiratifnews Beritamasakini
1793,2016-08-25T16:23:13.000Z,lensaindonesia BM PAN tolak RUU Pemilu cekal artis dan pengusaha jadi anggota DPR via lensaindonesia,lensaindonesia BM KAPAN penolakan RUU pemilu cekal artis dan usaha jadi anggota DPR via lensaindonesia,lensindonesia BM WHEN rejection of the election bill bans artists and businesses from becoming members of the DPR vialensindonesia
1794,2016-08-25T16:21:58.000Z,BM PAN tolak RUU Pemilu cekal artis dan pengusaha jadi anggota DPR,BM KAPAN penolakan RUU pemilu cekal artis dan usaha jadi anggota DPR,BM WHEN the rejection of the election bill bans artists and businesses from becoming members of the DPR
1795,2016-08-25T16:20:10.000Z,BM PAN tolak RUU Pemilu cekal artis dan pengusaha jadi anggota DPR via,BM KAPAN penolakan RUU pemilu cekal artis dan usaha jadi anggota DPR via,BM WHEN the rejection of the election bill bans artists and businesses from becoming members of the DPR via
1796,2016-08-25T14:45:42.000Z,Gelegar suara Rakyat drumah aspirasi rakyat mereka hanya ngontrak jd jgn menjadi wakil rakyat yg merekak,gelegar suara rakyat drumah aspirasi rakyat mereka hanya ngontrak jadi jangan jadi wakil rakyat yang mereka,"the booming voice of the people drums up the aspirations of the people, they are only contracting, so don't be their people's representatives"
1797,2016-08-25T14:03:59.000Z,Anggota komisi XI Indah Kurnia mengatakan Sri Mulyani dihadirkan untuk menjalankan dua Undang Undang UU ya,anggota komisi XI indah kurnia kata sri mulyani hadir untuk jalan dua undang undang UU ya,Commission XI member Indah Kurnia said Sri Mulyani was present to implement the two laws
1798,2016-08-25T11:50:30.000Z,Anggota DPR Ungkap Info Penting dalam RUU Pertembakauan,anggota DPR ungkap info penting dalam RUU tembakau,DPR members reveal important information in the tobacco bill
1799,2016-08-25T07:29:32.000Z,Baleg DPR RDPU dengan Dewan Masyarakat Sawit Indonesia membahas RUU Perkelapasawitan DPRLive,baleg DPR RDPU dengan dewan masyarakat sawit indonesia bahas RUU perkelapasawitan dprlive,DPR RDPU legislative council with the Indonesian palm oil community council discuss the DPR Live Palm Oil Bill
1800,2016-08-25T07:21:29.000Z,banggar menkeu telah dipertimbangkan ruu yg d bahas ini dg DPR RI akan d tindak lanjuti laporan keuangan pemerintahan pusat,banggar menkeu telah timbang ruu yang di bahas ini dengan DPR RI akan di tindakan lanjut lapor uang pemerintah pusat,The Minister of Finance has considered the bill being discussed with the DPR RI and will take further action to report the central government's money
1801,2016-08-25T07:09:13.000Z,Fraksi PKS DPR RI Terima Masukan dari BEM FKM UI tentang RUU Pertembakauan HariAspirasi,partai PKS DPR RI terima masuk dari BEM FKM UI tentang RUU tembakau hariaspirasi,The DPR RI PKS party received input from BEM FKM UI regarding the aspirational tobacco bill
1802,2016-08-25T04:28:06.000Z,Seminar RUU Lembaga Pendidikan Keagamaan w at Dewan Perwakilan Rakyat Republik Indonesia pic,seminar RUU lembaga didik agama saya at dewan wakil rakyat republik indonesia pic,seminar on my religious education institution bill at the Indonesian People's Representative Council pic
1803,2016-08-25T04:26:09.000Z,FPPP DPR RI sdg seminar Lembaga Pendidikan Keagamaan Semoga dpt dhasilkan ide bernas utk perumusan Usul RUU PPPBergerak,FPP DPR RI sedang seminar lembaga didik agama moga dapat dhasilkan ide bernas untuk rumus usul RUU ppbergerak,The Indonesian House of Representatives FPP is currently holding a seminar on religious education institutions so that they can produce insightful ideas for the proposed formula for the mobile PP bill
1804,2016-08-25T04:25:36.000Z,Baleg Rapat Panja dengan Tenaga Ahli membahas Rekapitulasi DIM Fraksi atas RUU Kekarantinaan Kesehatan DPRLive,baleg rapat panja dengan tenaga ahli bahas rekapitulasi DIM partai atas RUU karantina sehat dprlive,baleg committee meeting with experts to discuss party DIM recapitulation of the dprlive healthy quarantine bill
1805,2016-08-25T04:19:25.000Z,Pansus RUU Terorisme RDP dengan BNPT KPI Lemhannas Dewan Pers membahas RUU Tindak Pidana Terorisme DPRLive,pansus RUU terorisme RDP dengan BNPT KPI lemhannas dewan pers bahas RUU tindakan pidana terorisme dprlive,RDP terrorism bill special committee with BNPT KPI Lemhannas press council discussing terrorism crime bill dprlive
1806,2016-08-25T03:33:40.000Z,Komisi IX DPR RDPU dengan Pakar Tenaga Kerja Maritim bahas RUU Pengesahan Maritime Labour Convention MLC DPRLive,komisi IX DPR RDPU dengan pakar tenaga kerja maritim bahas RUU pengesahan maritime labour convention MLC dprlive,DPR RDPU Commission IX with maritime labor experts discussed the bill on ratifying the maritime labor convention MLC dprlive
1807,2016-08-25T02:25:36.000Z,Agenda DPR Kamis Pukul WIB Baleg DPR Rapat Panja RUU Karantina Kesehatan agendaDPR,agenda DPR kamis pukul WIB baleg DPR rapat panja RUU karantina sehat agendadpr,"DPR agenda, Thursday at WIB, DPR baleg meeting of committee on healthy quarantine bill, DPR agenda"
1808,2016-08-25T01:41:27.000Z,Baleg Pertimbangkan RUU Jabatan PPAT Masuk Prolegnas Prioritas,baleg timbang RUU jabatan PPAT masuk prolegnas prioritas,Baleg weighs bill on PPAT positions as priority National Legislation Program
1809,2016-08-25T01:37:16.000Z,Anggota Komisi III Arsul Sani Masalah LGBT Belum Jelas Untuk Dimasukkan dalam Draf RUU KUHP,anggota komisi II arsul sani masalah LGBT belum jelas untuk masuk dalam draf RUU KUHP,Commission II member Arsul Sani has not yet made it clear that LGBT issues will be included in the draft Criminal Code Bill
1810,2016-08-25T01:16:35.000Z,Reses adalah waktu dimana para wakil rakyat baik itu di tingkat DPR maupun DPRD provinsi dan kabupaten kota,reses adalah waktu mana para wakil rakyat baik itu di tingkat DPR maupun DPRD provinsi dan kabupaten kota,"recess is the time for the people's representatives, both at the DPR and provincial DPRD and city district levels"
1811,2016-08-24T23:17:32.000Z,Pembahasan UU jadi inisatif pemerintah hrs dibahas dg badan legislasi,bahas UU jadi inisatif pemerintah harus bahas dengan badan legislasi,discussing laws and government initiatives must be discussed with the legislative body
1812,2016-08-24T15:24:44.000Z,Rapat Konsultasi Badan Legislatif DPR RI PP IPPAT terkait RUU PPAT Gedung Nusantara DPR RI,rapat konsultasi badan legislatif DPR RI PP IPPAT kait RUU PPAT gedung nusantara DPR RI,consultation meeting of the DPR RI legislative body PP IPPAT regarding the PPAT Bill on the DPR RI archipelago building
1813,2016-08-24T15:14:34.000Z,Wakil Rakyat Banyuasin Reses Ke Dapilnya,wakil rakyat banyuasin reses ke dapilnya,People's representatives are invited to take a recess in their electoral districts
1814,2016-08-24T14:29:05.000Z,Jakarta Selular ID Masalah interkoneksi menjadi pembahasan dalam rapat Komisi I DPR RI Dalam rap kreatif,jakarta selular ID masalah interkoneksi jadi bahas dalam rapat komisi i DPR RI dalam rap kreatif,jakarta cellular ID interconnection issues were discussed at the DPR RI Commission I meeting in a creative rap
1815,2016-08-24T14:29:05.000Z,DPR RI Tahan Menkominfo Teken Kebijakan Tarif Interkoneksi selularid,DPR RI pertahanan menkominfo teken kebijakan tarif interkoneksi selularid,DPR RI Defense Minister of Communication and Information signs cellular interconnection tariff policy
1816,2016-08-24T14:21:18.000Z,DPR RI Tahan Menkominfo Teken Kebijakan Tarif Interkoneksi,DPR RI pertahanan menkominfo teken kebijakan tarif interkoneksi,DPR RI Defense Minister of Communication and Information signs interconnection tariff policy
1817,2016-08-24T14:17:43.000Z,DPR RI Tahan Menkominfo Teken Kebijakan Tarif Interkoneksi RLNews,DPR RI pertahanan menkominfo teken kebijakan tarif interkoneksi rlnews,DPR RI Defense Minister of Communication and Information signs the rlnews interconnection tariff policy
1818,2016-08-24T14:04:09.000Z,DPR RI Tahan Menkominfo Teken Kebijakan Tarif Interkoneksi Jakarta Selular ID Masalah interkoneksi menjad,DPR RI pertahanan menkominfo teken kebijakan tarif interkoneksi jakarta selular ID masalah interkoneksi menjad,DPR RI Defense Minister of Communication and Information signs the Jakarta Cellular ID interconnection tariff policy
1819,2016-08-24T13:26:15.000Z,Itu undang undang bung bukan peraturan perusahaan Pembuatan UU butuh anggota dpr komisi hukum dan makan wkt lama,itu undang undang bung bukan pengaturan usaha buat UU butuh anggota dpr komisi hukum dan makan waktu lama,"That's a law, bro, not a business regulation. Making a law requires members of the DPR's legal commission and takes a long time"
1820,2016-08-23T16:03:02.000Z,Populer Aturan Cuti Petahana Sebaiknya Opsional,populer pengaturan cuti tahana baik opsional,Popular fine custody leave arrangements are optional
1821,2016-08-24T13:17:28.000Z,DPR RI Tahan Menkominfo Teken Kebijakan Tarif Interkoneksi Jakarta Selular ID Masalah,DPR RI pertahanan menkominfo teken kebijakan tarif interkoneksi jakarta selular ID masalah,DPR RI Defense Minister of Communication and Information signs Jakarta interconnection tariff policy for cellular ID issues
1822,2016-08-24T12:50:21.000Z,berbincang dg Ketua Baleg DPR RI DR Supratman sehabis rapat pembahasan ruu ppat Gedung,bincang dengan ketua baleg DPR RI DARI supratman habis rapat bahas ruu ppat gedung,chatted with the chairman of the legislative assembly DPR RI FROM Supratman after the meeting discussed the building bill
1823,2016-08-24T11:45:31.000Z,Rapat Intern Kom X Membahas RUU Ekonomi Kreatif Rabu,rapat intern kom kali bahas RUU ekonomi kreatif rabu,The internal committee meeting will discuss the creative economy bill on Wednesday
1824,2016-08-24T07:58:45.000Z,Pembahasan sebuah RUU membutuhkan waktu yang cukup panjang BulanLegislasiDPR KenalDPR,bahas buah RUU butuh waktu yang cukup panjang bulanlegislasidpr kenaldpr,"Discussing the draft bill takes quite a long time, months for the legislative assembly to meet the DPR"
1825,2016-08-24T07:52:25.000Z,Retweeted DPR RI Lebih banyak dalam pembahasan RUU tidak menemukan titik temu terletak di,retweeted DPR RI lebih banyak dalam bahas RUU tidak temu titik temu letak di,"retweeted DPR RI discusses more about the bill, there is no common ground at"
1826,2016-08-24T07:51:07.000Z,Lebih banyak dalam pembahasan RUU tidak menemukan titik temu terletak di Pemerintah BulanLegislasiDPR KenalDPR,lebih banyak dalam bahas RUU tidak temu titik temu letak di pemerintah bulanlegislasidpr kenaldpr,"more in discussing the bill, there is no common ground in the government, monthlegislasidpr, knowdpr"
1827,2016-08-24T07:45:27.000Z,Retweeted Fraksi PKS DPR RI Pandangan Umum Fraksi PKS DPR RI terhadap Keterangan Pemerintah atas,retweeted partai PKS DPR RI pandang umum partai PKS DPR RI hadap terang pemerintah atas,retweeted The DPR RI PKS party's general view is that the DPR RI PKS party is facing the upper government's light
1828,2016-08-24T07:38:56.000Z,Tepi Indonesia RUU yang Melarang Artis Menjadi Anggota DPR Harus Ditolak,tepi indonesia RUU yang larang artis jadi anggota DPR harus penolakan,edge of Indonesia The bill that prohibits artists from becoming members of the DPR must be rejected
1829,2016-08-24T06:50:47.000Z,Anggota dewan tdk ikut membahas ruu BulanLegislasiDPR KenalDPR,anggota dewan tidak ikut bahas ruu bulanlegislasidpr kenaldpr,Council members did not participate in discussing the bill for the month of LegislasiDPR KNOWN DPR
1830,2016-08-24T06:49:58.000Z,Bentuk tanggung jawab tidak hanya menerbitkan RUU salah satunya fungsi anggaran Yoks kenalDPR di BulanLegeslasiDPR,bentuk pertanggungjawaban jawab tidak hanya terbit RUU salah satu fungsi anggaran yoks kenaldpr di bulanlegeslasidpr,"This form of accountability is not only about issuing a bill, one of the functions of the budget, let's get to know the DPR in the month of LegeslasiDPR"
1831,2016-08-24T06:49:44.000Z,Anggota wajib berkunjung ke daerah asal pemilihannya utk menyerap aspirasi langsung selama masa reses KenalDPR BulanLegislasiDPR,anggota wajib kunjung ke daerah asal pilih untuk serap aspirasi langsung lama masa reses kenaldpr bulanlegislasidpr,Members are required to visit the area of ​​origin of their choice to absorb aspirations directly during the recess period for the month of legislative assembly
1832,2016-08-24T06:47:55.000Z,Nyimak penjelasan Bu sekjen DPR RI ttg pembentukan pembahasan RUU BulanLegislasiDPR kenalDPR,simak jelas bu sekjen DPR RI tentang bentuk bahas RUU bulanlegislasidpr kenaldpr,"Listen clearly, Madam Secretary General of the Indonesian House of Representatives regarding the form of discussion of the draft bill for the month of Legislation, Legislation, Know the DPR"
1833,2016-08-24T06:47:17.000Z,RUU harus memenuhi kebutuhan hukum masyarakat dan implementatif cari tau kenalDPR di BulanLegeslasiDPR Good News is Good News,RUU harus penuh butuh hukum masyarakat dan implementatif cari tau kenaldpr di bulanlegeslasidpr good news is good news,The bill must be full of the need for community law and implement it. Find out about getting to know DPR at Bulanlegeslasidpr. Good news is good news
1834,2016-08-24T06:46:03.000Z,RUU yg dibahas lingkupnya meliputi semua aspek kehidupan masyarakat Repot dan luarbiasa ya bulanlegislasiDPR kenalDPR,RUU yang bahas lingkup liput semua aspek hidup masyarakat repot dan luarbiasa ya bulanlegislasidpr kenaldpr,"The bill that discusses the scope covers all aspects of people's lives, which is troublesome and extraordinary, yes, Bulanlegislasidpr knows dpr"
1835,2016-08-24T06:45:56.000Z,dPR RI hrs melihat Kuantitas kualitas RUU hrs memenuhi kebutuhan hukum masy BulanLegislasiDPR kenalDPR,dpr RI harus lihat kuantitas kualitas RUU harus penuh butuh hukum masy bulanlegislasidpr kenaldpr,"The Indonesian House of Representatives must look at the quantity and quality of the bill, it must be full, the law needs the public, the legislative body of law, the House of Representatives to know the House of Representatives"
1836,2016-08-24T06:45:45.000Z,Pembahasan RUU cukup panjang tidak bisa dibahas sendiri oleh DPR Sekjen DPR BulanLegeslasiDPR KenalDPR,bahas RUU cukup panjang tidak dapat bahas sendiri oleh DPR sekjen DPR bulanlegeslasidpr kenaldpr,"The discussion on the bill is quite long and cannot be discussed by the DPR itself, the DPR Secretary General, Bulanlegeslasidpr, knows DPR"
1837,2016-08-24T06:43:58.000Z,Dlm pembahasan tingkat RUU apabila ada deadlock akan menjadi hambatan dlm masa sidang DPR RI BulanLegislasiDPR KenalDPR,dalam bahas tingkat RUU apabila ada deadlock akan jadi hambat dalam masa sidang DPR RI bulanlegislasidpr kenaldpr,"In discussing the bill level, if there is a deadlock, it will be an obstacle during the DPR RI session in the month of the legislative session and the DPR"
1838,2016-08-24T06:43:40.000Z,Salah satu kinerja tidak hanya kuantitas RUU kenalDPR itu kenapa ada BulanLegeslasiDPR baru tau,salah satu kerja tidak hanya kuantitas RUU kenaldpr itu kenapa ada bulanlegeslasidpr baru tau,"One of the works is not only the quantity of the draft draft law, but why is there a month of legislative draft law, you just found out"
1839,2016-08-24T06:43:10.000Z,Sejak DPR RI berkomitmen jd parlemen modern Sekarang era IT kan Makin mudah u aspirasi rakyat bulanlegislasiDPR kenalDPR,sejak DPR RI komitmen jadi parlemen modern sekarang era ITU kan makin mudah kamu aspirasi rakyat bulanlegislasidpr kenaldpr,"Since the Republic of Indonesia's DPR has committed to becoming a modern parliament, now in THAT era, it will be easier for you to get to know the people's aspirations to get to know the DPR"
1840,2016-08-24T06:42:15.000Z,Bu Sekjen DPR RI sdg membahad bgmn menentukan suatu RUU msk ke dlm Program Legislasi Nasional prolegnas BulanLegislasiDPR KenalDPR,bu sekjen DPR RI sedang membahad bagaimana tentu suatu RUU masuk ke dalam program legislasi nasional prolegnas bulanlegislasidpr kenaldpr,"Ms. Secretary General of the Indonesian House of Representatives is discussing how a bill is included in the national legislative program, National Legislative Program, Monthly Legislation, Known to DPR."
1841,2016-08-24T06:40:15.000Z,Dalam rapat paripurna masih bnyak perdebatan utk melindungi masyrakat bulanlegislasiDPR kenalDPR,dalam rapat paripurna masih banyak debat untuk lindung masyrakat bulanlegislasidpr kenaldpr,"In the plenary session, there was still a lot of debate about protecting the community in the month of Legislation, DPR and DPR"
1842,2016-08-24T06:39:16.000Z,Mekanisme pembahasan substansi RUU itu terdapat di tingkat I atau di AKD Sekjen DPR BulanLegislasiDPR KenalDPR,mekanisme bahas substansi RUU itu dapat di tingkat i atau di AKD sekjen DPR bulanlegislasidpr kenaldpr,"The mechanism for discussing the substance of the bill can be at level i or at the AKD, secretary general of the DPR Bulanlegislasidpr KNOWN DPR"
1843,2016-08-24T06:30:42.000Z,Alasan kembali tunda pengesahan Perppu Kebiri,alas kembali tunda pengesahan perppu kebiri,"Alas, delay the ratification of the castration regulation again"
1844,2016-08-24T06:22:31.000Z,Mulai dari perbaikan website aktif sosmed agar lebih eksis dan mnerima aspirasi rakyat dgn mudah bulanlegislasiDPR kenalDPR,mulai dari baik website aktif sosmed agar lebih eks dan terima aspirasi rakyat dengan mudah bulanlegislasidpr kenaldpr,"starting from a good active social media website so that it can be more popular and accept people's aspirations easily, monthlegislasidpr, get to know dpr"
1845,2016-08-24T05:44:42.000Z,Ketua DPR Ade Komarudin Membukaan Seminar RUU KUHP,ketua DPR adek komarudin buka seminar RUU KUHP,"Chairman of the DPR, Adek Komarudin, opened the seminar on the Criminal Code Bill"
1846,2016-08-24T03:54:09.000Z,Alasan DPR Kembali Tunda Pengesahan Perppu Kebiri Wakil Ketua DPR RI Agus Hermanto mengaku pihaknya tak ma,alas DPR kembali tunda pengesahan perppu kebiri wakil ketua DPR RI agus hermanto aku pihak tak sama,"Alas, the DPR has again postponed the ratification of the Perppu on the castration of the Deputy Speaker of the DPR RI, Agus Hermanto. I am not on the same side"
1847,2016-08-24T03:54:07.000Z,OkezonNews Alasan DPR Kembali Tunda Pengesahan Perppu Kebiri Wakil Ketua DPR RI Agus Hermanto mengaku pih,okezonnews alas DPR kembali tunda pengesahan perppu kebiri wakil ketua DPR RI agus hermanto aku pih,"okezonnews Alas, the DPR has again postponed the ratification of the Perppu on the castration of the Deputy Speaker of the DPR RI, Agus Hermanto, I think"
1848,2016-08-24T02:59:32.000Z,Dilantik PAW Sutriyono Perkokoh Fraksi PKS DPR RI dalam Berkhidmat untuk Rakyat Rapat Paripurna ke Masa S,lantik PAW sutriyono kokoh partai PKS DPR RI dalam khidmat untuk rakyat rapat paripurna ke masa si,"inaugurates PAW Sutriyono, the strong PKS party of the DPR RI in a solemn plenary session for the people"
1849,2016-08-24T02:58:06.000Z,Agenda DPR Rabu Pukul WIB Komisi V RDP dengan Kementerian PU Pera membahas RUU Jasa Konstruksi agendaDPR,agenda DPR rabu pukul WIB komisi v RDP dengan menteri PUNYA pera bahas RUU jasa konstruksi agendadpr,DPR agenda Wednesday at WIB commission v RDP with minister PUNYA pera discuss the construction services bill on the DPR agenda
1850,2016-08-24T02:49:14.000Z,Agenda DPR Rabu Pukul WIB Komisi I Rapat Panja RUU ITE dengan Pemerintah agendaDPR,agenda DPR rabu pukul WIB komisi i rapat panja RUU ITE dengan pemerintah agendadpr,DPR agenda Wednesday at WIB commission i ITE Bill working committee meeting with government dpr agenda
1851,2016-08-24T02:07:06.000Z,Anggota Komisi XI DPR Heri Gunawan Naikkan Harga Rokok Kebijakan Serampangan dan Tak Bijak,anggota komisi XI DPR heri gunawan naik harga rokok kebijakan serampang dan tak bijak,DPR Commission XI member Heri Gunawan increased the price of cigarettes in a reckless and unwise policy
1852,2016-08-24T01:50:17.000Z,Dilantik PAW Sutriyono Perkokoh Fraksi PKS DPR RI dalam Berkhidmat untuk Rakyat Rapat Paripurna ke M PKS,lantik PAW sutriyono kokoh partai PKS DPR RI dalam khidmat untuk rakyat rapat paripurna ke sama PKS,"inaugurates PAW Sutriyono, the strong PKS party of the DPR RI in a solemn plenary session for the people of the PKS"
1853,2016-08-24T01:25:46.000Z,Radio ANDIKA Dewan Perwakilan Rakyat DPR sepakat untuk menunda pengesahan Peraturan Pemerintah Pengganti,radio ANDIKA dewan wakil rakyat DPR sepakat untuk tunda pengesahan pengaturan pemerintah ganti,"ANDIKA radio, the DPR's people's representatives agreed to postpone ratification of the replacement government arrangement"
1854,2016-08-24T00:31:15.000Z,BeritaPKS Dilantik PAW Sutriyono Perkokoh Fraksi PKS DPR RI dalam Berkhidmat untuk Rakyat Rapat Paripurna,beritapks lantik PAW sutriyono kokoh partai PKS DPR RI dalam khidmat untuk rakyat rapat paripurna,"Beritapks inaugurates PAW Sutriyono, strong PKS party DPR RI in solemn plenary meeting for the people"
1855,2016-08-24T00:16:39.000Z,Dilantik PAW Sutriyono Perkokoh Fraksi PKS DPR RI dalam Berkhidmat untuk Rakyat Rapat Paripurna k MunasPKS,lantik PAW sutriyono kokoh partai PKS DPR RI dalam khidmat untuk rakyat rapat paripurna ke munaspks,"inaugurates PAW Sutriyono, the strong PKS party of the DPR RI in solemn service to the people at the plenary session at the National Assembly"
1856,2016-08-23T23:58:41.000Z,JAKARTA Dewan Perwakilan Rakyat DPR sepakat untuk menunda pengesahan Peraturan Pemerintah Pengganti undan,JAKARTA dewan wakil rakyat DPR sepakat untuk tunda pengesahan pengaturan pemerintah ganti undan,"JAKARTA, the DPR's people's representatives have agreed to postpone ratification of the government's arrangement to replace the lottery"
1857,2016-08-23T23:25:21.000Z,Berita Foto Fraksi PKS DPR RI Terima Masukan dari BEM FKM UI tentang RUU Pertembakauan,berita foto partai PKS DPR RI terima masuk dari BEM FKM UI tentang RUU tembakau,news photo of the DPR RI PKS party receiving input from BEM FKM UI regarding the tobacco bill
1858,2016-08-23T22:47:23.000Z,Rapat Paripurna ke Masa Sidang I Tahun Persidangan hari ini Selasa diawali dengan,rapat paripurna ke masa sidang i tahun sidang hari ini selasa awal dengan,"plenary meeting for the first session of the year, today's session is Tuesday, starting with"
1859,2016-08-23T14:46:36.000Z,BAHAYA MANA SHABU DARI CINA ATAU ROKOK? DIMANA KEBIJAKAN ANTISIPATIF PEMERINTAH??,BAHAYA MANA SHABU DARI CINA ATAU ROKOK ? MANA KEBIJAKAN ANTISIPATIF PEMERINTAH ? ?,WHICH IS THE DANGER OF CHINESE SHABUS OR CIGARETTES? WHERE IS THE GOVERNMENT'S ANTICIPATIVE POLICY? ?
1860,2016-08-23T12:13:59.000Z,Ketua DPR Tak Ingin Komisi III Buru buru dalam Membahas RUU KUHP Komisi III DPR RI menggelar acara seminar R,ketua DPR tak ingin komisi II buru buru dalam bahas RUU KUHP komisi II DPR RI gelar acara seminar r,The chairman of the DPR does not want Commission II to rush into discussing the Criminal Code Bill. Commission II of the DPR RI holds a seminar r
1861,2016-08-23T12:13:12.000Z,News Ketua DPR Tak Ingin Komisi III Buru buru dalam Membahas RUU KUHP Komisi III DPR RI menggelar acar TU,news ketua DPR tak ingin komisi II buru buru dalam bahas RUU KUHP komisi II DPR RI gelar acar ITU,"news The chairman of the DPR does not want Commission II to rush into discussing the Criminal Code Bill, Commission II of the DPR RI holds an ITU event"
1862,2016-08-23T11:44:51.000Z,Hadiri disks RUU Lmbga pendidikan keagamaan di Ruang KK DPR RI Kamis jm,hadir disks RUU lmbga didik agama di ruang KAKAK DPR RI kamis jm,"attended the diskussion of the Religious Education Institute Bill in the KAKAK room of the Indonesian House of Representatives, Thursday, Jm"
1863,2016-08-23T10:51:10.000Z,Sblm rapat paripurna hrs menjawab awak media ttg VISA Haji n Ahok,belum rapat paripurna harus jawab awak media tentang VISA haji n ahok,The plenary meeting has not yet had to answer the media crew about the Hajj and Ahok VISAs
1864,2016-08-23T08:13:11.000Z,Sidang Paripurna Pandangan umum Fraksi ttg RUU APBN Nota Keuangannya,sidang paripurna pandang umum partai tentang RUU APBN nota uang,plenary session of the party's general views on the money note APBN Bill
1865,2016-08-23T07:22:57.000Z,Semoga lancar dan sukses utk rapat Paripurna TS DPR_RI DRA DodiReza palembang Muba Sekayu,moga lancar dan sukses untuk rapat paripurna TS DPR_RI DRA dodireza palembang muba kayu,Good luck and success for the plenary meeting of TS DPR_RI DRA dodireza palembang muba Kayu
1866,2016-08-23T04:32:36.000Z,Dr Agus Hermanto bersama pimpinan DPR RI menghadiri Rapat Paripurna Masa Persidangan I TS,dari agus hermanto sama kepemimpinan DPR RI hadir rapat paripurna masa sidang i TS,Agus Hermanto and the DPR RI leadership attended the plenary session during the first TS session
1867,2016-08-23T06:15:39.000Z,Pandangan Umum Fraksi PPP terhadap RUU APBN Tahun Anggaran nota keuangannya ParipurnaLive,pandang umum partai PP hadap RUU APBN tahun anggaran nota uang paripurnalive,General view of the PP party regarding the APBN Bill for the fiscal year plenary money note
1868,2016-08-23T06:13:54.000Z,Dewan Perwakilan Rakyat menggelar rapat paripurna kedua yang pada masa persidangan tahun sidang p,dewan wakil rakyat gelar rapat paripurna dua yang pada masa sidang tahun sidang p,the people's representative council held its second plenary meeting during the session year p
1869,2016-08-23T05:58:46.000Z,Fraksi PKS menyetujui RUU APBN Tahun Anggaran dengan catatan yang diberikan ParipurnaLive,partai PKS tuju RUU APBN tahun anggaran dengan catat yang beri paripurnalive,The PKS party targets the APBN Bill for the fiscal year with a note that provides plenary live
1870,2016-08-23T05:37:34.000Z,Aksi para Nelayan LoKaL dlm MengawaL Pemerintahan akan kebijakan nya Pada Landasan Negara UUD,gerakan para nelayan lokal dalam awal pemerintah akan kebijakan nya pada landas negara UUD,movement of local fishermen in the beginning of the government's policy on the basis of the state Constitution
1871,2016-08-23T05:33:29.000Z,Pandangan Umum Fraksi PKS terhadap RUU APBN Tahun Anggaran nota keuangannya ParipurnaLive,pandang umum partai PKS hadap RUU APBN tahun anggaran nota uang paripurnalive,general view of the PKS party regarding the APBN Bill for the fiscal year plenary money note
1872,2016-08-23T05:31:47.000Z,Fraksi PKB menyetujui RUU APBN Tahun Anggaran dengan catatan yang diberikan ParipurnaLive,partai PKB tuju RUU APBN tahun anggaran dengan catat yang beri paripurnalive,The PKB party targets the APBN Bill for the fiscal year with a note that provides plenary live
1873,2016-08-23T05:13:25.000Z,Pandangan Umum Fraksi PKB terhadap RUU APBN Tahun Anggaran nota keuangannya ParipurnaLive,pandang umum partai PKB hadap RUU APBN tahun anggaran nota uang paripurnalive,general view of the PKB party regarding the APBN Bill for the fiscal year plenary money note
1874,2016-08-23T05:11:33.000Z,Fraksi PAN menyetujui RUU APBN Tahun Anggaran dengan catatan yang diberikan ParipurnaLive,partai KAPAN tuju RUU APBN tahun anggaran dengan catat yang beri paripurnalive,The KAPAN party aims for the APBN Bill for the fiscal year with notes that provide plenary live
1875,2016-08-23T04:53:24.000Z,Pandangan Umum Fraksi PAN terhadap RUU APBN Tahun Anggaran nota keuangannya ParipurnaLive,pandang umum partai KAPAN hadap RUU APBN tahun anggaran nota uang paripurnalive,party's general view WHEN to face the APBN Bill for the fiscal year plenary money notes live
1876,2016-08-23T03:49:14.000Z,Agenda Paripurna Pandangan Umum Fraksi atas RUU tentang APBN Tahun Anggaran dan nota keuangannya ParipurnaLive,agenda paripurna pandang umum partai atas RUU tentang APBN tahun anggaran dan nota uang paripurnalive,plenary agenda general view of the party on the bill on the APBN for the fiscal year and plenary money notes
1877,2016-08-23T02:12:46.000Z,rapat paripurna sdh terjadwal update terus ya RUUKepalangmerahan Bersama,rapat paripurna sudah jadwal update terus ya ruukepalangmerahan sama,"The plenary meeting has a schedule of continuous updates, right? Ruukelangmerahan is the same"
1878,2016-08-23T02:09:55.000Z,Agenda DPR Selasa Pukul WIB Ketua DPR Ade Komarudin membuka Seminar RUU KUHP agendaDPR,agenda DPR selasa pukul WIB ketua DPR adek komarudin buka seminar RUU KUHP agendadpr,"DPR agenda, Tuesday at WIB, DPR chairman Adek Komarudin opens the seminar on the Draft Criminal Code Bill, DPR agenda"
1879,2016-08-22T13:36:40.000Z,Seminar RUU KUHP dengan tema Evaluasi dan Perkembangan Hukum Pidana di Indonesia di Gedung Pustaka Loka DPR RI,seminar RUU KUHP dengan tema evaluasi dan kembang hukum pidana di indonesia di gedung pustaka loka DPR RI,seminar on the Criminal Code Bill with the theme evaluation and development of criminal law in Indonesia at the DPR RI local library building
1880,2016-08-22T11:41:25.000Z,sebagai wakil rakyat YANG MULIA apa waras cuti bulan gaji dibayar full? enak ya seperti dana reses DPR?,bagai wakil rakyat YANG MULIA apa waras cuti bulan gaji bayar full ? enak ya seperti dana reses DPR ?,"As a NOBLE representative of the people, is it sane to take a month's leave with full salary? Isn't it nice like the DPR recess funds?"
1881,2016-08-22T11:26:12.000Z,Soal Gugatan Ahok Fadli Zon MK Masih Waras,soal penggugatan ahok fadli zon MAKA masih waras,regarding Ahok Fadli Zon's lawsuit THEN he is still sane
1882,2016-08-22T09:43:40.000Z,Wakil Ketua DPR DPR Catat Ada Perbaikan Kebijakan Penyelenggaraan Haji,wakil ketua DPR DPR catat ada baik kebijakan penyelenggaraan haji,The deputy chairman of the DPR DPR noted that there are good policies for organizing the Hajj
1883,2016-08-22T08:54:52.000Z,Wakil Ketua DPR RI Fahri Hamzah mendukung wacana dilakukannya revisi Undang Undang Kewarganegaraan,wakil ketua DPR RI fahri hamzah dukungan wacana pelaksanaan revisi undang undang kewarganegaraan,"Deputy chairman of the DPR RI, Fahri Hamzah, supports the discourse on implementing the revision of the citizenship law"
1884,2016-08-22T04:29:02.000Z,Rapat paripurna with Ihsansansan Diana Risky and others at Gedung Nusantara DPR RI,rapat paripurna with ihsansansan ana risky and others at gedung nusantara DPR RI,plenary meeting with ihsansansan ana risky and others at the Indonesian DPR Nusantara Building
1885,2016-08-22T01:59:43.000Z,Agenda DPR Senin Pukul WIB Banggar DPR Rapat Panja Kesimpulan RUU Pertanggungjawaban APBN TA agendaDPR,agenda DPR senin pukul WIB banggar DPR rapat panja simpul RUU pertanggungjawaban APBN TA agendadpr,"DPR agenda, Monday at WIB, DPR will hold a working committee meeting to conclude the TA APBN accountability bill, DPR agenda"
1886,2016-08-22T01:49:44.000Z,VenzTime Komisi I DPR RI akan segera membentuk Panja Interkoneksi untuk mengawal kebijakan tarif ini karena,venztime komisi i DPR RI akan segera bentuk panja interkoneksi untuk awal kebijakan tarif ini karena,venztime commission i DPR RI will soon form an interconnection committee for the start of this tariff policy because
1887,2016-08-22T01:44:16.000Z,Komisi I DPR RI akan segera membentuk Panja Interkoneksi untuk mengawal kebijakan tarif ini karena dinilai be,komisi i DPR RI akan segera bentuk panja interkoneksi untuk awal kebijakan tarif ini karena nilai be,Commission i DPR RI will immediately form an interconnection working committee for the start of this tariff policy because of the value of be
1888,2016-08-22T01:08:34.000Z,Radio ANDIKA Wakil Ketua DPR RI Fahri Hamzah menyatakan semua kebijakan Menteri Energi dan Sumber Daya,radio ANDIKA wakil ketua DPR RI fahri hamzah nyata semua kebijakan menteri energi dan sumber daya,"ANDIKA radio, deputy chairman of the DPR RI, Fahri Hamzah, stated all the policies of the Minister of Energy and Resources"
1889,2016-08-22T00:47:46.000Z,Fraksi Kesenjangan Ekonomi Masih Sangat Lebar Perlu Kebijakan Lebih Kuat Wakil Ketua Fraksi PKS DPR RI Bid,partai senjang ekonomi masih sangat lebar perlu kebijakan lebih kuat wakil ketua partai PKS DPR RI bid,"party economic gap is still very wide, needs stronger policies, deputy chairman of the DPR RI PKS party bid"
1890,2016-08-21T19:20:36.000Z,JAKARTA Wakil Ketua DPR RI Fahri Hamzah menyatakan semua kebijakan Menteri Energi dan Sumber Daya Mineral,JAKARTA wakil ketua DPR RI fahri hamzah nyata semua kebijakan menteri energi dan sumber daya mineral,"JAKARTA, Deputy Chairman of the Indonesian House of Representatives, Fahri Hamzah, stated all the policies of the Minister of Energy and Mineral Resources"
1891,2016-08-21T08:09:49.000Z,JANGANKAN ROKOK Rb MOTOR AJA KEBELI ? APA KEBIJAKAN DIBUAT MAKIN BIKIN KAYA PENGUSAHA ?,JANGAN ROKOK ribu MOTOR SAJA KEBEL ? APA KEBIJAKAN BUAT MAKIN BIKIN SEPERTI USAHA ?,DON'T SMOKE THOUSAND MOTORCYCLES JUST LIKE IT? WHAT IS THE POLICY TO MAKE IT MORE LIKE A BUSINESS?
1892,2016-08-21T02:32:25.000Z,anggota dpr urus panjat bambu jangan lah pak urus aja kebijakan pemerintah yg menyimpang,anggota dpr urus panjat bambu jangan lah pak urus saja kebijakan pemerintah yang simpang,"DPR members take care of bamboo climbing, sir, don't just take care of the government's distorted policies"
1893,2016-08-20T10:23:17.000Z,Komisi VII Realisasi Revisi UU Migas Rampung Akhir Tahun Ini Komisi VII DPR RI memberikan sinyal bahwa revisi Undang Undang Minyak,komisi VII realisasi revisi UU migas rampung akhir tahun ini komisi VII DPR RI beri sinyal bahwa revisi undang undang minyak,Commission VII realization of the revision of the oil and gas law to be completed at the end of this year Commission VII DPR RI gave a signal that the revision of the oil law
1894,2016-08-20T10:20:35.000Z,Komisi VII DPR RI memberikan sinyal bahwa revisi Undang Undang Minyak dan Gas Bumi UU Migas bisa selesai ak,komisi VII DPR RI beri sinyal bahwa revisi undang undang minyak dan gas bumi UU migas dapat selesai aku,"Commission VII DPR RI has given a signal that the revision of the oil and natural gas law, the oil and gas law, can be completed"
1895,2016-08-19T17:21:34.000Z,Jika Revolusi Mental jadi kebijakan prioritas mungkin Indonesia damai dgn sendirinya saling menghargai antara umat yg lain,jika revolusi mental jadi kebijakan prioritas mungkin indonesia damai dengan sendiri saling harga antara umat yang lain,"If mental revolution becomes a priority policy, maybe Indonesia will be at peace with mutual respect between other peoples"
1896,2016-08-19T16:28:38.000Z,Kurangnya dukungan kebijakan dan lemahnya koordinasi antar lembaga yg membuat Revolusi Mental hanya HOAX,kurang dukungan kebijakan dan lemah koordinasi antar lembaga yang buat revolusi mental hanya HOAX,lack of policy support and weak coordination between institutions which makes the mental revolution just a HOAX
1897,2016-08-19T15:57:46.000Z,Wis DPR RI segera canangkan RUU Purging untuk tahun depan,wis DPR RI segera canang RUU purging untuk tahun depan,wis the DPR RI will immediately draft a purging bill for next year
1898,2016-08-19T15:57:02.000Z,JKTJanken vs Winner Aurel,jktjanken vs winner aurel,jktjanken vs winner aurel
1899,2016-08-19T12:34:10.000Z,Menghadiri Rapat Paripurna Dewan Perwakilan Rakyat Daerah Kota Bogor,hadir rapat paripurna dewan wakil rakyat daerah kota bogor,attended the plenary meeting of the Bogor City Regional People's Representative Council
1900,2016-08-19T07:43:19.000Z,Wakil Rakyat Perlu Elak Politikkan RUU,wakil rakyat perlu elak politik RUU,People's representatives need to avoid bill politics
1901,2016-08-19T02:51:00.000Z,karena wakil partai di DPR memposisikan diri mereka sebagai majikan bukan pengambil kebijakan atau jadi wakil rakyat,karena wakil partai di DPR posisi diri mereka bagai majikan bukan ambil kebijakan atau jadi wakil rakyat,because party representatives in the DPR position themselves as employers rather than making policies or being representatives of the people
1902,2016-08-18T14:47:17.000Z,Wakil rakyat perlu elak politikkan RUU by SinarOnline,wakil rakyat perlu elak politik RUU by sinaronline,People's representatives need to avoid the politics of the bill by SinarOnline
1903,2016-08-18T14:46:18.000Z,Wakil rakyat perlu elak politikkan RUU,wakil rakyat perlu elak politik RUU,People's representatives need to avoid bill politics
1904,2016-08-18T10:34:07.000Z,BP Doa Penutup Anggota DPR saat Rapat Paripurna Berdasarkan Realitas,BP doa tutup anggota DPR saat rapat paripurna dasar realitas,BP closed prayers for DPR members during plenary session based on reality
1905,2016-08-18T10:18:04.000Z,Doa penutup anggota saat rapat Paripurna berdasarkan realitas,doa tutup anggota saat rapat paripurna dasar realitas,The members' closing prayer during the plenary session is based on reality
1906,2016-08-18T10:14:04.000Z,Doa Penutup Anggota DPR saat Rapat Paripurna Berdasarkan Realitas,doa tutup anggota DPR saat rapat paripurna dasar realitas,The closing prayer of DPR members during the plenary session is based on reality
1907,2016-08-18T10:03:31.000Z,News Doa Penutup Anggota DPR saat Rapat Paripurna Berdasarkan Realitas followMe follback,news doa tutup anggota DPR saat rapat paripurna dasar realitas followme follback,news closing prayer for DPR members during plenary session based on reality followme follback
1908,2016-08-18T05:23:23.000Z,SAHKAN RUU ANTI MIRAS cc URGENT ASAP,SAHKAN RUU ANTI MIRAS cc URGENT ASAP,PASS THE ANTI DRINKING BILL cc URGENT SMOKE
1909,2016-08-18T03:46:47.000Z,Ayooo RUU penyiaranya di beresin bapak bapak,ayo RUU penyiaranya di resin bapak bapak,"Come on, let's put the broadcasting bill in resin, sir"
1910,2016-08-18T03:09:16.000Z,Anggota DPR RI Malas Sosialisasikan Kebijakan Tax Amnesty,anggota DPR RI malas sosialisasi kebijakan tax amnesty,DPR RI members are lazy about socializing the tax amnesty policy
1911,2016-08-18T01:35:35.000Z,InfoRAKA Isi doa pada Rapat Paripurna Pembukaan Masa Persidangan I DPR RI tahun sidang menuai pro kontra,inforaka isi doa pada rapat paripurna buka masa sidang i DPR RI tahun sidang tuai pro kontra,"information on the contents of the prayer at the plenary session opening the first session of the Republic of Indonesia's DPR, the year the session reaped the pros and cons"
1912,2016-08-17T23:23:15.000Z,Ketua DPR RI Ade Komarudin mengatakan pihaknya kemungkinan akan mengusulkan evaluasi Program Legislasi Nasion,ketua DPR RI adek komarudin kata pihak mungkin akan usul evaluasi program legislasi nasion,"Chairman of the DPR RI, Adek Komarudin, said that the party might propose an evaluation of the national legislation program"
1913,2016-08-17T15:19:52.000Z,VenzTime Anggota Komisi XI DPR RI Refrizal menginginkan berbagai kebijakan fiskal pemerintah dapat memperkua,venztime anggota komisi XI DPR RI refrizal ingin bagai kebijakan fiskal pemerintah dapat memperkua,Venztime member of Commission XI DPR RI Refrizal wants the government's fiscal policy to be strengthened
1914,2016-08-17T15:18:44.000Z,Anggota DPR perkuat peran pembangunan BUMN Anggota Komisi XI DPR RI Refrizal menginginkan berbagai kebijakan,anggota DPR kuat peran pembangunan BUMN anggota komisi XI DPR RI refrizal ingin bagai kebijakan,DPR members have a strong role in BUMN development. Members of Commission XI DPR RI refrizal want it to be a policy
1915,2016-08-17T10:24:43.000Z,Tanggal Agustus akan digelar Rapat Paripurna DPR dengan agenda tunggal HUT DPR RI Ke,tanggal agustus akan gelar rapat paripurna DPR dengan agenda tunggal HUT DPR RI ke,"On August, the DPR will hold a plenary meeting with the sole agenda of the DPR RI's anniversary"
1916,2016-08-17T07:58:45.000Z,Ada momen yang bikin heboh publik pada Rapat Paripurna Pembukaan Masa Persidangan I DPR RI tahun sidang,ada momen yang bikin heboh publik pada rapat paripurna buka masa sidang i DPR RI tahun sidang,There was a moment that caused a stir among the public at the plenary session opening the first session of the Republic of Indonesia's DPR session this year
1917,2016-08-17T07:28:00.000Z,Anggota Komisi XI Dewan Perwakilan Rakyat Republik Indonesia DPR RI Refrizal meminta berbagai kebijakan fis,anggota komisi XI dewan wakil rakyat republik indonesia DPR RI refrizal minta bagai kebijakan fis,Member of Commission
1918,2016-08-17T07:26:51.000Z,Anggota Komisi XI Dewan Perwakilan Rakyat Republik Indonesia DPR RI Refrizal meminta berbagai kebijakan fiskal pemerintah,anggota komisi XI dewan wakil rakyat republik indonesia DPR RI refrizal minta bagai kebijakan fiskal pemerintah,Member of Commission
1919,2016-08-17T07:19:20.000Z,Heboh Doa Penutup Anggota DPR Dalam Rapat Paripurna,heboh doa tutup anggota DPR dalam rapat paripurna,There was a stir in the closing prayers of DPR members in the plenary session
1920,2016-08-17T06:46:53.000Z,Doa dalam Rapat Paripurna Pembukaan Masa Persidangan I DPR RI tahun sidang di Gd DPR MPR kemarin cukup membuat heboh khalayak,doa dalam rapat paripurna buka masa sidang i DPR RI tahun sidang di gd DPR MPR kemarin cukup buat heboh khalayak,The prayer at the plenary session to open the first session of the DPR RI last year's session at the DPR MPR hall yesterday was enough to make the audience excited
1921,2016-08-17T06:41:42.000Z,Inilah aspirasiku aspirasi rakyat Semoga ini mnjdi agenda mendesak pemerintah terkait Aspirasi,ini aspirasi aspirasi rakyat moga ini jadi agenda desakan pemerintah kait aspirasi,"This is the aspirations of the people, hopefully this will become the government's pressing agenda regarding aspirations"
1922,2016-08-17T06:25:15.000Z,Cc jangan berani ya kompromi yg untungkan golonganmu tp merusak bangsa ini dg setujui RUU tersebut !,cc jangan berani ya kompromi yang untung golong tetapi rusak bangsa ini dengan tuju RUU sebut !,"cc, don't you dare make a compromise that will benefit everyone but will damage this nation with the aim of this bill!"
1923,2016-08-17T02:41:38.000Z,Medan Heboh Isi Doa Penutup Rapat Paripurna Persidangan I DPR RI,medan heboh isi doa tutup rapat paripurna sidang i DPR RI,The field was excited by the prayer closing the plenary session of the first session of the DPR RI
1924,2016-08-17T02:37:20.000Z,perjuangan untuk tidak tidur di tengah rapat paripurna seperti itu,juang untuk tidak tidur di tengah rapat paripurna seperti itu,struggling not to sleep in the middle of a plenary meeting like that
1925,2016-08-17T01:32:05.000Z,MedanDotCom Heboh Isi Doa Penutup Rapat Paripurna Persidangan I DPR RI MedanIniHari,medandotcom heboh isi doa tutup rapat paripurna sidang i DPR RI medaninihari,Medandotcom was excited about the prayer closing the plenary session of the first session of the DPR RI Medan this day
1926,2016-08-17T01:31:59.000Z,Heboh Isi Doa Penutup Rapat Paripurna Persidangan I DPR RI,heboh isi doa tutup rapat paripurna sidang i DPR RI,There was a lot of excitement in the prayer closing the plenary session of the first session of the Indonesian House of Representatives
1927,2016-08-17T01:00:08.000Z,Pembukaan Masa Persidangan Tahun DPR RI Presiden Joko Widodo Menyampaikan tiga Kebijakan GMI_MNCNews,buka masa sidang tahun DPR RI presiden joko widodo sampai tiga kebijakan gmi_mncnews,President Joko Widodo's DPR RI session opens for three policies gmi_mncnews
1928,2016-08-16T11:58:10.000Z,Paripurna DPRD Setujui Pertanggungjawaban APBD Makassar Rapat paripurna DPRD Dewan Perwakilan Rakyat,paripurna DPRD tuju pertanggungjawaban APBD makassar rapat paripurna DPRD dewan wakil rakyat,DPRD plenary session aimed at accountability of the Makassar APBD. DPRD plenary meeting of the people's representative council
1929,2016-08-16T10:09:09.000Z,Bersama Bapak Presiden jokowi setelah Pidato Nota Keuangan RAPBN di Rapat Paripurna DPR_RI,sama bapak presiden jokowi telah pidato nota uang RAPBN di rapat paripurna DPR_RI,President Jokowi and Mr Jokowi delivered a speech on the RAPBN money note at the DPR_RI plenary session
1930,2016-08-16T09:38:43.000Z,Rapat Paripurna DPR RI,rapat paripurna DPR RI,DPR RI plenary meeting
1931,2016-08-16T09:24:21.000Z,Ketua DPR Kesulitan Ciptakan Kesempatan Bagi Mereka yang Aktif dan Kreatif Pada Rapat Paripurna Pembukaan Masa,ketua DPR sulit cipta sempat bagi mereka yang aktif dan kreatif pada rapat paripurna buka masa,It is difficult for the chairman of the DPR to create time for those who are active and creative at the opening session of the plenary session
1932,2016-08-16T09:09:59.000Z,dijajah lewat undang undang rokok yg disahkan wakil rakyat indutri rokok rakyat bangkrut n mati pelan,jajah lewat undang undang rokok yang sah wakil rakyat indutri rokok rakyat bangkrut n mati pelan,colonized through a cigarette law that was a legitimate representative of the people. The people's cigarette industry went bankrupt and died slowly
1933,2016-08-16T08:54:02.000Z,Seluruh rangkaian Rapat Paripurna DPR RI dengan agenda pembacaan RUU APBN TA telah selesai ParipurnaDPR,seluruh rangkai rapat paripurna DPR RI dengan agenda baca RUU APBN TA telah selesai paripurnadpr,The entire series of DPR RI plenary meetings with the agenda of reading the TA APBN Bill has been completed in plenary session
1934,2016-08-16T08:51:32.000Z,Rapat Paripurna dengan agenda Pidato Ketua DPR RI dan Penyampaian RUU APBN dan Nota Keuangan oleh Presiden Jokowi telah selesai,rapat paripurna dengan agenda pidato ketua DPR RI dan sampai RUU APBN dan nota uang oleh presiden jokowi telah selesai,plenary meeting with the agenda of the chairman of the DPR RI's speech and until the APBN Bill and money note by President Jokowi have been completed
1935,2016-08-16T08:41:53.000Z,Pidato presiden Republik Indonesia tentang RUU APBN pada sidang paripurna DPR RI DPD RI tgl Agustus,pidato presiden republik indonesia tentang RUU APBN pada sidang paripurna DPR RI DPD RI tanggal agustus,speech by the President of the Republic of Indonesia regarding the APBN Bill at the plenary session of the DPR RI DPD RI on August
1936,2016-08-16T08:10:40.000Z,Presiden telah selesai menyampaikan RUU APBN Tahun Anggaran beserta nota keuangannya ParipurnaDPR,presiden telah selesai sampai RUU APBN tahun anggaran serta nota uang paripurnadpr,The president has completed the APBN bill for the fiscal year and the plenary session notes
1937,2016-08-16T08:03:50.000Z,Kebijakan pembiayaan utk memperkuat daya tahan dan pengendalian resiko dgn menjaga defisit dan rasio utang ParipurnaDPR,kebijakan biaya untuk kuat daya pertahanan dan kendali resiko dengan jaga defisit dan rasio utang paripurnadpr,cost policy for strong defense power and risk control by maintaining the deficit and plenary debt ratio
1938,2016-08-16T08:03:42.000Z,kebijakan perpajakan yg mendukung gerak perekonomian Kebijakan belanja lebih menekankan pd peningkatan kualitas belanja produktif,kebijakan paja yang dukungan gerak ekonomi kebijakan belanja lebih tekan pada tingkat kualitas belanja produktif,"tax policies that support economic movement, spending policies put more emphasis on the quality level of productive spending"
1939,2016-08-16T08:03:18.000Z,RAPBN disusun dengan berpedoman pada kebijakan utama Presiden ParipurnaDPR,RAPBN susun dengan pedoman pada kebijakan utama presiden paripurnadpr,The draft APBN is prepared with guidelines on the main policies of the plenary president
1940,2016-08-16T08:02:37.000Z,Dalam pembukaan Rapat Paripurna DPR RI Presiden mengucapkan terima kasih atas masukan yg disampaikan Ketua DPR pd pendahuluan ParipurnaDPR,dalam buka rapat paripurna DPR RI presiden ucap terima kasih atas masuk yang sampai ketua DPR pada dahulu paripurnadpr,"At the opening of the DPR RI plenary session, the President expressed his thanks for coming to the chairman of the DPR during the previous plenary session"
1941,2016-08-16T08:02:05.000Z,Demikian beberap poin penting pidato Ketua DPR Ade Komarudin dalam Rapat Paripurna DPR RI mengenai RUU APBN ParipurnaDPR,demikian beberap poin penting pidato ketua DPR adek komarudin dalam rapat paripurna DPR RI kena RUU APBN paripurnadpr,"These are some of the important points from the speech of the chairman of the DPR, Adek Komarudin, in the plenary session of the DPR RI regarding the plenary APBN Bill."
1942,2016-08-16T07:55:35.000Z,Trend Alert Rapat Paripurna DPR RI More trends at trndnl,trend alert rapat paripurna DPR RI more trends at trndnl,trend alert DPR RI plenary session more trends at trndnl
1943,2016-08-16T07:53:54.000Z,⒍ Rapat Paripurna DPR RI ⒎ AKU KAMU DIA ⒏ Creative Box ⒐ Coach ⒑ Ketik SET WIB trndnl,⒍ rapat paripurna DPR RI ⒎ AKU KAMU DIA ⒏ creative box ⒐ coach ⒑ ketik SET WIB trndnl,⒍ DPR RI plenary meeting ⒎ I AM YOU HE ⒏ creative box ⒐ coach ⒑ type SET WIB trndnl
1944,2016-08-16T07:53:09.000Z,Kemenangan Terbesar TAIPANQQ BBM BDBE SiapSiapan Rapat Paripurna DPR RI AKU KAMU DIA Creative Box Coach,menang besar TAIPANQQ BBM BDBE siapsiapan rapat paripurna DPR RI AKU KAMU DIA creative box coach,big win TAIPANQQ BBM BDBE prepares for the DPR RI plenary meeting I AM YOU HE creative box coach
1945,2016-08-16T07:53:00.000Z,Trick Memilih Meja Hoki TAIPANQQ BBM BDBE SiapSiapan Rapat Paripurna DPR RI AKU KAMU DIA Creative Box Coach,trick pilih meja hoki TAIPANQQ BBM BDBE siapsiapan rapat paripurna DPR RI AKU KAMU DIA creative box coach,tricks for choosing a TAIPANQQ hockey table BBM BDBE prepare for the DPR RI plenary meeting I AM YOU HE creative box coach
1946,2016-08-16T07:42:21.000Z,Presiden menyampaikan pidato RAPBN dalam Rapat Paripurna DPR RI SpecialReport,presiden sampai pidato RAPBN dalam rapat paripurna DPR RI specialreport,the president delivered the RAPBN speech at the DPR RI plenary session special report
1947,2016-08-16T07:39:07.000Z,Rendahnya penyerapan disebabkan faktor perencanaan manajemen kelembagaan kebijakan serta penyerapan anggaran di akhir tahun ParipurnaDPR,rendah serap sebab faktor rencana manajemen lembaga kebijakan serta serap anggaran di akhir tahun paripurnadpr,Low absorption is due to policy agency management plans and budget absorption at the end of the plenary year
1948,2016-08-16T07:37:48.000Z,Penyampaian Pidato Presiden mengenai RUU APBN merupakan bagian dari pelaksanaan fungsi legislasi dan anggaran DPR ParipurnaDPR,sampai pidato presiden kena RUU APBN rupa bagi dari laksana fungsi legislasi dan anggaran DPR paripurnadpr,until the president's speech is subject to the APBN Bill in the form of legislative and budgetary functions of the DPR plenary session
1949,2016-08-16T07:33:11.000Z,Agenda Sidang Tahunan MPR Sidang Bersama DPR DPD serta Rapat Paripurna DPR RI Selasa Info,agenda sidang tahun MPR sidang sama DPR DPD serta rapat paripurna DPR RI selasa info,"agenda for the annual session of the MPR with the DPR DPD and the DPR RI plenary meeting on Tuesday, information"
1950,2016-08-16T07:27:39.000Z,wirabuana korem Dandim Buton menghadiri Rapat Paripurna Istimewa Dewan Perwakilan Rakya Kodim,wirabuana korem dandim buton hadir rapat paripurna istimewa dewan wakil rakyat kodim,Wirabuana Korem Dandim Buton attended the special plenary meeting of the Kodim People's Representative Council
1951,2016-08-16T07:24:58.000Z,Resmi dibuka DPR RI gelar rapat paripurna dgn agenda pidato Presiden ttg RAPBN dan Nota Keuangan,resmi buka DPR RI gelar rapat paripurna dengan agenda pidato presiden tentang RAPBN dan nota uang,DPR RI officially opened to hold a plenary meeting with the agenda being the president's speech regarding the RAPBN and money notes
1952,2016-08-16T07:24:43.000Z,Berdasarkan catatan Sekjen DPR RI Rapat Paripurna ini dihadiri oleh anggota DPR Rangkaian acara juga akan diisi oleh pidato Presiden,dasar catat sekjen DPR RI rapat paripurna ini hadir oleh anggota DPR rangkai acara juga akan isi oleh pidato presiden,The Secretary General of the DPR RI noted that this plenary session was attended by members of the DPR. The series of events will also include the president's speech
1953,2016-08-16T07:21:59.000Z,Paripurna Ade Komarudin Jabar ke empat ttg RUU APBN Surat tsb sesuai aturan DPR RI akan ditindaklanjuti,paripurna adek komarudin jabar ke empat tentang RUU APBN surat sebut sesuai pengaturan DPR RI akan ditindaklanjuti,"Adek Komarudin West Java's fourth plenary session regarding the APBN Bill, the letter stated that according to the regulations of the DPR RI, it would be followed up"
1954,2016-08-16T07:17:04.000Z,Rapat Paripurna DPR dengan agenda Pembukaan Masa Persidangan I Tahun Sidang dan pembacaan RUU APBN dan nota keuanganya,rapat paripurna DPR dengan agenda buka masa sidang i tahun sidang dan baca RUU APBN dan nota keuanganya,DPR plenary meeting with the agenda of opening the first session of the session year and reading the APBN Bill and financial notes
1955,2016-08-16T06:18:20.000Z,RT SindotrijayaFM LintasINFO DPR RI pada siang hari ini akan gelar rapat paripurna dgn agenda pidato Presiden jokowi perihal RAPBN,RT sindotrijayafm lintasinfo DPR RI pada siang hari ini akan gelar rapat paripurna dengan agenda pidato presiden jokowi perihal RAPBN,RT sindotrijayafm Lintasinfo DPR RI this afternoon will hold a plenary meeting with the agenda of President Jokowi's speech regarding the RAPBN
1956,2016-08-16T06:15:05.000Z,LintasINFO DPR RI pada siang hari ini akan gelar rapat paripurna dgn agenda pidato Presiden perihal RAPBN dan Nota Keuangan,lintasinfo DPR RI pada siang hari ini akan gelar rapat paripurna dengan agenda pidato presiden perihal RAPBN dan nota uang,Lintasinfo DPR RI this afternoon will hold a plenary meeting with the agenda being the president's speech regarding the RAPBN and money notes
1957,2016-08-16T04:39:36.000Z,Presiden Wakil Presiden didampingi Pimpinan DPR dan Pimpinan DPD meninggalkan Ruang Rapat Paripurna SidangBersama,presiden wakil presiden damping kepemimpinan DPR dan kepemimpinan DPD tinggal ruang rapat paripurna sidangbersama,The president and vice president accompany the leadership of the DPR and the leadership of the DPD in the plenary session room together
1958,2016-08-16T04:37:34.000Z,Rangkaian SidangBersama DPR RI dan DPD RI telah selesai dan akan dilanjutkan Rapat ParipurnaDPR dengan agenda pembacaan RUU APBN,rangkai sidangbersama DPR RI dan DPD RI telah selesai dan akan lanjut rapat paripurnadpr dengan agenda baca RUU APBN,The series of joint sessions with the DPR RI and DPD RI has been completed and the plenary session will continue with the agenda of reading the APBN Bill
1959,2016-08-16T03:27:18.000Z,harus gunakan haknya utk bertanya kpd Presiden selidiki kebijakan apa saja yg sudah dilakukan oleh WNA,harus penggunaan hak untuk tanya kepada presiden selidik kebijakan apa saja yang sudah pelaksanaan oleh WNA,You must exercise your right to ask the president to inquire about what policies foreigners have implemented
1960,2016-08-16T03:23:26.000Z,Dalam pelaksanaan fungsi penganggaran Pemerintah DPR RI sedang membahas RUU APBN RUU Pertanggungjawaban Pelaksanaan APBN,dalam laksana fungsi anggaran pemerintah DPR RI sedang bahas RUU APBN RUU pertanggungjawaban laksana APBN,"In carrying out the government's budget function, the DPR RI is currently discussing the APBN Bill. The APBN-like accountability bill"
1961,2016-08-16T03:20:58.000Z,Tahun Pemerintah DPR RI telah selesaikan RUU utk disahkan menjadi UU Diantaranya UU tentang Tabungan Perumahan Rakyat,tahun pemerintah DPR RI telah selesai RUU untuk sah jadi UU antara UU tentang tabung rumah rakyat,"This year the DPR RI government has completed the bill to become law, including the law on public housing savings"
1962,2016-08-16T02:49:49.000Z,Apa sih tax amnesti? Mengapa ada kebijakan yg merugikan seperti ini apa yg ada dipikiran kalian wahai wakil rakyat?,apa sih tax amnesti ? mengapa ada kebijakan yang rugi seperti ini apa yang ada pikir kalian wahai wakil rakyat ?,"what is tax amnesty? Why is there a loss-making policy like this? What do you think, people's representatives?"
1963,2016-08-16T02:48:21.000Z,Bukan sbrp banyak Undang Undang yg dihasilkan namun hrs dilihat dr kualitas UU yang dihasilkan,bukan sbrp banyak undang undang yang hasil tetapi harus lihat dari kualitas UU yang hasil,"It's not about how many laws have been produced, but you have to look at the quality of the laws that have been produced"
1964,2016-08-16T02:36:58.000Z,Bukan seberapa banyak Undang Undang yg dihasilkan namun harus dilihat dari kualitas Undang Undang yang dihasilkan SidangTahunan,bukan berapa banyak undang undang yang hasil tetapi harus lihat dari kualitas undang undang yang hasil sidangtahunan,"It's not about how many laws are produced, but you have to look at the quality of the laws that are produced at the annual session"
1965,2016-08-16T02:35:50.000Z,Presiden mengucapkan terima kasih kepada DPR yang telah menjalankan fungsinya menyelesaikan beberapa Undang Undang SidangTahuna,presiden ucap terima kasih kepada DPR yang telah jalan fungsi selesai beberapa undang undang sidangtahuna,The president thanked the DPR for carrying out its functions and completing several laws during the annual session
1966,2016-08-16T02:22:00.000Z,Agenda Sidang Tahunan MPR Sidang Bersama DPR dan DPD serta Rapat Paripurna DPR RI Selasa Foto,agenda sidang tahun MPR sidang sama DPR dan DPD serta rapat paripurna DPR RI selasa foto,agenda for the annual MPR session with the DPR and DPD as well as the DPR RI plenary meeting on Tuesday photo
1967,2016-08-16T02:20:48.000Z,Suasana Ruang Rapat Paripurna I pelaksanaan SidangTahunan MPR SidangBersama DPR DPD serta ParipurnaDPR,suasana ruang rapat paripurna i laksana sidangtahunan MPR sidangbersama DPR DPD serta paripurnadpr,the atmosphere of the plenary meeting room is like the annual session of the MPR joint session with DPR DPD and plenary session
1968,2016-08-16T02:17:11.000Z,LiputanSonora anggota DPR hadir dlm Rapat Paripurna brsm Presiden Presiden nanti akan Pidato soal RAPBN,liputansonora anggota DPR hadir dalam rapat paripurna brsm presiden presiden nanti akan pidato soal RAPBN,"Kuncisonora Members of the DPR are present at the plenary session with the President, who will later give a speech on the RAPBN"
1969,2016-08-16T02:15:54.000Z,orang anggota DPR hadir dalam Rapat Paripurna DPR bersama Presiden Presiden pun nanti akan Pidato soal RAPBN,orang anggota DPR hadir dalam rapat paripurna DPR sama presiden presiden pun nanti akan pidato soal RAPBN,Members of the DPR are present at the DPR plenary meeting with the president and the president will also give a speech on the RAPBN
1970,2016-08-16T01:57:27.000Z,Suasana Ruang Rapat Paripurna I untuk pelaksanaan SidangTahunan MPR SidangBersama DPR DPD serta ParipurnaDPR,suasana ruang rapat paripurna i untuk laksana sidangtahunan MPR sidangbersama DPR DPD serta paripurnadpr,the atmosphere of the plenary meeting room for holding the annual MPR session together with the DPR DPD and the plenary session
1971,2016-08-16T01:32:20.000Z,_DPR RI BISU TULI BEM UI Langgar Tiga Undang Undang Presiden Jokowi Harus,_DPR RI BISU TULI BEM UI langgar tiga undang undang presiden jokowi harus,_DPR RI DEAF-MUTE BEM UI violates three laws that President Jokowi must
1972,2016-08-16T01:32:15.000Z,_DPR RI BISU TULI BEM UI Langgar Tiga Undang Undang Presiden Jokowi Harus Bertanggungjawab,_DPR RI BISU TULI BEM UI langgar tiga undang undang presiden jokowi harus bertanggungjawab,"_DPR RI DEAF-MUTE BEM UI violated three laws, President Jokowi must be held accountable"
1973,2016-08-16T01:21:00.000Z,Jika presiden menjadi pelopor pelanggaran terhadap undang undang lantas apa masih layak mengaku sebagai negara hukum?,jika presiden jadi pelopor langgar hadap undang undang lantas apa masih layak aku bagai negara hukum ?,"If the president is the pioneer in breaking the law, then is it still appropriate for me to be a rule of law?"
1974,2016-08-16T01:16:03.000Z,Suasana Lobby Ruang Rapat Paripurna I yang akan digunakan untuk SidangTahunan SidangBersama dan ParipurnaDPR,suasana lobby ruang rapat paripurna i yang akan penggunaan untuk sidangtahunan sidangbersama dan paripurnadpr,the atmosphere of the lobby of the plenary meeting room which will be used for the annual joint session and plenary session
1975,2016-08-16T01:05:57.000Z,Bila Secara Hukum pengangkatannya TIDAK SAH maka Kebijakan yg dilahirkan batal demi hukum!! Tahan Ekspor Freeport,bila cara hukum angkat TIDAK SAH maka kebijakan yang lahir batal demi hukum ! ! pertahanan ekspor freeport,If the legal method of adoption is NOT VALID then the policy that was born is null and void! ! freeport export defense
1976,2016-08-16T00:12:47.000Z,Pada Rapat ParipurnaDPR Presiden akan menyampaikan RUU APBN nota keuanganya Sidang dilaksanakan oleh DPR berdasarkan pasal UU MD,pada rapat paripurnadpr presiden akan sampai RUU APBN nota keuanganya sidang laksana oleh DPR dasar pasal UU MD,"At the plenary session, the President will present the APBN Bill with financial notes for a hearing by the DPR based on the articles of the MD Law"
1977,2016-08-15T23:33:05.000Z,Agenda Gubernur Selasa Pkl WIB Pidato Ketua DPR RI dan Pidato Presiden RI di R Rapat Paripurna Gd Nusantara MPR DPR DPD,agenda gubernur selasa pkl WIB pidato ketua DPR RI dan pidato presiden RI di r rapat paripurna gd nusantara MPR DPR DPD,Governor's agenda for Tuesday at 10 WIB is the speech of the chairman of the DPR RI and the speech of the President of the Republic of Indonesia at the plenary meeting of Gd Nusantara MPR DPR DPD
1978,2016-08-15T22:38:05.000Z,Masih Banyak Anggota DPR Bolos Rapat Paripurna Masih banyak anggota DPR RI absen dalam rapat paripurna selam,masih banyak anggota DPR bolos rapat paripurna masih banyak anggota DPR RI absen dalam rapat paripurna selam,there are still many DPR members missing plenary meetings. There are still many DPR RI members absent from plenary meetings
1979,2016-08-15T21:14:29.000Z,Masih Banyak Anggota DPR Bolos Rapat Paripurna Masih banyak anggota DPR RI infoTribun,masih banyak anggota DPR bolos rapat paripurna masih banyak anggota DPR RI infotribun,there are still many members of the DPR who miss the plenary session. There are still many members of the DPR RI infotribun
1980,2016-08-15T21:05:20.000Z,Masih Banyak Anggota DPR Bolos Rapat Paripurna,masih banyak anggota DPR bolos rapat paripurna,Many DPR members still miss plenary meetings
1981,2016-08-15T21:03:29.000Z,TribunNews Masih Banyak Anggota DPR Bolos Rapat Paripurna berita,tribunnews masih banyak anggota DPR bolos rapat paripurna berita,tribunnews there are still many members of the DPR missing the news plenary session
1982,2016-08-15T21:03:28.000Z,TribunNews Anggota DPR RI Malas Sosialisasikan Kebijakan Tax Amnesty berita,tribunnews anggota DPR RI malas sosialisasi kebijakan tax amnesty berita,tribunnews DPR RI members are lazy about socializing the news tax amnesty policy
1983,2016-08-15T21:03:13.000Z,Masih Banyak Anggota DPR Bolos Rapat Paripurna Masih banyak anggota DPR RI absen dalam rapat paripurna selama Masa,masih banyak anggota DPR bolos rapat paripurna masih banyak anggota DPR RI absen dalam rapat paripurna lama masa,There are still many members of the DPR who miss plenary meetings. There are still many members of the DPR RI who are absent from plenary meetings for a long time
1984,2016-08-15T20:49:25.000Z,Masih Banyak Anggota DPR Bolos Rapat Paripurna via Tribunnews,masih banyak anggota DPR bolos rapat paripurna via tribunnews,There are still many DPR members missing plenary meetings via tribunnews
1985,2016-08-15T20:49:22.000Z,harusnya judulnya begini kebiasaan Anggota DPR Bolos Rapat Paripurna,harus judul begini biasa anggota DPR bolos rapat paripurna,It should have a title like this. It is common for DPR members to skip plenary meetings
1986,2016-08-15T20:46:11.000Z,Masih Banyak Anggota DPR Bolos Rapat Paripurna via,masih banyak anggota DPR bolos rapat paripurna via,there are still many members of the DPR skipping plenary meetings via
1987,2016-08-15T20:30:30.000Z,Tribun Masih Banyak Anggota DPR Bolos Rapat Paripurna Masih banyak anggota DPR RI absen dalam rapat NewsToday,tribun masih banyak anggota DPR bolos rapat paripurna masih banyak anggota DPR RI absen dalam rapat newstoday,"tribune, there are still many members of the DPR missing the plenary session, there are still many members of the DPR RI absent from the meeting newstoday"
1988,2016-08-15T20:30:27.000Z,Tribun Masih Banyak Anggota DPR Bolos Rapat Paripurna NewsToday DKK,tribun masih banyak anggota DPR bolos rapat paripurna newstoday DKK,"tribune, there are still many DPR members missing the DKK newstoday plenary meeting"
1989,2016-08-15T20:30:17.000Z,TuitIndonesia Masih Banyak Anggota DPR Bolos Rapat Paripurna Indonesia Tuit,tuitindonesia masih banyak anggota DPR bolos rapat paripurna indonesia tuit,tuitindonesia there are still many members of the DPR skipping the plenary session in Indonesia tuit
1990,2016-08-15T19:47:46.000Z,Anggota DPR RI Malas Sosialisasikan Kebijakan Tax Amnesty Pengamat menilai anggota DPR RI terkesan berpang,anggota DPR RI malas sosialisasi kebijakan tax amnesty amat nilai anggota DPR RI kes berpang,"DPR RI members are lazy about socializing the tax amnesty policy, which is very important for members of the DPR RI in the berpang case"
1991,2016-08-15T19:24:37.000Z,Anggota DPR RI Malas Sosialisasikan Kebijakan Tax Amnesty Pengamat menilai anggota DPR RI terkesan berpangku,anggota DPR RI malas sosialisasi kebijakan tax amnesty amat nilai anggota DPR RI kes pangku,"Members of the DPR RI are lazy about socializing the tax amnesty policy, which is very important for members of the DPR RI in the case of the rank and file"
1992,2016-08-15T09:30:00.000Z,Ketua DPR Ade Komarudin mengecek langsung dekorasi di Ruang Rapat Paripurna I untuk SidangBersama SisiLainDPR,ketua DPR adek komarudin ecek langsung dekorasi di ruang rapat paripurna i untuk sidangbersama sisilaindpr,"Chairman of the DPR, Adek Komarudin, directly checked the decorations in the plenary meeting room for the session with the other side of the DPR"
1993,2016-08-15T08:54:46.000Z,Prananda Paloh Berdialog dengan Warga Medan Menjalankan masa reses kelima tahun anggaran Anggota DPR RI Prananda Surya Pal,prananda paloh dialog dengan warga medan jalan masa reses lima tahun anggaran anggota DPR RI prananda surya pal,Prananda Paloh dialogue with Medan Jalan residents during the five-year budget recess for DPR RI member Prananda Surya Pal
1994,2016-08-15T08:54:28.000Z,Menjalankan masa reses kelima tahun anggaran Anggota DPR RI Prananda Surya Paloh mengikuti berbagai,jalan masa reses lima tahun anggaran anggota DPR RI prananda surya paloh ikut bagai,The five-year budget recess period for DPR RI member Prananda Surya Paloh is following
1995,2016-08-15T08:52:33.000Z,Menjalankan masa reses kelima tahun anggaran Anggota DPR RI Prananda Surya Paloh mengikuti berbagai dialog guna m,jalan masa reses lima tahun anggaran anggota DPR RI prananda surya paloh ikut bagai dialog penggunaan sama,The course of the five-year budget recess period for DPR RI member Prananda Surya Paloh is part of a dialogue on the use of the same
1996,2016-08-15T07:38:04.000Z,Bang Biem Benjamin melakukan penyerapan aspirasi bertemu warga dlm masa reses V DPR RI di Kemayoran JakPus,bang biem benjamin pelaksanaan serap aspirasi temu warga dalam masa reses v DPR RI di mayor jakpus,Bang Biem guarantees the implementation of gathering aspirations of citizens' meetings during the recess period in the Republic of Indonesia DPR in Central Jakarta
1997,2016-08-15T07:37:06.000Z,Bang Biem Benjamin melakukan penyerapan aspirasi bertemu warga dlm masa reses V DPR RI di Jagakarsa JakSel,bang biem benjamin pelaksanaan serap aspirasi temu warga dalam masa reses v DPR RI di jagakarsa jaksel,"Bang Biem guarantees the implementation of the gathering of aspirations of residents during the recess period in the DPR RI in Jagakarsa, South Jakarta"
1998,2016-08-15T07:08:26.000Z,BPOM Masih Pilih Pilih Razia Makanan di Masyarakat Dalam kunjungan reses anggota Komisi IX DPR RI Ahmad Zain,BPOM masih pilih pilih razia makanan di masyarakat dalam kunjung reses anggota komisi IX DPR RI ahmad zain,BPOM still chooses to conduct food raids in the community during the recess visit of DPR RI Commission IX member Ahmad Zain
1999,2016-08-15T05:53:56.000Z,BPOM Masih Pilih Pilih Razia Makanan di Masyarakat Dalam kunjungan reses anggota Komisi IX DPR RI Ahmad PKS,BPOM masih pilih pilih razia makanan di masyarakat dalam kunjung reses anggota komisi IX DPR RI ahmad PKS,"BPOM is still choosing to conduct food raids in the community during the recess visit of member of Commission IX DPR RI, Ahmad PKS"
2000,2016-08-15T05:11:41.000Z,Pidato Penyampaian RUU APBN disampaikan Presiden pada Rapat Paripurna DPR RI Sidang dilaksanakan oleh DPR berdasarkan pasal UU MD,pidato sampai RUU APBN sampai presiden pada rapat paripurna DPR RI sidang laksana oleh DPR dasar pasal UU MD,"speeches to the APBN Bill to the president at the DPR RI plenary session, the session carried out by the DPR on the basis of the articles of the MD Law"
