no,timestamp,teks,teks_processed,teks_translated
1,2016-12-30T06:37:56.000Z,ADIL loh utk yg punya kebijakan publik negara Ingat yg ini!!!,ADIL loh untuk yang punya kebijakan publik negara ingat yang ini ! !,"FAIR, for those who have state public policy, remember this! !"
2,2016-12-30T06:30:36.000Z,Tertibkan Media Online DPR Pemerintah Jangan Sporadis Apalagi Selektif Hanya kepada Media yang Berseberangan,tertibkan media online DPR pemerintah jangan sporadis apalagi selektif hanya kepada media yang berseberangan,"Regulate online media from the DPR government, don't be sporadic, let alone selective, only towards opposing media"
3,2016-12-30T04:48:35.000Z,harus dievaluasi lg kebijakan bebas visa trutama utk negara tiongkok pak!! bahaya tersembunyi martabat RI,harus dievaluasi lagi kebijakan bebas visa terutama untuk negara tiongkok pak ! ! bahaya tersembunyi martabat RI,"The visa-free policy must be evaluated again, especially for China, sir! ! hidden danger to RI's dignity"
4,2016-12-30T04:21:40.000Z,jangan ngambang aturan logis apa undang undang,jangan ngambang aturan logis apa undang undang,Don't wonder about logical rules or laws
5,2016-12-30T02:36:13.000Z,Kebebasan bersuara berpendapat memang dijamin UU Namun kebebasan tersebut tdk harus kebablasan sehingga menabrak aturan aturan logis,kebebasan bersuara berpendapat memang dijamin UU tetapi kebebasan tersebut tidak harus kebablasan sehingga menabrak aturan aturan logis,"Freedom of expression is guaranteed by law, but this freedom does not have to be so excessive that it violates logical rules"
6,2016-12-30T02:52:25.000Z,Anggota Komisi IX DPR Okky Asokawati Evaluasi dan Moratorium Kebijakan Bebas Visa,anggota komisi IX DPR okky asokawati evaluasi dan moratorium kebijakan bebas visa,"Member of Commission IX of the DPR, Okky Asokawati, evaluation and moratorium on the visa-free policy"
7,2016-12-30T01:18:56.000Z,Anggota DPR RI Komisi II Dari Fraksi NasDem Gelar Reses di Lampura lewat Dinamika Lampung,anggota DPR RI komisi II dari fraksi nasdem gelar reses di lampura lewat dinamika lampung,DPR RI Commission II members from the Nasdem faction held a recess in Lampura through Lampung dynamics
8,2016-12-30T00:50:51.000Z,Wapres Minta Kebijakan Bebas Visa Dievaluasi csps policy,wapres meminta kebijakan bebas visa dievaluasi csps policy,The vice president asked for the visa-free policy to be evaluated by the CSPS policy
9,2016-12-29T16:20:02.000Z,Asal Sesuai Undang Undang Anggota DPR Ini Setuju Usul Duterte,asal sesuai undang undang anggota DPR ini setuju usul duterte,"As long as according to the law, members of this DPR agree to Duterte's proposal"
10,2016-12-29T11:52:05.000Z,Saat memberikan makanan bergizi bantuan Kemenkes RI untuk balita di bbrp wil di DIY Reses,saat memberikan makanan bergizi bantuan kemenkes RI untuk balita di beberapa wil di DIY reses,when providing nutritious food with assistance from the Indonesian Ministry of Health for toddlers in several regions in DIY during the recess
11,2016-12-29T11:42:17.000Z,Saat bertemu Kel Ternak Gemah Ripah dan KUB Sido Makmur di Kulon Progo yg trm UPPO Rp jt Reses,saat bertemu keluarga ternak gemah ripah dan KUB sido makmur di kulon progo yang trm UPPO rp juta reses,when meeting the Gemah Ripah livestock family and KUB Sido Prosperous in Kulon Progo who received UPPO IDR million during the recess
12,2016-12-29T11:35:55.000Z,Turba ke Masjid Baiturrochman Kulon Progo yg Pernah Terima Bantuan PKBL BRI Rp Juta reses,turba ke masjid baiturrochman kulon progo yang pernah terima bantuan PKBL BRI rp juta reses,"Turba went to the Baiturrochman Mosque in Kulon Progo, which had received BRI PKBL assistance of IDR million during the recess"
13,2016-12-29T08:51:26.000Z,kebijakan yang salah mengawasi,kebijakan yang salah mengawasi,wrong monitoring policy
14,2016-12-29T07:01:33.000Z,Sidang Rapat Paripurna PAW Tiga Anggota DPR Aceh Diganti,sidang rapat paripurna PAW tiga anggota DPR aceh diganti,PAW plenary session three members of the Aceh DPR were replaced
15,2016-12-29T03:36:27.000Z,Butuh kebijakan konkret untuk mengeksplorasi EnergiPanasBumi untuk kebutuhan listrik nasional yang semakin meningkat,butuh kebijakan konkret untuk mengeksplorasi energipanasbumi untuk kebutuhan listrik nasional yang semakin meningkat,concrete policies are needed to explore geothermal energy for the increasing national electricity needs
16,2016-12-29T03:14:38.000Z,Mr Sandi CA mohon bantuan utk tanda tangani Petisi Ke Ketua dan Wkl Ketua DPR Salam Profesional,mr sandi CA mohon bantuan untuk tanda tangani petisi ke ketua dan wkl ketua DPR salam profesional,"Mr. Sandi CA asks for help in signing the petition to the chairman and deputy chairman of the DPR, professional greetings"
17,2016-12-29T00:49:57.000Z,Pagi all tiada yang lebih baik dari silaturrahim dengan konstituen Tetap menyambangi rakyat Edisi Reses,pagi all tiada yang lebih baik dari silaturrahim dengan konstituen tetap menyambangi rakyat edisi reses,"Morning everyone, there is nothing better than friendship with constituents who continue to visit the people in the recess edition"
18,2016-12-28T12:33:03.000Z,Anggota Komisi II DPR RI Hetifah Gelar Reses di Kabupaten Berau,anggota komisi II DPR RI hetifah gelar reses di kabupaten berau,Member of Commission II DPR RI Hetifah held a recess in Berau Regency
19,2016-12-28T11:56:37.000Z,Reses Anggota DPR RI Viktor Bungtilu Laiskodat di Desa Merbaun Tofa Kec Amarasi Barat Kab Kupang NTT,reses anggota DPR RI viktor bungtilu laiskodat di desa merbaun tofa kec amarasi barat kab kupang NTT,"DPR RI member Viktor Bungtilu Laiskodat recess in Merbaun Tofa village, West Amarasi district, Kupang district, NTT"
20,2016-12-28T05:26:34.000Z,Ketua Panja RUU Revisi ITE TB Hasanuddin sampaikan muatan materi UU Perubahan UU ITE,ketua panja RUU revisi ITE TB hasanuddin sampaikan muatan materi UU perubahan UU ITE,"Chairman of the working committee on the ITE revision bill, TB Hasanuddin, conveyed the material content of the law on changes to the ITE law"
21,2016-12-28T03:55:30.000Z,Gelar Peringatan Maulid Nabi dan Reses Anggota DPR RI Komisi VIII klik,gelar peringatan maulid nabi dan reses anggota DPR RI komisi VII klik,Celebrate the Prophet's birthday and recess for DPR RI Commission VII members. Click
22,2016-12-27T16:01:19.000Z,Reses di Sinjai DPR RI Pusat Serap Aspirasi Warga Desa Saukang,reses di sinjai DPR RI pusat serap aspirasi warga desa saukang,recess in Sinjai DPR RI center to absorb aspirations of Saukang village residents
23,2016-12-27T15:50:22.000Z,Reses di Sinjai DPR RI Pusat Serap Aspirasi Warga Desa Saukang via,reses di sinjai DPR RI pusat serap aspirasi warga desa saukang via,recess in Sinjai DPR RI center to absorb aspirations of Saukang village residents via
24,2016-12-27T14:37:18.000Z,Anggota DPR RI EE Mangindaan Manfaatkan Massa Reses di Desa Esandom Minahasa Tenggara,anggota DPR RI EE mangindaan manfaatkan massa reses di desa esandom minahasa tenggara,"DPR RI member EE wants to take advantage of the mass recess in the village of Esandom, Southeast Minahasa"
25,2016-12-27T07:13:56.000Z,Demikian ulasan singkat tentang Masa Reses DPR semoga bermanfaat bagi kita semua ResesDPR,demikian ulasan singkat tentang masa reses DPR semoga bermanfaat bagi kita semua resesdpr,"So, this is a brief review of the DPR recess period, hopefully it will be useful for all of us during the DPR recess"
26,2016-12-27T07:08:59.000Z,Masa Reses ini diharapkan dapat dimanfaatkan dengan maksimal oleh masyarakat untuk menyampaikan aspirasi pembangunan daerahnya ResesDPR,masa reses ini diharapkan dapat dimanfaatkan dengan maksimal oleh masyarakat untuk menyampaikan aspirasi pembangunan daerahnya resesdpr,It is hoped that this recess period can be utilized optimally by the community to convey their regional development aspirations during the DPR Recess
27,2016-12-27T07:07:13.000Z,Yg perlu diingat kita pahami bersama bahwa DPR bukanlah eksekutor jadi temuan selama Masa Reses ditindaklanjuti sesuai mekanisme ResesDPR,yang perlu diingat kita pahami bersama bahwa DPR bukanlah eksekutor jadi temuan selama masa reses ditindaklanjuti sesuai mekanisme resesdpr,"What we need to remember is that we all understand that the DPR is not the executor, so findings during the recess period are followed up according to the DPR recess mechanism"
28,2016-12-27T07:06:25.000Z,Berdasarkan Tatib DPR Pasal ayat hasil Reses tersebut dilaporkan secara tertulis oleh Anggota kepada Fraksi masing masing ResesDPR,berdasarkan tatib DPR pasal ayat hasil reses tersebut dilaporkan secara tertulis oleh anggota kepada fraksi masing masing resesdpr,"Based on DPR regulations, article paragraph, the results of the recess are reported in writing by members to their respective DPR recess factions"
29,2016-12-27T07:06:11.000Z,Kegiatan reses para Anggota DPR dilakukan secara transparan dan adanya pertanggungjawaban yang jelas ResesDPR,kegiatan reses para anggota DPR dilakukan secara transparan dan adanya pertanggungjawaban yang jelas resesdpr,DPR members' recess activities are carried out transparently and there is clear accountability for DPR members' recess
30,2016-12-27T07:05:57.000Z,Pada Masa Persidangan aspirasi masukan masyarakat selama Masa Reses akan disampaikan dibahas dg pemerintah saat Rapat Kerja ResesDPR,pada masa persidangan aspirasi masukan masyarakat selama masa reses akan disampaikan dibahas dengan pemerintah saat rapat kerja resesdpr,"During the trial period, community input aspirations during the recess period will be discussed with the government during the DPR recess working meeting"
31,2016-12-27T07:05:31.000Z,Pada Masa Reses DPR melaksanakan tugas menyerap aspirasi masyarakat yang terkait dengan pelaksanaan fungsi dan tugas DPR ResesDPR,pada masa reses DPR melaksanakan tugas menyerap aspirasi masyarakat yang terkait dengan pelaksanaan fungsi dan tugas DPR resesdpr,"During the recess period, the DPR carries out the task of absorbing the aspirations of the people related to the implementation of the DPR's recess functions and duties"
32,2016-12-27T07:05:16.000Z,Masa Reses sendiri tertuang dalam UU MD No dan Peraturan DPR No tentang Tata Tertib DPR ResesDPR,masa reses sendiri tertuang dalam UU MD no dan peraturan DPR no tentang tata tertib DPR resesdpr,The recess period itself is stated in MD Law no. and DPR regulation no. concerning DPR recess procedures
33,2016-12-27T07:05:01.000Z,Masa Reses bukan berarti para Anggota DPR tidak bekerja namuan aktivitasnya dilakukan di daerah terutama di daerah pemilihannya ResesDPR,masa reses bukan berarti para anggota DPR tidak bekerja namuan aktivitasnya dilakukan di daerah terutama di daerah pemilihannya resesdpr,"The recess period does not mean that DPR members do not work, but their activities are carried out in the regions, especially in the DPR recess electoral areas"
34,2016-12-27T07:04:08.000Z,Dalam Masa Reses Anggota DPR akan melakukan kunjungan ke Dapil maupun kunjungan ke daerah lainnya dengan Alat Kelengkapan Dewan ResesDPR,dalam masa reses anggota DPR akan melakukan kunjungan ke dapil maupun kunjungan ke daerah lainnya dengan alat kelengkapan dewan resesdpr,"During the recess period, members of the DPR will make visits to electoral districts and visits to other areas with the equipment of the DPR recess council"
35,2016-12-27T07:02:47.000Z,Masa Reses adalah masa dimana Anggota DPR melakukan kegiatan di luar Masa Sidang terutama di luar gedung DPR ResesDPR,masa reses adalah masa dimana anggota DPR melakukan kegiatan di luar masa sidang terutama di luar gedung DPR resesdpr,"The recess period is the period when DPR members carry out activities outside the session period, especially outside the DPR building during the DPR recess"
36,2016-12-27T07:00:49.000Z,Masa Reses DPR Masa Persidangan II Tahun Sidang akan berlangsung dari tanggal Desember hingga Januari ResesDPR,masa reses DPR masa persidangan II tahun sidang akan berlangsung dari tanggal desember hingga januari resesdpr,The DPR recess period for the second session of the session year will take place from December to January
37,2016-12-27T06:59:33.000Z,Selamat sore Sahabat Parle Saat ini DPR RI sedang memasuki Masa Reses Masa Persidangan II Tahun Sidang ResesDPR,selamat sore sahabat parle saat ini DPR RI sedang memasuki masa reses masa persidangan II tahun sidang resesdpr,"Good afternoon, Parle friends, currently the DPR RI is entering a recess period for the second session of the DPR session year"
38,2016-12-27T03:09:09.000Z,Reses di Sinjai Anggota DPR RI Nasyid Umar Jemput Keluhan Warga,reses di sinjai anggota DPR RI nasyid umar jemput keluhan warga,"recess in Sinjai, member of the Indonesian House of Representatives, Nasyid Umar, to take up residents' complaints"
39,2016-12-27T02:16:01.000Z,Kabarnya memanfaatkan waktu reses ini wakil rakyat daerah pemilihan Nusa Tenggara Timur NTT itu memboyong,kabarnya memanfaatkan waktu reses ini wakil rakyat daerah pemilihan nusa tenggara timur NTT itu memboyong,"It is reported that taking advantage of this recess, the people's representative from the East Nusa Tenggara electoral district, NTT, brought in"
40,2016-12-26T10:35:17.000Z,KUNINGAN KAPOL Reses Anggota DPR RI bisa dilakukan dengan berbagai cara Namun bagi KH Asep Maosul Affandi,KUNINGAN KAPOL reses anggota DPR RI dapat dilakukan dengan berbagai cara tetapi bagi KAH asep maosul affandi,BRASS KAPOL recess for DPR RI members can be done in various ways but for KAH asep maosul affandi
41,2016-12-26T08:41:36.000Z,CC Anggota DPR Ini Minta Kebijakan Bebas Visa Dicabut,CC anggota DPR ini meminta kebijakan bebas visa dicabut,This DPR member CC asked for the visa-free policy to be revoked
42,2016-12-26T05:11:02.000Z,Inilah indikator kesuksesan reses Anggota DPR RI,inilah indikator kesuksesan reses anggota DPR RI,This is an indicator of the success of the DPR RI members' recess
43,2016-12-26T04:16:32.000Z,Ada misi Anggota DPR ketika masa reses Pertama untuk membangun akuntabilitas politik cc,ada misi anggota DPR ketika masa reses pertama untuk membangun akuntabilitas politik cc,There is a mission for DPR members during the first recess to build CC political accountability
44,2016-12-26T03:42:57.000Z,Siang teman teman Tgl Des Jan anggota melaksanakan reses Apa yg perlu kt ketahui sbg konstituen? cc,siang teman teman tanggal des jangan anggota melaksanakan reses apa yang perlu kita ketahui sebagai konstituen ? cc,"afternoon friends, December, don't members take a recess? What do we need to know as constituents? cc"
45,2016-12-26T03:29:55.000Z,Akan Bentuk Pansus Pekerja Asing Ilegal SEGERA Tinjau Ulang Kebijakan Bebas Visa dengan RRC Pak,akan bentuk pansus pekerja asing ilegal SEGERA tinjau ulang kebijakan bebas visa dengan RRC pak,"will form a special committee for illegal foreign workers. IMMEDIATELY review the visa-free policy with the PRC, sir"
46,2016-12-26T01:01:22.000Z,Terkait Kegiatan Reses Anggota DPR RI KPU dan Panwaslih Diuji Profesionalismenya,terkait kegiatan reses anggota DPR RI KPU dan panwaslih diuji profesionalismenya,"regarding the recess activities of DPR RI members, the KPU and Panwaslih were tested for their professionalism"
47,2016-12-25T15:07:03.000Z,Reses di Bone Anggota DPR RI Akbar Faisal Sampaikan ini,reses di bone anggota DPR RI akbar faisal sampaikan ini,"Member of the DPR RI, Akbar Faisal, said this during the recess"
48,2016-12-25T08:09:14.000Z,Temuan Komisi IX DPR RI Serbuan Buruh China Akibat Kebijakan Bebas Visa,temuan komisi IX DPR RI serbuan buruh china akibat kebijakan bebas visa,findings from Commission IX of the Indonesian House of Representatives of the invasion of Chinese workers due to the visa-free policy
49,2016-12-25T01:14:32.000Z,kemankalian saat rakyat menjerit karena kebijakan eksekutip yang gila? dprkemana,kemankalian saat rakyat menjerit karena kebijakan eksekutip yang gila ? dprkemana,humanity when people scream because of crazy executive policies? dprwhere
50,2016-12-24T13:54:06.000Z,Komisi IX Ketua Komisi IX DPR RI merekomendasikan kpd pem agar tinjau ulang kebijakan bebas visa,komisi IX ketua komisi IX DPR RI merekomendasikan kepada pem agar tinjau ulang kebijakan bebas visa,"Commission IX, chairman of Commission IX DPR RI, recommended to the government to review the visa-free policy"
51,2016-12-24T11:47:15.000Z,KTweets Komunitas Disabilitas Serahkan Draft RUU Penyandang Disabilitas ke Sekjen DPR RI RUUDisabilitas,ktweets komunitas disabilitas serahkan draft RUU penyandang disabilitas ke sekjen DPR RI ruudisabilitas,ktweets disability community submits draft bill for persons with disabilities to the secretary general of the DPR RI on disability issues
52,2016-12-24T10:44:44.000Z,Konsolidasi Pendidikan Politik DPD Golkar Kota Semarang Reses Anggota DPR RI Mujib Rohmad,konsolidasi pendidikan politik DPD golkar kota semarang reses anggota DPR RI mujib rohmad,consolidation of political education DPD Golkar Semarang City DPR RI member Mujib Rohmad recess
53,2016-12-24T10:02:14.000Z,DPR Minta Pemerintah Evaluasi Kebijakan Bebas Visa Komisi IX DPR RI merekomendasikan kepada pemerintah untuk,DPR meminta pemerintah evaluasi kebijakan bebas visa komisi IX DPR RI merekomendasikan kepada pemerintah untuk,The DPR asked the government to evaluate the visa-free policy. Commission IX of the DPR RI recommended to the government to
54,2016-12-24T09:32:54.000Z,Reses Anggota DPR RI Drs H Dadang S Muchtar Bersama Masyarakat Desa Pasirtalaga Kecamatan Telagasari Kabupaten Karawang Desember,reses anggota DPR RI drs h dadang si muchtar bersama masyarakat desa pasirtalaga kecamatan telagasari kabupaten karawang desember,"recess for DPR RI members Drs H Dadang Si Muchtar with the community of Pasirtalaga village, Telagasari sub-district, Karawang regency, December"
55,2016-12-24T02:57:25.000Z,Bayangkan bila anggota dpr dlm reses nya mensosialisasikan tax amnesti pasti efek nya positif tuk menyakin kan rakyat Tujuan ini program,bayangkan bila anggota dpr dalam reses nya mensosialisasikan tax amnesti pasti efek nya positif untuk menyakin kan rakyat tujuan ini program,"Imagine if members of the DPR during their recess socialized tax amnesty, it would definitely have a positive effect in convincing the people of the purpose of this program."
56,2016-12-23T21:07:30.000Z,BaBekasihtau Rencana Kebijakan Redenominasi Ini Pandangan Positif Anggota DPR,babekasihtau rencana kebijakan redenominasi ini pandangan positif anggota DPR,"babe, you know that the DPR members have a positive view of the redenomination policy plan"
57,2016-12-23T21:06:09.000Z,body status Dewibet Jkt Rencana Kebijakan uangrupiah redenominasi surabaya TeamK wanita dewi,body status dewibet jakarta rencana kebijakan uangrupiah redenominasi surabaya teamk wanita dewi,body status Dewibet Jakarta Rupiah Redenomination Policy Plan Surabaya TeamK Wanita Dewi
58,2016-12-23T20:56:28.000Z,Rencana Kebijakan Redenominasi Ini Pandangan Positif Anggota DPR,rencana kebijakan redenominasi ini pandangan positif anggota DPR,This redenomination policy plan is a positive view of DPR members
59,2016-12-23T16:26:59.000Z,Ratusan Pekerja Ilegal China Ditangkap Kebijakan BEBAS VISA perlu DITINJAU ULANG,ratusan pekerja ilegal china ditangkap kebijakan BEBAS VISA perlu DITINJAU ULANG,hundreds of illegal Chinese workers arrested VISA FREE policy needs to be REVIEWED
60,2016-12-23T15:36:09.000Z,Anggota DPR Ini Minta Kebijakan Bebas Visa Dicabut GoAceh,anggota DPR ini meminta kebijakan bebas visa dicabut goaceh,This DPR member asked that the visa-free policy be revoked goaceh
61,2016-12-23T14:46:16.000Z,Anggota DPR Ini Minta Kebijakan Bebas Visa Dicabut,anggota DPR ini meminta kebijakan bebas visa dicabut,This DPR member asked for the visa-free policy to be revoked
62,2016-12-23T14:45:13.000Z,Sudah seharusnya di tinjau ulang Anggota DPR Ini Minta Kebijakan Bebas Visa Dicabut,sudah seharusnya di tinjau ulang anggota DPR ini meminta kebijakan bebas visa dicabut,Members of the DPR should review this and ask for the visa-free policy to be revoked
63,2016-12-23T14:32:35.000Z,Bikin Resah Masyarakat Anggota DPR Ini Minta Kebijakan Bebas Visa Dicabut GoAceh,bikin resah masyarakat anggota DPR ini meminta kebijakan bebas visa dicabut goaceh,"This member of the DPR has asked for the visa-free policy to be revoked, goaceh"
64,2016-12-23T11:54:13.000Z,Bikin Resah Masyarakat Anggota DPR Ini Minta Kebijakan Bebas Visa Dicabut,bikin resah masyarakat anggota DPR ini meminta kebijakan bebas visa dicabut,This member of the DPR is making people anxious and asking for the visa-free policy to be revoked
65,2016-12-23T09:46:38.000Z,Komisi VIII Berharap RUU Pekerja Sosial Masuk Prolegnas,komisi VII berharap RUU pekerja sosial masuk prolegnas,Commission VII hopes that the social workers bill will enter the National Legislation Program
66,2016-12-23T09:46:15.000Z,Komisi VIII Berharap RUU Pekerja Sosial Masuk Prolegnas info,komisi VII berharap RUU pekerja sosial masuk prolegnas info,Commission VII hopes that the social workers bill will be included in the National Legislative Information Program
67,2016-12-23T09:46:06.000Z,Dwi Murdaningsih Komisi VIII Berharap RUU Pekerja Sosial Masuk Prolegnas,dwi murdaningsih komisi VII berharap RUU pekerja sosial masuk prolegnas,Dwi Murdaningsih Commission VII hopes that the social workers bill will be included in the National Legislation Program
68,2016-12-23T09:44:26.000Z,Komisi VIII Berharap RUU Pekerja Sosial Masuk Prolegnas News,komisi VII berharap RUU pekerja sosial masuk prolegnas news,Commission VII hopes that the social workers bill will be included in the national legislative program
69,2016-12-23T09:43:20.000Z,Komisi VIII Berharap RUU Pekerja Sosial Masuk Prolegnas ROL,komisi VII berharap RUU pekerja sosial masuk prolegnas ROL,Commission VII hopes that the social workers bill will be included in the ROL National Legislation Program
70,2016-12-23T09:41:28.000Z,republikaonline Komisi VIII Berharap RUU Pekerja Sosial Masuk Prolegnas,republikaonline komisi VII berharap RUU pekerja sosial masuk prolegnas,republicaonline commission VII hopes that the social workers bill will enter the national legislative program
71,2016-12-23T09:36:12.000Z,Bilal Ramadhan Anggota DPR Ini Minta Kebijakan Bebas Visa Dicabut,bilal ramadhan anggota DPR ini meminta kebijakan bebas visa dicabut,"Bilal Ramadhan, a member of the DPR, asked that the visa-free policy be revoked"
72,2016-12-23T09:33:08.000Z,Anggota DPR Ini Minta Kebijakan Bebas Visa Dicabut ROL,anggota DPR ini meminta kebijakan bebas visa dicabut ROL,This member of the DPR asked that the visa-free policy be revoked by ROL
73,2016-12-23T09:31:25.000Z,Anggota DPR Ini Minta Kebijakan Bebas Visa Dicabut info,anggota DPR ini meminta kebijakan bebas visa dicabut info,This DPR member asked for the visa-free policy to be revoked
74,2016-12-23T09:31:11.000Z,republikaonline Anggota DPR Ini Minta Kebijakan Bebas Visa Dicabut,republikaonline anggota DPR ini meminta kebijakan bebas visa dicabut,Republikaonline This DPR member asked for the visa-free policy to be revoked
75,2016-12-23T09:29:07.000Z,Anggota DPR Ini Minta Kebijakan Bebas Visa Dicabut News,anggota DPR ini meminta kebijakan bebas visa dicabut news,This DPR member asked for the visa-free policy to be revoked news
76,2016-12-23T09:16:21.000Z,DPR Minta Kebijakan Bebas Visa Dicabut,DPR meminta kebijakan bebas visa dicabut,The DPR asked for the visa-free policy to be revoked
77,2016-12-23T09:02:12.000Z,Cc RT JK Sebut Kebijakan Bebas Visa Perlu Dievaluasi,cc RT JIKA sebut kebijakan bebas visa perlu dievaluasi,cc RT IF you say the visa-free policy needs to be evaluated
78,2016-12-23T06:02:31.000Z,Anggota DPR RI Gelar Reses di Desa Siberida Kecamatan Batang Gansal,anggota DPR RI gelar reses di desa siberida kecamatan batang gansal,"Members of the DPR RI held a recess in Cyberida village, Batang Gansal sub-district"
79,2016-12-23T04:24:14.000Z,Kunjungi Ponpes Tazaka Anggota DPR Minta Masukan soal RUU Ponpes,kunjungi ponpes tazaka anggota DPR meminta masukan soal RUU ponpes,Visit Islamic boarding school Tazaka DPR members ask for input on the Islamic boarding school bill
80,2016-12-22T14:07:26.000Z,Reses A DPR RI Jaring aspirasi Kamis malam,reses a DPR RI jaring aspirasi kamis malam,DPR RI recess for aspirations Thursday night
81,2016-12-22T13:53:37.000Z,JMR JAringRadio DPR RI Pemberdayaan ekonomi sangat penting u tekan terorisme bahkan kebijakan bebas Visa jg harus dihapus Cc,JMR jaringradio DPR RI pemberdayaan ekonomi sangat penting kamu tekan terorisme bahkan kebijakan bebas visa juga harus dihapus cc,"JMR DPR RI radio network for economic empowerment is very important for you to suppress terrorism, even the visa-free policy must also be abolished cc"
82,2016-12-22T08:16:25.000Z,Pemerintah Diminta Evaluasi Kebijakan Bebas Visa,pemerintah diminta evaluasi kebijakan bebas visa,The government was asked to evaluate the visa-free policy
83,2016-12-21T10:15:01.000Z,Kebijakan Bebas Visa Hilangkan Potensi Pendapatan Negara Rp Triliun,kebijakan bebas visa hilangkan potensi pendapatan negara rp triliun,visa-free policy eliminates potential state revenue of IDR trillion
84,2016-12-21T08:47:51.000Z,Dapilku Rumahku Reses dan silaturahim bersama anggota DPR RI PKBMembelaRakyat,dapilku rumahku reses dan silaturahim bersama anggota DPR RI pkbmembelarakyat,"My electoral district, my house, has a recess and friendship with the members of the DPR RI, PKB to defend the people"
85,2016-12-21T07:25:06.000Z,RUU ini merupakan inisiatif dari DPR RI telah penuhi tata tertib dan segala peraturan DPR RI baleg,RUU ini merupakan inisiatif dari DPR RI telah penuhi tata tertib dan segala peraturan DPR RI baleg,This bill is an initiative of the DPR RI and fulfills the rules and regulations of the DPR RI Baleg
86,2016-12-21T06:15:58.000Z,Anggota DPR Minta Kebijakan Bebas Visa Dievaluasi,anggota DPR meminta kebijakan bebas visa dievaluasi,DPR members asked for the visa-free policy to be evaluated
87,2016-12-21T04:31:12.000Z,Edhie Baskoro Yudhoyono atau yg biasa disapa Ibas anggota DPR RI dari Partai Demokrat kembali melakukan reses,edhie baskoro yudhoyono atau yang biasa disapa ibas anggota DPR RI dari partai demokrat kembali melakukan reses,"Edhie Baskoro Yudhoyono or who is usually called Ibas, a member of the DPR RI from the Democratic Party, is back on recess"
88,2016-12-21T04:22:05.000Z,Anggota DPR RI ini menilai kebijakan penambahan biaya visa riyal Saudi bagi jemaah umrah itu hal positif,anggota DPR RI ini menilai kebijakan penambahan biaya visa riyal saudi bagi jemaah umrah itu hal positif,This member of the Indonesian House of Representatives considers the policy of increasing Saudi riyal visa fees for Umrah pilgrims to be a positive thing
89,2016-12-20T18:32:07.000Z,mengharukan wakil rakyat trlalu banyak waktunya utk update disosmed hampir ga ada waktu utk update aspirasi rakyat yg diwakilinya,mengharukan wakil rakyat terlalu banyak waktunya untuk update disosmed hampir tidak ada waktu untuk update aspirasi rakyat yang diwakilinya,"touching, the people's representatives have too much time to update on social media, almost no time to update the aspirations of the people they represent"
90,2016-12-20T15:40:47.000Z,Anggota DPR menilai kebijakan bebas visa memicu banyaknya TKA yang bekerja secara ilegal,anggota DPR menilai kebijakan bebas visa memicu banyaknya TKA yang bekerja secara ilegal,DPR members believe that the visa-free policy has led to many foreign workers working illegally
91,2016-12-20T12:22:48.000Z,DPR Desak Pemerintah Evaluasi Kebijakan Bebas Visa Wakil Ketua Komisi IX DPR RI Saleh Partaonan Daulay menilai,DPR desak pemerintah evaluasi kebijakan bebas visa wakil ketua komisi IX DPR RI saleh partaonan daulay menilai,"The DPR urges the government to evaluate the visa-free policy, the deputy chairman of Commission IX of the DPR RI, Saleh Partaonan Daulay, assessed"
92,2016-12-20T12:17:29.000Z,Kebijakan Bebas Visa Dinilai Perlu Dievaluasi,kebijakan bebas visa dinilai perlu dievaluasi,The visa-free policy is deemed to need to be evaluated
93,2016-12-20T09:28:30.000Z,Kebijakan Bebas Visa Dinilai Perlu Dievaluasi info,kebijakan bebas visa dinilai perlu dievaluasi info,The visa-free policy is deemed to need to be evaluated
94,2016-12-20T09:28:19.000Z,Kebijakan Bebas Visa Dinilai Perlu Dievaluasi News,kebijakan bebas visa dinilai perlu dievaluasi news,the visa-free policy is deemed to need to be evaluated news
95,2016-12-20T09:27:27.000Z,Dwi Murdaningsih Kebijakan Bebas Visa Dinilai Perlu Dievaluasi,dwi murdaningsih kebijakan bebas visa dinilai perlu dievaluasi,Dwi Murdaningsih considers the visa-free policy to be evaluated
96,2016-12-20T07:50:32.000Z,Berkunjung ke DPR RI diterima Setjen bagian Bamus Krn DPR RInya masa reses,berkunjung ke DPR RI diterima setjen bagian bamus karena DPR rinya masa reses,The visit to the DPR RI was received by the General Secretary of the Bamus because the DPR was currently in recess
97,2016-12-20T05:18:42.000Z,Anggota Komisi I DPR RI Jazuli Juwaini data Dirjen Imigrasi Kemenkumham WNA paling banyak melanggar kebijakan bebas visa adalah Tiongkok,anggota komisi i DPR RI jazuli juwaini data dirjen imigrasi kemenkumham WNA paling banyak melanggar kebijakan bebas visa adalah tiongkok,"Member of Commission I DPR RI Jazuli Juwaini Data from the Director General of Immigration, Ministry of Law and Human Rights, Chinese are the Chinese who most frequently violate the visa-free policy."
98,2016-12-20T05:17:26.000Z,Anggota Komisi I DPR RI Jazuli Juwaini munculnya kekhawatiran dugaan pelanggaran WNA yg memanfaatkan kebijakan pemerintah pembebasan visa,anggota komisi i DPR RI jazuli juwaini munculnya kekhawatiran dugaan pelanggaran WNA yang memanfaatkan kebijakan pemerintah pembebasan visa,Member of Commission I DPR RI Jazuli Juwaini raised concerns about alleged violations by foreigners who took advantage of the government's visa exemption policy
99,2016-12-20T05:01:48.000Z,rakyat kritikmu mengenai kebijakan presiden kerjasama dng Iran dan kebebasan ormas asing dalam negri RI,rakyat kritikmu mengenai kebijakan presiden kerjasama dengan iran dan kebebasan ormas asing dalam negeri RI,People criticize you regarding the president's policy of cooperation with Iran and the freedom of foreign mass organizations within the Republic of Indonesia
100,2016-12-20T04:46:41.000Z,berantas kebijakan sewenang wenang pak allahuakbar,berantas kebijakan sewenang wenang pak allahuakbar,eradicate the arbitrary policies of Mr Allahuakbar
101,2016-12-20T04:39:14.000Z,Ketua dan Para Wakil Ketua DPR RI PERLUNYA RUU PELAPORAN KEUANGAN UNTUK DUNIA BISNIS USAHA DI via,ketua dan para wakil ketua DPR RI PERLUNYA RUU PELAPORAN KEUANGAN UNTUK DUNIA BISNIS USAHA DI via,chairman and deputy chairman of the DPR RI THE NEED FOR A FINANCIAL REPORTING BILL FOR THE WORLD OF BUSINESS IN via
102,2016-12-19T23:57:42.000Z,good permintaan DPR RI utk evaluasi kebijakan pemerinth bebas visa cumlaude,good permintaan DPR RI untuk evaluasi kebijakan pemerinth bebas visa cumlaude,good request from the DPR RI to evaluate the government's visa-free cum laude policy
103,2016-12-19T23:23:08.000Z,semoga Ruu ini bisa Segera selesai dan disahkan sebagai UU AMIN,semoga ruu ini dapat segera selesai dan disahkan sebagai UU AMIN,Hopefully this bill can be completed soon and passed as the AMIN Law
104,2016-12-19T23:18:25.000Z,Knp diam?FungsiDPR apa?Jd penontn? DPR Sdh Lama Waspadai Dampak Buruk Kebijakan Bebas Visa,kenapa diam ? fungsidpr apa ? jd penontn ? DPR sudah lama waspadai dampak buruk kebijakan bebas visa,Why are you silent ? what is the function of dpr? be a spectator? The DPR has long been wary of the negative impacts of the visa-free policy
105,2016-12-19T22:45:44.000Z,Kunjungan Kerja Anggota Komisi II DPR RI di dalam masa reses persidangan thn cc,kunjungan kerja anggota komisi II DPR RI di dalam masa reses persidangan tahun cc,working visit of members of Commission II DPR RI during the session recess in cc year
106,2016-12-19T17:40:17.000Z,Emnu Azamri Sebagai Wakil Rakyat Saya Tak Takut Reses,emnu azamri sebagai wakil rakyat saya tak takut reses,"Emnu Azamri as the people's representative, I am not afraid of a recess"
107,2016-12-19T15:57:14.000Z,Sahkan Revisi Undang Undang Aparatur Sipil Negara SahkanRevisiUUASN,sahkan revisi undang undang aparatur sipil negara sahkanrevisiuuasn,ratify the revision of the state civil service law ratify the revision
108,2016-12-19T12:34:24.000Z,Jika salah kebijakan yg bahayakan keutuhan kdaulatan negara rakyat jgn takut ingatkan demi bangsa,jika salah kebijakan yang bahayakan keutuhan kdaulatan negara rakyat jangan takut ingatkan demi bangsa,"If there is a wrong policy that endangers the integrity of the people's state sovereignty, don't be afraid to remind them for the sake of the nation"
109,2016-12-19T11:58:15.000Z,Hari ini brsm pimpinan anggota Komisi V DPR RI dg didampingi mitra kerja komisi melakukan Kunker masa Reses ke NTB,hari ini brsm pimpinan anggota komisi v DPR RI dengan didampingi mitra kerja komisi melakukan kunker masa reses ke NTB,"Today BRSM leaders of Commission v DPR RI members, accompanied by commission partners, went on a recess visit to NTB"
110,2016-12-19T11:20:09.000Z,hrs kaji kebijakan jika langgar konstitusi RI maka lengserkan dg konstitusi bkn makar,harus kaji kebijakan jika langgar konstitusi RI maka lengserkan dengan konstitusi bukan makar,"You have to review the policy, if it violates the Indonesian constitution, then overthrowing it with the constitution is not treason"
111,2016-12-19T10:53:11.000Z,Wakil Rakyat Ini Beberkan Argumen Telak untuk Tolak Komunisme di Indonesia,wakil rakyat ini beberkan argumen telak untuk tolak komunisme di indonesia,This people's representative laid out strong arguments for rejecting communism in Indonesia
112,2016-12-19T09:49:06.000Z,Anggota Komisi II DPR RI Keberatan dengan Revisi Undang Undang ASN,anggota komisi II DPR RI keberatan dengan revisi undang undang ASN,Member of Commission II DPR RI objected to the revision of the ASN law
113,2016-12-19T04:21:05.000Z,Harap seluruh anggota dpr agar reses ka suriah bantu pengungsi suriah kalian kan perpanjang tangan rakyat kesana kalian bantu,harap seluruh anggota dpr agar reses kak suriah bantu pengungsi suriah kalian kan perpanjang tangan rakyat kesana kalian bantu,"I hope that all members of the DPR will take a recess, Sis Syria, to help Syrian refugees. You will extend the hand of the people there and help you"
114,2016-12-19T04:16:26.000Z,DPR Minta Pemerintah Konkret di Krisis Suriah via,DPR meminta pemerintah konkret di krisis suriah via,The DPR asks the government to be concrete in the Syrian crisis via
115,2016-12-19T02:45:01.000Z,Siapa bilang Dewan Perwakilan Rakyat bekerja lambat? Revisi Undang Undang tentang MPR DPR DPD dan DPRD,siapa bilang dewan perwakilan rakyat bekerja lambat ? revisi undang undang tentang MPR DPR DPD dan DPRD,Who says the People's Representative Council works slowly? revision of the law regarding the MPR DPR DPD and DPRD
116,2016-12-19T02:25:00.000Z,IPC Beri Masukan RUU Migas Ini Tanggapan BKD DPR RI,IPC beri masukan RUU migas ini tanggapan BKD DPR RI,IPC gave input to this oil and gas bill as a response to the DPR RI BKD
117,2016-12-19T02:10:10.000Z,body status Dewibet Jkt DPR RI Sahkan RUU Jasa konstruksi kementerianpupr surabaya TeamK wanita dewi,body status dewibet jakarta DPR RI sahkan RUU jasa konstruksi kementerianpupr surabaya teamk wanita dewi,body status dewibet jakarta DPR RI ratifies the construction services bill ministrypupr Surabaya teamk women goddess
118,2016-12-19T01:46:25.000Z,DPR RI Sahkan RUU Jasa Konstruksi Menjadi Undang Undang,DPR RI sahkan RUU jasa konstruksi menjadi undang undang,DPR RI ratifies the construction services bill into law
119,2016-12-18T04:44:48.000Z,sehingga Tidak Bisa Sesuai Ke inginan Tapi seauai Undang Undang tapi mau gmna U U nya Jga Ga Solid ya salah Warga,sehingga tidak dapat sesuai ke inginan tetapi seauai undang undang tetapi mau bagaimana kamu kamu nya juga tidak solid ya salah warga,"so it can't be according to your wishes but in accordance with the law but what can you do, you are also not solid, it's the people's fault"
120,2016-12-18T04:43:39.000Z,harus Menegakan Hukum Sesuai Undang Undang kalau tidak Sesuai Tentu Harus Ada Penegak Untuk Penegak Hukum,harus menegakan hukum sesuai undang undang jika tidak sesuai tentu harus ada penegak untuk penegak hukum,"must enforce the law according to the law, if it is not appropriate, of course there must be enforcers to enforce the law"
121,2016-12-18T04:07:09.000Z,Viva Anggota DPR Minta TNI AU Investigasi Kecelakaan Hercules Mereka siap jika harus membuat kebijakan NewsToday,viva anggota DPR meminta TNI AU investigasi kecelakaan hercules mereka siap jika harus membuat kebijakan newstoday,"Viva DPR members ask the Indonesian Air Force to investigate the Hercules accident, they are ready if they have to make a policy newstoday"
122,2016-12-17T05:19:04.000Z,Kunjungan Kerja Reses Komisi IX DPR RI Masa Persidangan II Tahun Sidang ke Propinsi Sulawesi Utara,kunjungan kerja reses komisi IX DPR RI masa persidangan II tahun sidang ke propinsi sulawesi utara,working visit for the recess of Commission IX DPR RI during the second session of the session year to the province of North Sulawesi
123,2016-12-17T04:57:03.000Z,Ketua Para Wkl Ketua DPR RI PERLUNYA RUU PELAPORAN KEUANGAN UNTUK DUNIA BISNIS USAHA DI lewat,ketua para wkl ketua DPR RI PERLUNYA RUU PELAPORAN KEUANGAN UNTUK DUNIA BISNIS USAHA DI lewat,chairman of the wkl chairman of the Indonesian House of Representatives THE NEED FOR A FINANCIAL REPORTING BILL FOR THE WORLD OF BUSINESS IN passing
124,2016-12-17T04:55:42.000Z,Jangan lupa pak diperjuangkan pengesahan REVISI terbatas uu asn,jangan lupa pak diperjuangkan pengesahan REVISI terbatas uu asn,"Don't forget, sir, to fight for the ratification of the limited REVISION of the ASN law"
125,2016-12-17T03:08:13.000Z,Banyak anggota dpr tak hadiri rapat paripurna kamis lalu cuma disuruh datang duduk dengar diam dan duit saja koq susah,banyak anggota dpr tak hadiri rapat paripurna kamis lalu cuma disuruh datang duduk dengar diam dan duit saja kok susah,Many DPR members did not attend last Thursday's plenary session but were only told to come and sit and listen in silence and money was scarce.
126,2016-12-17T02:56:00.000Z,SuaraBerjutaTelinga biem_benjamin DPR_RI Semua hrs melalui payung hukum yaitu Undang Undang,suaraberjutatelinga biem_benjamin DPR_RI semua harus melalui payung hukum yaitu undang undang,"Suaraberjutatelinga biem_benjamin DPR_RI everything must go through a legal umbrella, namely law"
127,2016-12-17T02:38:56.000Z,SuaraBerjutaTelinga Semua hrs melalui payung hukum yaitu Undang Undang,suaraberjutatelinga semua harus melalui payung hukum yaitu undang undang,"The voices of millions of ears must all pass through a legal umbrella, namely law"
128,2016-12-17T02:29:44.000Z,Anggota DPR AS ajukan RUU untuk hentikan pendanaan AS ke al Qaeda ISIS di Suriah u jatuhkan Assad,anggota DPR AS ajukan RUU untuk hentikan pendanaan AS ke al qaeda ISIS di suriah kamu jatuhkan assad,US House of Representatives members propose bill to stop US funding to al Qaeda ISIS in Syria you overthrow Assad
129,2016-12-17T01:17:24.000Z,Setuju ayoo dong DPR kalian kan wakil rakyat jngn melempem jngn takut menyuarakan aspirasi rakyat,setuju ayo dong DPR kalian kan wakil rakyat jangan melempem jangan takut menyuarakan aspirasi rakyat,"I agree, come on, your DPR is the people's representative, don't be sluggish, don't be afraid to voice the people's aspirations"
130,2016-12-17T01:10:58.000Z,DPR Indonesia Tidak Butuh Ormas Asing Batalkan!,DPR indonesia tidak butuh ormas asing batalkan !,The Indonesian DPR doesn't need foreign mass organizations to cancel it!
131,2016-12-17T01:06:38.000Z,Ketua Komisi II DPR RI Berkomitmen Selesaikan RUU Pemilu,ketua komisi II DPR RI berkomitmen selesaikan RUU pemilu,Chairman of Commission II DPR RI is committed to completing the election bill
132,2016-12-17T00:41:34.000Z,Puluhan Bidan PTT dan Tenaga Honorer Kawal Pembahasan RUU ASN di Gedung DPR EMPAT PILAR MPR lewat,puluhan bidan PTT dan tenaga honorer kawal pembahasan RUU ASN di gedung DPR EMPAT PILAR MPR lewat,dozens of PTT midwives and honorary staff escorted the discussion of the ASN Bill at the DPR building. THE FOUR PILLARS of the MPR passed by
133,2016-12-17T00:20:46.000Z,Kunjungan Kerja Komisi IX DPR RI Kunker Ke Banyuwangi BANYUWANGI Komisi IX DPR RI dalam Masa Reses,kunjungan kerja komisi IX DPR RI kunker ke banyuwangi BANYUWANGI komisi IX DPR RI dalam masa reses,Commission IX DPR RI working visit to Banyuwangi BANYUWANGI Commission IX DPR RI during recess
134,2016-12-17T00:18:06.000Z,BreakingNews Protes Pemanggilan Eko Patrio DPR Panggil Kapolri Setelah Reses Komisi III DPR RI akan memanggil Kapolri Jenderal followMe,breakingnews protes pemanggilan eko patrio DPR panggil kapolri setelah reses komisi II DPR RI akan memanggil kapolri jenderal followme,breakingnews protest summons eco patrio DPR summons national police chief after recess commission II DPR RI will summon national police chief general followme
135,2016-12-16T16:43:12.000Z,Komisi IX Pelajari Program Harga Pas Dan Anak Tokcer Komisi IX DPR RI dalam Masa Reses Persidangan II Tahun Sidang,komisi IX pelajari program harga pas dan anak tokcer komisi IX DPR RI dalam masa reses persidangan II tahun sidang,Commission IX studied the right price and child tokcer program for Commission IX DPR RI during the second session recess of the session year
136,2016-12-16T12:24:44.000Z,Aksi Damai untuk mendorong DPR RI segera mengesahkan RUU Penghapusan Kekerasan Seksual Semarang,aksi damai untuk mendorong DPR RI segera mengesahkan RUU penghapusan kekerasan seksual semarang,peaceful action to encourage the DPR RI to immediately pass the bill on the elimination of sexual violence in Semarang
137,2016-12-16T10:47:14.000Z,Ya Allah Ya Rob ketuklah hati pemangku kebijakan wakil rakyat SahkanRevisiUUASN,ya allah ya rob ketuklah hati pemangku kebijakan wakil rakyat sahkanrevisiuuasn,"O Allah, O Rob, knock on the hearts of policy makers representing the people, validate the revision"
138,2016-12-16T10:44:48.000Z,Kebijakan yang tepat adalah mengembalikan agar kawasan suci itu bersih PelanggaranTelukBenoa,kebijakan yang tepat adalah mengembalikan agar kawasan suci itu bersih pelanggarantelukbenoa,The right policy is to restore the sacred area so that the violation of Teluk Benoa is clean
139,2016-12-16T10:20:47.000Z,bagi pelaksanaan pembangunan daerah pungkas Senator DIY HL DPDRI sumber,bagi pelaksanaan pembangunan daerah pungkas senator DIY HL DPDRI sumber,"for the implementation of regional development, concluded DIY senator HL DPDRI source"
140,2016-12-16T10:13:25.000Z,Sehingga menurutnya Badan Legislasi Dewan Perwakilan Rakyat sepakat memasukan perubahan kedua Undang Undang Nomor DPDRI,sehingga menurutnya badan legislasi dewan perwakilan rakyat sepakat memasukan perubahan kedua undang undang nomor DPDRI,so according to him the legislative body of the people's representative council agreed to include changes to the two laws numbered DPDRI
141,2016-12-16T10:07:03.000Z,Dalam rapat koordinasi Badan Legislasi DPR RI dengan Menteri Hukum dan HAM serta Panitia Perancang Undang undang PPUU DPDRI,dalam rapat koordinasi badan legislasi DPR RI dengan menteri hukum dan HAM serta panitia perancang undang undang PPUU DPDRI,in the coordination meeting of the DPR RI legislative body with the minister of law and human rights and the DPDRI PPUU law drafting committee
142,2016-12-16T10:01:10.000Z,Baleg DPR RI Menyepakati RUU dalam Prolegnas RUU DPDRI,baleg DPR RI menyepakati RUU dalam prolegnas RUU DPDRI,The DPR RI baleg approved the bill in the DPDRI Draft National Legislation Bill
143,2016-12-16T09:34:17.000Z,Menurut Menteri Laoly tantangan ke depan terhadap perkembangan jasa konstruksi mendorong dilakukannya revisi,menurut menteri laoly tantangan ke depan terhadap perkembangan jasa konstruksi mendorong dilakukannya revisi,"According to Minister Laoly, future challenges in the development of construction services encourage revisions"
144,2016-12-16T09:19:15.000Z,Baleg DPR RI Menyepakati RUU dalam Prolegnas RUU Penyusunan RUU Prolegnas belum juga rampung,baleg DPR RI menyepakati RUU dalam prolegnas RUU penyusunan RUU prolegnas belum juga rampung,DPR RI baleg approves bill in National Legislative Program The bill drafting the Prolegnas Bill has not yet been completed
145,2016-12-16T09:04:19.000Z,Kunker Reses Komisi di,kunker reses komisi di,commission recess at
146,2016-12-16T06:49:10.000Z,Yah sampai jumpa di bui dah jadi nostalgia pas wakil rakyat bikin RUU Pornografi itu hahhaa prett,ya sampai jumpa di bui deh jadi nostalgia pas wakil rakyat bikin RUU pornografi itu hahhaa prett,"Yes, I'll see you in jail. I was so nostalgic when the people's representatives made the pornography bill, hahahaa prett"
147,2016-12-16T03:45:26.000Z,Kunjungan kerja nomor rapat paripurna nanti dulu Yang Terhormat Anggota Dewan,kunjungan kerja nomor rapat paripurna nanti dulu yang terhormat anggota dewan,"working visit number of the plenary meeting later, honorable members of the council"
148,2016-12-16T03:26:11.000Z,RUU Jasa Konstruksi Resmi Disahkan Menjadi UU,RUU jasa konstruksi resmi disahkan menjadi UU,The construction services bill was officially passed into law
149,2016-12-16T03:21:40.000Z,DPR RI Sahkan UU Jasa Konstruksi Undang undang Jasa Konstruksi akhirnya disahkan pada Rapat Paripurna DPR RI,DPR RI sahkan UU jasa konstruksi undang undang jasa konstruksi akhirnya disahkan pada rapat paripurna DPR RI,The DPR RI ratifies the construction services law. The construction services law was finally passed at the plenary session of the DPR RI
150,2016-12-16T03:02:32.000Z,Dwi Murdaningsih RUU Jasa Konstruksi Resmi Disahkan Menjadi UU,dwi murdaningsih RUU jasa konstruksi resmi disahkan menjadi UU,dwi murdaningsih The construction services bill was officially passed into law
151,2016-12-16T02:54:47.000Z,RUU Jasa Konstruksi Resmi Disahkan Menjadi UU ROL,RUU jasa konstruksi resmi disahkan menjadi UU ROL,The construction services bill was officially passed as the ROL Law
152,2016-12-16T02:54:09.000Z,republikaonline RUU Jasa Konstruksi Resmi Disahkan Menjadi UU,republikaonline RUU jasa konstruksi resmi disahkan menjadi UU,republicaonline The construction services bill has officially been passed into law
153,2016-12-16T02:52:32.000Z,RUU Jasa Konstruksi Resmi Disahkan Menjadi UU News,RUU jasa konstruksi resmi disahkan menjadi UU news,The construction services bill was officially passed as a news law
154,2016-12-16T02:52:13.000Z,RUU Jasa Konstruksi Resmi Disahkan Menjadi UU info,RUU jasa konstruksi resmi disahkan menjadi UU info,The construction services bill was officially passed as an information law
155,2016-12-16T02:26:27.000Z,DPR RI sahkan UU Jasa Konstruksi Undang undang Jasa Konstruksi akhirnya disahkan pada Rapat Paripurna DPR RI,DPR RI sahkan UU jasa konstruksi undang undang jasa konstruksi akhirnya disahkan pada rapat paripurna DPR RI,The DPR RI ratifies the construction services law. The construction services law was finally passed at the plenary session of the DPR RI
156,2016-12-16T01:59:09.000Z,DPR RI menyetujui dan mensahkan RUU Jasa Konstruksi menjadi undang undang dlm Rapat Paripurna Ke di Gedung DPR RI,DPR RI menyetujui dan mensahkan RUU jasa konstruksi menjadi undang undang dalam rapat paripurna ke di gedung DPR RI,The DPR RI approved and ratified the construction services bill into law in a plenary session at the DPR RI building
157,2016-12-15T23:45:05.000Z,Radio ANDIKA Dewan Perwakilan Rakyat mengesahkan agar Rancangan Undang Undang tentang Pertembakauan menjadi,radio ANDIKA dewan perwakilan rakyat mengesahkan agar rancangan undang undang tentang pertembakauan menjadi,ANDIKA radio the people's representative council passed the draft law on tobacco into law
158,2016-12-15T23:30:36.000Z,debat sama lawan aja gabisa gmn nanti debat sama anggota dpr soal kebijakan yg menguntungkan buat rakyat? lul,debat sama lawan saja enggak bisa bagaimana nanti debat sama anggota dpr soal kebijakan yang menguntungkan buat rakyat ? lul,"You can't even debate with your opponent, what about debating with members of the DPR about policies that are beneficial to the people? lul"
159,2016-12-15T20:23:13.000Z,DPR RI Setujui RUU Penetapan Batas Laut Indonesia Singapura,DPR RI setujui RUU penetapan batas laut indonesia singapura,"The Indonesian House of Representatives approves the bill to determine Indonesia's sea boundaries, Singapore"
160,2016-12-15T17:13:43.000Z,DPR RI mengesahkan Rancangan Undang Undang tentang Jasa Konstruksi menjadi undang undang Menteri Hukum dan Hak,DPR RI mengesahkan rancangan undang undang tentang jasa konstruksi menjadi undang undang menteri hukum dan hak,The DPR RI passed the draft law on construction services into law for the minister of law and rights
161,2016-12-15T14:25:08.000Z,RUU Pertembakauan Disetujui Jadi RUU Inisiatif DPR,RUU pertembakauan disetujui jadi RUU inisiatif DPR,The tobacco bill was approved as a DPR initiative bill
162,2016-12-15T14:24:17.000Z,Pembahasan RUU Terorisme dan RUU Wawasan Nusantara Diperpanjang,pembahasan RUU terorisme dan RUU wawasan nusantara diperpanjang,discussion of the terrorism bill and the Indonesian insight bill was extended
163,2016-12-15T11:43:56.000Z,Bismillah Semoga Wakil Rakyat Mewakili Aspirasi Rakyat Amin,bismillah semoga wakil rakyat mewakili aspirasi rakyat amin,"Bismillah, may the people's representatives represent the aspirations of the people, amen"
164,2016-12-15T10:06:23.000Z,Paripurna DPR Setujui RUU Pertembakauan untuk Dibahas,paripurna DPR setujui RUU pertembakauan untuk dibahas,DPR plenary approves tobacco bill for discussion
165,2016-12-15T10:04:15.000Z,republikaonline Paripurna DPR Setujui RUU Pertembakauan untuk Dibahas,republikaonline paripurna DPR setujui RUU pertembakauan untuk dibahas,republicaonline DPR plenary approves tobacco bill for discussion
166,2016-12-15T10:02:09.000Z,Dwi Murdaningsih Paripurna DPR Setujui RUU Pertembakauan untuk Dibahas,dwi murdaningsih paripurna DPR setujui RUU pertembakauan untuk dibahas,Dwi Murdaningsih plenary session of the DPR approved the tobacco bill for discussion
167,2016-12-15T10:01:46.000Z,Paripurna DPR Setujui RUU Pertembakauan untuk Dibahas IkiBangsaku,paripurna DPR setujui RUU pertembakauan untuk dibahas ikibangsaku,DPR plenary approves tobacco bill to be discussed ikibangsaku
168,2016-12-15T09:59:13.000Z,Paripurna DPR Setujui RUU Pertembakauan untuk Dibahas ROL,paripurna DPR setujui RUU pertembakauan untuk dibahas ROL,DPR plenary approves tobacco bill to be discussed by ROL
169,2016-12-15T09:57:26.000Z,Paripurna DPR Setujui RUU Pertembakauan untuk Dibahas News,paripurna DPR setujui RUU pertembakauan untuk dibahas news,DPR plenary approves tobacco bill for discussion news
170,2016-12-15T09:57:06.000Z,Paripurna DPR Setujui RUU Pertembakauan untuk Dibahas info,paripurna DPR setujui RUU pertembakauan untuk dibahas info,DPR plenary approves tobacco bill for discussion
171,2016-12-15T09:40:20.000Z,Berita Malang DPR RI Akhirnya Mengesahkan RUU Jasa Konstruksi Menjadi Undang Undang,berita malang DPR RI akhirnya mengesahkan RUU jasa konstruksi menjadi undang undang,unfortunate news: The DPR RI has finally passed the construction services bill into law
172,2016-12-15T09:40:10.000Z,DPR RI Akhirnya Mengesahkan RUU Jasa Konstruksi Menjadi Undang Undang Dewan Perwakilan Rakyat DPR RI Politik,DPR RI akhirnya mengesahkan RUU jasa konstruksi menjadi undang undang dewan perwakilan rakyat DPR RI politik,The DPR RI finally passed the construction services bill into law for the DPR RI political people's representative council
173,2016-12-15T07:12:50.000Z,Aktivis FKPPBI sedang berorasi di mendukung menetapkan RUU ASN cc,aktivis FKPPBI sedang berorasi di mendukung menetapkan RUU ASN cc,FKPPBI activists are giving speeches in support of enacting the ASN CC Bill
174,2016-12-15T06:47:00.000Z,Perjuangan FKPPBI bersama membuahkan hasil dgn disetujuinya RUU ASN oleh cc,perjuangan FKPPBI bersama membuahkan hasil dengan disetujuinya RUU ASN oleh cc,FKPPBI's joint struggle bore fruit with the approval of the ASN Bill by CC
175,2016-12-15T06:15:42.000Z,Ketua Para Wakil Ketua DPR RI PERLUNYA RUU PK UtK DUNIA BISNIS USAHA DI SEBUAH REVOLUSI AKUNTANSI INDONESIA,ketua para wakil ketua DPR RI PERLUNYA RUU PAKAI untuk DUNIA BISNIS USAHA DI SEBUAH REVOLUSI AKUNTANSI INDONESIA,chairman and deputy chairman of the Indonesian House of Representatives THE NEED FOR A USE BILL FOR THE WORLD OF BUSINESS IN AN INDONESIAN ACCOUNTING REVOLUTION
176,2016-12-15T06:03:14.000Z,Sahkan RUU ASN gedung DPR MPR I PNS Harga mati praja wibawa,sahkan RUU ASN gedung DPR MPR i PNS harga mati praja wibawa,ratify the ASN Bill in the DPR MPR building and civil servants with a fixed price for Praja Wibawa
177,2016-12-15T05:45:59.000Z,Hari Ini Menggelar Rapat Paripurna Inilah Tujuh Agenda Utamanya,hari ini menggelar rapat paripurna inilah tujuh agenda utamanya,today holding a plenary meeting here are the seven main agendas
178,2016-12-15T05:43:42.000Z,Perpanjangan pembahasan waktu RUU Pemberantasan Tindak Pidana Terorisme RUU Wawasan Nusantara disetujui ParipurnaLive,perpanjangan pembahasan waktu RUU pemberantasan tindak pidana terorisme RUU wawasan nusantara disetujui paripurnalive,"extension of time for discussion of the bill on eradicating criminal acts of terrorism, the Indonesian Insight Bill was approved by the plenary session"
179,2016-12-15T05:41:58.000Z,Agenda ke Pengesahan Perpanjangan Waktu Pembahasan RUU Pemberantasan Tindak Pidana Terorisme RUU Wawasan Nusantara ParipurnaLive,agenda ke pengesahan perpanjangan waktu pembahasan RUU pemberantasan tindak pidana terorisme RUU wawasan nusantara paripurnalive,"the agenda is to ratify the extension of the time for discussion of the bill on eradicating criminal acts of terrorism, the plenary session of the Archipelago Insight Bill"
180,2016-12-15T05:40:07.000Z,RUU Pertembakauan disetujui menjadi RUU Usul Inisiatif DPR RI dalam Rapat Paripurna DPR Ke ParipurnaLive,RUU pertembakauan disetujui menjadi RUU usul inisiatif DPR RI dalam rapat paripurna DPR ke paripurnalive,The tobacco bill was approved as an initiative bill proposed by the DPR RI in the DPR's plenary session to plenary session
181,2016-12-15T05:33:57.000Z,Pendapat Fraksi atas RUU Usul Inisiatif Anggota DPR RI ttg Pertembakauan menjadi RUU Usul DPR RI ParipurnaLive,pendapat fraksi atas RUU usul inisiatif anggota DPR RI tentang pertembakauan menjadi RUU usul DPR RI paripurnalive,faction's opinion on the DPR RI member's initiative proposal bill on tobacco becoming a draft bill proposed by the DPR RI plenary live
182,2016-12-15T05:32:24.000Z,Agenda ke Pendapat Fraksi terhadap RUU Usul Inisiatif Anggota DPR RI tentang Pertembakauan Menjadi RUU Usul DPR RI ParipurnaLive,agenda ke pendapat fraksi terhadap RUU usul inisiatif anggota DPR RI tentang pertembakauan menjadi RUU usul DPR RI paripurnalive,agenda for faction opinions on the DPR RI member's initiative proposal bill on tobacco to become a draft bill proposed by the DPR RI plenary live
183,2016-12-15T05:15:39.000Z,Menkumham sampaikan Pendapat Akhir Presiden RI dlm Paripurna DPR RI ttg RUU Jasa Konstruksi yg akn disahkan menjadi UU Jkt,menkumham sampaikan pendapat akhir presiden RI dalam paripurna DPR RI tentang RUU jasa konstruksi yang akan disahkan menjadi UU jakarta,Minister of Law and Human Rights conveys the final opinion of the President of the Republic of Indonesia in the plenary session of the DPR RI regarding the construction services bill which will be passed into law in Jakarta
184,2016-12-15T05:00:11.000Z,Selamat atas disetujui dan disahkannya RUU Jasa Konstruksi menjadi Undang Undang dalam Rapat Paripurna DPR Ke ParipurnaLive,selamat atas disetujui dan disahkannya RUU jasa konstruksi menjadi undang undang dalam rapat paripurna DPR ke paripurnalive,congratulations on the approval and passing of the construction services bill into law in the DPR plenary session to plenary session
185,2016-12-15T04:54:56.000Z,Sidang Paripurna DPR RI sahkan RUU ttg Pengesahan Perjanjian Penetapan Garis Batas Laut Wilayah RI Singapura,sidang paripurna DPR RI sahkan RUU tentang pengesahan perjanjian penetapan garis batas laut wilayah RI singapura,"The DPR RI plenary session ratified the bill regarding ratification of the agreement to determine the maritime boundary lines of the Republic of Indonesia, Singapore"
186,2016-12-15T04:45:07.000Z,Pengambilan Keputusan Terhadap RUU tentang Jasa Konstruksi ParipurnaLive,pengambilan keputusan terhadap RUU tentang jasa konstruksi paripurnalive,making decisions on the bill on plenary construction services
187,2016-12-15T04:43:07.000Z,Agenda ke Pembicaraan Tingkat II Pengambilan Keputusan Terhadap RUU tentang Jasa Konstruksi ParipurnaLive,agenda ke pembicaraan tingkat II pengambilan keputusan terhadap RUU tentang jasa konstruksi paripurnalive,agenda for level II discussions on decision making regarding the Bill on plenary live construction services
188,2016-12-15T04:34:28.000Z,Rapat Paripurna DPR Ke Masa Persidanga II TS ParipurnaLive,rapat paripurna DPR ke masa persidanga II TS paripurnalive,DPR plenary meeting to the II TS plenary session period
189,2016-12-15T04:29:02.000Z,Aksi damai depan gedung DPR MPR sahkan revisi RUU ASN Berkeadilan,aksi damai depan gedung DPR MPR sahkan revisi RUU ASN berkeadilan,peaceful demonstration in front of the DPR building. The MPR ratifies the revision of the ASN Bill to be fair
190,2016-12-15T04:19:22.000Z,Dlm thn terakhir setiap tgl Des selalu melakukan penyisipan RUU baru dalam Daftar Prioritas Th dg RUU TA skrg RUU MD,dalam tahun terakhir setiap tanggal des selalu melakukan penyisipan RUU baru dalam daftar prioritas tahu dengan RUU TA sekarang RUU MD,"In the last year, every December, a new bill has always been inserted into the priority list, including the TA Bill and now the MD Bill"
191,2016-12-15T04:17:58.000Z,Agenda ke Pembicaraan Tk II RUU Pengesahan Perjanjian antara RI Singapura tentang Penetapan Garis Batas Laut ParipurnaLive,agenda ke pembicaraan tak II RUU pengesahan perjanjian antara RI singapura tentang penetapan garis batas laut paripurnalive,Agenda for discussion No. II Bill ratifying the agreement between the Republic of Indonesia and Singapore regarding the determination of plenary maritime boundaries
192,2016-12-15T04:10:17.000Z,Pandangan fraksi thdp RUU usul inisiatif anggota DPR terkait RUU Pertembakauan AgendaDPR SidangParipurna,pandangan fraksi terhadap RUU usul inisiatif anggota DPR terkait RUU pertembakauan agendadpr sidangparipurna,The faction's views on the draft initiative proposed by members of the DPR regarding the tobacco bill on the agenda of the DPR plenary session
193,2016-12-15T03:59:13.000Z,Rapat Paripurna DPR Ke Masa Persidangan II Tahun Sidang dipimpin Wakil Ketua DPR ParipurnaLive,rapat paripurna DPR ke masa persidangan II tahun sidang dipimpin wakil ketua DPR paripurnalive,the DPR plenary meeting during the second session of the session year was chaired by the deputy chairman of the DPR plenary session
194,2016-12-15T03:39:27.000Z,Sdh jd tradisi bg utk menyisipkan RUU tambahan dlm prolegnas prioritas Bln Nov DPR menambahkan RUU Tax Amnesty skrg MD,sudah jadi tradisi bang untuk menyisipkan RUU tambahan dalam prolegnas prioritas bulan nov DPR menambahkan RUU tax amnesty sekarang MD,"It has become a tradition, bro, to insert additional bills in the priority National Legislation Program in November. The DPR added the tax amnesty bill now MD"
195,2016-12-15T03:32:33.000Z,Lombok Dengar Pendapat Serta Masukan Warga di Masa Reses III Anggota DPR Provinsi,lombok dengar pendapat serta masukan warga di masa reses II anggota DPR provinsi,Lombok heard opinions and input from residents during the second recess of provincial DPR members
196,2016-12-15T03:12:24.000Z,DPR Serahkan DIM RUU Pemberantasan Terorisme kepada Menkumham,DPR serahkan DIM RUU pemberantasan terorisme kepada menkumham,The DPR handed over the DIM bill on eradicating terrorism to the Minister of Law and Human Rights
197,2016-12-15T03:09:58.000Z,Komisi IV DPR Jaring Pendapat RUU Konservasi SDA dan Ekosistem,komisi IV DPR jaring pendapat RUU konservasi SDA dan ekosistem,DPR Commission IV gathers opinions on the Natural Resources and Ecosystem Conservation Bill
198,2016-12-15T02:27:33.000Z,RUU SAWIT UPAYA NEGARA LINDUNGI KOMODITAS STRATEGIS palmoilgreen,RUU SAWIT UPAYA NEGARA LINDUNGI KOMODITAS STRATEGIS palmoilgreen,PALM PALM BILL STATE EFFORTS TO PROTECT STRATEGIC COMMODITY palmoilgreen
199,2016-12-15T02:05:14.000Z,Agenda DPR Kamis Pukul WIB Rapat Paripurna DPR Ke Masa Persidangan II Tahun Sidang agendaDPR,agenda DPR kamis pukul WIB rapat paripurna DPR ke masa persidangan II tahun sidang agendadpr,"DPR agenda, Thursday at WIB, DPR plenary meeting for the second session of the DPR agenda session year"
200,2016-12-15T01:57:10.000Z,Penyuluh Perikanan Bantu hari ini aksi damai di DPR RI dalam rangka mendukung penetapan RUU ASN SahkanRevisiUUASN,penyuluh perikanan bantu hari ini aksi damai di DPR RI dalam rangka mendukung penetapan RUU ASN sahkanrevisiuuasn,Fisheries instructors assisted today in the peaceful demonstration at the DPR RI in support of the enactment of the ASN Bill to legalize the revision
201,2016-12-15T00:07:42.000Z,Anggota DPR Masih Terus Berdebat soal Aturan Pidana Seks Pranikah RUU KUHP Belum Bisa Ketuk Palu,anggota DPR masih terus berdebat soal aturan pidana seks pranikah RUU KUHP belum dapat ketuk palu,DPR members are still debating on the criminal regulations for premarital sex. The Criminal Code Bill has yet to be tapped
202,2016-12-15T00:04:18.000Z,Kita semua Dukung DPR RI untuk Sahkan RUU ASN SahkanRevisiUUASN Berkeadilan,kita semua dukung DPR RI untuk sahkan RUU ASN sahkanrevisiuuasn berkeadilan,We all support the DPR RI to pass the ASN Bill to legalize a fair revision
203,2016-12-14T10:53:19.000Z,Pansus RUU Penyelenggaraan Pemilu DPR RI Rapat Konsultasi dengan Mahkamah Konstitusi membahas sengketa pemilu Rabu KunkerDPR,pansus RUU penyelenggaraan pemilu DPR RI rapat konsultasi dengan mahkamah konstitusi membahas sengketa pemilu rabu kunkerdpr,The special committee on the DPR RI election implementation bill held a consultation meeting with the constitutional court to discuss the election dispute Wednesday kunkerdpr
204,2016-12-14T04:09:03.000Z,Pansus RUU Pemberantasan Tindak Pidana Terorisme Rapat Kerja dengan Menteri Hukum dan HAM terkait penyerahan DIM RUU DPRLive,pansus RUU pemberantasan tindak pidana terorisme rapat kerja dengan menteri hukum dan HAM terkait penyerahan DIM RUU dprlive,The special committee on the bill on eradicating criminal acts of terrorism has a working meeting with the minister of law and human rights regarding the submission of the DIM bill to dprlive
205,2016-12-14T03:40:06.000Z,Pansus RUU Penyelenggaraan Pemilu DPR RI Rapat Konsultasi dengan Mahkamah Agung Rabu KunkerDPR,pansus RUU penyelenggaraan pemilu DPR RI rapat konsultasi dengan mahkamah agung rabu kunkerdpr,The special committee on the DPR RI election implementation bill held a consultation meeting with the supreme court Wednesday kunkerdpr
206,2016-12-14T03:28:10.000Z,Agenda Raker penyerahan DIM RUU ttg Pemberantasan Tindak Pidana Terorisme dan pengesahan keanggotaan Panja RUU dimaksud,agenda raker penyerahan DIM RUU tentang pemberantasan tindak pidana terorisme dan pengesahan keanggotaan panja RUU dimaksud,agenda for the working meeting for the submission of the DIM Bill on the eradication of criminal acts of terrorism and ratification of the membership of the bill's working committee
207,2016-12-14T03:00:20.000Z,Ketua Pansus RUU Penyelenggaraan Pemilu Lukman Edy Hak Pilih TNI Kemajuan Demokrasi Indonesia,ketua pansus RUU penyelenggaraan pemilu lukman edy hak pilih TNI kemajuan demokrasi indonesia,"chairman of the special committee on the bill on the implementation of elections, Lukman Edy, TNI's voting rights for the advancement of Indonesian democracy"
208,2016-12-14T02:49:45.000Z,Kunjungan Komisi IX DPR ke Universitas Mataram untuk menjaring masukan tentang RUU Konservasi Sumber Daya Alam dan Ekosistem KunkerDPR,kunjungan komisi IX DPR ke universitas mataram untuk menjaring masukan tentang RUU konservasi sumber daya alam dan ekosistem kunkerdpr,DPR Commission IX visit to Mataram University to gather input regarding the KunkerdPR Natural Resources and Ecosystem Conservation Bill
209,2016-12-14T02:17:39.000Z,Agenda DPR Rabu Pukul WIB Komisi III DPR Rapat Panja RUU KUHP agendaDPR,agenda DPR rabu pukul WIB komisi II DPR rapat panja RUU KUHP agendadpr,DPR agenda Wednesday at WIB Commission II DPR meeting working committee on Criminal Code Bill DPR agenda
210,2016-12-14T01:43:13.000Z,Agenda DPR Rabu Pukul WIB Pansus RUU Pemberantasan Tindak Pidana Terorisme Rapat Kerja dengan MenkumHAM agendaDPR,agenda DPR rabu pukul WIB pansus RUU pemberantasan tindak pidana terorisme rapat kerja dengan menkumham agendadpr,"DPR agenda, Wednesday at WIB, the special committee on the bill on eradicating criminal acts of terrorism has a working meeting with the Minister of Law and Human Rights on the DPR agenda"
211,2016-12-14T01:39:16.000Z,Agenda DPR Rabu Pukul WIB Pansus RUU Penyelenggaraan Pemilu DPR RI Rapat Konsultasi dengan Mahkamah Agung agendaDPR,agenda DPR rabu pukul WIB pansus RUU penyelenggaraan pemilu DPR RI rapat konsultasi dengan mahkamah agung agendadpr,"DPR agenda, Wednesday at WIB, special committee on the bill on organizing elections for the DPR RI, consultation meeting with the supreme court, DPR agenda"
212,2016-12-13T14:26:36.000Z,Baru skrg mendengar ada kepala daerah ngundat kebijakan bangun Masjid padalah yg dilakukan amanat APBD yg di sahkan bareng wakil rakyat,baru sekarang mendengar ada kepala daerah ngundat kebijakan bangun masjid padalah yang dilakukan amanat APBD yang di sahkan bareng wakil rakyat,"I've only now heard that regional heads are procrastinating on the policy of building mosques, even though they are carrying out the mandate of the APBD which was ratified together with the people's representatives."
213,2016-12-13T11:25:47.000Z,bijak banget tulisan anda beda dng wakil rakyat yg nyinyir abiesss penampilan tdk menjamin kebijakan seseorang,bijak banget tulisan anda beda dengan wakil rakyat yang nyinyir abiess penampilan tidak menjamin kebijakan seseorang,Your writing is very wise and is different from the people's representatives who say that appearance does not guarantee one's policies
214,2016-12-13T09:50:25.000Z,Setya Novanto Diperiksa KPK Rapat Paripurna DPR RI Ditunda,setya novanto diperiksa KPK rapat paripurna DPR RI ditunda,Setya Novanto is questioned by the Corruption Eradication Commission (KPK) and the DPR RI plenary session has been postponed
215,2016-12-13T08:30:16.000Z,Pansus RUU Penyelenggaraan Pemilu DPR RI Rapat Kerja dengan Panglima TNI Polri Kejaksaan dan DPD RI terkait revisi UU Pemilu DPRLive,pansus RUU penyelenggaraan pemilu DPR RI rapat kerja dengan panglima TNI polri kejaksaan dan DPD RI terkait revisi UU pemilu dprlive,"special committee on the DPR RI election implementation bill working meeting with the TNI, Polri, Attorney General's Office and DPD RI commander regarding the revision of the DPR RI election law"
216,2016-12-13T07:47:05.000Z,Anggota DPR Ingatkan Pentingnya Integrasi Kebijakan TKI,anggota DPR ingatkan pentingnya integrasi kebijakan TKI,DPR members reminded the importance of integrating TKI policies
217,2016-12-13T01:31:03.000Z,Agenda DPR Selasa Pukul WIB Rapat Paripurna DPR Ke Masa Persidangan II Tahun Sidang agendaDPR,agenda DPR selasa pukul WIB rapat paripurna DPR ke masa persidangan II tahun sidang agendadpr,"DPR agenda, Tuesday at WIB, DPR plenary meeting for the second session of the DPR agenda session year"
218,2016-12-13T00:57:56.000Z,a RUU tentang Pemberantasan Tindak Pidana Terorisme b RUU tentang Wawasan Nusantara Pukul Rapat Intern Komisi I DPR RI,a RUU tentang pemberantasan tindak pidana terorisme b RUU tentang wawasan nusantara pukul rapat intern komisi i DPR RI,a Bill on eradicating criminal acts of terrorism b Bill on Indonesian insight at the internal meeting of Commission I DPR RI
219,2016-12-13T00:56:56.000Z,tentang Pertembakauan menjadi RUU Usul DPR RI dilanjutkan dengan Pengambilan Keputusan dan,tentang pertembakauan menjadi RUU usul DPR RI dilanjutkan dengan pengambilan keputusan dan,"regarding tobacco becomes a bill proposed by the DPR RI, followed by decision making and"
220,2016-12-13T00:56:17.000Z,Pendapat Fraksi Fraksi terhadap RUU Usul Inisiatif Anggota DPR RI,pendapat fraksi fraksi terhadap RUU usul inisiatif anggota DPR RI,Opinions of the factions regarding the bill proposed by DPR RI members' initiative
221,2016-12-13T00:53:41.000Z,Agenda Selasa Desember Pukul Rapat Paripurna DPR RI,agenda selasa desember pukul rapat paripurna DPR RI,agenda for Tuesday December at the DPR RI plenary session
222,2016-12-13T00:52:48.000Z,kapan ada RUU produktifitas dan integritas anggota DPR MPR ??,kapan ada RUU produktifitas dan integritas anggota DPR MPR ? ?,When will there be a bill on the productivity and integrity of DPR MPR members? ?
223,2016-12-12T14:05:34.000Z,Komisi IV DPR menggali masukan terkait penyusunana RUU Budi Daya Tanaman di Universitas Sumatera Utara Jumat KunkerDPR,komisi IV DPR menggali masukan terkait penyusunana RUU budi daya tanaman di universitas sumatera utara jumat kunkerdpr,"DPR Commission IV is exploring input regarding the drafting of the bill on plant cultivation at the University of North Sumatra, Friday kunkerdpr"
224,2016-12-12T12:45:50.000Z,Anggota DPR RI Erma S Ranik Nilai RUU CSR Tak Hambat Investasi via,anggota DPR RI erma si ranik nilai RUU CSR tak hambat investasi via,"Member of the Republic of Indonesia's DPR, Erma Si Ranik, believes that the CSR Bill will not hinder investment via"
225,2016-12-12T02:22:11.000Z,RUU Redenominasi tak Masuk Prolegnas,RUU redenominasi tak masuk prolegnas,The redenomination bill is not included in the national legislative program
226,2016-12-12T02:19:54.000Z,republikaonline RUU Redenominasi tak Masuk Prolegnas via,republikaonline RUU redenominasi tak masuk prolegnas via,republicaonline The redenomination bill was not included in the national legislative program via
227,2016-12-12T02:19:42.000Z,RUU Redenominasi tak Masuk Prolegnas ROL,RUU redenominasi tak masuk prolegnas ROL,The redenomination bill is not included in the ROL National Legislation Program
228,2016-12-12T02:19:05.000Z,RUU Redenominasi tak Masuk Prolegnas News,RUU redenominasi tak masuk prolegnas news,The redenomination bill was not included in the national legislative program
229,2016-12-12T02:16:19.000Z,RUU Redenominasi tak Masuk Prolegnas republikaonline,RUU redenominasi tak masuk prolegnas republikaonline,The redenomination bill is not included in the Republikaonline Prolegnas
230,2016-12-12T02:01:54.000Z,Siap Kawal Pengesahan REVISI UUASN,siap kawal pengesahan REVISI UUASN,ready to oversee the ratification of the UUASN REVISION
231,2016-12-11T22:56:53.000Z,DPR RI Di industri kelapa sawit kepentingan asing sangat nyata dalam kebijakan moratorium masa pemerintahan SBY,DPR RI di industri kelapa sawit kepentingan asing sangat nyata dalam kebijakan moratorium masa pemerintahan SURABAYA,DPR RI in the palm oil industry foreign interests are very evident in the moratorium policy during the SURABAYA government
232,2016-12-11T17:59:23.000Z,Ketua Para Wakil Ketua DPR RI RUU PELAPORAN KEUANGAN UNTUK DUNIA BISNIS INDONESIA MENJADI lewat,ketua para wakil ketua DPR RI RUU PELAPORAN KEUANGAN UNTUK DUNIA BISNIS INDONESIA MENJADI lewat,chairman and deputy chairman of the Indonesian House of Representatives THE FINANCIAL REPORTING BILL FOR THE INDONESIAN BUSINESS WORLD IS PASSED
233,2016-12-11T11:42:12.000Z,Ketua dan Para Wakil Ketua DPR RI RUU PELAPORAN KEUANGAN UTK DUNIA BISNIS INDONESIA Paraf lewat,ketua dan para wakil ketua DPR RI RUU PELAPORAN KEUANGAN UNTUK DUNIA BISNIS INDONESIA paraf lewat,Chairman and Deputy Chairmen of the DPR RI FINANCIAL REPORTING BILL FOR THE INDONESIAN BUSINESS WORLD initialed passed
234,2016-12-11T01:33:23.000Z,miris wakil rakyat ngurusin hal cemen mestinya urus RUU yg banyak terbengkalai,miris wakil rakyat mengurusi hal cemen mestinya urus RUU yang banyak terbengkalai,It's sad that the people's representatives taking care of cement matters should be taking care of the bill which has been neglected a lot
235,2016-12-10T13:24:28.000Z,Anggota DPR Harapkan Masyarakat Pahami RUU Konservasi Anggota DPR RI Taufiq R Abdullah mengharapkan rancangan,anggota DPR harapkan masyarakat pahami RUU konservasi anggota DPR RI taufiq r abdullah mengharapkan rancangan,DPR members hope the public understands the conservation bill. Indonesian DPR member Taufiq R Abdullah hopes for a draft
236,2016-12-10T13:24:11.000Z,Anggota DPR Harapkan Masyarakat Pahami RUU Konservasi,anggota DPR harapkan masyarakat pahami RUU konservasi,DPR members hope the public will understand the conservation bill
237,2016-12-10T08:35:37.000Z,Anggota DPR harapkan masyarakat pahami RUU Konservasi,anggota DPR harapkan masyarakat pahami RUU konservasi,DPR members hope the public will understand the conservation bill
238,2016-12-10T08:08:10.000Z,Anggota DPR harapkan masyarakat pahami RUU Konservasi Anggota DPR RI Taufiq R Abdullah mengharapkan rancangan,anggota DPR harapkan masyarakat pahami RUU konservasi anggota DPR RI taufiq r abdullah mengharapkan rancangan,DPR members hope the public understands the conservation bill. Indonesian DPR member Taufiq R Abdullah hopes for a draft
239,2016-12-10T07:54:28.000Z,Draft RUU Penghapusan Kekerasan thd Perempuan bs diakses di web n jgn lupa dukung petisinya,draft RUU penghapusan kekerasan thd perempuan dapat diakses di web n jangan lupa dukung petisinya,The draft bill on the elimination of violence against women can be accessed on the website. Don't forget to support the petition
240,2016-12-10T07:30:24.000Z,Anggota DPR harapkan masyarakat pahami RUU Konservasi Anggota DPR RI Taufiq R Ab infopuger,anggota DPR harapkan masyarakat pahami RUU konservasi anggota DPR RI taufiq r ab infopuger,DPR members hope the public will understand the conservation bill. DPR RI member Taufiq R Ab Infopuger
241,2016-12-10T06:22:37.000Z,Anggota DPR berharap RUU konservasi dipahami luas,anggota DPR berharap RUU konservasi dipahami luas,DPR members hope that the conservation bill will be widely understood
242,2016-12-10T06:12:07.000Z,Anggota DPR berharap RUU konservasi dipahami luas loperkoran,anggota DPR berharap RUU konservasi dipahami luas loperkoran,DPR members hope that the conservation bill will be widely understood by newspapermen
243,2016-12-10T06:11:22.000Z,Anggota DPR berharap RUU konservasi dipahami luas Anggota DPR RI Taufiq R Abdullah mengharapkan rancangan,anggota DPR berharap RUU konservasi dipahami luas anggota DPR RI taufiq r abdullah mengharapkan rancangan,DPR members hope the conservation bill will be widely understood. RI DPR member Taufiq R Abdullah hopes for a draft
244,2016-12-10T06:07:21.000Z,Anggota DPR berharap RUU Konservasi Dipahami luas,anggota DPR berharap RUU konservasi dipahami luas,DPR members hope that the conservation bill will be widely understood
245,2016-12-10T04:54:18.000Z,Revisi UU ASN adalah pembenahan hulu kebijakan dan solusi konkret bagi mereka,revisi UU ASN adalah pembenahan hulu kebijakan dan solusi konkret bagi mereka,The revision of the ASN Law is an upstream policy improvement and a concrete solution for them
246,2016-12-09T15:32:57.000Z,Koq makin marak ya stop kebijakan bebas visa tuk Cina,kok makin marak ya stop kebijakan bebas visa untuk cina,Why is it becoming more and more common to stop the visa-free policy for China?
247,2016-12-09T10:02:11.000Z,Mari kita kawal bersama Undang Undang Aparatur Sipil Negara ASN,mari kita kawal bersama undang undang aparatur sipil negara ASN,Let's guard the ASN state civil apparatus law together
248,2016-12-09T09:56:53.000Z,DPR RI komoditas minyak sawit menempati posisi kedua penyumbang devisa terbesar Indonesia maka harus dilindungi,DPR RI komoditas minyak sawit menempati posisi kedua penyumbang devisa terbesar indonesia maka harus dilindungi,DPR RI palm oil commodities occupy the second position as the largest contributor to Indonesia's foreign exchange and must be protected
249,2016-12-09T08:15:40.000Z,Audiensi kepada Bpk Harry Poernomo Anggota Komisi VII DPR RI tentang RUU Migas,audiensi kepada bpk harry poernomo anggota komisi VII DPR RI tentang RUU migas,"audience with Mr Harry Poernomo, member of Commission VII DPR RI regarding the oil and gas bill"
250,2016-12-09T04:38:41.000Z,Komisi IV DPR menyerap masukan terkait RUU Sistem Budi Daya Tanaman di Universitas Brawijaya Malang Jumat KunkerDPR,komisi IV DPR menyerap masukan terkait RUU sistem budi daya tanaman di universitas brawijaya malang jumat kunkerdpr,"DPR Commission IV absorbs input regarding the Bill on the plant cultivation system at Brawijaya University, Malang, Friday kunkerdpr"
251,2016-12-09T04:34:41.000Z,Konsultasi Publik dan Jaring Pendapat RUU Budi Daya Tanaman Komisi IV DPR RI at Biro Rektor USU,konsultasi publik dan jaring pendapat RUU budi daya tanaman komisi IV DPR RI at biro rektor USU,"public consultation and opinion gathering on the plant cultivation bill, Commission IV DPR RI at the USU chancellor's bureau"
252,2016-12-09T03:05:31.000Z,memberikan kebijakan yg dapat menjadi tolak ukur dan dapat di implementasikan ke kepala daerah sehingga mudah tertata kemimpinannya,memberikan kebijakan yang dapat menjadi tolak ukur dan dapat di implementasikan ke kepala daerah sehingga mudah tertata kemimpinannya,provide policies that can become benchmarks and can be implemented by regional heads so that their leadership can be easily organized
253,2016-12-09T02:23:23.000Z,DPR Terkini Komisi V DPR Setujui Draf RUU Jaskon Dibawa ke Paripurna,DPR terkini komisi v DPR setujui draf RUU jaskon dibawa ke paripurna,The latest DPR commission v DPR approved the draft Jaskon Bill to be brought to plenary
254,2016-12-09T02:22:51.000Z,DPR Terkini Anggota Pansus RUU Penyelenggaraan Pemilu Totok Daryanto Norma Dasar Pemilu Tidak Perlu Diubah,DPR terkini anggota pansus RUU penyelenggaraan pemilu totok daryanto norma dasar pemilu tidak perlu diubah,"Current DPR special committee member Totok Daryanto's election implementation bill, basic election norms do not need to be changed"
255,2016-12-09T02:16:00.000Z,DPR Terkini DPRD dan PMI Surabaya Minta RUU Kepalangmerahan Disahkan,DPR terkini DPRD dan PMI surabaya meminta RUU kepalangmerahan disahkan,The latest DPRD DPRD and PMI Surabaya asked for the Red Cross Bill to be passed
256,2016-12-08T15:57:14.000Z,Satpolpp Mendoakan serta Mendukung disahkan RUU ASN pengangkatan Honorer Amin,satpolpp mendoakan serta mendukung disahkan RUU ASN pengangkatan honorer amin,"Satpolpp prays for and supports the passing of the ASN Bill on honorary appointments, Amen"
257,2016-12-08T15:25:28.000Z,Komisi IV Segera Revisi UU Sumber Daya Hayati MANADO EDUNEWS ID Komisi IV DPR RI akan revisi Undang Undang,komisi IV segera revisi UU sumber daya hayati MANADO EDUNEWS ID komisi IV DPR RI akan revisi undang undang,commission IV will immediately revise the biological resources law MANADO EDUNEWS ID commission IV DPR RI will revise the law
258,2016-12-08T11:41:11.000Z,RUU Sumber Daya Hayati Lindungi Kekayaan Alam Indonesia,RUU sumber daya hayati lindungi kekayaan alam indonesia,The biological resources bill protects Indonesia's natural wealth
259,2016-12-08T11:41:08.000Z,RUU Sumber Daya Hayati Lindungi Kekayaan Alam Indonesia republikaonline,RUU sumber daya hayati lindungi kekayaan alam indonesia republikaonline,Biological resources bill protects Indonesia's natural wealth republicaonline
260,2016-12-08T10:08:30.000Z,Panja RUU Arsitek Komisi V DPR Bahas Substansi DIM Bersama Pemerintah,panja RUU arsitek komisi v DPR bahas substansi DIM bersama pemerintah,The draft committee on draft draft commission v DPR discussed the substance of DIM with the government
261,2016-12-08T06:36:08.000Z,PENDIDIKAN JAKARTA PR Wakil Ketua Komisi X DPR RI Abdul Fikri Faqih menilai pemerintah tidak kompak dalam penentuan kebijakan terkai,PENDIDIKAN JAKARTA PR wakil ketua komisi kali DPR RI abdul fikri faqih menilai pemerintah tidak kompak dalam penentuan kebijakan terkai,EDUCATION JAKARTA PR deputy chairman of the Indonesian House of Representatives Commission Abdul Fikri Faqih assesses that the government is not united in determining related policies
262,2016-12-08T06:15:14.000Z,Komisi IV DPR gelar FGD di Universitas Gadjah Mada tentang RUU Konservasi Keanekaragaman Hayati Ekosistem Kamis KunkerDPR,komisi IV DPR gelar FGD di universitas gadjah mada tentang RUU konservasi keanekaragaman hayati ekosistem kamis kunkerdpr,Commission IV of the DPR held an FGD at Gadjah Mada University regarding the Bill on Ecosystem Biodiversity Conservation Thursday Kunkerdpr
263,2016-12-08T04:54:49.000Z,Komisi V DPR Setujui Draf RUU Jaskon Dibawa ke Paripurna,komisi v DPR setujui draf RUU jaskon dibawa ke paripurna,Commission v DPR approves draft Jaskon Bill to be brought to plenary
264,2016-12-08T04:53:31.000Z,Anggota Pansus RUU Penyelenggaraan Pemilu Totok Daryanto Norma Dasar Pemilu Tidak Perlu Diubah,anggota pansus RUU penyelenggaraan pemilu totok daryanto norma dasar pemilu tidak perlu diubah,"member of the special committee on the election implementation bill, Totok Daryanto, basic election norms do not need to be changed"
265,2016-12-08T03:46:55.000Z,Panja RUU Arsitek Komisi V DPR rapat pembahasan substansi dan DIM RUU Arsitek dengan pemerintah DPRLive,panja RUU arsitek komisi v DPR rapat pembahasan substansi dan DIM RUU arsitek dengan pemerintah dprlive,committee on architect's bill committee v DPR meeting to discuss the substance and DIM of the architect's bill with the dprlive government
266,2016-12-08T02:39:10.000Z,Agenda DPR Kamis Pukul WIB Komisi V DPR Rapat Panja RUU Arsitek agendaDPR,agenda DPR kamis pukul WIB komisi v DPR rapat panja RUU arsitek agendadpr,DPR agenda Thursday at WIB commission v DPR working committee meeting draft agenda DPR agenda
267,2016-12-08T01:12:53.000Z,DPRD dan PMI Surabaya Minta RUU Kepalangmerahan Disahkan,DPRD dan PMI surabaya meminta RUU kepalangmerahan disahkan,The Surabaya DPRD and PMI asked that the Red Cross Bill be passed
268,2016-12-07T17:01:09.000Z,Fraksi PAN DPR RI Dukung Moratorium Ujian Nasional Namun Fraksi PAN meminta agar ada kebijakan pengganti terh,fraksi KAPAN DPR RI dukung moratorium ujian nasional tetapi fraksi KAPAN meminta agar ada kebijakan pengganti terh,The KAPAN faction of the DPR RI supports the moratorium on national exams but the KAPAN faction asks for a replacement policy
269,2016-12-07T11:25:00.000Z,DPR Terkini Ketua DPR Setya Novanto Pastikan RUU Hasil Bahasan DPR Berkualitas Baik,DPR terkini ketua DPR setya novanto pastikan RUU hasil bahasan DPR berkualitas baik,"The latest DPR chairman, Setya Novanto, ensures that the draft bill discussed by the DPR is of good quality"
270,2016-12-07T04:53:08.000Z,RDP Pansus RUU ttg Penyelenggaraan Pemilu DPR RI diisi w Ronald Khanif others at Gedung Nusantara II,RDP pansus RUU tentang penyelenggaraan pemilu DPR RI diisi saya ronald khanif others at gedung nusantara II,"The RDP of the special committee on the bill regarding the implementation of the DPR RI elections was filled by me, Ronald Khanif, others at Gedung Nusantara II"
271,2016-12-07T04:25:00.000Z,DKPP menyampaikan masukan terkait dengan revisi UU Penyelenggaraan Pemilu pada Pansus RUU Penyelenggaran Pemilu DPR RI DPRLive,DKPP menyampaikan masukan terkait dengan revisi UU penyelenggaraan pemilu pada pansus RUU penyelenggaran pemilu DPR RI dprlive,DKPP submitted input related to the revision of the election implementation law to the DPR RI election implementation bill dprlive
272,2016-12-07T04:17:31.000Z,LANGSUNG di Periscope Pansus RUU Pemilu raker dengan KPU Bawaslu dan DKPP DPRLive,LANGSUNG di periscope pansus RUU pemilu raker dengan KPU bawaslu dan DKPP dprlive,LIVE on Periscope special committee on election bill working meeting with KPU Bawaslu and DKPP dprlive
273,2016-12-07T04:11:10.000Z,Pansus RUU Penyelenggaraan Pemilu Rapat Kerja dengan KPU Bawaslu dan DKPP terkait revisi UU Penyelenggarana Pemilu DPRLive,pansus RUU penyelenggaraan pemilu rapat kerja dengan KPU bawaslu dan DKPP terkait revisi UU penyelenggarana pemilu dprlive,special committee on election implementation bill working meeting with KPU Bawaslu and DKPP regarding revision of DPRlive election implementation law
274,2016-12-07T04:06:58.000Z,Penyerahan NA dan RUU SahkanRevisiUUASN dan surat pengusul kpd Pimpinan DPR RI utk penjadwalan di Paripurna sbg in,penyerahan NYA dan RUU sahkanrevisiuuasn dan surat pengusul kepada pimpinan DPR RI untuk penjadwalan di paripurna sebagai ini,Submission of the NYA and bill to validate revisions and letter of proposal to the leadership of the DPR RI for scheduling in plenary as follows
275,2016-12-07T03:20:10.000Z,Bener Uni memang seharusnya jan seperti itu namanya jg wakil rakyat menyuarakan aspirasi rakyat,banget uni memang seharusnya jangan seperti itu namanya juga wakil rakyat menyuarakan aspirasi rakyat,"It's true that uni should not be like that, it should also be called a people's representative to voice the aspirations of the people"
276,2016-12-07T03:17:29.000Z,Sebagai sy WAJIB NGOCEH Kalau Wakil Rakyat Diam apa kata Dunia?,sebagai saya WAJIB MENGOCEH jika wakil rakyat diam apa kata dunia ?,"as I MUST RANT if the people's representatives are silent, what will the world say?"
277,2016-12-07T03:13:32.000Z,Agenda DPR Rabu Pukul WIB Komisi V DPR Rapat Panja RUU Jasa Konstruksi agendaDPR,agenda DPR rabu pukul WIB komisi v DPR rapat panja RUU jasa konstruksi agendadpr,DPR agenda Wednesday at WIB commission v DPR working committee meeting on construction services bill agendadpr
278,2016-12-07T03:12:22.000Z,Agenda DPR Rabu Pukul WIB Komisi VII DPR Rapat Panja RUU Migas agendaDPR,agenda DPR rabu pukul WIB komisi VII DPR rapat panja RUU migas agendadpr,DPR agenda Wednesday at WIB Commission VII DPR working committee meeting on oil and gas bill DPR agenda
279,2016-12-07T02:26:38.000Z,Agenda DPR Rabu Pukul WIB Komisi I DPR Rapat Panja RUU Penyiaran agendaDPR,agenda DPR rabu pukul WIB komisi i DPR rapat panja RUU penyiaran agendadpr,DPR agenda Wednesday at WIB commission i DPR meeting working committee on broadcasting bill DPR agenda
280,2016-12-07T02:23:20.000Z,Agenda DPR Rabu Pukul WIB Pansus RUU Penyelenggaraan Pemilu Rapat Kerja dengan KPU Bawaslu dan DKPP agendaDPR,agenda DPR rabu pukul WIB pansus RUU penyelenggaraan pemilu rapat kerja dengan KPU bawaslu dan DKPP agendadpr,DPR agenda Wednesday at WIB special committee on election implementation bill working meeting with KPU Bawaslu and DKPP agendadpr
281,2016-12-07T00:15:21.000Z,Mendoakan DPR memutuskan SahkanRevisiUUASN pd Sidang Paripurna Des sbg RUU Inisiatif DPR,mendoakan DPR memutuskan sahkanrevisiuuasn pada sidang paripurna des sebagai RUU inisiatif DPR,pray that the DPR decides to ratify the revision at the December plenary session as a DPR initiative bill
282,2016-12-07T00:13:01.000Z,Meminta DPR memutuskan SahkanRevisiUUASN pd Sidang Paripurna Des sbg RUU Inisiatif DPR,meminta DPR memutuskan sahkanrevisiuuasn pada sidang paripurna des sebagai RUU inisiatif DPR,asked the DPR to decide to ratify the revision at the December plenary session as a DPR initiative bill
283,2016-12-06T21:19:59.000Z,Penyerahan NA dan RUU Sahkan Revisi UUASN dan Surat usulan penjadwalan di Paripurna sebagai inisiatif DPR RI,penyerahan NYA dan RUU sahkan revisi UUASN dan surat usulan penjadwalan di paripurna sebagai inisiatif DPR RI,submission of the NYA and the bill to ratify the revision of the UUASN and a letter of proposal for scheduling at the plenary session as an initiative of the DPR RI
284,2016-12-06T19:45:44.000Z,Kawal Revisi UU ASN sesuai draft RUU Ayo bangun semangat KITA SahkanRevisiUUASN,kawal revisi UU ASN sesuai draft RUU ayo bangun semangat KITA sahkanrevisiuuasn,Monitor the revision of the ASN Law according to the draft bill. Let's build our enthusiasm to legalize the revision
285,2016-12-06T15:42:33.000Z,boleh jd Anggota DPR asal kembali fitrah jd wakil rakyat Menampung aspirasi rakyat,boleh jadi anggota DPR asal kembali fitrah jadi wakil rakyat menampung aspirasi rakyat,"You may become a member of the DPR as long as you return to your normal nature as a people's representative, accommodating the aspirations of the people"
286,2016-12-06T13:38:57.000Z,Dukungan masyarakat terhadap RUU Pendidikan Madrasah pon Pesantren sangat dibutuhkan sbg dorongan bg DPR RI utk memulai pembahasan RUU,dukungan masyarakat terhadap RUU pendidikan madrasah pon pesantren sangat dibutuhkan sebagai dorongan bang DPR RI untuk memulai pembahasan RUU,Public support for the Madrasah Islamic Boarding School education bill is really needed as encouragement for the DPR RI to start discussing the bill
287,2016-12-06T12:26:54.000Z,Sidang Paripurna I RUU Revisi UU ASN mendesak utk digelar di akhir masa sidang SahkanRevisiUUASN,sidang paripurna i RUU revisi UU ASN mendesak untuk digelar di akhir masa sidang sahkanrevisiuuasn,It is urgent that the plenary session of the draft revision of the ASN Law be held at the end of the session to validate the revision
288,2016-12-06T12:08:06.000Z,Pengusul telah serahkan NA dan draft RUU Revisi ASN ke Pimp DPR Ayo genjot ! SahkanRevisiUUASN,pengusul telah serahkan NYA dan draft RUU revisi ASN ke pimp DPR ayo genjot ! sahkanrevisiuuasn,"The proposer has submitted the NYA and the draft ASN revision bill to the head of the DPR, let's push it forward! validate revisions"
289,2016-12-06T10:41:38.000Z,Mari dorong percepatan penetapan jadwal Sidang Paripurna RUU Perubahan UU ASN SahkanRevisiUUASN,mari dorong percepatan penetapan jadwal sidang paripurna RUU perubahan UU ASN sahkanrevisiuuasn,"Let's encourage the acceleration of the determination of the schedule for the plenary session of the Bill on changes to the ASN Law, legalize the revision"
290,2016-12-06T10:38:19.000Z,Kebijakan rencana pengembangan Teluk Benoa adalah untuk meningkatkan daya saing BaliProRTB cc,kebijakan rencana pengembangan teluk benoa adalah untuk meningkatkan daya saing baliprortb cc,The policy of the Benoa Bay development plan is to increase the competitiveness of BaliProRTB CC
291,2016-12-06T09:16:16.000Z,Ketua DPR Setya Novanto Pastikan RUU Hasil Bahasan DPR Berkualitas Baik,ketua DPR setya novanto pastikan RUU hasil bahasan DPR berkualitas baik,DPR chairman Setya Novanto ensures that the draft bill discussed by the DPR is of good quality
292,2016-12-06T09:15:57.000Z,Penyerahan NA dan RUU SahkanRevisiUUASN dan surat pengusul kpd Pimpinan DPR RI utk penjadwalan di Paripurna sbg inisiatif DPR Selasa,penyerahan NYA dan RUU sahkanrevisiuuasn dan surat pengusul kepada pimpinan DPR RI untuk penjadwalan di paripurna sebagai inisiatif DPR selasa,submission of the NYA and bill legalizing revisions and a letter of proposal to the leadership of the DPR RI for scheduling in plenary as an initiative of the DPR on Tuesday
293,2016-12-06T07:05:18.000Z,Ketua DPR Minta Kualitas RUU Diperhatikan,ketua DPR meminta kualitas RUU diperhatikan,the chairman of the DPR asked for attention to the quality of the bill
294,2016-12-06T06:57:01.000Z,Ketua DPR Minta Kualitas RUU Diperhatikan Relasi,ketua DPR meminta kualitas RUU diperhatikan relasi,The chairman of the DPR asked relations to pay attention to the quality of the bill
295,2016-12-06T06:51:21.000Z,republikaonline Ketua DPR Minta Kualitas RUU Diperhatikan via,republikaonline ketua DPR meminta kualitas RUU diperhatikan via,republicaonline the chairman of the DPR asked for attention to the quality of the bill via
296,2016-12-06T06:49:32.000Z,Ketua DPR Minta Kualitas RUU Diperhatikan republikaonline,ketua DPR meminta kualitas RUU diperhatikan republikaonline,the chairman of the DPR asked for the quality of the bill to be paid attention to Republikaonline
297,2016-12-06T06:48:17.000Z,Ketua DPR Minta Kualitas RUU Diperhatikan info,ketua DPR meminta kualitas RUU diperhatikan info,The chairman of the DPR asked for attention to the quality of the bill
298,2016-12-06T03:48:00.000Z,Smga pengesahan Revisi di Paripurna nanti tak berubah arah Aamiin SahkanRevisiUUASN,semoga pengesahan revisi di paripurna nanti tak berubah arah amin sahkanrevisiuuasn,"Hopefully the ratification of the revision in the plenary session will not change direction, amen, validate the revision"
299,2016-12-06T03:41:40.000Z,Perjalanan pembahasan masih cukup panjang hingga final pengesahan SahkanRevisiUUASN,perjalanan pembahasan masih cukup panjang hingga final pengesahan sahkanrevisiuuasn,The discussion journey is still quite long until the final ratification of the revision is validated
300,2016-12-06T03:37:59.000Z,Terima kasih kpd seluruh Fraksi DPR RI yg sepakat RUU Revisi lanjut SahkanRevisiUUASN,terima kasih kepada seluruh fraksi DPR RI yang sepakat RUU revisi lanjut sahkanrevisiuuasn,Thank you to all factions of the Indonesian House of Representatives who agreed that the revised bill will continue to validate the revision
301,2016-12-06T03:36:13.000Z,Terima kasih kpd Panja yg akan mengantar RUU Revisi ke Paripurna SahkanRevisiUUASN,terima kasih kepada panja yang akan mengantar RUU revisi ke paripurna sahkanrevisiuuasn,Thank you to the working committee who will take the revised bill to plenary to ratify the revision
302,2016-12-06T03:17:17.000Z,Ketua DPR Setya Novanto membuka secara resmi Seminar BKD tentang Kaidah Sanksi Administrasi Sanksi Pidana Dalam Undang Undang DPRLive,ketua DPR setya novanto membuka secara resmi seminar BKD tentang kaidah sanksi administrasi sanksi pidana dalam undang undang dprlive,DPR chairman Setya Novanto officially opened the BKD seminar on the rules of administrative sanctions for criminal sanctions in the DPRlive law
303,2016-12-05T16:55:17.000Z,DPR RI PANSUS RUU PEMILU DENGARKAN PENJELASAN PEMERINTAH,DPR RI PANSUS RUU PEMILU DENGARKAN PENJELASAN PEMERINTAH,DPR RI Special Committee on Electoral Bill LISTENS TO GOVERNMENT'S EXPLANATION
304,2016-12-05T16:13:17.000Z,DPR RI KOMISI VI KRITISI KEBIJAKAN SERTIFIKAT LAIK OPERASI PPILN,DPR RI KOMISI VI KRITISI KEBIJAKAN SERTIFIKAT LAIK OPERASI PPILN,DPR RI COMMISSION VI CRITICS OF PPILN OPERATION FITNESS CERTIFICATE POLICY
305,2016-12-05T14:02:52.000Z,DPR RI BKD KOMITMEN DUKUNG PEMBAHASAN MATERI RUU MIGAS via,DPR RI BKD KOMITMEN DUKUNG PEMBAHASAN MATERI RUU MIGAS via,DPR RI BKD COMMITMENTS TO SUPPORT DISCUSSION OF MIGAS BILL MATERIALS via
306,2016-12-05T10:59:58.000Z,Raker Komisi dengan ttg Panja Prodi Primer terkait dengan Kebijakan Program DLP ProdiDLP,raker komisi dengan tentang panja prodi primer terkait dengan kebijakan program DLP prodidlp,commission meeting with the primary study committee related to the DLP program policy of the study program
307,2016-12-05T05:09:05.000Z,besok rapat paripurna DPR RI utk pengesahan Prolegnas Mohon dukungan RUUPPHMA,besok rapat paripurna DPR RI untuk pengesahan prolegnas mohon dukungan RUUPPHMA,Tomorrow the DPR RI plenary meeting to ratify the National Legislation Program asks for support for the PPHMA Bill
308,2016-12-05T02:08:31.000Z,termasuk korupsi kebijakan Om ?,termasuk korupsi kebijakan om ?,"including policy corruption, sir?"
309,2016-12-05T01:56:30.000Z,Tandatangani petisi Saya Ketua dan Para Wakil Ketua DPR RI TOLAK RUU ANTI TEMBAKAU,tandatangani petisi saya ketua dan para wakil ketua DPR RI TOLAK RUU ANTI TEMBAKAU,"sign my petition, the chairman and deputy chairman of the DPR RI REJECT THE ANTI-TOBACCO BILL"
310,2016-12-04T12:59:57.000Z,DPR Terkini DPR dan Pemerintah Sepakat Pembahasan RUU Penyelenggara Pemilu Dipercepat,DPR terkini DPR dan pemerintah sepakat pembahasan RUU penyelenggara pemilu dipercepat,Latest DPR: The DPR and the government agreed to speed up the discussion of the election management bill
311,2016-12-04T11:59:25.000Z,Paripurna Perppu Kebiri dan RUU Jabatan Hakim Anggota DPR Tak Hadir Jakarta DPR,paripurna perppu kebiri dan RUU jabatan hakim anggota DPR tak hadir jakarta DPR,plenary session regarding the castration regulation and the bill on the position of judges for members of the DPR were not present in Jakarta DPR
312,2016-12-04T05:07:10.000Z,Ini merupakan pembuktian bahwa kebijakan pemerintah bukanlah bersifat mengeksploitasi alam ProAmdalRTB cc,ini merupakan pembuktian bahwa kebijakan pemerintah bukanlah bersifat mengeksploitasi alam proamdalrtb cc,This is proof that government policy is not exploitative of the proamdalrtb cc nature
313,2016-12-04T02:35:04.000Z,betul pak buat apa ada undang undang,banget pak buat apa ada undang undang,"Really sir, what is the point of having a law?"
314,2016-12-04T01:53:04.000Z,Mhn anggota DPR bisa bertindak krn itu sdh melanggar undang undang krn mngerahkan PNS dan swasta,mhn anggota DPR dapat bertindak karena itu sudah melanggar undang undang karena mngerahkan PNS dan swasta,"However, members of the DPR can act because it violates the law by mobilizing civil servants and the private sector"
315,2016-12-03T14:14:30.000Z,Anggota Pansus RUU Penyelenggaan Pemilu Hetifah Sjaifudian DPR Berharap RUU Pemilu Perkuat Keterwakilan Perempuan,anggota pansus RUU penyelenggaan pemilu hetifah sjaifudian DPR berharap RUU pemilu perkuat keterwakilan perempuan,"member of the special committee on the election bill, Hetifah Sjaifudian, DPR hopes that the election bill will strengthen women's representation"
316,2016-12-03T13:53:59.000Z,DPR dan Pemerintah Sepakati Pembahasan RUU Penyelenggara Pemilu Dipercepat,DPR dan pemerintah sepakati pembahasan RUU penyelenggara pemilu dipercepat,The DPR and the government agreed to speed up the discussion of the election management bill
317,2016-12-03T11:46:27.000Z,bahas dan sahkan RUU Penyandang Disabilitas! Paraf Petisi! via,bahas dan sahkan RUU penyandang disabilitas ! paraf petisi ! via,discuss and pass the Bill on Persons with Disabilities! initial the petition! via
318,2016-12-03T02:37:25.000Z,ayo DPR RI ini diawasi kebijakan mentri yg ala gak jelas,ayo DPR RI ini diawasi kebijakan mentri yang ala tidak jelas,"Come on, let's monitor the DPR RI's unclear ministerial policies"
319,2016-12-02T01:45:02.000Z,Novanto Cabut Kebijakan Pembatasan Kunker Luar Negeri Anggota DPR Warta Ekonomi,novanto cabut kebijakan pembatasan kunker luar negeri anggota DPR warta ekonomi,Novanto revokes the policy of restricting DPR members' overseas work visits Economic News
320,2016-12-02T00:48:21.000Z,UGM Serahkan Naskah Akademik RUU Migas ke Komisi VII DPR RI,UGM serahkan naskah akademik RUU migas ke komisi VII DPR RI,UGM submitted the academic text of the oil and gas bill to Commission VII DPR RI
321,2016-12-01T21:49:21.000Z,Wakil rakyat sudah pada disumpelin uang banyak mana mau dengar aspirasi rakyat khususnya muslim pd aksi bela islam III DPR Mandul,wakil rakyat sudah pada disumpelin uang banyak mana mau dengar aspirasi rakyat khususnya muslim pada aksi bela islam II DPR mandul,"People's representatives have been given a lot of money so they don't want to hear the aspirations of the people, especially Muslims, during the Second Islamic Defense Action. The DPR is barren"
322,2016-11-29T08:33:42.000Z,Ada berapa jumlah Muslim di DPR MPR??? kenapa harus Rakyat yg DEMO? Kan ada Wakil Rakyat? ADP,ada berapa jumlah muslim di DPR MPR ? ? kenapa harus rakyat yang DEMO ? kan ada wakil rakyat ? ADP,How many Muslims are there in the DPR MPR? ? Why does it have to be the people who DEMONSTRATE? aren't there people's representatives? ADP
323,2016-12-01T15:09:44.000Z,Tanpa Dihadiri Akom Bamus Gelar Rapat Paripurna Terkait Pergantian Ketua,tanpa dihadiri akom bamus gelar rapat paripurna terkait pergantian ketua,without being attended by the Bamus akom held a plenary meeting regarding the change of chairman
324,2016-12-01T13:30:50.000Z,Followback Moratorium UN Mendikbud Saya Meneruskan Kebijakan Sebelumnya Komisi X DPR RI m,followback moratorium UN mendikbud saya meneruskan kebijakan sebelumnya komisi kali DPR RI sama,"follow-up to the UN moratorium, the Minister of Education and Culture, I will continue the previous policy of the DPR RI commission"
325,2016-12-01T12:49:26.000Z,Smoga semuanya dimudahkan dan berjalan lancar sampai ketuk palu dlm rapat paripurna DPR RI SahkanRevisiUUASNBerkeadilan,semoga semuanya dimudahkan dan berjalan lancar sampai ketuk palu dalam rapat paripurna DPR RI sahkanrevisiuuasnberkeadilan,I hope everything will be made easy and run smoothly until the hammer is knocked in the plenary session of the Indonesian House of Representatives to ratify the just revision.
326,2016-12-01T11:41:11.000Z,Kebijakan Pemerintah Soal WNA Dinilai Mengkhawatirkan,kebijakan pemerintah soal WNA dinilai mengkhawatirkan,The government's policy regarding foreigners is considered worrying
327,2016-12-01T10:42:15.000Z,Pimpinan DPR Evaluasi Kebijakan Pemotongan Masa Reses Pimpinan DPR RI berencana akan mengevaluasi kebijakan,pimpinan DPR evaluasi kebijakan pemotongan masa reses pimpinan DPR RI berencana akan mengevaluasi kebijakan,DPR leadership evaluates policy for cutting recess period DPR RI leadership plans to evaluate policy
328,2016-12-01T09:52:48.000Z,menyampaikan temuan dan usulan kebijakan terkait sekolah rusak kepada Bapak Ferdiansyah Wakil Ketua Komisi X DPR RI,menyampaikan temuan dan usulan kebijakan terkait sekolah rusak kepada bapak ferdiansyah wakil ketua komisi kali DPR RI,"conveyed the findings and policy proposals regarding damaged schools to Mr. Ferdiansyah, deputy chairman of the DPR RI commission"
329,2016-12-01T08:54:29.000Z,Baleg DPR Rapat Harmonisasi dengan Pengusul Revisi UU ASN terkait pengambilan Keputusan RUU tentang Aparatur Sipil Negara DPRLive,baleg DPR rapat harmonisasi dengan pengusul revisi UU ASN terkait pengambilan keputusan RUU tentang aparatur sipil negara dprlive,Baleg DPR has a harmonization meeting with the proposer of the revision of the ASN Law regarding the decision making on the draft law on state civil servants DPRlive
330,2016-12-01T08:50:03.000Z,beritaUGM UGM Menyerahkan Naskah Akademik RUU Migas ke Komisi VII DPR RI,beritaugm UGM menyerahkan naskah akademik RUU migas ke komisi VII DPR RI,Beritaugm UGM submitted the academic text of the oil and gas bill to Commission VII DPR RI
331,2016-12-01T08:39:06.000Z,Siang ini berlangsung rapat kerja Komisi X dgn Mendikbud membahas kebijakan Ujian Nasional,siang ini berlangsung rapat kerja komisi kali dengan mendikbud membahas kebijakan ujian nasional,This afternoon a commission working meeting took place with the Minister of Education and Culture discussing the national exam policy
332,2016-11-30T13:39:38.000Z,DPR secara resmi berganti ketua Lewat paripurna anggota DPR setuju posisi Ketua DPR,DPR secara resmi berganti ketua lewat paripurna anggota DPR setuju posisi ketua DPR,The DPR officially changes chairman through a plenary session of DPR members agreeing to the position of DPR chairman
333,2016-11-30T13:36:07.000Z,Selamat dan sukses atas dilantiknya Setya Novanto sebagai Ketua DPR dalam Rapat Paripurna DPR RI Ke,selamat dan sukses atas dilantiknya setya novanto sebagai ketua DPR dalam rapat paripurna DPR RI ke,congratulations and success on the inauguration of Setya Novanto as chairman of the DPR in the plenary session of the DPR RI
334,2016-11-30T12:46:20.000Z,Setelah seluruh fraksi pada Rapat Paripurna setuju dengan pergantian jabatan Ketua DPR RI dari Ade Komarudin ke Setya Novanto,setelah seluruh fraksi pada rapat paripurna setuju dengan pergantian jabatan ketua DPR RI dari adek komarudin ke setya novanto,after all factions at the plenary meeting agreed to change the position of chairman of the DPR RI from Adek Komarudin to Setya Novanto
335,2016-11-30T12:24:56.000Z,Radio ANDIKA Rapat paripurna DPR RI mengagendakan pengambilan keputusan terhadap pemberhentian ketua Dewan,radio ANDIKA rapat paripurna DPR RI mengagendakan pengambilan keputusan terhadap pemberhentian ketua dewan,ANDIKA radio The DPR RI plenary meeting has an agenda for making a decision regarding the dismissal of the chairman of the council
336,2016-11-30T12:16:52.000Z,Rapat Perdana Panitia Khusus Pansus Rancangan Undang Undangan RUU Pemilihan Umum Pemilu bersama Pemerintah DPR RI dan DPD RI,rapat perdana panitia khusus pansus rancangan undang undangan RUU pemilihan umum pemilu bersama pemerintah DPR RI dan DPD RI,inaugural meeting of the special committee for the draft invitation to the general election bill with the government of the DPR RI and DPD RI
337,2016-11-30T10:43:33.000Z,Konferensi Pers Ketua DPR RI Setya Novanto usai dilantik dalam Rapat Paripurna DPR RI Ke Tahun,konferensi pers ketua DPR RI setya novanto usai dilantik dalam rapat paripurna DPR RI ke tahun,"press conference for the chairman of the DPR RI, Setya Novanto after being inaugurated at the DPR RI's annual plenary session"
338,2016-11-30T10:42:47.000Z,Setya Novanto resmi dilantik menjadi Ketua DPR RI dalam Rapat Paripurna DPR RI Ke Tahun,setya novanto resmi dilantik menjadi ketua DPR RI dalam rapat paripurna DPR RI ke tahun,Setya Novanto was officially appointed as chairman of the DPR RI at the DPR RI's annual plenary session
339,2016-11-30T10:42:08.000Z,Konferensi Pers Ketua DPR RI Setya Novanto usai dilantik dalam Rapat Paripurna DPR RI Ke Masa Persidangan II Tahun Sidang,konferensi pers ketua DPR RI setya novanto usai dilantik dalam rapat paripurna DPR RI ke masa persidangan II tahun sidang,"press conference for the chairman of the DPR RI, Setya Novanto after being inaugurated at the plenary session of the DPR RI for the second session of the session year"
340,2016-11-30T10:40:09.000Z,Nungguin yg lagi rapat reses bersama DPR RI lainnya Berawal Dari Tatap by Yura Yunita,menunggu yang lagi rapat reses bersama DPR RI lainnya berawal dari tatap by yura yunita,Waiting for those who were in a recess meeting with the rest of the DPR RI started with a look at Yura Yunita
341,2016-11-30T10:39:30.000Z,Setya Novanto resmi dilantik menjadi Ketua DPR RI dalam Rapat Paripurna DPR RI Ke Masa Persidangan II Tahun Sidang,setya novanto resmi dilantik menjadi ketua DPR RI dalam rapat paripurna DPR RI ke masa persidangan II tahun sidang,Setya Novanto was officially appointed as chairman of the DPR RI in the plenary session of the DPR RI during the second session of the session year
342,2016-11-30T09:22:44.000Z,pada rapat paripurna hari ini akan dilakukan pengganti akom sebagai ketua DPR RI setelah keputusan rapat MKD memberhentikan akom,pada rapat paripurna hari ini akan dilakukan pengganti akom sebagai ketua DPR RI setelah keputusan rapat MKD memberhentikan akom,"At today's plenary meeting, Akom will be replaced as chairman of the Republic of Indonesia DPR after the decision of the MKD meeting to dismiss Akom."
343,2016-11-30T09:21:10.000Z,Siaran langsung rapat paripurna pengesahan Ketua DPR RI juga dapat Anda saksikan saat ini via YouTube streaming di,siaran langsung rapat paripurna pengesahan ketua DPR RI juga dapat anda saksikan saat ini via youtube streaming di,You can also watch the live broadcast of the plenary session ratifying the chairman of the DPR RI now via YouTube streaming at
344,2016-11-30T09:15:10.000Z,DPR gelar Rapat Paripurna bahas pergantian Ketua DPR RI NewsAndTalk,DPR gelar rapat paripurna bahas pergantian ketua DPR RI newsandtalk,DPR holds plenary meeting to discuss changing chairman of DPR RI newsandtalk
345,2016-11-30T09:12:23.000Z,Pergantian ketua DPR RI melalui rapat paripurna,pergantian ketua DPR RI melalui rapat paripurna,change of chairman of the DPR RI through a plenary meeting
346,2016-11-30T09:10:26.000Z,Rapat Paripurna ke DPR RI memberhentikan Dr Ade Komaruddin dr ketua DPR RI dan mengangkat Drs Setya Novanto mjd ketua DPR RI,rapat paripurna ke DPR RI memberhentikan dari adek komaruddin dari ketua DPR RI dan mengangkat drs setya novanto mjd ketua DPR RI,plenary meeting of the DPR RI dismissed Adek Komaruddin as chairman of the DPR RI and appointed Drs Setya Novanto as chairman of the DPR RI
347,2016-11-30T09:07:03.000Z,Simak Breaking seputar rapat paripurna pengesahan Ketua DPR langsung dari gedung DPR RI Jakarta saat ini di,simak breaking seputar rapat paripurna pengesahan ketua DPR langsung dari gedung DPR RI jakarta saat ini di,Watch the breaking news regarding the plenary session of ratification of the chairman of the DPR directly from the DPR RI building in Jakarta today at
348,2016-11-30T09:06:58.000Z,Rapat Paripurna Ke DPR RI Masa Persidangan II Tahun at Ruang Sidang Paripurna Nusantara II pic,rapat paripurna ke DPR RI masa persidangan II tahun at ruang sidang paripurna nusantara II pic,plenary meeting at the DPR RI during the second session of the year at the Nusantara II plenary session room pic
349,2016-11-30T09:01:40.000Z,Rapat Paripurna DPR DPR RI ke slh a berisi agenda pergantian ketua DPR RI ifakta,rapat paripurna DPR DPR RI ke salah a berisi agenda pergantian ketua DPR RI ifakta,The plenary session of the DPR RI to one of the a contains the agenda for changing the chairman of the DPR RI in fact
350,2016-11-30T09:01:09.000Z,Ini merupakan pembuktian bahwa kebijakan pemerintah bukanlah bersifat mengeksploitasi alam BaliTungguRTB cc,ini merupakan pembuktian bahwa kebijakan pemerintah bukanlah bersifat mengeksploitasi alam balitunggurtb cc,This is proof that government policy is not exploiting the natural world of Balitunggartb cc
351,2016-11-30T08:57:59.000Z,LANGSUNG di Periscope Rapat Paripurna DPR RI Ke Masa Persidangan II Tahun Sidang ParipurnaLive,LANGSUNG di periscope rapat paripurna DPR RI ke masa persidangan II tahun sidang paripurnalive,LIVE on periscope of the DPR RI plenary session to the second session of the plenary session year live
352,2016-11-30T07:18:03.000Z,Rapat Fraksi Partai GOLKAR sebelum Rapat Paripurna w araksa Golkar others at Ruang Rapat KK DPR RI,rapat fraksi partai GOLKAR sebelum rapat paripurna saya araksa golkar others at ruang rapat KAKAK DPR RI,meeting of the GOLKAR party faction before the plenary meeting I brought others to the KAKAK DPR RI meeting room
353,2016-11-30T05:38:38.000Z,Menkumham Mendagri Staf Ahli Menkeu DPD RI hadir dlm Raker dgn Pansus DPR RI bahas RUU Penyelenggaraan Pemilu Jkt,menkumham mendagri staf ahli menkeu DPD RI hadir dalam raker dengan pansus DPR RI bahas RUU penyelenggaraan pemilu jakarta,"Minister of Law and Human Rights, Minister of Home Affairs, expert staff of the Minister of Finance, DPD RI, attended a working meeting with the Special Committee of the DPR RI to discuss the Bill on the Implementation of Jakarta Elections"
354,2016-11-30T05:02:03.000Z,Fokus saya adalah mendorong agar kinerja legislasi DPR RI dalam pembuatan undang undang yang bermanfaat serta berpihak pada rakyat,fokus saya adalah mendorong agar kinerja legislasi DPR RI dalam pembuatan undang undang yang bermanfaat serta berpihak pada rakyat,My focus is to encourage the DPR RI's legislative performance in making laws that are useful and pro-people
355,2016-11-30T04:32:19.000Z,Kebijakan Pemerintah Soal WNA Dinilai Mengkhawatirkan csps policy,kebijakan pemerintah soal WNA dinilai mengkhawatirkan csps policy,The government's policy regarding foreigners is considered worrying for CSPS policy
356,2016-11-30T04:23:20.000Z,Kebijakan Pemerintah Soal WNA Dinilai Mengkhawatirkan republikaonline,kebijakan pemerintah soal WNA dinilai mengkhawatirkan republikaonline,The government's policy regarding foreigners is considered worrying for Republikaonline
357,2016-11-30T04:19:56.000Z,Rapat Paripurna Penggantian Ketua DPR Dilakukan Rabu ini,rapat paripurna penggantian ketua DPR dilakukan rabu ini,The plenary meeting to replace the chairman of the DPR was held this Wednesday
358,2016-11-30T04:16:20.000Z,Pansus RUU Penyelenggaraan Pemilu Rapat Kerja dengan Menteri Dalam Negeri Menteri Keuangan Menteri Hukum dan HAM dan DPD RI DPRLive,pansus RUU penyelenggaraan pemilu rapat kerja dengan menteri dalam negeri menteri keuangan menteri hukum dan HAM dan DPD RI dprlive,special committee on election implementation bill working meeting with minister of home affairs minister of finance minister of law and human rights and DPD RI dprlive
359,2016-11-30T04:03:17.000Z,Jakarta Proses pergantian Ketua DPR RI yang diusulkan oleh Partai Golkar sampai puncaknya hari ini Sore ini DPR,jakarta proses pergantian ketua DPR RI yang diusulkan oleh partai golkar sampai puncaknya hari ini sore ini DPR,Jakarta The process of changing the chairman of the DPR RI proposed by the Golkar party reached its peak today this afternoon DPR
360,2016-11-30T03:42:13.000Z,RUU Ketentuan Umum Perpajakan Masih Dibahas DPR,RUU ketentuan umum perpajakan masih dibahas DPR,The draft law on general tax provisions is still being discussed by the DPR
361,2016-11-30T03:38:30.000Z,RUU Ketentuan Umum Perpajakan Masih Dibahas DPR republikaonline,RUU ketentuan umum perpajakan masih dibahas DPR republikaonline,The bill on general tax provisions is still being discussed by the DPR Republikaonline
362,2016-11-30T03:36:50.000Z,republikaonline RUU Ketentuan Umum Perpajakan Masih Dibahas DPR,republikaonline RUU ketentuan umum perpajakan masih dibahas DPR,republicaonline The bill on general tax provisions is still being discussed by the DPR
363,2016-11-30T02:17:29.000Z,Agenda DPR Rabu Pukul WIB Rapat Paripurna DPR RI agendaDPR,agenda DPR rabu pukul WIB rapat paripurna DPR RI agendadpr,DPR agenda Wednesday at WIB DPR RI plenary meeting agendadpr
364,2016-11-30T02:13:13.000Z,Agenda DPR Rabu Pukul WIB Pansus RUU Penyelenggaraan Pemilu Rapat Kerja dengan Menteri Dalam Negeri agendaDPR,agenda DPR rabu pukul WIB pansus RUU penyelenggaraan pemilu rapat kerja dengan menteri dalam negeri agendadpr,DPR agenda Wednesday at WIB special committee on election implementation bill working meeting with minister of home affairs DPR agenda
365,2016-11-29T23:53:46.000Z,Rabu sore Anggota DPR gelar Rapat Paripurna pergantian ketua DPR,rabu sore anggota DPR gelar rapat paripurna pergantian ketua DPR,Wednesday afternoon DPR members held a plenary meeting to change the chairman of the DPR
366,2016-11-29T22:30:56.000Z,Temui Petani Tembakau Anggota DPR Ini Janji Kawal Penyelesaian RUU Pertembakauan,temui petani tembakau anggota DPR ini janji kawal penyelesaian RUU pertembakauan,"meet tobacco farmers, members of this DPR promise to oversee the completion of the tobacco bill"
367,2016-11-29T16:22:03.000Z,Masyarakat Bali khususnya dan Indonesia umumnya mendukung kebijakan pemerintah utk kesejahteraan rakyat BaliTungguRTB cc,masyarakat bali khususnya dan indonesia umumnya mendukung kebijakan pemerintah untuk kesejahteraan rakyat balitunggurtb cc,The people of Bali in particular and Indonesia in general support government policies for the welfare of the people of Balitunggartb cc
368,2016-11-29T13:44:43.000Z,Kebijakan rencana pengembangan Teluk Benoa BaliTungguRTB cc,kebijakan rencana pengembangan teluk benoa balitunggurtb cc,"Benoa Bay Development Plan Policy, Balitunggartb cc"
369,2016-11-29T13:18:38.000Z,Sangat Free hatin Ruang Rapat Paripurna DPR RI,sangat free hatin ruang rapat paripurna DPR RI,very free in the DPR RI plenary meeting room
370,2016-11-29T13:06:36.000Z,Karna hal konyol GA ASIK kalo dilakukan SENDIRIAN Ruang Rapat Paripurna DPR RI,karena hal konyol TIDAK ASIK jika dilakukan SENDIRIAN ruang rapat paripurna DPR RI,because silly things are NOT FUN to do ALONE in the DPR RI plenary meeting room
371,2016-11-29T12:45:18.000Z,kebijakan pemerintah bukanlah bersifat mengeksploitasi alam justru sebaliknya bersifat melestarikan alam BaliTungguRTB,kebijakan pemerintah bukanlah bersifat mengeksploitasi alam justru sebaliknya bersifat melestarikan alam balitunggurtb,"Government policy is not about exploiting nature, on the contrary, it is about preserving nature in Balitunggartb"
372,2016-11-29T09:15:57.000Z,Undang Undang Pengaturan Penyelenggaraan Pemilu Harus untuk Jangka Panjang,undang undang pengaturan penyelenggaraan pemilu harus untuk jangka panjang,Laws regulating the implementation of elections must be long-term
373,2016-11-29T08:08:01.000Z,Baleg DPR Rapat Koordinasi dengan Pimpinan Komisi I s d XI Pimpinan Pansus dalam rangka penyusunan Prolegnas RUU Prioritas DPRLive,baleg DPR rapat koordinasi dengan pimpinan komisi i si di XI pimpinan pansus dalam rangka penyusunan prolegnas RUU prioritas dprlive,Baleg DPR has a coordination meeting with the leadership of commission i si at
374,2016-11-29T07:41:15.000Z,Panja RUU Sistem Perbukuan Komisi X DPR rapat dengan Pemerintah membahas DIM sandingan Pemerintah tentang RUU Sstem Perbukuan DPRLive,panja RUU sistem perbukuan komisi kali DPR rapat dengan pemerintah membahas DIM sandingan pemerintah tentang RUU sstem perbukuan dprlive,"committee on the bookkeeping system bill, the DPR commission met with the government to discuss the government's DIM regarding the bookkeeping system bill dprlive"
375,2016-11-29T06:26:15.000Z,rapat paripurna shalawatnabi at,rapat paripurna shalawatnabi at,plenary meeting of shalawatnabi at
376,2016-11-29T06:00:36.000Z,Komnas Perempuan Desak Segera Bahas RUUPenghapusanKekerasanSeksual via GerakBersama,komnas perempuan desak segera bahas ruupenghapusankekerasanseksual via gerakbersama,The National Commission on Violence Against Women urges to immediately discuss the bill for eliminating sexual violence through collective action
377,2016-11-29T05:35:58.000Z,Selanjutnya naskah final UU Revisi ITE disetujui bersama oleh Pemerintah pd Rapat Paripurna DPR pd tgl,selanjutnya naskah final UU revisi ITE disetujui bersama oleh pemerintah pada rapat paripurna DPR pada tanggal,"Furthermore, the final text of the ITE revision law was jointly approved by the government at the DPR plenary session on the date"
378,2016-11-29T05:32:18.000Z,Setelah diawali dgn Raker bersama pemerintah dgn naskah RUU Revisi UU ITE berturut turut dibahas di tingkat Panja Timus Timsin,setelah diawali dengan raker bersama pemerintah dengan naskah RUU revisi UU ITE berturut turut dibahas di tingkat panja timus timsin,"After starting with a working meeting with the government, the text of the Draft Bill on the revision of the ITE Law was successively discussed at the Timus Timsin Working Committee level"
379,2016-11-29T05:30:00.000Z,Sedari awal menjabat Menteri prioritaskan pembahasan RUU Revisi ITE utk dirampungkan bersama secepatnya,sedari awal menjabat menteri prioritaskan pembahasan RUU revisi ITE untuk dirampungkan bersama secepatnya,"From the start of his tenure as minister, he prioritized discussion of the ITE revision bill to be finalized together as soon as possible"
380,2016-11-29T04:15:45.000Z,ini merupakan pembuktian bahwa kebijakan pemerintah bukanlah bersifat mengeksploitasi alam BaliTungguRTB cc,ini merupakan pembuktian bahwa kebijakan pemerintah bukanlah bersifat mengeksploitasi alam balitunggurtb cc,This is proof that government policy is not exploiting the natural world of Balitunggartb cc
381,2016-11-29T03:11:42.000Z,DPR Reklamasi Teluk Benoa harus lewat aspirasi rakyat Warta Ekonomi,DPR reklamasi teluk benoa harus lewat aspirasi rakyat warta ekonomi,"The DPR for the reclamation of Benoa Bay must pass through the aspirations of the people, economic news"
382,2016-11-29T02:42:31.000Z,Agenda DPR Selasa Pukul WIB Komisi I DPR Rapat Panja RUU Penyiaran agendaDPR,agenda DPR selasa pukul WIB komisi i DPR rapat panja RUU penyiaran agendadpr,"DPR agenda, Tuesday at WIB, DPR commission i, meeting of the draft committee on broadcasting bill, DPR agenda"
383,2016-11-29T02:17:47.000Z,Wakil Ketua Komisi IX DPR Ermalena Komisi IX Kecewa Pemerintah Belum Siapkan DIM RUU PPLIN,wakil ketua komisi IX DPR ermalena komisi IX kecewa pemerintah belum siapkan DIM RUU PPLIN,"Deputy Chairperson of Commission IX of the DPR, Ermalena, Commission IX, is disappointed that the government has not prepared the DIM for the PPLIN Bill"
384,2016-11-28T13:38:25.000Z,yakin mampu menangkal mengantisipasi dalam usaha kebijakan preventif,yakin mampu menangkal mengantisipasi dalam usaha kebijakan preventif,confident of being able to counteract anticipation in preventive policy efforts
385,2016-11-28T13:35:42.000Z,BNPT lihat potensi ancaman gerakan radikal dalam aksi damai iNewsMalam,BNPT lihat potensi ancaman gerakan radikal dalam aksi damai inewsmalam,BNPT sees the potential threat of radical movements in the Inewsmalam peaceful demonstration
386,2016-11-28T08:11:13.000Z,Anggota DPR Demonstrasi Dilindungi Undang Undang,anggota DPR demonstrasi dilindungi undang undang,DPR members' demonstrations are protected by law
387,2016-11-28T07:06:01.000Z,SINGAPARNA KAPOL Angka kekerasan terhadap perempuan di Kabupaten Tasikmalaya cenderung meningkat dari tahun,SINGAPARNA KAPOL angka kekerasan terhadap perempuan di kabupaten tasikmalaya cenderung meningkat dari tahun,SINGAPARNA KAPOL The number of violence against women in Tasikmalaya district tends to increase from year to year
388,2016-11-28T07:05:51.000Z,Puan Amal Hayati Desak RUU Kekerasan Seksual Segera Disahkan DPR RI,puan amal hayati desak RUU kekerasan seksual segera disahkan DPR RI,Mrs Biological Charity urges the sexual violence bill to be immediately passed by the DPR RI
389,2016-11-28T05:33:22.000Z,Undang undang perubahan atas UU ITE sindosiang,undang undang perubahan atas UU ITE sindosiang,law amending the Sindosiang ITE Law
390,2016-11-28T02:31:55.000Z,Ya kepentingan SN untuk jadi ketua DPR RI Jadi gampang ngatur kebijakan dan gampang ketemu DT,ya kepentingan SN untuk jadi ketua DPR RI jadi gampang mengatur kebijakan dan gampang ketemu DT,"Yes, it is in SN's interest to become chairman of the DPR RI so that it is easy to set policies and easy to meet DT"
391,2016-11-28T02:27:56.000Z,Pengamat Wacana Penggantian Ketua DPR Sarat Kepentingan,pengamat wacana penggantian ketua DPR sarat kepentingan,"observers, the discourse on replacing the chairman of the DPR is full of interests"
392,2016-11-28T02:23:13.000Z,Agenda DPR Senin Pukul WIB Komisi IX DPR Rapat Panja RUU PPILN agendaDPR,agenda DPR senin pukul WIB komisi IX DPR rapat panja RUU PPILN agendadpr,"DPR agenda, Monday at WIB, DPR Commission IX meeting of the PPILN Bill working committee, DPR agenda"
393,2016-11-28T02:22:37.000Z,Agenda DPR Senin Pukul WIB Baleg DPR Rapat Panja RUU Perkelapasawitan agendaDPR,agenda DPR senin pukul WIB baleg DPR rapat panja RUU perkelapasawitan agendadpr,"DPR agenda, Monday at WIB, DPR legislative council meeting of the committee on the palm oil bill, DPR agenda"
394,2016-11-28T01:12:32.000Z,Topik Dadang Rusdiana anggota komisi X DPR RI kalau misal kita ini membuat kebijakan otonomi pendidikan ya tidak apa apa,topik dadang rusdiana anggota komisi kali DPR RI jika misal kita ini membuat kebijakan otonomi pendidikan ya tidak apa apa,"topic: Dadang Rusdiana, member of the DPR RI commission, if for example we are making a policy on educational autonomy, that's okay"
395,2016-11-28T01:09:46.000Z,Topik Dadang Rusdiana anggota komisi X DPR RI sebuah kontinyuitas kebijakan Kami melakukan pengkajian mendalam tentang UN,topik dadang rusdiana anggota komisi kali DPR RI sebuah kontinyuitas kebijakan kami melakukan pengkajian mendalam tentang UN,"topic Dadang Rusdiana, member of the DPR RI commission, a continuity of policy, we conducted an in-depth study of the National Examination"
396,2016-11-28T00:17:57.000Z,UU Revisi ITE segera diundangkan Setelah disahkan dlm Rapat Paripurna pd Oktober muatan materinya dibincangkan bnyak orang,UU revisi ITE segera diundangkan setelah disahkan dalam rapat paripurna pada oktober muatan materinya dibincangkan banyak orang,"The ITE revision law was immediately promulgated after being passed at the plenary session in October, its material content was discussed by many people"
397,2016-11-27T13:51:28.000Z,DPR Terkini Lukman Edy Terpilih Menjadi Ketua Pansus RUU Penyelenggaraan Pemilu,DPR terkini lukman edy terpilih menjadi ketua pansus RUU penyelenggaraan pemilu,"In the latest DPR, Lukman Edy was elected as chairman of the special committee on the election management bill"
398,2016-11-27T06:36:19.000Z,Polri saat ini sedang memasuki fase kritis dlm kepemimpinannya Pemerintah bersama Diharapkan mengambil kebijakan yg tegas kongkrit,polri saat ini sedang memasuki fase kritis dalam kepemimpinannya pemerintah bersama diharapkan mengambil kebijakan yang tegas kongkrit,"The National Police is currently entering a critical phase in its leadership. The government together is expected to take firm, concrete policies"
399,2016-11-27T02:47:11.000Z,NowOnPRFM Anggota Komisi DPR RI Reni Marlinawati menanggapi kebijakan penghapusan Ujian Nasional oleh Mendikbud Muhadjir di thn,nowonprfm anggota komisi DPR RI reni marlinawati menanggapi kebijakan penghapusan ujian nasional oleh mendikbud muhadjir di tahun,nowonprfm DPR RI commission member Reni Marlinawati responded to the policy of abolishing national exams by the Minister of Education and Culture Muhadjir in
400,2016-11-27T02:32:11.000Z,Menghadiri reses DPR RI Ir Ketut Sustiawan at Dinas Sosial Provinsi Jawa Barat pic,menghadiri reses DPR RI ir ketut sustiawan at dinas sosial provinsi jawa barat pic,attending the DPR RI recess ir ketut sustiawan at social services of west java province pic
401,2016-11-26T08:00:02.000Z,RUU CSR Wajib Atau Sukarela,RUU CSR wajib atau sukarela,CSR Bill is mandatory or voluntary
402,2016-11-25T13:25:16.000Z,Penyusunan RUU di DPR RI yang menyangkut tentang hajat hidup orang banyak juga diminta masukan dr Kiai Ulama HalaqohUlamaRakyat,penyusunan RUU di DPR RI yang menyangkut tentang hajat hidup orang banyak juga diminta masukan dari kiai ulama halaqohulamarakyat,The preparation of the bill in the DPR RI which concerns the livelihoods of many people also requires input from the halaqohulamarakyat ulama kiai
403,2016-11-25T11:22:06.000Z,Baleg RUU tentang Pertembakauan sudah diharmonisasi dan siap untuk dibahas,baleg RUU tentang pertembakauan sudah diharmonisasi dan siap untuk dibahas,The draft legislation on tobacco has been harmonized and is ready for discussion
404,2016-11-25T10:58:13.000Z,Komisi VIII DPR RI Terima Masukan Terkait RUU CSR Komisi VIII DPR RI menerima infoTribun,komisi VII DPR RI terima masukan terkait RUU CSR komisi VII DPR RI menerima infotribun,Commission VII DPR RI receives input regarding the CSR Bill Commission VII DPR RI receives infotribun
405,2016-11-25T10:51:01.000Z,Komisi VIII DPR RI Terima Masukan Terkait RUU CSR,komisi VII DPR RI terima masukan terkait RUU CSR,Commission VII DPR RI received input regarding the CSR Bill
406,2016-11-25T10:50:37.000Z,FOLLOWME Shoutout Komisi VIII DPR RI Terima Masukan Terkait RUU CSR TEAMFOLLOWBACK,FOLLOWME shoutout komisi VII DPR RI terima masukan terkait RUU CSR TEAMFOLLOWBACK,FOLLOWME shoutout Commission VII DPR RI receives input regarding the TEAMFOLLOWBACK CSR Bill
407,2016-11-25T10:40:39.000Z,sdh brp RUU dalam prolegnas yg sdh kalian selesaikan?,sudah berapa RUU dalam prolegnas yang sudah kalian selesaikan ?,How many bills in the National Legislation Program have you completed?
408,2016-11-25T10:38:10.000Z,Tribun Komisi VIII DPR RI Terima Masukan Terkait RUU CSR Komisi VIII DPR RI menerima masukan dari Guru NewsToday,tribun komisi VII DPR RI terima masukan terkait RUU CSR komisi VII DPR RI menerima masukan dari guru newstoday,The tribune of Commission VII DPR RI receives input regarding the CSR Bill. Commission VII DPR RI receives input from teachers newstoday
409,2016-11-25T09:20:43.000Z,Wakil Ketua Komisi VIII DPR Iskan Qolba Lubis RUU CSR Wajib Atau Sukarela,wakil ketua komisi VII DPR iskan qolba lubis RUU CSR wajib atau sukarela,Deputy chairman of Commission VII DPR asked Qolba to write a mandatory or voluntary CSR bill
410,2016-11-25T09:16:10.000Z,Reses Komisi VII DPR RI Keluhan Pemadaman Listrik Sumut Masih Tinggi,reses komisi VII DPR RI keluhan pemadaman listrik sumut masih tinggi,"DPR RI Commission VII recess, complaints about power outages in North Sumatra are still high"
411,2016-11-25T07:29:04.000Z,DPR Gali Masukan Soal RUU CSR IkiBangsaku,DPR gali masukan soal RUU CSR ikibangsaku,DPR seeks input regarding the Ikibangsaku CSR Bill
412,2016-11-25T07:29:04.000Z,DPR Gali Masukan Soal RUU CSR,DPR gali masukan soal RUU CSR,DPR seeks input regarding CSR Bill
413,2016-11-25T06:59:19.000Z,DPR Gali Masukan Soal RUU CSR republikaonline,DPR gali masukan soal RUU CSR republikaonline,DPR seeks input regarding the republicaonline CSR Bill
414,2016-11-24T23:36:08.000Z,Baru tahu kalau kita punya anggota DPR setelah reses setelah itu gak tahu kerjareses,baru tahu jika kita punya anggota DPR setelah reses setelah itu tidak tahu kerjareses,We only found out that we had members of the DPR after the recess and then we didn't know about the work of the recess
415,2016-11-24T19:19:12.000Z,Ini Agenda Pansus RUU Penyelenggaraan Pemilu Versi Ketua Pansus Panitia Khusus Pansus DPR RI Rancangan,ini agenda pansus RUU penyelenggaraan pemilu versi ketua pansus panitia khusus pansus DPR RI rancangan,"This is the agenda of the special committee on the bill on the implementation of elections, version of the draft by the chairman of the special committee of the DPR RI special committee"
416,2016-11-24T11:58:03.000Z,mngkin hrs punya komisi khusus induk tuk para ulama agamawan jd semua kebijakan hrs ada persetujuan dr komisi ini cc,mungkin harus punya komisi khusus induk untuk para ulama agamawan jadi semua kebijakan harus ada persetujuan dari komisi ini cc,"Maybe there should be a special main commission for religious scholars so all policies must have approval from this commission, CC"
417,2016-11-24T10:43:15.000Z,Anggota DPR RI Ramson Siagian Perjuangkan Aspirasi Rakyat di Jakarta,anggota DPR RI ramson siagian perjuangkan aspirasi rakyat di jakarta,DPR RI member Ramson Siagian fights for the aspirations of the people in Jakarta
418,2016-11-24T10:30:45.000Z,Anggota DPR RI Ramson Siagian Perjuangkan Aspirasi Rakyat di Jakarta Radar Pekalongan Online Info Selengkapnya,anggota DPR RI ramson siagian perjuangkan aspirasi rakyat di jakarta radar pekalongan online info selengkapnya,DPR RI member Ramson Siagian fights for the aspirations of the people in Jakarta Pekalongan radar online complete info
419,2016-11-24T05:56:53.000Z,Perempuan PAN usai diakusi RUU pemilu bersama Viva Yoga Mauladi anggota DPR RI dan pansus RUU Pemilu di RM Remboelan Plaza Senayan,perempuan KAPAN usai diakusi RUU pemilu bersama viva yoga mauladi anggota DPR RI dan pansus RUU pemilu di RM remboelan plaza senayan,women WHEN after the election bill was adopted together with Viva Yoga Mauladi members of the DPR RI and the special committee on the election bill at RM Remboelan Plaza Senayan
420,2016-11-24T02:49:08.000Z,mohon info bagaimana kemajuan RUU_Jasa_Konstruksi?,mohon info bagaimana kemajuan ruu_jasa_konstruksi ?,Please let me know how the construction bill_jasa_is progressing?
421,2016-11-24T02:22:59.000Z,RUANG LINGKUP TUGAS KOMISI I DPR RI Sesuai dengan Keputusan Rapat Paripurna DPR RI tanggal November ruang,RUANG LINGKUP TUGAS KOMISI i DPR RI sesuai dengan keputusan rapat paripurna DPR RI tanggal november ruang,SCOPE OF DUTIES OF THE COMMISSION i DPR RI in accordance with the decision of the plenary meeting of the DPR RI dated November room
422,2016-11-24T02:15:33.000Z,Agenda DPR Kamis Pukul WIB Baleg DPR Rapat Timus RUU Karantina Kesehatan agendaDPR,agenda DPR kamis pukul WIB baleg DPR rapat timus RUU karantina kesehatan agendadpr,DPR agenda Thursday at WIB DPR baleg meeting timus health quarantine bill DPR agenda
423,2016-11-24T02:14:03.000Z,Agenda DPR Kamis Pukul WIB Baleg DPR Rapat Panja RUU ASN agendaDPR,agenda DPR kamis pukul WIB baleg DPR rapat panja RUU ASN agendadpr,DPR agenda Thursday at WIB DPR legislative committee meeting ASN Bill committee agenda DPR
424,2016-11-24T01:44:59.000Z,Ide yang sangat bagus Sekalian fadlizonk dan fahrihamsyong dibawa biar ada wakil rakyat yang mendengarkan aspirasi rakyat,ide yang sangat bagus sekalian fadlizonk dan fahrihamsyong dibawa biar ada wakil rakyat yang mendengarkan aspirasi rakyat,"very good idea, fadlizonk and fahrihamsyong brought so that there are representatives of the people who listen to the aspirations of the people"
425,2016-11-24T01:07:46.000Z,pimpinan Pansus adapun komposisi Pimpinan Pansus RUU tentang Penyelenggaraan Pemilu DPR RI antara lain DPDRI,pimpinan pansus adapun komposisi pimpinan pansus RUU tentang penyelenggaraan pemilu DPR RI antara lain DPDRI,"The leadership of the special committee, as for the composition of the leadership of the special committee on the bill regarding the implementation of DPR RI elections, includes DPDRI"
426,2016-11-23T18:32:04.000Z,Akom dilengserkan dari Ket DPR RI si papa Setnov naik tahta lagi krn Trump terpilih dlm pilpres AS tujuannya utk lobi kebijakan LN Trump,akom dilengserkan dari ket DPR RI sih papa setnov naik tahta lagi karena trump terpilih dalam pilpres AS tujuannya untuk lobi kebijakan LN trump,"Akom was ousted from the House of Representatives of the Republic of Indonesia, but Papa Setnov ascended the throne again because Trump was elected in the US presidential election, his aim was to lobby for Trump's LN policy."
427,2016-11-23T17:14:55.000Z,RAPAT PARIPURNA DEWAN PERWAKILAN RAKYAT KOTA BANDAR LAMPUNG,RAPAT PARIPURNA DEWAN PERWAKILAN RAKYAT KOTA BANDAR LAMPUNG,Plenary MEETING OF THE COUNCIL OF PEOPLE'S REPRESENTATIVES OF THE CITY OF BANDAR LAMPUNG
428,2016-11-23T15:06:08.000Z,Salam X Kars Situbondo Rabi Rapat paripurna Dewan Perwakilan Rakyat Daerah DPRD Situbondo menyetujui,salam kali kars situbondo rabi rapat paripurna dewan perwakilan rakyat daerah DPRD situbondo menyetujui,"Greetings, Kars, Situbondo Rabbi, the plenary meeting of the Situbondo Regional People's Representative Council agreed"
429,2016-11-23T13:58:22.000Z,Impian Loyalis Golkar Perjuangkan Aspirasi Rakyat dari Senayan Parlemen BambangSoesatyo MO Golkar,impian loyalis golkar perjuangkan aspirasi rakyat dari senayan parlemen bambangsoesatyo MAU golkar,"the dream of Golkar loyalists to fight for the aspirations of the people from the Senayan parliament, Bambangsoesatyo, WANT Golkar"
430,2016-11-23T13:56:17.000Z,Niat Memperjuangkan Aspirasi Rakyat Mengantar Bambang Soesatyo ke Senayan Parlemen BambangSoesatyo MO Golkar,niat memperjuangkan aspirasi rakyat mengantar bambang soesatyo ke senayan parlemen bambangsoesatyo MAU golkar,The intention to fight for the aspirations of the people led Bambang Soesatyo to the Senayan Parliament. Bambangsoesatyo WANT Golkar
431,2016-11-23T13:54:59.000Z,Anggota DPR RI Ajak Mahasiswa Kawal Kebijakan Pemerintah,anggota DPR RI ajak mahasiswa kawal kebijakan pemerintah,DPR RI members invite students to monitor government policies
432,2016-11-23T12:51:37.000Z,Komisi X DPR dan Pemerintah Bahas Strategi Pembahasan RUU Kebudayaan,komisi kali DPR dan pemerintah bahas strategi pembahasan RUU kebudayaan,The DPR commission and the government discussed strategies for discussing the culture bill
433,2016-11-23T12:22:08.000Z,Gelar Reses Wakil Rakyat Ini Harapkan Bupati Se Madura Sejalan,gelar reses wakil rakyat ini harapkan bupati se madura sejalan,It is hoped that the recess of the people's representatives will be in line with the regents throughout Madura
434,2016-11-23T10:33:57.000Z,Konsolidasi parpol utk bergaining position Bukan soal aspirasi rakyat Preettz!!,konsolidasi parpol untuk bergaining position bukan soal aspirasi rakyat preettz ! !,"Consolidation of political parties to gain positions is not a matter of people's aspirations, Preettz! !"
435,2016-11-23T09:17:29.000Z,BKD Terima Masukan IPC Terkait RUU Migas,BKD terima masukan IPC terkait RUU migas,BKD receives IPC input regarding the oil and gas bill
436,2016-11-23T09:01:17.000Z,Komisi III DPR Panja RUU KUHP dengan Kepala BPHN KemenkumHAM membahas RUU KUHP Buku II DPRLive,komisi II DPR panja RUU KUHP dengan kepala BPHN kemenkumham membahas RUU KUHP buku II dprlive,"DPR Commission II working committee on the Criminal Code Bill with the head of BPHN, Ministry of Law and Human Rights discussing the Criminal Code Bill Book II dprlive"
437,2016-11-23T08:57:49.000Z,Badan Legislasi DPR Rapat Panja RUU tentang Karantina Kesehatan DPRLive,badan legislasi DPR rapat panja RUU tentang karantina kesehatan dprlive,legislative body of the DPR working committee meeting on the bill on health quarantine dprlive
438,2016-11-23T04:31:05.000Z,Badan Legislasi DPR RI mengadakan Rapat Pleno mengenai Harmonisasi RUU Aparatur Sipil Negara ASN DPRLive,badan legislasi DPR RI mengadakan rapat pleno mengenai harmonisasi RUU aparatur sipil negara ASN dprlive,The DPR RI legislative body held a plenary meeting regarding the harmonization of the DPRlive ASN state civil service bill
439,2016-11-23T02:37:41.000Z,Agenda DPR Rabu Pukul WIB Baleg DPR Rapat Panja RUU Karantina Kesehatan agendaDPR,agenda DPR rabu pukul WIB baleg DPR rapat panja RUU karantina kesehatan agendadpr,"DPR agenda, Wednesday at WIB, DPR legislative committee meeting on health quarantine bill DPR agenda"
440,2016-11-22T21:49:38.000Z,DPR RI PANTAU UU ISTIMEWA Untuk memastikan pelaksanaan Undang Undang keistimewaan DIY memberikan kemudahan bagi,DPR RI PANTAU UU ISTIMEWA untuk memastikan pelaksanaan undang undang keistimewaan DIY memberikan kemudahan bagi,DPR RI MONITORS THE SPECIAL LAW to ensure that the implementation of the DIY special law makes things easier for
441,2016-11-22T14:39:07.000Z,ZAHID BERI TAKLIMAT RUU PADA SEMUA WAKIL RAKYAT ISLAM,ZAHID BERI TAKLIMAT RUU PADA SEMUA WAKIL RAKYAT ISLAM,ZAHID GIVES AN INFORMATION OF THE BILL TO ALL REPRESENTATIVES OF THE ISLAMIC PEOPLE
442,2016-11-22T13:48:28.000Z,Rapat Paripurna at,rapat paripurna at,plenary meeting at
443,2016-11-22T12:20:39.000Z,Tim Pemantau dari DPR RI mengklarifikasi kejelasan UU dan Perda yang mengatur SG dan PAG agar sesuai dengan amanat undang undang,tim pemantau dari DPR RI mengklarifikasi kejelasan UU dan perda yang mengatur SG dan PAG agar sesuai dengan amanat undang undang,The monitoring team from the DPR RI clarified the clarity of the laws and regulations governing SG and PAG so that they are in accordance with the mandate of the law
444,2016-11-22T11:23:44.000Z,Paraf petisi Pemerintah DPR RI segera sahkan RUU Masyarakat Adat !,paraf petisi pemerintah DPR RI segera sahkan RUU masyarakat adat !,"The government's initial petition, DPR RI, immediately ratify the Indigenous Peoples Bill!"
445,2016-11-22T08:55:22.000Z,Pergantian Ketua DPR RI Harus Melalui Rapat Paripurna,pergantian ketua DPR RI harus melalui rapat paripurna,The change of chairman of the DPR RI must go through a plenary meeting
446,2016-11-22T08:24:52.000Z,Berlangsung Alot Lukman Edy Akhirnya Terpilih Ketua Pansus RUU Pemilu lewat,berlangsung alot lukman edy akhirnya terpilih ketua pansus RUU pemilu lewat,Lukman Edy was finally elected chairman of the special committee for the final election bill
447,2016-11-22T07:58:35.000Z,Zahid beri taklimat RUU pada semua wakil rakyat Islam,zahid beri taklimat RUU pada semua wakil rakyat islam,Zahid gave a briefing on the bill to all representatives of the Islamic people
448,2016-11-22T07:19:49.000Z,Komisi X DPR Rapat Panja RUU Kebudayaan terkait pembahasan DIM RUU tentang Kebudayaan DPRLive,komisi kali DPR rapat panja RUU kebudayaan terkait pembahasan DIM RUU tentang kebudayaan dprlive,DPR commission times meeting of committee on culture bill related to discussion of DIM bill on culture dprlive
449,2016-11-22T06:13:11.000Z,JogjaPers newsrrijogja RT DPR_RI Lukman Edy Terpilih Menjadi Ketua Pansus RUU Penyelenggaraan Pemilu,jogjapers newsrrijogja RT DPR_RI lukman edy terpilih menjadi ketua pansus RUU penyelenggaraan pemilu,jogjapers newsrrijogja RT DPR_RI Lukman Edy elected as chairman of the special committee on the election implementation bill
450,2016-11-22T06:08:30.000Z,Lukman Edy Terpilih Menjadi Ketua Pansus RUU Penyelenggaraan Pemilu,lukman edy terpilih menjadi ketua pansus RUU penyelenggaraan pemilu,Lukman Edy was elected as chairman of the special committee on the election management bill
451,2016-11-22T05:33:13.000Z,DPR Pantau Pelaksanaan Undang Undang Keistimewaan di Yogyakarta,DPR pantau pelaksanaan undang undang keistimewaan di yogyakarta,DPR monitors implementation of privilege law in Yogyakarta
452,2016-11-22T04:40:14.000Z,Komisi II DPR RI raker dengan Menteri Agraria Tata Ruang Kepala BPN membahas RUU Pertanahan tata ruang kasus kasus pertanahan DPRLive,komisi II DPR RI raker dengan menteri agraria tata ruang kepala BPN membahas RUU pertanahan tata ruang kasus kasus pertanahan dprlive,commission II DPR RI working meeting with minister of agrarian spatial planning head of BPN discussing land bill on spatial planning of land cases dprlive
453,2016-11-22T04:40:09.000Z,Anggota DPR Asal Riau Lukman Edy Jadi Ketua Pansus RUU Pemilu,anggota DPR asal riau lukman edy jadi ketua pansus RUU pemilu,DPR member from Riau Lukman Edy is chairman of the special committee on the election bill
454,2016-11-22T04:20:17.000Z,Infografis Pimpinan Pansus RUU Penyelenggaraan Pemilihan Umum DPR RI,infografis pimpinan pansus RUU penyelenggaraan pemilihan umum DPR RI,infographic of the leadership of the special committee on the draft law on holding general elections for the DPR RI
455,2016-11-22T02:48:38.000Z,Agenda DPR Selasa Pukul WIB Komisi X DPR Rapat Panja RUU Kebudayaan agendaDPR,agenda DPR selasa pukul WIB komisi kali DPR rapat panja RUU kebudayaan agendadpr,"DPR agenda, Tuesday at WIB, DPR commission meeting working committee on culture bill, DPR agenda"
456,2016-11-22T02:47:58.000Z,Top story DPR RI on Periscope Pemilihan dan Penetapan Pimpinan Pansus RUU Pe see more,top story DPR RI on periscope pemilihan dan penetapan pimpinan pansus RUU pe sih more,top story DPR RI on periscope election and appointment of leadership of the special committee on the PE bill more
457,2016-11-22T02:47:35.000Z,Agenda DPR Selasa Pukul WIB Komisi III DPR Rapat Panja RUU KUHP agendaDPR,agenda DPR selasa pukul WIB komisi II DPR rapat panja RUU KUHP agendadpr,"DPR agenda, Tuesday at WIB, Commission II of the DPR, working committee meeting on the Criminal Code Bill, DPR agenda"
458,2016-11-22T00:41:48.000Z,Rachel memaluka kualitas anggota dpr seperti ini Percuma ada dpr kalau ngak jadi tempat menerima aspirasi rakyat malahan mendukung demo,rachel memaluka kualitas anggota dpr seperti ini percuma ada dpr jika tidak jadi tempat menerima aspirasi rakyat malahan mendukung demo,Rachel insults the quality of members of the DPR like this. There is no point in having a DPR if it is not a place to receive people's aspirations and instead supports demonstrations.
459,2016-11-22T00:16:11.000Z,Ini anggota DPR baca UU gak ya? Apakah unjuk rasa itu hak absolut tanpa batas?,ini anggota DPR baca UU tidak ya ? apakah unjuk rasa itu hak absolut tanpa batas ?,Do these DPR members read the law? Is protesting an absolute right without limits?
460,2016-11-21T15:33:09.000Z,DPR RI rapat paripurna bahas aksi demo anti ahok via,DPR RI rapat paripurna bahas aksi demo anti ahok via,DPR RI in plenary meeting to discuss anti-Ahok demonstration via
461,2016-11-21T09:42:15.000Z,LANGSUNG di Periscope Pemilihan dan Penetapan Pimpinan Pansus RUU Pemilu DPR RI,LANGSUNG di periscope pemilihan dan penetapan pimpinan pansus RUU pemilu DPR RI,LIVE on election periscope and appointment of the leadership of the DPR RI election bill special committee
462,2016-11-21T09:41:18.000Z,Dlm Rapat Paripurna DPR RI tgl Feb RUU PPHMA msk dlm Polegnas tp tdk msk dlm daftar Prioritas RUUMasyarakatAdat,dalam rapat paripurna DPR RI tanggal feb RUU PPHMA masuk dalam polegnas tetapi tidak masuk dalam daftar prioritas ruumasyarakatadat,in the DPR RI plenary session on February the PPHMA Bill was included in the national polena but was not included in the priority list of the customary community bill
463,2016-11-21T09:39:59.000Z,Meski tlh melalui berbgai thp proses pembuatan UU ditingkat legislatif DPR RI Periode blm mengesahkan RUU PPHMA RUUMasyarakatAdat,meski tlh melalui berbgai thp proses pembuatan UU ditingkat legislatif DPR RI periode belum mengesahkan RUU PPHMA ruumasyarakatadat,"Even though several years of law-making process at the legislative level, the DPR RI has not passed the PPHMA Bill on Indigenous Peoples."
464,2016-11-21T09:37:37.000Z,Kondisi ini telah menjadi perhatian DPR RI sejak memproses RUU Pengakuan dan Perlindungan Hak Hak Masyarakat Adat RUUMasyarakatAdat,kondisi ini telah menjadi perhatian DPR RI sejak memproses RUU pengakuan dan perlindungan hak hak masyarakat adat ruumasyarakatadat,"This condition has become the attention of the DPR RI since processing the bill on the recognition and protection of the rights of indigenous peoples, ruucustomary communities"
465,2016-11-21T08:33:08.000Z,Wakil Ketua DPR memimpin pemilihan dan penetapan Pimpinan Pansus RUU Pemilu Senin,wakil ketua DPR memimpin pemilihan dan penetapan pimpinan pansus RUU pemilu senin,The deputy chairman of the DPR led the election and appointed the leadership of the special committee on the election bill Monday
466,2016-11-21T04:15:50.000Z,Sedang dilakukan penjelasan mengenai sejarah DPR RI didalam Ruang Rapat Paripurna I oleh Bapak Tedi selaku Perwakilan Humas oisfisipui,sedang dilakukan penjelasan mengenai sejarah DPR RI didalam ruang rapat paripurna i oleh bapak tedi selaku perwakilan humas oisfisipui,An explanation is being carried out regarding the history of the DPR RI in the plenary meeting room by Mr. Tedi as the Oisfisipui public relations representative
467,2016-11-21T03:09:01.000Z,Agenda DPR Senin Pukul WIB Komisi X DPR Rapat Panja RUU Sistem Perbukuan agendaDPR,agenda DPR senin pukul WIB komisi kali DPR rapat panja RUU sistem perbukuan agendadpr,DPR agenda Monday at WIB commission times DPR working committee meeting on bookkeeping system bill agendadpr
468,2016-11-21T03:08:14.000Z,Agenda DPR Senin Pukul WIB Komisi III DPR Rapat Panja RUU KUHP agendaDPR,agenda DPR senin pukul WIB komisi II DPR rapat panja RUU KUHP agendadpr,DPR agenda Monday at WIB Commission II DPR meeting working committee on Criminal Code Bill DPR agenda
469,2016-11-20T22:26:15.000Z,Hari ini DPR RI rapat mengenai RUU Pemilu Semoga DPR RI tetap mempertahankan Pemilu dengan sistem Proporsional,hari ini DPR RI rapat mengenai RUU pemilu semoga DPR RI tetap mempertahankan pemilu dengan sistem proporsional,"Today the DPR RI is meeting regarding the election bill, hopefully the DPR RI will maintain elections with a proportional system"
470,2016-11-20T16:41:44.000Z,dpr yg bikin undang undang negara bikin u dang undang yg kurupsi hukum mati dong biar seru aja,dpr yang bikin undang undang negara bikin kamu dang undang yang kurupsi hukum mati dong biar seru saja,"The DPR that makes state laws makes you and the law that corrupts the death penalty, just make it fun"
471,2016-11-20T07:53:15.000Z,Mari dukung RUU Pertembakauan dan Kesehatan BergerakBersamaRakyat,mari dukung RUU pertembakauan dan kesehatan bergerakbersamarakyat,Let's support the tobacco and health bill moving together with the people
472,2016-11-19T10:49:19.000Z,Reaksi Mbah Mijan Terkait Pengesahan UU Santet lewat,reaksi mbah mijan terkait pengesahan UU santet lewat,Mbah Mijan's reaction regarding the passing of the Witchcraft Law
473,2016-11-19T10:06:15.000Z,pak pak,pak pak,sir sir
474,2016-11-19T00:24:31.000Z,Menurun Kehadiran Anggota DPR Pada Rapat Paripurna pic,menurun kehadiran anggota DPR pada rapat paripurna pic,decreased attendance of DPR members at plenary meetings pic
475,2016-11-19T00:20:53.000Z,wakil rakyat adlh menampung semua aspirasi rakyat ingat Indonesia dr berbagai ras dan agama masa kau gagal jadi wakil rakyat,wakil rakyat adalah menampung semua aspirasi rakyat ingat indonesia dari berbagai ras dan agama masa kau gagal jadi wakil rakyat,"The people's representative is to accommodate all the aspirations of the people, remember Indonesia from various races and religions, if you fail to become a people's representative"
476,2016-11-18T23:01:28.000Z,Anggota DPR Usul RUU Konsultan Pajak,anggota DPR usul RUU konsultan pajak,DPR members propose tax consultant bill
477,2016-11-18T21:31:57.000Z,suatu pembelajaran semua fihak yg luar biasa halo wakil rakyat MPR DPR RI smoga peka thd aspirasi rakyat proaktif jangan tunggu menunggu,suatu pembelajaran semua fihak yang luar biasa halo wakil rakyat MPR DPR RI semoga peka thd aspirasi rakyat proaktif jangan tunggu menunggu,"an extraordinary lesson for all parties, hello people's representatives, MPR DPR RI, I hope you are sensitive to the people's aspirations, be proactive, don't wait"
478,2016-11-18T09:04:16.000Z,Okky RUU Pertembakauan Harus Masukkan Bab Kesehatan Hingga saat ini pimpinan DPR RI masih belum mengesahkan,okky RUU pertembakauan harus masukkan bab kesehatan hingga saat ini pimpinan DPR RI masih belum mengesahkan,okky The tobacco bill must include a health chapter. Until now the leadership of the DPR RI has still not passed it
479,2016-11-18T08:28:20.000Z,Anggota DPR Usul RUU Konsultan Pajak poskupang,anggota DPR usul RUU konsultan pajak poskupang,DPR members propose Poskupang tax consultant bill
480,2016-11-18T03:35:38.000Z,RUU Pertembakauan Diharap Segera Dibawa ke Paripurna,RUU pertembakauan diharap segera dibawa ke paripurna,It is hoped that the tobacco bill will soon be brought to plenary
481,2016-11-18T03:22:05.000Z,Anggota DPR usul RUU Konsultan Pajak,anggota DPR usul RUU konsultan pajak,DPR members propose tax consultant bill
482,2016-11-18T03:14:11.000Z,Anggota DPR Usulkan RUU Konsultan Pajak,anggota DPR usulkan RUU konsultan pajak,DPR members propose tax consultant bill
483,2016-11-18T03:10:07.000Z,RUU Pertembakauan Diharap Segera Dibawa ke Paripurna IkiBangsaku,RUU pertembakauan diharap segera dibawa ke paripurna ikibangsaku,It is hoped that the tobacco bill will soon be brought to the Ikibangsaku plenary session
484,2016-11-18T03:03:12.000Z,DPR RI Akan Inventarisir Masalah RUU Pemilu Siang Ini,DPR RI akan inventarisir masalah RUU pemilu siang ini,The DPR RI will take stock of the election bill issues this afternoon
485,2016-11-18T02:59:08.000Z,Anggota DPR usul RUU Konsultan Pajak Indonesia,anggota DPR usul RUU konsultan pajak indonesia,DPR members propose Indonesian tax consultant bill
486,2016-11-18T02:58:19.000Z,Anggota DPR usul RUU Konsultan Pajak Anggota Komisi XI DPR RI Mukhammad Misbakhun mengusulkan Rancangan RUU,anggota DPR usul RUU konsultan pajak anggota komisi XI DPR RI mukhammad misbakhun mengusulkan rancangan RUU,Member of DPR proposes tax consultant bill Member of Commission XI DPR RI Mukhammad Misbakhun proposed draft bill
487,2016-11-18T02:54:09.000Z,Anggota DPR usul RUU Konsultan Pajak politik,anggota DPR usul RUU konsultan pajak politik,DPR members propose political tax consultant bill
488,2016-11-18T02:54:07.000Z,Anggota DPR usul RUU Konsultan Pajak Politik,anggota DPR usul RUU konsultan pajak politik,DPR members propose political tax consultant bill
489,2016-11-18T02:45:02.000Z,semua usulan RUU yang diusulkan oleh DPD RI mengalami Stagnan di tingkat DPR RI DPD RI,semua usulan RUU yang diusulkan oleh DPD RI mengalami stagnan di tingkat DPR RI DPD RI,all proposed bills proposed by the DPD RI have stagnated at the level of the DPR RI DPD RI
490,2016-11-18T02:32:05.000Z,Anggota DPR usul RUU Konsultan Pajak Bandar Lampung Lampung,anggota DPR usul RUU konsultan pajak bandar lampung lampung,Members of the DPR propose the Bandar Lampung Lampung tax consultant bill
491,2016-11-18T02:20:02.000Z,Anggota DPR Usulkan RUU Konsultan Pajak Warta Ekonomi,anggota DPR usulkan RUU konsultan pajak warta ekonomi,DPR members propose economic news tax consultant bill
492,2016-11-18T02:01:15.000Z,aneh banget dia jadi anggota DPR bukannya nulis buku ttng kebijakan publik malah ngarang novel,aneh banget dia jadi anggota DPR bukan menulis buku ttng kebijakan publik malah mengarang novel,"It's really strange that he became a member of the DPR, instead of writing books about public policy, he instead wrote novels"
493,2016-11-18T01:31:13.000Z,Anggota DPR Usulkan RUU Konsultan Pajak netralnews,anggota DPR usulkan RUU konsultan pajak netralnews,DPR members propose bill on neutralnews tax consultants
494,2016-11-17T23:15:00.000Z,Formappi Fraksi Nasdem Paling Sering Bolos,formappi fraksi nasdem paling sering bolos,Nasdem faction formappi most often misses classes
495,2016-11-17T22:01:30.000Z,Alasan yg selalu disampaikan krn wakil rakyat shg cari aspirasi Kemudian apa gunanya ada pembagian waktu reses tersendiri,alasan yang selalu disampaikan karena wakil rakyat shg cari aspirasi kemudian apa gunanya ada pembagian waktu reses tersendiri,"The reason that is always given is because the people's representatives are looking for aspirations, so what's the point of having separate recess time?"
496,2016-11-17T14:17:21.000Z,DPR Komitmen Selesaikan RUU Pemilu Tepat Waktu Ketua Baleg DPR RI Supratman Andi mengatakan DPR bersama Pemer,DPR komitmen selesaikan RUU pemilu tepat waktu ketua baleg DPR RI supratman andi mengatakan DPR bersama pemer,"The DPR is committed to completing the election bill on time, the chairman of the DPR RI baleg, Supratman Andi, said that the DPR is together with the government"
497,2016-11-17T14:16:16.000Z,RUU pemilu langka awal melihat kualitas demokrasi kita,RUU pemilu langka awal melihat kualitas demokrasi kita,The initial rare election bill looks at the quality of our democracy
498,2016-11-17T11:59:56.000Z,pak pak urusin tuch Undang Undang dan daftar hadir anggota DPR jangan sibuk urusin orang anda sendiri sudah Becus blm,pak pak urus tuh undang undang dan daftar hadir anggota DPR jangan sibuk urus orang anda sendiri sudah becus belum,"Sir, take care of the laws and the attendance list for members of the DPR, don't be busy taking care of your own people, are you competent yet?"
499,2016-11-17T11:45:02.000Z,Hmmm kenapa yah Anggota gak hadir dalam rapat Paripurna Perdana?,hmm kenapa ya anggota tidak hadir dalam rapat paripurna perdana ?,"Hmm, why weren't members present at the first plenary meeting?"
500,2016-11-17T11:13:46.000Z,DPR Ri Komitmen Selesaikan RUU Pemilu,DPR ri komitmen selesaikan RUU pemilu,The Republic of Indonesia's DPR is committed to completing the election bill
501,2016-11-17T11:09:54.000Z,Kebijakan ujug,kebijakan ujug,final policy
502,2016-11-17T09:12:16.000Z,JadwalSenator nov wib sd selesai Rapat Penyusunan Prolegnas RUU Prioritas Tahun d Baleg,jadwalsenator nov wib sd selesai rapat penyusunan prolegnas RUU prioritas tahun di baleg,Senator's schedule November WIB until completion of the meeting for drafting the national legislative program on priority bills for the year at the Legislative Assembly
503,2016-11-17T09:06:39.000Z,JadwalSenator nov wib sd selesai Rapat Penyusunan Prolegnas RUU Prioritas Tahun di Ruang Baleg,jadwalsenator nov wib sd selesai rapat penyusunan prolegnas RUU prioritas tahun di ruang baleg,Senator's schedule November WIB until completion of the meeting for drafting the National Legislative Program on priority bills for the year in the Legislative Council room
504,2016-11-17T06:43:28.000Z,Ketua DPR RUU Pemilu Harus Selesai April,ketua DPR RUU pemilu harus selesai april,Chairman of the DPR The election bill must be completed in April
505,2016-11-17T06:40:07.000Z,Tribun Ketua DPR RUU Pemilu Harus Selesai April Ketua DPR Ade Komarudin menerima kunjungan NewsToday,tribun ketua DPR RUU pemilu harus selesai april ketua DPR adek komarudin menerima kunjungan newstoday,"DPR chairman's tribune: The election bill must be completed in April, DPR chairman Adek Komarudin received a visit from Newstoday"
506,2016-11-17T06:23:24.000Z,DPR RI Prioritaskan Penyelesaian RUU Pemilu,DPR RI prioritaskan penyelesaian RUU pemilu,DPR RI prioritizes completion of election bill
507,2016-11-17T06:01:38.000Z,Pemilihan Ketua Pansus RUU Pemilu Diundur Sampai Senin Wakil Ketua DPR RI Agus Hermanto membenarkan rapat,pemilihan ketua pansus RUU pemilu diundur sampai senin wakil ketua DPR RI agus hermanto membenarkan rapat,"The election for the chairman of the special committee on the election bill has been postponed until Monday, the deputy chairman of the DPR RI, Agus Hermanto, confirmed the meeting"
508,2016-11-17T05:24:29.000Z,Kebijakan Pemkot Bekasi menertibkan Bangli jgn jadikan ajang Dramatisasi Anggota DPRD DPRD kan wakil rakyat cari solusi berikan Advokasi,kebijakan pemkot bekasi menertibkan bangli jangan jadikan ajang dramatisasi anggota DPRD DPRD kan wakil rakyat cari solusi berikan advokasi,"Bekasi city government policy to bring order to Bangli, don't make it an arena for dramatization, DPRD DPRD members are people's representatives, look for solutions, provide advocacy"
509,2016-11-17T05:12:51.000Z,Agenda baleg RUU DPR RI ttg Tatib RUU Karhutla dan Perdesaan AgendaDPR,agenda baleg RUU DPR RI tentang tatib RUU karhutla dan perdesaan agendadpr,DPR RI bill legislative agenda regarding regulations on forest and land fires and rural areas DPR agenda
510,2016-11-17T05:07:50.000Z,Agenda baleg penyusunan prolegnas pembahasan RUU Karantina AgendaDPR,agenda baleg penyusunan prolegnas pembahasan RUU karantina agendadpr,"Baleg agenda for drafting National Legislative Program, discussion of quarantine bill, DPR agenda"
511,2016-11-17T05:01:08.000Z,DPR Berkomitmen RUU Penyelenggaraan Pemilu Selesai Tepat Waktu,DPR berkomitmen RUU penyelenggaraan pemilu selesai tepat waktu,The DPR is committed to completing the election implementation bill on time
512,2016-11-17T04:32:20.000Z,Lhah kan ono koe sebagai wakil rakyat njuk gunamu opo? Gawe undang undang?,lhah kan sono koe sebagai wakil rakyat njuk gunamu opo ? gawe undang undang ?,"Isn't that right, as the people's representative, you're acting for what you're doing, right? do you have laws?"
513,2016-11-17T04:19:33.000Z,Ahok Tersangka Pimpinan DPR Masyarakat Harus Awasi Proses Selanjutnya,ahok tersangka pimpinan DPR masyarakat harus awasi proses selanjutnya,"Ahok is suspected of being the leader of the DPR, the community must supervise the next process"
514,2016-11-17T03:20:15.000Z,Ketua Baleg DPR Supratman Andi Agtas DPR Komitmen Selesaikan RUU Pemilu Tepat Waktu,ketua baleg DPR supratman andi agtas DPR komitmen selesaikan RUU pemilu tepat waktu,Chairman of the DPR Baleg Supratman Andi Agtas DPR is committed to completing the election bill on time
515,2016-11-17T03:15:16.000Z,AgendaDPR baleg Rapat Pengesahan Jadwal Rapat Rapat Masa Sidang ke Thn pkl WIB,agendadpr baleg rapat pengesahan jadwal rapat rapat masa sidang ke tahun pkl WIB,agendadpr baleg meeting ratifying the meeting schedule for the annual session at PKL WIB
516,2016-11-17T03:14:01.000Z,Agenda DPR Kamis Pukul WIB Komisi III DPR Rapat Panja RUU KUHP agendaDPR,agenda DPR kamis pukul WIB komisi II DPR rapat panja RUU KUHP agendadpr,DPR agenda Thursday at WIB Commission II DPR meeting working committee on Criminal Code Bill DPR agenda
517,2016-11-17T02:21:09.000Z,Ketua DPR Ade Komarudin Tegaskan RUU Pemilu Harus Selesai April,ketua DPR adek komarudin tegaskan RUU pemilu harus selesai april,DPR chairman Adek Komarudin emphasized that the election bill must be completed in April
518,2016-11-17T01:54:05.000Z,Ketua DPR Ade Komarudin DPR Komitmen Percepat Pembahasan RUU,ketua DPR adek komarudin DPR komitmen percepat pembahasan RUU,"Chairman of the DPR, Adek Komarudin, DPR is committed to speeding up the discussion of the bill"
519,2016-11-17T01:14:52.000Z,Misbakhun Bertekad Bela Terus Petani Tembakau Sebagai inisiator RUU Pertembakauan anggota Badan Legislasi DPR RI,misbakhun bertekad bela terus petani tembakau sebagai inisiator RUU pertembakauan anggota badan legislasi DPR RI,Misbakhun is determined to continue defending tobacco farmers as the initiator of the tobacco bill as a member of the DPR RI legislative body
520,2016-11-16T23:45:12.000Z,Pertemuan dengan Mendagri Pak di membahas proges paket RUU Penyelenggaraan Pemilu,pertemuan dengan mendagri pak di membahas proges paket RUU penyelenggaraan pemilu,meeting with the Minister of Home Affairs to discuss the progress of the election implementation bill package
521,2016-11-16T22:30:50.000Z,Anggota Komisi VII Rev UU Migas atas Inisiatif Bkn dari Pemerintah,anggota komisi VII rev UU migas atas inisiatif bukan dari pemerintah,member of commission VII rev oil and gas law on initiative not from the government
522,2016-11-16T14:58:10.000Z,Ketua DPR Dan Mendagri Bahas RUU Pemilu Ketua DPR RI Ade Komarudin menerima kunjungan Menteri Dalam Negeri Tjahjo,ketua DPR dan mendagri bahas RUU pemilu ketua DPR RI adek komarudin menerima kunjungan menteri dalam negeri tjahjo,"Chairman of the DPR and Minister of Home Affairs discuss the election bill. Chairman of the DPR RI, Adek Komarudin, receives a visit from the Minister of Home Affairs, Tjahjo"
523,2016-11-16T13:54:33.000Z,Pemerintah dan DPR RI sepakat menetapkan batas waktu penyelesaian pembahasan Revisi Undang undang Pemilu RUU,pemerintah dan DPR RI sepakat menetapkan batas waktu penyelesaian pembahasan revisi undang undang pemilu RUU,The government and the DPR RI have agreed to set a time limit for completing discussions on the revision of the draft election law
524,2016-11-16T13:30:44.000Z,Temui Petani Tembakau Anggota DPR Ini Janji Kawal Penyelesaian RUU Pertembakauan nusantaranews,temui petani tembakau anggota DPR ini janji kawal penyelesaian RUU pertembakauan nusantaranews,"meet tobacco farmers, this member of the DPR promises to oversee the completion of the tobacco bill nusantaranews"
525,2016-11-16T12:11:46.000Z,H Berorasi desak RUU Tembakau ditengah demo Asosiasi Petani Tembakau Indonesia APTI di DPR RI,h berorasi desak RUU tembakau ditengah demo asosiasi petani tembakau indonesia APTI di DPR RI,h gave a speech urging the tobacco bill in the middle of a demonstration by the Indonesian tobacco farmers association APTI at the DPR RI
526,2016-11-16T12:09:39.000Z,temui Asosiasi Petani Tembakau Indonesia APTI di DPR RI desak RUU Tembakau,temui asosiasi petani tembakau indonesia APTI di DPR RI desak RUU tembakau,meet the Indonesian tobacco farmers association APTI at the DPR RI pushing for the tobacco bill
527,2016-11-16T11:52:54.000Z,Suasana simulasi rapat internal fraksi fraksi memetakan temuan reses untuk dibawa ke rapat paripurna DPR RI Universitas Jember,suasana simulasi rapat internal fraksi fraksi memetakan temuan reses untuk dibawa ke rapat paripurna DPR RI universitas jember,"simulated atmosphere of internal faction meetings mapping out recess findings to be brought to the DPR RI plenary meeting, University of Jember"
528,2016-11-16T10:48:43.000Z,RUU Pertembakauan msh tahap pembahasan di DPR RI Petani Tembakau meminta RUU tersebut segera disahkan PKBPeduliTembakau,RUU pertembakauan masih tahap pembahasan di DPR RI petani tembakau meminta RUU tersebut segera disahkan pkbpedulitembakau,The tobacco bill is still at the discussion stage in the DPR RI. Tobacco farmers are asking for the bill to be immediately ratified by pkbpedulitobacco
529,2016-11-16T09:55:26.000Z,DPR Komitmen Percepat Pembahasan RUU Republika Online,DPR komitmen percepat pembahasan RUU republika online,The DPR is committed to speeding up the discussion of the online republican bill
530,2016-11-16T09:40:12.000Z,NawaResolusi Santri Jadikan perusahaan Rokok Menjadi BUMN StopKapitalisasiRokok,nawaresolusi santri jadikan perusahaan rokok menjadi BUMN stopkapitalisasirokok,nawaresolustri students turn cigarette companies into state-owned companies to stop capitalizing on cigarettes
531,2016-11-16T09:27:15.000Z,DPR Komitmen Percepat Pembahasan RUU,DPR komitmen percepat pembahasan RUU,The DPR is committed to speeding up discussion of the bill
532,2016-11-16T09:14:02.000Z,republikaonline DPR Komitmen Percepat Pembahasan RUU via Twitt,republikaonline DPR komitmen percepat pembahasan RUU via twitt,republicaonline DPR is committed to speeding up discussion of the bill via Twitter
533,2016-11-16T09:12:14.000Z,StopKapitalisasiRokok Jadikan Perusahaan rokok BUMN,stopkapitalisasirokok jadikan perusahaan rokok BUMN,stop capitalization of cigarettes and make cigarette companies state-owned
534,2016-11-16T07:56:21.000Z,Sekjen DPP PKB menerima petani tembakau yg unjuk rasa di gedung DPR menuntut disahkannya RUU,sekjen DPP PKB menerima petani tembakau yang unjuk rasa di gedung DPR menuntut disahkannya RUU,Secretary General of the DPP PKB received tobacco farmers who demonstrated at the DPR building demanding the passing of the bill
535,2016-11-16T07:56:13.000Z,Sekjen DPP PKB menerima petani tembakau yg unjuk rasa di gedung DPR menuntut disahkannya RUU Pertembakauan,sekjen DPP PKB menerima petani tembakau yang unjuk rasa di gedung DPR menuntut disahkannya RUU pertembakauan,Secretary General of the DPP PKB received tobacco farmers who demonstrated at the DPR building demanding the passing of the tobacco bill
536,2016-11-16T06:16:33.000Z,Simulasi Reses DPR RI dapil jl Bangka November SimulasiResesDPR,simulasi reses DPR RI dapil jl bangka november simulasiresesdpr,"DPR RI recess simulation for the Jl Bangka electoral district, November, DPR recess simulation"
537,2016-11-16T06:07:02.000Z,LANGSUNG di Periscope Wakil Ketua DPR gelar Konferensi Pers terkait dengan RUU Pertembakauan DPRLi,LANGSUNG di periscope wakil ketua DPR gelar konferensi pers terkait dengan RUU pertembakauan dprli,"LIVE on Periscope, the deputy chairman of the DPR holds a press conference regarding the DPRI tobacco bill"
538,2016-11-16T06:05:41.000Z,Wakil Ketua DPR menggelar Konferensi Pers terkait dengan RUU Pertembakauan DPRLive,wakil ketua DPR menggelar konferensi pers terkait dengan RUU pertembakauan dprlive,The deputy speaker of the DPR held a press conference regarding the dprlive tobacco bill
539,2016-11-16T05:30:12.000Z,Ratusan anggota DPR tak hadir di rapat paripurna pembukaan masa sidang Informasi terkini,ratusan anggota DPR tak hadir di rapat paripurna pembukaan masa sidang informasi terkini,Hundreds of DPR members did not attend the plenary session opening the latest information session
540,2016-11-16T04:59:29.000Z,Siang ini Rabu saya resmi membuka Rapat Paripurna Ke Masa Persidangan Kedua Tahun di Gedung DPR Senayan Jakarta,siang ini rabu saya resmi membuka rapat paripurna ke masa persidangan kedua tahun di gedung DPR senayan jakarta,"This Wednesday afternoon I officially opened the plenary session for the second session of the year at the Senayan DPR building, Jakarta"
541,2016-11-16T04:42:35.000Z,Pimpinan dan Perwakilan Badan Legislasi menemui massa aksi dari Asosiasi Petani Tembakau Indonesia Aspirasi tentang RUU Tembakau,pimpinan dan perwakilan badan legislasi menemui massa aksi dari asosiasi petani tembakau indonesia aspirasi tentang RUU tembakau,leaders and representatives of the legislative body met with mass action from the Indonesian tobacco farmers association with aspirations regarding the tobacco bill
542,2016-11-16T04:30:21.000Z,jg akan melakukan harmonisasi pembulatan pemantapan RUU PidatoParipurna,juga akan melakukan harmonisasi pembulatan pemantapan RUU pidatoparipurna,will also carry out harmonization of the consolidation of the bill for the plenary speech
543,2016-11-16T04:27:21.000Z,dlm masa sidang ini akan melakukan persiapan penyusunan Prolegnas RUU Prioritas thn PidatoParipurna,dalam masa sidang ini akan melakukan persiapan penyusunan prolegnas RUU prioritas tahun pidatoparipurna,"During this session, preparations will be made for the drafting of the national legislative program, the priority bill for the year of the plenary speech"
544,2016-11-16T04:02:26.000Z,Alhamdulilah Sedang berlangsung pembukaan rapat Paripurna ke oleh Ketua DPR RI,alhamdulilah sedang berlangsung pembukaan rapat paripurna ke oleh ketua DPR RI,"Thank God, the opening of the plenary session with the chairman of the DPR RI is underway"
545,2016-11-16T03:35:26.000Z,AgendaDPR Hari ini Rabu Pukul WIB Rapat Paripurna Ke Masa Persidangan II Tahun Sidang,agendadpr hari ini rabu pukul WIB rapat paripurna ke masa persidangan II tahun sidang,"agendadpr today, Wednesday at WIB, plenary meeting for the second session of the session year"
546,2016-11-16T03:30:02.000Z,Desa Wisata Sejarah di Pulau Mepar Rindu Diterangi PLN Reses Anggota DPR RI Komisi VI Drs H Nyat Kadir ke Daik,desa wisata sejarah di pulau mepar rindu diterangi PLN reses anggota DPR RI komisi VI drs h nyat kadir ke daik,"The historical tourist village on Mepar Island, Missing, is illuminated by PLN. DPR RI member Commission VI recess Drs H Nyat Kadir Ke Daik"
547,2016-11-16T02:04:52.000Z,Agenda DPR Rabu Pukul WIB Rapat Paripurna DPR Ke Masa Persidangan II Tahun Sidang agendaDPR,agenda DPR rabu pukul WIB rapat paripurna DPR ke masa persidangan II tahun sidang agendadpr,"DPR agenda, Wednesday at WIB, DPR plenary meeting for the second session of the DPR agenda session year"
548,2016-11-15T20:38:50.000Z,Reses di Enrekang Anggota DPR Ini Perjuangkan Status Honorer Jadi CPNS,reses di enrekang anggota DPR ini perjuangkan status honorer jadi CPNS,"During the recess, DPR members are fighting for honorary status as CPNS"
549,2016-11-15T15:05:32.000Z,DiskusiPRFM Data menyebutkan Tingkat Kehadiran Anggota DPR RI di Rapat Paripurna pada Titik mengkhawatirkan Komentar anda?,diskusiprfm data menyebutkan tingkat kehadiran anggota DPR RI di rapat paripurna pada titik mengkhawatirkan komentar anda ?,"discussionprfm data states that the level of attendance of DPR RI members at plenary meetings is at a worrying point, your comments?"
550,2016-11-15T14:43:36.000Z,Dlm stiap rapat paripurna selama masa sidang ke Thn yaitu tgl Agt Okt rata kehadiran anggota DPR hanya,dalam setiap rapat paripurna selama masa sidang ke tahun yaitu tanggal agt okt rata kehadiran anggota DPR hanya,"In every plenary meeting during the year-to-year session, namely August October, the average attendance is only DPR members"
551,2016-11-15T14:42:13.000Z,Tingkat kehadiran anggota DPR di rapat paripurna dan alat kelengkapan dewan AKD memang sudah pada titik mengkhawatirkan,tingkat kehadiran anggota DPR di rapat paripurna dan alat kelengkapan dewan AKD memang sudah pada titik mengkhawatirkan,The level of attendance of DPR members at plenary meetings and the AKD board's equipment is already at an alarming point
552,2016-11-15T08:34:32.000Z,Reses Wakil Rakyat Dapil Lampung I Ahmad Muzani,reses wakil rakyat dapil lampung i ahmad muzani,"recess for the people's representative for the Lampung electoral district, i Ahmad Muzani"
553,2016-11-15T07:15:26.000Z,Nyat Kadir Motivasi Pemuda Lingga Berwira Usaha Dalam reses Anggota Komisi VI DPR RI Nyat Kadir memotivasi,nyat kadir motivasi pemuda lingga berwira usaha dalam reses anggota komisi VI DPR RI nyat kadir memotivasi,Kadir is really motivating phallic youth to become entrepreneurs in the recess for members of Commission VI DPR RI. Really Kadir is motivating
554,2016-11-15T05:32:33.000Z,Bang silaturahmi dan serap aspirasi dlm rangka reses MS II dengan Masyarakat Kota Praya Lombok Tengah,bang silaturahmi dan serap aspirasi dalam rangka reses MASIH II dengan masyarakat kota praya lombok tengah,"build friendship and absorb aspirations in the framework of the MASIH II recess with the people of Praya City, Central Lombok"
555,2016-11-15T02:06:13.000Z,Keren mas semoga didengar dan diperhatikan pembentuk undang undang cc,keren mas semoga didengar dan diperhatikan pembentuk undang undang cc,"That's cool, bro, I hope the makers of the CC law will hear and pay attention"
556,2016-11-15T00:42:25.000Z,Retweeted Fraksi PKS DPR RI Reses masa sidang kali ini hampir usai Yuk cari tahu apa sj,retweeted fraksi PKS DPR RI reses masa sidang kali ini hampir usai yuk cari tahu apa saja,"retweeted PKS faction DPR RI recess for this session is almost over, let's find out what's going on"
557,2016-11-14T15:55:39.000Z,Anggota DPR Tidak Yakin Trump Terapkan Kebijakan Proteksi Ekonomi,anggota DPR tidak yakin trump terapkan kebijakan proteksi ekonomi,DPR members are not convinced that Trump will implement economic protection policies
558,2016-11-14T15:53:46.000Z,Pemerintah Harus Gerak Cepat Berantas Terorisme,pemerintah harus gerak cepat berantas terorisme,The government must move quickly to eradicate terrorism
559,2016-11-14T11:56:06.000Z,Koran Sindo Jatim Nov DPR Desak Kebijakan Bebas Visa Ditinjau,koran sindo jatim nov DPR desak kebijakan bebas visa ditinjau,Koran Sindo Jatim Nov DPR urges visa-free policy to be reviewed
560,2016-11-14T11:45:11.000Z,DPR targetkan revisi UU Terorisme rampung awal Ketua DPR RI Ade Komarudin menargetkan revisi Undang Undang,DPR targetkan revisi UU terorisme rampung awal ketua DPR RI adek komarudin menargetkan revisi undang undang,"The DPR is targeting the revision of the terrorism law to be completed early. The chairman of the DPR RI, Adek Komarudin, is targeting the revision of the law"
561,2016-11-14T09:17:33.000Z,Dalam masa reses DPR RI saya menggelar silaturahim dengan masyarakat pendukung solid saya di dapil Kec Setu Kab,dalam masa reses DPR RI saya menggelar silaturahim dengan masyarakat pendukung solid saya di dapil kec setu kab,"During the DPR RI recess period, I held a gathering with my solid supporting community in the Setu District electoral district"
562,2016-11-14T09:13:28.000Z,Dalam masa reses DPR RI saya menggelar silaturahim dengan masyarakat pendukung solid saya di dapil Kec Setu Kab Bekasi Senin,dalam masa reses DPR RI saya menggelar silaturahim dengan masyarakat pendukung solid saya di dapil kec setu kab bekasi senin,"During the DPR RI recess period, I held a gathering with my solid supporting community in the electoral district of Setu District, Bekasi Regency, Monday."
563,2016-11-14T05:24:26.000Z,Intip aktifitas Reses Mas Tjatur cc,intip aktifitas reses mas tjatur cc,Take a peek at Mas Tjatur CC's recess activities
564,2016-11-14T05:16:03.000Z,AksiDamaiNopember Reses anggota MS II tahun Sidang bang kumpulkan kepala desa se k,aksidamainopember reses anggota MASIH II tahun sidang bang kumpulkan kepala desa se ke,peace actionnovember recess members of MASIH II year session bro gather village heads se ke
565,2016-11-14T04:54:33.000Z,Reses anggota MS II tahun Sidang bang kumpulkan kepala desa se kabupaten Sumbawa dorong desa mandiri,reses anggota MASIH II tahun sidang bang kumpulkan kepala desa se kabupaten sumbawa dorong desa mandiri,"recess for members of MASIH II year session, bro, gather village heads throughout Sumbawa district to encourage independent villages"
566,2016-11-14T02:55:32.000Z,RESES ANGGOTA DPR RI FRAKSI PDIP MARUARAR SIRAIT,RESES ANGGOTA DPR RI FRAKSI PDIP MARUARAR SIRAIT,RECESS FOR MEMBERS OF THE DPR RI FROM THE PDIP MARUARAR SIRAIT FRACTION
567,2016-11-13T13:11:36.000Z,Pleno II Munas Rapimnas I PPP sedang membahas fungsi Anggota DPR dlm menyusun RUU PPPforJokowi,pleno II munas rapimnas i PP sedang membahas fungsi anggota DPR dalam menyusun RUU ppforjokowi,plenary II of the National Conference of the National Assembly I PP is discussing the function of DPR members in drafting the PPforjokowi Bill
568,2016-11-13T10:39:01.000Z,Sy tahu Tp skrg angka sudah out of date per pengesahan APBN oleh DPR RI,saya tahu tetapi sekarang angka sudah out of date per pengesahan APBN oleh DPR RI,"I know, but now the figures are out of date as per the ratification of the APBN by the DPR RI"
569,2016-11-12T23:53:34.000Z,Fahri Hamzah telah menjalankan fungsinya selaku wakil rakyat dan memperjuangkan aspirasi rakyat yg memilihnya,fahri hamzah telah menjalankan fungsinya selaku wakil rakyat dan memperjuangkan aspirasi rakyat yang memilihnya,Fahri Hamzah has carried out his function as the people's representative and fought for the aspirations of the people who elected him
570,2016-11-12T16:44:19.000Z,KENAPA CINTA SALATIGA Reses DPR RI Fraksi,KENAPA CINTA SALATIGA reses DPR RI fraksi,WHY LOVE SALATIGA DPR RI faction recess
571,2016-11-12T15:23:08.000Z,Kunjungan Komisi IV DPR ke Balai Karantina Pertanian Denpasar juga untuk minta masukan atas RUU Karantina Hewan Ikan Tumbuhan KunkerDPR,kunjungan komisi IV DPR ke balai karantina pertanian denpasar juga untuk meminta masukan atas RUU karantina hewan ikan tumbuhan kunkerdpr,DPR Commission IV's visit to the Denpasar Agricultural Quarantine Center was also to ask for input on the KunkerDPR Animal Fish Plant Quarantine Bill
572,2016-11-11T02:23:22.000Z,Turba ke KUB ternak di GK reses,turba ke KUB ternak di TIDAK reses,turba to KUB livestock in NO recess
573,2016-11-11T02:16:55.000Z,Turba ke bbrp KUB konveksi di GK reses,turba ke beberapa KUB konveksi di TIDAK reses,turba to several convection KUBs in NO recess
574,2016-11-11T02:11:30.000Z,Pmberian Makann Gizi utk Balita di Kedungkris Nglipar GK reses,pmberian makann gizi untuk balita di kedungkris nglipar TIDAK reses,Providing nutritional food for toddlers in Kedungkris Nglipar is NOT a recess
575,2016-11-11T02:03:46.000Z,Pelatihan Public Speaking juga diadakan di Gunung Kidul dan diikuti pelaku UKM reses,pelatihan public speaking juga diadakan di gunung kidul dan diikuti pelaku UKM reses,Public speaking training was also held in Gunung Kidul and was attended by SMEs during the recess
576,2016-11-10T11:10:48.000Z,Siang tadi YAPPIKA ActionAid Mitra telah menyampaikan Hasil Riset Usulan Kebijakan untuk SekolahAman kepada Badan Keahlian,siang tadi YAPPIKA actionaid mitra telah menyampaikan hasil riset usulan kebijakan untuk sekolahaman kepada badan keahlian,This afternoon YAPPIKA actionaid partners submitted research results on policy proposals for safe schools to the expert body
577,2016-11-10T10:46:07.000Z,RiauInfo Komisi V DPR RI Lakukan Reses di Kelurahan Meranti Pandak inforiau,riauinfo komisi v DPR RI lakukan reses di kelurahan meranti pandak inforiau,riauinfo commission v DPR RI held a recess in Meranti Pandak Inforiau sub-district
578,2016-11-10T10:13:57.000Z,Anggota DPR RI Prananda Surya Paloh Reses di Tebingtinggi,anggota DPR RI prananda surya paloh reses di tebingtinggi,Member of the Republic of Indonesia's House of Representatives Prananda Surya Paloh takes a break at Tebingtinggi
579,2016-11-10T09:47:26.000Z,Forum Legislasi di Media Center DPR RI membahas RUU tentang Jabatan Hakim DPRLive,forum legislasi di media center DPR RI membahas RUU tentang jabatan hakim dprlive,Legislative forum at the DPR RI media center discussing the bill regarding the position of judge DPRlive
580,2016-11-09T14:42:57.000Z,Memang ada ya undang undang ini ?? Memangnya anggota dpr bersifat maksum ya seperti nabi? Maaf sy org bodoh Klo sperti itu sy tdk setuju,memang ada ya undang undang ini ? ? memangnya anggota dpr bersifat maksum ya seperti nabi ? maaf saya orang bodoh jika seperti itu saya tidak setuju,Does this law really exist? ? Are DPR members truly infallible like prophets? sorry I'm a fool if that's the case I don't agree
581,2016-11-09T13:35:16.000Z,PDIP pernah kerahkan anggota DPR dan Kada demo kebijakan SBY terkait BBM Seingatku gak dituduh makar,PDIP pernah kerahkan anggota DPR dan kada demo kebijakan SURABAYA terkait BBM seingatku tidak dituduh makar,"PDIP once mobilized members of the DPR and during the SURABAYA policy demonstration regarding fuel, as far as I remember, they were not accused of treason"
582,2016-11-09T09:02:48.000Z,Reses tahun anggota DPR RI komisi III A,reses tahun anggota DPR RI komisi II a,Annual recess for DPR RI Commission II members a
583,2016-11-09T08:28:55.000Z,Reses DPR RI Harus Lapor ke Fraksi Golkar Daerah,reses DPR RI harus lapor ke fraksi golkar daerah,DPR RI recess must be reported to the regional Golkar faction
584,2016-11-09T05:25:57.000Z,wakil rakyat tugasnya menerima aspirasi rakyat dan memperjuangkannya lwt ruang dewan bukanya turun ke jalan,wakil rakyat tugasnya menerima aspirasi rakyat dan memperjuangkannya lewat ruang dewan bukanya turun ke jalan,The task of the people's representatives is to accept the aspirations of the people and fight for them through the council chambers rather than taking to the streets
585,2016-11-09T02:13:15.000Z,Apa saja aktivitas di masa reses beberapa wakil rakyat sejak sabtu hingga senin kemarin? Yuk disimak! Sebarkan,apa saja aktivitas di masa reses beberapa wakil rakyat sejak sabtu hingga senin kemarin ? yuk disimak ! sebarkan,What were the activities during the recess period for several people's representatives from last Saturday to Monday? let's have a look! share it
586,2016-11-08T17:40:19.000Z,Anggota DPR RI Ali Mahir Reses ke Kudus murianewscom,anggota DPR RI ali mahir reses ke kudus murianewscom,"Member of the Republic of Indonesia's DPR, Ali Ahli, took a recess at Kudus Murianewscom"
587,2016-11-08T15:13:59.000Z,hasil dari serap aspirasi dlm kegiatan reses akan disampaikan saat dimulainya masa sidang di DPR RI u dibahas bersama pemerintah ResesPKB,hasil dari serap aspirasi dalam kegiatan reses akan disampaikan saat dimulainya masa sidang di DPR RI kamu dibahas bersama pemerintah resespkb,The results of the absorption of aspirations in the recess activities will be presented at the start of the session period at the DPR RI and will be discussed with the recesspkb government
588,2016-11-08T15:12:24.000Z,UU no yg direvisi jd UU no ttg MD mengatur waktu masa sidang reses pasal ayat ResesPKB,UU no yang direvisi jadi UU no tentang MD mengatur waktu masa sidang reses pasal ayat resespkb,"Law No., which was revised to become Law No. concerning MD, regulates the time of the recess session for articles paragraphs recesspkb"
589,2016-11-08T14:55:39.000Z,kegiatan Reses oleh Anggota DPR RI menjadi momen tk lebih dekat dg konstituen menjaga komunikasi menyerap aspirasi ResesPKB,kegiatan reses oleh anggota DPR RI menjadi momen tak lebih dekat dengan konstituen menjaga komunikasi menyerap aspirasi resespkb,Recess activities by DPR RI members are a moment to get closer to constituents to maintain communication to absorb the aspirations of recesspkb
590,2016-11-08T12:20:14.000Z,Reses Anggota Komisi V DPR RI Tinjau Lokasi Longsor Battang Palopo,reses anggota komisi v DPR RI tinjau lokasi longsor battang palopo,"During the recess, members of Commission v DPR RI visited the location of the Battang Palopo landslide"
591,2016-11-08T12:12:38.000Z,JogjaPers newsrrijogja Wakil Ketua Komisi IV DPR RI Siti Hediati atau Titiek Soeharto menyayangkan kebijakan,jogjapers newsrrijogja wakil ketua komisi IV DPR RI siti hediati atau titiek soeharto menyayangkan kebijakan,jogjapers newsrrijogja deputy chairman of commission IV DPR RI siti hediati or titiek soeharto regrets the policy
592,2016-11-08T12:08:30.000Z,Wakil Ketua Komisi IV DPR RI Siti Hediati atau Titiek Soeharto menyayangkan kebijakan pemerintah yang impor cangkul dari Tiongkok,wakil ketua komisi IV DPR RI siti hediati atau titiek soeharto menyayangkan kebijakan pemerintah yang impor cangkul dari tiongkok,Deputy Chairperson of Commission IV DPR RI Siti Hediati or Titiek Soeharto regrets the government's policy of importing hoes from China
593,2016-11-08T10:23:06.000Z,Titiek Soeharto Apresiasi Ide Beternak Ayam Potong Melalui KRPL Dalam kunjungan kerja anggota DPR RI masa reses,titiek soeharto apresiasi ide beternak ayam potong melalui KRPL dalam kunjungan kerja anggota DPR RI masa reses,Titiek Soeharto appreciated the idea of ​​raising broiler chickens through KRPL during a working visit by members of the DPR RI during the recess
594,2016-11-08T10:03:09.000Z,Pusat Pemantauan Pelaksanaan Undang Undang Badan Keahlian DPR RI,pusat pemantauan pelaksanaan undang undang badan keahlian DPR RI,center for monitoring the implementation of laws by the DPR RI expertise body
595,2016-11-08T09:23:05.000Z,Anggota DPR ikut demo aja boleh Lagi reses juga,anggota DPR ikut demo saja boleh lagi reses juga,DPR members can take part in the demonstration and take a break too
596,2016-11-08T08:30:44.000Z,Prtanyaan serius mohon para ahli hukum bisa menjelaskan Anggota DPR RI dampingi pemeriksaan BTP,prtanyaan serius mohon para ahli hukum dapat menjelaskan anggota DPR RI dampingi pemeriksaan BTP,"Serious question, please ask legal experts to explain that members of the DPR RI accompanied the BTP examination"
597,2016-11-08T09:19:39.000Z,Kepala Badan Keahlian DPR RI Johnson Rajagukguk memberikan materi proses pembentukan undang undang kepada Peserta Parlemen Remaja Parja,kepala badan keahlian DPR RI johnson rajagukguk memberikan materi proses pembentukan undang undang kepada peserta parlemen remaja parja,"Head of the Indonesian DPR's expertise body, Johnson Rajagukguk, provided material on the process of forming laws to the youth parliament participants"
598,2016-11-08T06:34:45.000Z,RESES TITIK SUHARTO KUNJUNGI BANTUL Mengisi masa reses wakil ketua komisi IV DPR RI Siti Hediyati Haryadi atau,RESES TITIK SUHARTO KUNJUNGI BANTUL mengisi masa reses wakil ketua komisi IV DPR RI siti hediyati haryadi atau,RECESS POINT SUHARTO VISITS BANTUL to fill the recess period for Deputy Chairperson of Commission IV DPR RI Siti Hediyati Haryadi or
599,2016-11-08T06:26:23.000Z,waktu fit and propertes di depan DPR Ri katanya loyal pd undang undang?,waktu fit and propertes di depan DPR ri katanya loyal pada undang undang ?,"When Fit and Proper demonstrated in front of the DPR RI, he said he was loyal to the law?"
600,2016-11-07T23:01:26.000Z,betul itu pendampingan saksi shrsya diatur KUHAP jg abu jg tergantung kebijakan penyidik,banget itu pendampingan saksi shrsya diatur KUHAP juga abu juga tergantung kebijakan penyidik,"In fact, witness assistance must be regulated by the Criminal Procedure Code and also depends on the investigator's policy"
601,2016-11-07T17:53:48.000Z,Mereka wakil rakyat kudu wajib menyerap aspirasi rakyat emangnya ente yg nonton lwt Tv doang!!!!,mereka wakil rakyat kudu wajib menyerap aspirasi rakyat memangnya ente yang menonton lewat tv doang ! !,"They are the representatives of the people and must be obliged to absorb the aspirations of the people, even if you are the only one watching on TV! !"
602,2016-11-07T17:40:11.000Z,NasDem Fahri Hamzah dan Fadli Zon Mencoreng Muka DPR! Mahkamah Kehormatan Dewan harus memanggil dua pimpinan DPR,nasdem fahri hamzah dan fadli zon mencoreng muka DPR ! mahkamah kehormatan dewan harus memanggil dua pimpinan DPR,Nasdem Fahri Hamzah and Fadli Zon tarnish the face of the DPR! the council's honorary court must summon the two DPR leaders
603,2016-11-07T16:28:23.000Z,dikata RDP di bareskrim apa nih anggota DPR? lg reses apa pegimana?,dikata RDP di bareskrim apa ini anggota DPR ? lagi reses apa pegimana ?,Is it called RDP in Criminal Investigation? Is this a member of the DPR? what are you doing on recess?
604,2016-11-07T13:51:40.000Z,Malam! Kali ini Podium membahas tentang Perppu Kebiri yang disahkan DPR RI menjadi Undang Undang pada Oktober lalu,malam ! kali ini podium membahas tentang perppu kebiri yang disahkan DPR RI menjadi undang undang pada oktober lalu,Evening ! This time the podium discussed the Perppu on castration which was passed by the DPR RI into law last October
605,2016-11-07T13:22:18.000Z,Masa kerja DPR RI itu ada Masa Sidang di DPR Masa Reses di daerah pemilihan Sekarang itu DPR lg masa reses sampai Nov,masa kerja DPR RI itu ada masa sidang di DPR masa reses di daerah pemilihan sekarang itu DPR lagi masa reses sampai nov,"During the working period of the DPR RI, there is a session period in the DPR, a recess period in the electoral districts, now the DPR is in recess until November"
606,2016-11-07T12:55:43.000Z,Kesekian kalinya Dewan Perwakilan Rakyat Daerah DPRD Kabupaten Gresik menggelar rapat paripurna penyampaian,kesekian kalinya dewan perwakilan rakyat daerah DPRD kabupaten gresik menggelar rapat paripurna penyampaian,"This is the umpteenth time that the regional people's representative council, Gresik Regency DPRD, has held a plenary meeting for presentations"
607,2016-11-07T11:40:57.000Z,Bentuk tanggung jawab anggota DPR RI di masa reses Kegiatan reses utk serap aspirasi rakyat PKBmembelaRakyat,bentuk tanggung jawab anggota DPR RI di masa reses kegiatan reses untuk serap aspirasi rakyat pkbmembelarakyat,"form of responsibility of DPR RI members during the recess period, recess activities are to absorb the aspirations of the people, PKB to defend the people"
608,2016-11-07T11:25:09.000Z,Reses di Sumedang diisi koordinasi dg BPBD n Serap aspirasi para koord Majelis Ta lim Cimalaka,reses di sumedang diisi koordinasi dengan BPBD n serap aspirasi para koord majelis ta lim cimalaka,The recess in Sumedang was filled with coordination with BPBD and absorbing the aspirations of the coordinators of the Cimalaka Ta Lim Assembly
609,2016-11-07T10:05:09.000Z,Reses Komisi III DPR Tak Akan Panggil Kapolri Besok Dua anggota Komisi III DPR RI Aboebakar Alhabsyi dan Sufmi,reses komisi II DPR tak akan panggil kapolri besok dua anggota komisi II DPR RI aboebakar alhabsyi dan sufmi,DPR Commission II recess will not summon the National Police Chief tomorrow two members of Commission II DPR RI Aboebakar Alhabsyi and Sufmi
610,2016-11-07T10:05:08.000Z,Pesan DPR Jaga Perdamaian Di Papua Anggota DPR RI Muhammad Yudi melakukan kunjungan reses ke daerah pemilihannya,pesan DPR jaga perdamaian di papua anggota DPR RI muhammad yudi melakukan kunjungan reses ke daerah pemilihannya,"DPR's message to maintain peace in Papua, Indonesian DPR member Muhammad Yudi made a recess visit to his constituency"
611,2016-11-07T09:26:21.000Z,Reses Masa Persidangan Satu DPR RI Fatmawati Rusdi Kunjungi Konstituen politik politik,reses masa persidangan satu DPR RI fatmawati rusdi kunjungi konstituen politik politik,"recess during the session of the DPR RI, Fatmawati Rusdi visits political constituents"
612,2016-11-07T09:04:48.000Z,Masa reses mendekatkan wakil rakyat dg rakyatnya Kegiatan Reses pak Abdul Latif Dapil Kal Selatan PKBmembelaRakyat,masa reses mendekatkan wakil rakyat dengan rakyatnya kegiatan reses pak abdul latif dapil kal selatan pkbmembelarakyat,the recess period brings people's representatives closer to their people. Pak Abdul Latif's recess activities for South Kalimantan electoral district PKBdefend the people
613,2016-11-07T07:29:16.000Z,Kunjungan Badan Keahlian DPR RI ke Banyuwangi dlm rangka konsep RUU ekonomi kreatif,kunjungan badan keahlian DPR RI ke banyuwangi dalam rangka konsep RUU ekonomi kreatif,visit of the DPR RI expertise body to Banyuwangi in the framework of the concept of the creative economy bill
614,2016-11-07T07:10:33.000Z,Reses Anggota Komisi III DPR RI Ke Parigi Baru,reses anggota komisi II DPR RI ke parigi baru,Members of Commission II DPR RI recess to Baru Parigi
615,2016-11-06T11:43:27.000Z,Kerusuhan terjadi karena anggota DPR seperti anda tidak dapat menyampaikan aspirasi rakyat,kerusuhan terjadi karena anggota DPR seperti anda tidak dapat menyampaikan aspirasi rakyat,The riots occurred because DPR members like you were unable to convey the aspirations of the people
616,2016-11-06T11:40:02.000Z,Fadli Zon Sebut Kerusuhan Dipicu Sikap Jokowi yang Tidak Temui Pedemo,fadli zon sebut kerusuhan dipicu sikap jokowi yang tidak temui pedemo,Fadli Zon said the riots were triggered by Jokowi's attitude of not meeting demonstrators
617,2016-11-06T08:24:51.000Z,makanya milih wakil rakyat yg bener kpn dua orang ini bikin kebijakan yg nguntungin rakyat ikut demo krena ada kepentingan,makanya memilih wakil rakyat yang banget kapan dua orang ini bikin kebijakan yang nguntungin rakyat ikut demo karena ada kepentingan,That's why they choose really good people's representatives when these two people make policies that benefit the people from joining the demonstration because they have an interest
618,2016-11-06T07:56:53.000Z,Petikan pidato Ahmad M Ali anggota Komisi III DPR RI dihadapan warga Menui Kepulauan dalam reses masa sidang ke I,petikan pidato ahmad sama ali anggota komisi II DPR RI dihadapan warga menui kepulauan dalam reses masa sidang ke i,"Excerpt from Ahmad and Ali's speech, member of Commission II DPR RI in front of residents of the Menui Islands during the recess of the 1st session"
619,2016-11-06T07:07:14.000Z,Nonton Pidato reses Ahmad M Ali anggota Komisi III DPR RI,menonton pidato reses ahmad sama ali anggota komisi II DPR RI,"Watching Ahmad and Ali's recess speech, member of Commission II DPR RI"
620,2016-11-06T05:56:37.000Z,Banyak tanya mengapa jarang jadwal reses anggota DPR RI di Kabupaten Morowali? Ini jawabannya! Simak petikan Pidato Ahmad M Ali DPR RI,banyak tanya mengapa jarang jadwal reses anggota DPR RI di kabupaten morowali ? ini jawabannya ! simak petikan pidato ahmad sama ali DPR RI,Many people ask why there are rarely recess schedules for DPR RI members in Morowali Regency? this is the answer! Listen to excerpts from Ahmad and Ali's speech from the Indonesian House of Representatives
621,2016-11-05T15:22:38.000Z,wakil rakyat yg gagal menyampaikan aspirasi rakyat heuheu,wakil rakyat yang gagal menyampaikan aspirasi rakyat heuheu,people's representatives who failed to convey the aspirations of the people heuheu
622,2016-11-04T15:34:21.000Z,Ini seperti lagunya Ebiet G Ade dalam kekalutan masih saja ada tangan yg tega berbuat nista hohohooo,ini seperti lagunya ebiet tidak adek dalam kekalutan masih saja ada tangan yang tega berbuat nista hohohoo,this is like the song ebiet is not a good friend in chaos there are still hands that have the heart to do insults hohohoo
623,2016-11-05T14:57:44.000Z,Anggota Pansus RUU Pemilu Fraksi PPP DPR RI Achmad Baidowi menjadi pemateri Seminar di STIE YAPIS Merauke Papua,anggota pansus RUU pemilu fraksi PP DPR RI achmad baidowi menjadi pemateri seminar di STIE YAPIS merauke papua,"member of the special committee on the election bill from the PP DPR RI faction, Achmad Baidowi, was a seminar speaker at STIE YAPIS, Merauke, Papua"
624,2016-11-05T11:11:15.000Z,Patut disayangkan ada anggota yg turut demo pd hal lembaganya harusnya bisa menyuarakan aspirasi rakyat Bukti dah mati,patut disayangkan ada anggota yang turut demo pada hal lembaganya harusnya dapat menyuarakan aspirasi rakyat bukti deh mati,"It's a shame that there are members who took part in the demonstration because the institution should be able to voice the aspirations of the people, it's evident that it's dead"
625,2016-11-05T10:28:58.000Z,Anggota DPR RI Komisi VIII Dapil Gresik Lamongan Eni Maulani Saragih turun gunung melakukan kegiatan reses,anggota DPR RI komisi VII dapil gresik lamongan eni maulani saragih turun gunung melakukan kegiatan reses,"Member of the DPR RI Commission VII for the Gresik Lamongan electoral district, Eni Maulani Saragih, went down the mountain to carry out recess activities"
626,2016-11-05T07:26:13.000Z,Wakil rakyat yg menyuarakan aspirasi rakyat malah di fitnah macam klu bukan tolol apa ?,wakil rakyat yang menyuarakan aspirasi rakyat malah di fitnah macam jika bukan tolol apa ?,"People's representatives who voice the aspirations of the people are slandered, if not what kind of idiot?"
627,2016-11-05T03:19:36.000Z,justru wkl ketua DPR tsb yg sesungguhnya wakil rakyat ikut mengawal aspirasi rakyat,justru wkl ketua DPR tersebut yang sesungguhnya wakil rakyat ikut mengawal aspirasi rakyat,"In fact, the deputy chairman of the DPR is actually the people's representative who is involved in guarding the aspirations of the people"
628,2016-11-05T02:58:43.000Z,Yg hrs temui Rakyat itu Wakil Rakyat spy bisa serap Aspirasi Rakyat sbg bahan RDP dgn Pemerintah Demo krn Aspirasi macet,yang harus temui rakyat itu wakil rakyat supaya dapat serap aspirasi rakyat sebagai bahan RDP dengan pemerintah demo karena aspirasi macet,Those who have to meet the people are the people's representatives so that they can absorb the people's aspirations as material for the RDP with the government demonstrating because the aspirations are stalled
629,2016-11-05T02:39:17.000Z,Wakil rakyat narkoba Hanya jabatan saja yg copot Kebijakan dari partai memang hebat,wakil rakyat narkoba hanya jabatan saja yang copot kebijakan dari partai memang hebat,The people's representative for drugs is just a position that removes the policies of the party which is great
630,2016-11-05T02:21:14.000Z,lah ente ngaku wakil rakyat kerjaan napaen aja selain negatif thinking ama kebijakan pemerintah?,lah ente mengaku wakil rakyat pekerjaan napaen saja selain negatif thinking sama kebijakan pemerintah ?,Why do you claim to be a people's representative besides thinking negatively about government policy?
631,2016-11-04T23:48:23.000Z,Jokowi GT Jalembar Gedung DPR Simak Radio Elshinta Istiqlal jakarta,jokowi BEGITU jalembar gedung DPR simak radio elshinta istiqlal jakarta,"Jokowi SO in the DPR building, listen to radio Elshinta Istiqlal Jakarta"
632,2016-11-04T18:45:57.000Z,Anggota DPR RI digaji utk memperjuangkan aspirasi rakyat didalam PARLEMEN bukan di jalanan kecuali memang LOK! ContohDonkMohHusniThamrin,anggota DPR RI digaji untuk memperjuangkan aspirasi rakyat didalam PARLEMEN bukan di jalanan kecuali memang LOK ! contohdonkmohhusnithamrin,"DPR RI members are paid to fight for the aspirations of the people in PARLIAMENT, not on the streets unless it is LOK! example donkmohhusnithamrin"
633,2016-11-04T18:30:13.000Z,Anggota DPR RI itu memperjuangkan aspirasi rakyat ya di Parlemen bukan turun ke jalan LK!! ContohDonkMoh HusniThamrin,anggota DPR RI itu memperjuangkan aspirasi rakyat ya di parlemen bukan turun ke jalan LK ! ! contohdonkmoh husnithamrin,"Members of the DPR RI are fighting for the aspirations of the people in parliament, not taking to the streets of LK! ! example donkmoh husnithamrin"
634,2016-11-04T18:01:03.000Z,Jadi opsi yang dipilih presiden merupakan yang terbaik IMO Sebab aspirasi rakyat cukup disampaikan melalui wakil rakyat,jadi opsi yang dipilih presiden merupakan yang terbaik IMO karena aspirasi rakyat cukup disampaikan melalui wakil rakyat,So the option chosen by the president is the best IMO because the aspirations of the people can be conveyed through the people's representatives
635,2016-11-04T16:23:07.000Z,kalau merasa wakil rakyat harusnya dpr ri lebih dulu mengeluarkan kebijakan jgn nunggu demo,jika merasa wakil rakyat harusnya dpr ri lebih dulu mengeluarkan kebijakan jangan menunggu demo,"If you feel that the people's representatives should have issued a policy first, don't wait for the demonstration"
636,2016-11-04T16:15:08.000Z,Kenapa hilang arah dan tujuan? Karena di gedung DPR kebanyakan anggota sdg reses dan mungkin ada sedikit anggota yg ada disana malam ini,kenapa hilang arah dan tujuan ? karena di gedung DPR kebanyakan anggota sedang reses dan mungkin ada sedikit anggota yang ada disana malam ini,Why have you lost direction and purpose? because in the DPR building most of the members are on recess and there may be a few members there tonight
637,2016-11-04T16:05:16.000Z,Tapi kinerja DPR RI yg bapak pimpin kurang pengawasan alias ga sesuai target Banyak RUU yg blm final,tetapi kinerja DPR RI yang bapak pimpin kurang pengawasan alias tidak sesuai target banyak RUU yang belum final,"However, the performance of the DPR RI which you lead lacks supervision, aka it does not meet the target, many bills are not yet final"
638,2016-11-04T11:58:45.000Z,Salah satu fungsi adalah pengawasan Saya ikut mengawasi proses penegakan hukum tanpa pandang bulu Jumat,salah satu fungsi adalah pengawasan saya ikut mengawasi proses penegakan hukum tanpa pandang bulu jumat,One of the functions is supervision. I participate in supervising the law enforcement process without discrimination
639,2016-11-04T15:52:43.000Z,Wakil dewan perwakilan rakyat ikut demo?? Lhaa yang nampung aspirasi rakyat kan DPR ya klo ga salah?? __,wakil dewan perwakilan rakyat ikut demo ? ? lhaa yang nampung aspirasi rakyat kan DPR ya jika tidak salah ? ? __,"People's Representative Council representatives taking part in the demonstration? ? If I'm not mistaken, it's the DPR that accommodates the aspirations of the people, right? ? __"
640,2016-11-04T15:13:17.000Z,itu nawarin nginep d DPR tp kan lg reses knp ga dtawarin nginep d rumah anggota DPR aja di Hambalang jg bisa nginep sama kuda,itu menawari nginep di DPR tetapi kan lagi reses kenapa tidak dtawarin nginep di rumah anggota DPR saja di hambalang juga dapat nginep sama kuda,"They offered to stay at the DPR, but it's a recess, why don't you just offer to stay at the DPR member's house? In Hambalang, you can also stay with a horse."
641,2016-11-04T14:56:28.000Z,Ha ha ha RT Wakil rakyat adalah juru bicara rakyat membawa n memperjuangkan aspirasi rakyat Atasan wakil rakyat adalah rakyat,ha ha ha RT wakil rakyat adalah juru bicara rakyat membawa n memperjuangkan aspirasi rakyat atasan wakil rakyat adalah rakyat,"ha ha ha RT, the people's representatives are the people's spokespersons who carry and fight for the aspirations of the people. The superiors of the people's representatives are the people"
642,2016-11-04T13:05:21.000Z,setuju Wakil rakyat harus menyampaikan aspirasi rakyat,setuju wakil rakyat harus menyampaikan aspirasi rakyat,agree that people's representatives must convey the aspirations of the people
643,2016-11-04T10:08:27.000Z,Memalukan! dua politisi ini ga pantes jd anggota DPR krn ga fhm dg tugasnya yg hrsnya menyalurkan aspirasi rakyat bkn dg cr demo,memalukan ! dua politisi ini tidak pantas jadi anggota DPR karena tidak fhm dengan tugasnya yang harusnya menyalurkan aspirasi rakyat bukan dengan cara demo,"embarrassing ! These two politicians do not deserve to be members of the DPR because they do not fulfill their duties, which should be to convey the aspirations of the people, not through demonstrations"
644,2016-11-04T09:12:53.000Z,Aspirasi rakyat telah disuarakan maka saatnya wakil rakyat melakukan apa yg seharusnya dilakukan untuk menyerap aspirasi rakyat,aspirasi rakyat telah disuarakan maka saatnya wakil rakyat melakukan apa yang seharusnya dilakukan untuk menyerap aspirasi rakyat,"The aspirations of the people have been voiced, so it is time for the people's representatives to do what they should do to absorb the aspirations of the people"
645,2016-11-04T08:29:27.000Z,yang lain demo kita mikir undang undang at,yang lain demo kita mikir undang undang at,the other demos we are thinking about inviting law at
646,2016-11-04T06:39:20.000Z,Wakil Rakyat wajib dengar aspirasi Rakyat menjamu Rakyat di Gedung DPR sbg bahan RDP dgn Pemerintah,wakil rakyat wajib dengar aspirasi rakyat menjamu rakyat di gedung DPR sebagai bahan RDP dengan pemerintah,People's representatives are obliged to hear the aspirations of the people and host the people in the DPR building as material for an RDP with the government
647,2016-11-04T05:00:48.000Z,oalah pak fungsi pengawasan terhadap apa?? UU APBN apa Kebijakan Negara??,oalah pak fungsi pengawasan terhadap apa ? ? UU APBN apa kebijakan negara ? ?,"So sir, what is the function of monitoring? ? What is the state policy regarding the APBN Law? ?"
648,2016-11-04T04:24:05.000Z,berarti wakil rakyat sudah GAGAL!! Menyerap aspirasi rakyat,berarti wakil rakyat sudah GAGAL ! ! menyerap aspirasi rakyat,that means the people's representatives have FAILED! ! absorb the aspirations of the people
649,2016-11-04T03:39:49.000Z,katanya utk mewakili aspirasi rakyat apakah utk juta rakyat Indonesia ?,katanya untuk mewakili aspirasi rakyat apakah untuk juta rakyat indonesia ?,he said to represent the aspirations of the people for millions of Indonesians?
650,2016-11-04T02:48:07.000Z,tapi harus pandai menyerap dan menyalurkan aspirasi rakyat scr konstitusional bukan koar di medsos dan dijln,tetapi harus pandai menyerap dan menyalurkan aspirasi rakyat secara konstitusional bukan koar di medsos dan dijln,"but must be good at absorbing and channeling people's aspirations constitutionally, not shouting about it on social media and on the street"
651,2016-11-04T01:52:00.000Z,Wakil rakyat adalah juru bicara rakyat membawa n memperjuangkan aspirasi rakyat Atasan wakil rakyat adalah rakyat,wakil rakyat adalah juru bicara rakyat membawa n memperjuangkan aspirasi rakyat atasan wakil rakyat adalah rakyat,The people's representative is the spokesperson for the people who carries and fights for the aspirations of the people. The superior of the people's representative is the people
652,2016-11-03T19:07:38.000Z,Anggota DPR Dapil Babel Reses ke Basel,anggota DPR dapil babel reses ke basel,Members of the DPR for the Babel electoral district take a recess to Basel
653,2016-11-03T16:03:58.000Z,Saat reses bersama rakyat abis reses memperjuangkan aspirasi rakyat Itulah wakil rakyat sebenarnya Top uni,saat reses bersama rakyat habis reses memperjuangkan aspirasi rakyat itulah wakil rakyat sebenarnya top uni,"When the recess ends with the people, the recess fights for the people's aspirations, and the people's representatives are actually the top uni"
654,2016-11-03T15:23:48.000Z,Saat ini hingga tgl Nov semua wakil rakyat di sedang Reses artinya memang saatnya bersama Rakyat,saat ini hingga tanggal nov semua wakil rakyat di sedang reses artinya memang saatnya bersama rakyat,"Currently until November, all the people's representatives are on recess, which means it's time to be with the people"
655,2016-11-03T14:44:18.000Z,Komisi V DPR Penggunaan Dana Desa Harus Transparan dan Akuntabel Tim Kunjungan Kerja Reses Komisi V DPR RI,komisi v DPR penggunaan dana desa harus transparan dan akuntabel tim kunjungan kerja reses komisi v DPR RI,commission v DPR the use of village funds must be transparent and accountable to the working visit team during the recess of commission v DPR RI
656,2016-11-03T12:26:32.000Z,wakil rakyat sudah tidak lagi bisa bawa aspirasi rakyat akhirnya malah ikut demokrasi jalanan meninggalkan lembaga resminya DPR,wakil rakyat sudah tidak lagi dapat bawa aspirasi rakyat akhirnya malah ikut demokrasi jalanan meninggalkan lembaga resminya DPR,"People's representatives are no longer able to carry the aspirations of the people, but instead join street democracy, leaving the official institution of the DPR"
657,2016-11-03T11:27:24.000Z,Sabar bro biarkn hukum yg bicara Tugasmu hny wakil rakyat sbg kontrol pengaman kebijakan pemerintah,sabar bro biarkn hukum yang bicara tugasmu hanya wakil rakyat sebagai kontrol pengaman kebijakan pemerintah,"Be patient, bro, let the law do the talking. Your job is only to represent the people as a safety control for government policy"
658,2016-11-03T09:12:12.000Z,Prihatin Wakil Ketua DPR Minta Ahok Mundur dari Pencalonan,prihatin wakil ketua DPR meminta ahok mundur dari pencalonan,concerned that the deputy chairman of the DPR asked Ahok to withdraw from the nomination
659,2016-11-03T10:10:37.000Z,Hentikan budaya menyalahkan korban dukung pengesahan RUU Penghapusan kekerasan seksual MulaiBicara GerakBersama,hentikan budaya menyalahkan korban dukung pengesahan RUU penghapusan kekerasan seksual mulaibicara gerakbersama,"stop the culture of blaming victims, support the ratification of the bill to eradicate sexual violence, start talking about movement together"
660,2016-11-03T09:50:46.000Z,Wakil Ketua DPR Agus Hermanto Sikap Pemerintah Belum Jelas Dalam RUU Pemilu,wakil ketua DPR agus hermanto sikap pemerintah belum jelas dalam RUU pemilu,"Deputy Speaker of the DPR, Agus Hermanto, the government's position is not yet clear in the election bill"
661,2016-11-03T08:14:45.000Z,Forum Legislasi dengan tema Pro Kontra Draft RUU Pemilu di Media Center DPR RI DPRLive,forum legislasi dengan tema pro kontra draft RUU pemilu di media center DPR RI dprlive,legislative forum with the theme of the pros and cons of the draft election bill at the DPR RI media center dprlive
662,2016-11-02T23:52:00.000Z,Anggota Fraksi PDI P Mendadak Mendatangi Gedung DPR Saat Reses Ada Apa?,anggota fraksi PDI p mendadak mendatangi gedung DPR saat reses ada apa ?,Members of the PDI P faction suddenly came to the DPR building during the recess. What happened?
663,2016-11-02T14:23:20.000Z,Anggota Fraksi PDI P Mendadak Mendatangi Gedung DPR Saat Reses Hmm Ada Apa?,anggota fraksi PDI p mendadak mendatangi gedung DPR saat reses hmm ada apa ?,"Members of the PDI P faction suddenly came to the DPR building during the recess. Hmm, what's going on?"
664,2016-11-02T14:17:49.000Z,Komisi V DPR RI Reses Di Sorong dan Raja Ampat lewat Ekspres,komisi v DPR RI reses di sorong dan raja ampat lewat ekspres,Commission v DPR RI recessed in Sorong and Raja Ampat via express
665,2016-11-02T12:32:54.000Z,Test urin oleh BNNK Sleman bagi anggota DPRD petang tadi mengejutkan sejumlah wakil rakyat karena dilakukan mendadak pasca rapat paripurna,test urin oleh BNNK sleman bagi anggota DPRD petang tadi mengejutkan sejumlah wakil rakyat karena dilakukan mendadak pasca rapat paripurna,The urine test by the Sleman National Narcotics Agency for DPRD members this afternoon surprised a number of people's representatives because it was carried out suddenly after the plenary meeting
666,2016-11-02T12:13:54.000Z,Isu hukuman mati dan pelarangan komunisme marxisme dan leninisme dalam RUU KUHP,isu hukuman mati dan pelarangan komunisme marxisme dan leninisme dalam RUU KUHP,"the issue of the death penalty and the prohibition of communism, Marxism and Leninism in the Draft Criminal Code"
667,2016-11-02T12:13:48.000Z,Isu hukuman mati dan pelarangan komunisme marxisme dan leninisme dalam RUU KUHP dirangkum oleh,isu hukuman mati dan pelarangan komunisme marxisme dan leninisme dalam RUU KUHP dirangkum oleh,"the issue of the death penalty and the prohibition of communism, Marxism and Leninism in the Draft Criminal Code is summarized by"
668,2016-11-02T11:55:53.000Z,mantappp Bpk H Refrizal ini secara sungguh melaksanakan kewajibannya sbg wakil rakyat menyatakan aspirasi rakyat salut,mantap bpk h refrizal ini secara sungguh melaksanakan kewajibannya sebagai wakil rakyat menyatakan aspirasi rakyat salut,"Well done, Mr H Refrizal is seriously carrying out his obligations as a people's representative, expressing the aspirations of the people"
669,2016-11-02T04:21:53.000Z,Kunker Reses Komisi IX DPR RI ke Prop NAD Kunjungan ke PT PJB UBJOM PLTMG ARUN Kantor Kesehatan Pelabuhan Kelas II di Lhokseumawe,kunker reses komisi IX DPR RI ke prop NAD kunjungan ke PT PJB UBJOM PLTMG ARUN kantor kesehatan pelabuhan kelas II di lhokseumawe,DPR RI Commission IX recess visit to NAD prop visit to PT PJB UBJOM PLTMG ARUN class II port health office in Lhokseumawe
670,2016-11-01T17:27:34.000Z,Reses DPR RI Harus Lapor ke Fraksi Golkar Daerah Siaran Pers,reses DPR RI harus lapor ke fraksi golkar daerah siaran pers,DPR RI recess must be reported to the regional Golkar faction press release
671,2016-11-01T16:11:22.000Z,Komisi III DPR RI Reses ke Polda Sumut,komisi II DPR RI reses ke polda sumut,Commission II of the DPR RI takes a recess to the North Sumatra Regional Police
672,2016-11-01T13:48:25.000Z,Reses DPR RI Partai Demokrat d RKG Grobogan Jateng,reses DPR RI partai demokrat di RKG grobogan jateng,"DPR RI democratic party recess at RKG Grobogan, Central Java"
673,2016-11-01T10:02:08.000Z,Menarik Reses Anggota DPR RI didepan mata ku,menarik reses anggota DPR RI didepan mata ku,pulling a recess for DPR RI members before my eyes
674,2016-11-01T08:35:16.000Z,Mari kita dukung RUU Penghapusan Kekerasan Seksual! GerakBersama MulaiBicara DPDRI,mari kita dukung RUU penghapusan kekerasan seksual ! gerakbersama mulaibicara DPDRI,Let's support the bill to eliminate sexual violence! joint movement started talking to DPDRI
675,2016-11-01T06:26:11.000Z,wakil rakyat menampung aspirasi rakyat hello kog jd ikut demo ????,wakil rakyat menampung aspirasi rakyat hello kok jadi ikut demo ? ?,"People's representatives accommodate the aspirations of the people. Hello, why are you joining the demonstration? ?"
676,2016-11-01T05:15:29.000Z,DPR Sahkan Keanggotaan Pansus RUU Penyelenggaraan Pemilu,DPR sahkan keanggotaan pansus RUU penyelenggaraan pemilu,DPR approves membership of special committee on election management bill
677,2016-10-31T22:52:55.000Z,RUU Migas Dibahas Januari,RUU migas dibahas januari,The oil and gas bill was discussed in January
678,2016-10-31T19:54:10.000Z,DPR targetkan UU Perbukuan Nasional rampung Komisi X DPR RI menargetkan rancangan Undang Undang Sistem,DPR targetkan UU perbukuan nasional rampung komisi kali DPR RI menargetkan rancangan undang undang sistem,"The DPR is targeting the commission to complete the national books law, while the DPR RI is targeting a draft law on the system"
679,2016-10-31T19:21:42.000Z,DPR targetkan UU Perbukuan Nnasional rampung Komisi X DPR RI menargetkan rancangan Undang Undang Sistem,DPR targetkan UU perbukuan nnasional rampung komisi kali DPR RI menargetkan rancangan undang undang sistem,"The DPR is targeting the commission to complete the national books law, while the DPR RI is targeting a draft law on the system"
680,2016-10-31T19:14:11.000Z,Komisi X DPR RI menargetkan rancangan Undang Undang Sistem Perbukuan Nasional dan Undang Undang Kebudayaan ak,komisi kali DPR RI menargetkan rancangan undang undang sistem perbukuan nasional dan undang undang kebudayaan aku,The DPR RI commission is targeting the draft law on the national book system and the law on culture
681,2016-10-31T18:58:51.000Z,DPR targetkan UU Perbukuan Nnasional rampung Komisi X DPR RI menargetkan rancangan Undang Undang Sis RT,DPR targetkan UU perbukuan nnasional rampung komisi kali DPR RI menargetkan rancangan undang undang sis RT,"The DPR is targeting the commission to complete the national books law, while the Republic of Indonesia's DPR is targeting the RT system draft law"
682,2016-10-31T18:20:21.000Z,Namanya jga wakil rakyat Selalu mewakili aspirasi rakyat Kalau cuma diam dtng ke Gedung Istimewah sana di kali,namanya juga wakil rakyat selalu mewakili aspirasi rakyat jika cuma diam dtng ke gedung istimewah sana di kali,His name is also that people's representatives always represent the aspirations of the people if they just keep coming to that special building over there at times
683,2016-10-31T18:16:25.000Z,Siap aku ini tukang dialog sampai telat tidur,siap aku ini tukang dialog sampai telat tidur,I'm ready to be a dialogue worker until I sleep late
684,2016-10-31T17:32:55.000Z,selamat malam bapak waka DPR RI semoga senantiasa sehat walafiat dalam mengawal setiap aspirasi rakyat,selamat malam bapak waka DPR RI semoga senantiasa sehat walafiat dalam mengawal setiap aspirasi rakyat,"Good evening, Deputy Chief of the Republic of Indonesia's House of Representatives, I hope you will always be in good health and guard the aspirations of the people"
685,2016-10-31T17:27:20.000Z,Salah satu contoh wakil rakyat yg mendengarkan aspirasi rakyat tanpa tedeng aling JagaNKRI,salah satu contoh wakil rakyat yang mendengarkan aspirasi rakyat tanpa tedeng aling jagankri,one example of a people's representative who listens to the aspirations of the people without being overt
686,2016-10-31T14:30:55.000Z,Tujuh fraksi di Dewan Perwakilan Rakyat Daerah DPRD Gresik telah menyetujui pengesahan rancangan peraturan,tujuh fraksi di dewan perwakilan rakyat daerah DPRD gresik telah menyetujui pengesahan rancangan peraturan,Seven factions in the Gresik Regional People's Representative Council have agreed to ratify the draft regulation
687,2016-10-31T11:41:58.000Z,lage reses ?,lage reses ?,is there a recess?
688,2016-10-31T09:30:10.000Z,Sosialiasi RUU Ponpes Madin dari FPKB DPR RI Bersama Drs H Taufiq R Abdullah dg Pengasuh Ponpes Madin Se Kab Banjarnegara,sosialiasi RUU ponpes madin dari FPKB DPR RI bersama drs h taufiq r abdullah dengan pengasuh ponpes madin se kab banjarnegara,Socialization of the Madin Islamic Boarding School Bill from FPKB DPR RI together with Drs H Taufiq R Abdullah with Madin Islamic Boarding School caretakers in Banjarnegara Regency
689,2016-10-31T03:11:09.000Z,Ini Empat Catatan FPKS DPR RI Terhadap Pengesahan APBN,ini empat catatan FPKS DPR RI terhadap pengesahan APBN,These are the four notes from the DPR RI FPKS regarding the ratification of the APBN
690,2016-10-31T02:44:33.000Z,Untuk menangani sampah diperlukan perspektif kebangsaan yang holistik ta hanya oleh pemangku kebijakan tap,untuk menangani sampah diperlukan perspektif kebangsaan yang holistik ta hanya oleh pemangku kebijakan tap,"To handle waste, a holistic national perspective is needed, not only by policy makers"
691,2016-10-31T02:21:08.000Z,Ini Sikap FPKS DPR RI Terhadap Pengesahan Revisi UU ITE di Rapat Paripurna,ini sikap FPKS DPR RI terhadap pengesahan revisi UU ITE di rapat paripurna,This is the attitude of the DPR RI FPKS towards ratifying the revision of the ITE Law at the plenary session
692,2016-10-31T01:23:58.000Z,Mari kita dukung RUU Penghapusan Kekerasan Seksual! GerakBersama MulaiBicara,mari kita dukung RUU penghapusan kekerasan seksual ! gerakbersama mulaibicara,Let's support the bill to eliminate sexual violence! move together and start talking
693,2016-10-30T23:41:06.000Z,Kegenitan Politik Wakil Rakyat Anggota DPR turun ke jalan adalah kegagalan menyampaikan ASPIRASI RAKYAT Media,kegenitan politik wakil rakyat anggota DPR turun ke jalan adalah kegagalan menyampaikan ASPIRASI RAKYAT media,"The political flirtatiousness of the people's representatives, members of the DPR, taking to the streets is a failure to convey the PEOPLE'S ASPIRATIONS by the media"
694,2016-10-30T12:10:00.000Z,Kini draft tersebut harus dibahas terlebih dahulu dengan para legislator sebagai perumus kebijakan terutama di Komisi II DPR RI,kini draft tersebut harus dibahas terlebih dahulu dengan para legislator sebagai perumus kebijakan terutama di komisi II DPR RI,"Now the draft must be discussed first with legislators as policy formulators, especially in Commission II of the DPR RI"
695,2016-10-30T03:40:40.000Z,Kabinet kerja celoteh! Mendesak kebijakan dan reidentifikasi industri logam besi baja!,kabinet kerja celoteh ! mendesak kebijakan dan reidentifikasi industri logam besi baja !,babbling work cabinet! Urge policy and re-identification of the iron and steel metals industry!
696,2016-10-30T03:06:46.000Z,Bang mengadakan temu warga dalam masa reses I DPR RI juga deklarasi relawan Pasti Anies Sandi PAS,bang mengadakan temu warga dalam masa reses i DPR RI juga deklarasi relawan pasti anies sandi PAS,"Bang held a community meeting during the recess period in the DPR RI as well as a declaration of volunteers, definitely Anies Sandi PAS"
697,2016-10-29T17:12:00.000Z,Inilah Nama nama Anggota Pansus RUU Pemilu Rapat paripurna DPR RI mengumumkan infoTribun,inilah nama nama anggota pansus RUU pemilu rapat paripurna DPR RI mengumumkan infotribun,These are the names of the members of the special committee on the election bill at the DPR RI plenary meeting announcing the infotribun
698,2016-10-29T17:00:58.000Z,Inilah Nama nama Anggota Pansus RUU Pemilu Rapat paripurna DPR RI mengumumkan nama nama panitia khusus Pansu,inilah nama nama anggota pansus RUU pemilu rapat paripurna DPR RI mengumumkan nama nama panitia khusus pansu,These are the names of the members of the special committee on the election bill. The DPR RI plenary meeting announced the names of the special committee
699,2016-10-29T17:00:41.000Z,Inilah Nama nama Anggota Pansus RUU Pemilu Rapat paripurna DPR RI mengumumkan nama nama panitia khusus Pans,inilah nama nama anggota pansus RUU pemilu rapat paripurna DPR RI mengumumkan nama nama panitia khusus fan,These are the names of the members of the special committee on the election bill. The DPR RI plenary meeting announced the names of the special fan committee
700,2016-10-29T16:42:05.000Z,Surya News Inilah Nama nama Anggota Pansus RUU Pemilu Rapat paripurna DPR RI mengumumkan nama nama panitia,surya news inilah nama nama anggota pansus RUU pemilu rapat paripurna DPR RI mengumumkan nama nama panitia,"surya news here are the names of the members of the special committee on the election bill, the DPR RI plenary meeting announced the names of the committee"
701,2016-10-29T16:41:03.000Z,News Inilah Nama nama Anggota Pansus RUU Pemilu Rapat paripurna DPR RI mengumumkan nama nama panitia k TU,news inilah nama nama anggota pansus RUU pemilu rapat paripurna DPR RI mengumumkan nama nama panitia ke ITU,news: These are the names of the members of the special committee on the election bill. The DPR RI plenary meeting announced the names of the committee to ITU
702,2016-10-29T16:25:09.000Z,Tribun Inilah Nama nama Anggota Pansus RUU Pemilu Rapat paripurna DPR RI mengumumkan nama nama panitia NewsToday,tribun inilah nama nama anggota pansus RUU pemilu rapat paripurna DPR RI mengumumkan nama nama panitia newstoday,This tribune is the name of the members of the special committee on the election bill. The DPR RI plenary meeting announced the names of the newstoday committee
703,2016-10-29T11:40:04.000Z,Anggota DPR Indra Tersangka Penipuan Rp M MKD Bersikap Usai Reses Detikcom,anggota DPR indra tersangka penipuan rp sama MKD bersikap usai reses detikcom,"DPR member Indra, suspect in RP fraud with MKD, reacts after detikcom's recess"
704,2016-10-29T10:30:53.000Z,Karena nya kurang ngerti aspirasi rakyat jadi milih jalan sendiri Mau dikirim cermin besar ya buat ngaca ? IntropeksiDiri,karena nya kurang mengerti aspirasi rakyat jadi memilih jalan sendiri mau dikirim cermin besar ya buat mengaca ? intropeksidiri,"because he doesn't understand the aspirations of the people, so he chooses his own path, do you want to send him a big mirror to look at? self-introspection"
705,2016-10-29T10:28:06.000Z,Anggota DPR Wajar Ada Demo Akbar November Asal Tertib via,anggota DPR wajar ada demo akbar november asal tertib via,It is normal for DPR members to hold a big demonstration in November as long as it is orderly via
706,2016-10-29T09:48:10.000Z,Anggota DPR Indra Tersangka Penipuan Rp M MKD Bersikap Usai Reses,anggota DPR indra tersangka penipuan rp sama MKD bersikap usai reses,"DPR member Indra, suspect in Rp fraud and MKD, takes action after the recess"
707,2016-10-29T09:46:03.000Z,Anggota DPR Indra Tersangka Penipuan Rp M MKD Bersikap Usai Reses Ads,anggota DPR indra tersangka penipuan rp sama MKD bersikap usai reses ads,"DPR member Indra, suspect in RP fraud with MKD, reacts after ad recess"
708,2016-10-29T09:41:04.000Z,Sudding menuturkan bahwa MKD baru mendengar kabar Indra menjadi tersangka lewat pemberitaan Selama ini belu,sudding menuturkan bahwa MKD baru mendengar kabar indra menjadi tersangka lewat pemberitaan selama ini belu,Sudding said that MKD had only heard about Indra being a suspect through the news until now
709,2016-10-29T09:40:00.000Z,Pemerintah bersama DPR RI tengah merevisi Undang Undang Minyak dan Gas Migas via,pemerintah bersama DPR RI tengah merevisi undang undang minyak dan gas migas via,The government together with the DPR RI are currently revising the oil and gas law via
710,2016-10-29T09:32:02.000Z,Anggota DPR Indra Tersangka Penipuan Rp M MKD Bersikap Usai Reses Sudding menuturkan bahwa MKD baru mend,anggota DPR indra tersangka penipuan rp sama MKD bersikap usai reses sudding menuturkan bahwa MKD baru mend,"Member of the DPR, Indra, a suspect in RP fraud with MKD, took a stand after the recess and said that MKD had just"
711,2016-10-29T09:31:49.000Z,Anggota DPR Indra Tersangka Penipuan Rp M MKD Bersikap Usai Reses Sudding menuturkan bahwa MKD baru mendengar kabar Indra menjad,anggota DPR indra tersangka penipuan rp sama MKD bersikap usai reses sudding menuturkan bahwa MKD baru mendengar kabar indra menjad,"Member of the DPR, Indra, a suspect in RP fraud with MKD, took a stand after the recess, saying that MKD had just heard the news that Indra had become"
712,2016-10-29T09:21:13.000Z,Detik Anggota DPR Indra Tersangka Penipuan Rp M MKD Bersikap Usai Reses Sudding menuturkan bahwa NewsToday,detik anggota DPR indra tersangka penipuan rp sama MKD bersikap usai reses sudding menuturkan bahwa newstoday,"Second, member of the DPR Indra, a suspect in RP fraud with MKD, took a stand after the recess and said that newstoday"
713,2016-10-29T09:13:24.000Z,Anggota DPR Indra Tersangka Penipuan Rp M MKD Bersikap Usai Reses Indonesia,anggota DPR indra tersangka penipuan rp sama MKD bersikap usai reses indonesia,"DPR member Indra, suspect in RP fraud with MKD, reacts after the Indonesian recess"
714,2016-10-29T09:08:29.000Z,detikcom Anggota DPR Indra Tersangka Penipuan Rp M MKD Bersikap Usai Reses,detikcom anggota DPR indra tersangka penipuan rp sama MKD bersikap usai reses,"detikcom DPR member Indra, suspect in rp fraud with MKD, reacts after the recess"
715,2016-10-29T09:06:05.000Z,NewsUpdate Anggota DPR Indra Tersangka Penipuan Rp M MKD Bersikap Usai Reses Sudding menuturkan bahwa M,newsupdate anggota DPR indra tersangka penipuan rp sama MKD bersikap usai reses sudding menuturkan bahwa sama,"newsupdate DPR member Indra, suspect in rp fraud and MKD, reacted after the recess, saying that it was the same"
716,2016-10-29T09:04:27.000Z,Agribisnis Anggota DPR Indra Tersangka Penipuan Rp M MKD Bersikap Usai Reses Sudding menuturkan bahwa,agribisnis anggota DPR indra tersangka penipuan rp sama MKD bersikap usai reses sudding menuturkan bahwa,"agribusiness member of the DPR, Indra, a suspect in RP fraud with MKD, took a stand after the recess and said that"
717,2016-10-29T09:04:08.000Z,Cek Anggota DPR Indra Tersangka Penipuan Rp M MKD Bersikap Usai Reses,cek anggota DPR indra tersangka penipuan rp sama MKD bersikap usai reses,Check DPR members sense that the Rp fraud suspect and MKD are acting after the recess
718,2016-10-29T09:00:10.000Z,Anggota DPR Indra Tersangka Penipuan Rp M MKD Bersikap Usai Reses fath,anggota DPR indra tersangka penipuan rp sama MKD bersikap usai reses fath,"DPR member Indra, suspect in RP fraud with MKD, takes action after the fath recess"
719,2016-10-29T08:57:11.000Z,IG anggarax_ Anggota DPR Indra Tersangka Penipuan Rp M MKD Bersikap Usai Reses Suddi FB Tri Yohan,IG anggarax_ anggota DPR indra tersangka penipuan rp sama MKD bersikap usai reses suddi FB tri yohan,"IG anggarax_ DPR member Indra, suspect in RP fraud with MKD takes action after the recess, Suddi FB Tri Yohan"
720,2016-10-29T08:56:38.000Z,news Anggota DPR Indra Tersangka Penipuan Rp M MKD Bersikap Usai Reses Sudding menuturkan bahwa MKD bar,news anggota DPR indra tersangka penipuan rp sama MKD bersikap usai reses sudding menuturkan bahwa MKD bar,"news DPR member Indra, suspect in rp fraud with MKD takes action after recess, sudding says that MKD bar"
721,2016-10-29T08:56:38.000Z,teamfolloback Anggota DPR Indra Tersangka Penipuan Rp M MKD Bersikap Usai Reses Sudding menuturkan bahw,teamfolloback anggota DPR indra tersangka penipuan rp sama MKD bersikap usai reses sudding menuturkan bahw,"teamfollowback DPR member Indra, suspect in Rp fraud with MKD, reacts after the recess, Sudding said that"
722,2016-10-29T08:56:27.000Z,RT Anggota DPR Indra Tersangka Penipuan Rp M MKD Bersikap Usai Reses SEBHEUPDATE,RT anggota DPR indra tersangka penipuan rp sama MKD bersikap usai reses SEBHEUPDATE,"RT DPR member Indra, suspect in rp fraud with MKD, takes action after the SEBHEUPDATE recess"
723,2016-10-29T08:55:43.000Z,News Anggota DPR Indra Tersangka Penipuan Rp M MKD Bersikap Usai Reses Sudding menuturkan bahwa MK TU,news anggota DPR indra tersangka penipuan rp sama MKD bersikap usai reses sudding menuturkan bahwa MAKA ITU,"news DPR member Indra, suspect in rp fraud with MKD, reacts after the recess, saying that THEN THAT"
724,2016-10-29T08:55:08.000Z,Infoterkini Anggota DPR Indra Tersangka Penipuan Rp M MKD Bersikap Usai Reses Sudding menuturkan bahwa,infoterkini anggota DPR indra tersangka penipuan rp sama MKD bersikap usai reses sudding menuturkan bahwa,"Latest info: DPR member Indra, suspect in RP fraud and MKD, took action after the recess and said that"
725,2016-10-29T06:54:42.000Z,Pansus RUU penyelenggaraan pemilu Anggota dr fraksi DPR RI,pansus RUU penyelenggaraan pemilu anggota dari fraksi DPR RI,special committee on the bill for organizing elections for members from the DPR RI faction
726,2016-10-29T06:51:42.000Z,Kelola Blok Migas Indonesia Perlu Tiru Norwegia Pemerintah bersama dengan DPR RI tengah merevisi Undang Undang Minyak da,kelola blok migas indonesia perlu tiru norwegia pemerintah bersama dengan DPR RI tengah merevisi undang undang minyak sudah,managing Indonesian oil and gas blocks needs to imitate Norway. The government together with the DPR RI are currently revising the oil law
727,2016-10-29T06:46:25.000Z,RUU ITE Resmi Menjadi Undang undang YOUNGSTERS id DPR RI mengesahkan Rancangan Undang undang RUU tentang,RUU ITE resmi menjadi undang undang YOUNGSTERS id DPR RI mengesahkan rancangan undang undang RUU tentang,The ITE Bill officially becomes law YOUNGSTERS id DPR RI ratifies the draft law on the Bill
728,2016-10-29T05:05:04.000Z,Prolegnas Bahas RUU Yang Disetujui DPR RI,prolegnas bahas RUU yang disetujui DPR RI,Prolegnas discusses the bill approved by the DPR RI
729,2016-10-29T03:30:13.000Z,Ini kata anggota DPR soal RUU Migas,ini kata anggota DPR soal RUU migas,This is what members of the DPR said about the oil and gas bill
730,2016-10-29T00:03:11.000Z,Mestinya mengawal kinerja mengawasi kebijakan pemerintah klo tdk berpihak kpd rakyat? Knp skrg jd tumpul era jkw ini?,mestinya mengawal kinerja mengawasi kebijakan pemerintah jika tidak berpihak kepada rakyat ? kenapa sekarang jadi tumpul era jkw ini ?,should it oversee the performance of monitoring government policy if it does not side with the people? Why is this JKW era so dull now?
731,2016-10-28T20:16:36.000Z,Fadli Zon Jakarta Wakil Ketua DPR RI Fadli Zon mendatangi KPK Jakarta Senin Fadli Z,fadli zon jakarta wakil ketua DPR RI fadli zon mendatangi KPK jakarta senin fadli saja,fadli zon jakarta deputy chairman of the DPR RI fadli zon visited the Jakarta Corruption Eradication Committee Monday fadli alone
732,2016-10-28T17:50:40.000Z,DPRD DKI Susun Hasil Reses Ketiga Dewan Perwakilan Rakyat Daerah,DPRD DKI susun hasil reses ketiga dewan perwakilan rakyat daerah,The DKI DPRD compiles the results of the third recess of the regional people's representative council
733,2016-10-28T13:32:02.000Z,dari target ruu tahun bru jadi fokus aja lah uda Gk usah di dengerin itu habib preman,dari target ruu tahun baru jadi fokus saja lah sudah tidak usah di mendengarkan itu habib preman,"from the target of the new year's bill, so just focus, no need to listen to those habib thugs"
734,2016-10-28T12:06:01.000Z,Oaaalaaaah sibuk dgn URUSan MKD bukannya utk memperjuangkan Aspirasi Rakyat Pemilihnya !!!,oaalaah sibuk dengan urusan MKD bukan untuk memperjuangkan aspirasi rakyat pemilihnya ! !,"Oh, I'm busy with MKD affairs, not fighting for the aspirations of the voters! !"
735,2016-10-28T11:52:28.000Z,Hari ini ngga mungkin dilakukan pemilihan pimpinan pansus paling masuk sidang nanti setelah reses Resmin,hari ini tidak mungkin dilakukan pemilihan pimpinan pansus paling masuk sidang nanti setelah reses resmin,Today it is not possible to elect the chairman of the special committee until the session comes later after the official recess
736,2016-10-28T11:37:32.000Z,RT Dari RUU DPR Baru Selesaikan UU,RT dari RUU DPR baru selesaikan UU,RT from the DPR Bill has just completed the law
737,2016-10-28T11:03:15.000Z,Hingga Oktober DPR Selesaikan Undang Undang,hingga oktober DPR selesaikan undang undang,"Until October, the DPR completes the law"
738,2016-10-28T11:01:13.000Z,Paripurna DPR Sahkan Anggota Pansus Pemilu Rapat Paripurna DPR RI baru saja mengesahkan jitunews nasional,paripurna DPR sahkan anggota pansus pemilu rapat paripurna DPR RI baru saja mengesahkan jitunews nasional,DPR plenary session approves members of special election committee. The DPR RI plenary meeting has just approved national jitunews
739,2016-10-28T11:00:03.000Z,Mau bantu korban kekerasan seksual? Dukung RUU penghapusankekerasanseksual di gerakbersama cewekbanget,mau bantu korban kekerasan seksual ? dukung RUU penghapusankekerasanseksual di gerakbersama cewekbanget,Want to help victims of sexual violence? support the bill to eradicate sexual violence in the movement with really girls
740,2016-10-28T10:51:07.000Z,jitunews Paripurna DPR Sahkan Anggota Pansus Pemilu Rapat Paripurna DPR RI baru saja mengesah beritapangan,jitunews paripurna DPR sahkan anggota pansus pemilu rapat paripurna DPR RI baru saja mengesah beritapangan,jitunews DPR plenary session confirms election special committee members
741,2016-10-28T10:51:00.000Z,jitunews Paripurna DPR Sahkan Anggota Pansus Pemilu Rapat Paripurna DPR RI baru saja menge beritalifestyle,jitunews paripurna DPR sahkan anggota pansus pemilu rapat paripurna DPR RI baru saja menge beritalifestyle,jitunews DPR plenary session confirms members of election special committee DPR RI plenary meeting just posted newslifestyle
742,2016-10-28T10:32:18.000Z,puisi sayang Hingga Oktober DPR Selesaikan Undang Undang terbaru,puisi sayang hingga oktober DPR selesaikan undang undang terbaru,dear poetry until October the DPR completes the latest law
743,2016-10-28T10:04:53.000Z,Ketua Badan Legislasi DPR Supratman Andi Agtas DPR Telah Sahkan Rancangan Undang undang,ketua badan legislasi DPR supratman andi agtas DPR telah sahkan rancangan undang undang,"Chairman of the DPR legislative body, Supratman Andi Agtas, the DPR has approved the draft law"
744,2016-10-28T10:04:17.000Z,MKD Vonis Untuk Ruhut Jatuh Setelah Masa Reses Wakil Ketua Mahkamah Kehormatan Dewan MKD DPR RI Sarifuddin,MKD vonis untuk ruhut jatuh setelah masa reses wakil ketua mahkamah kehormatan dewan MKD DPR RI sarifuddin,"MKD's verdict for rioting fell after the recess of the deputy chairman of the honorary court of the MKD DPR RI council, Sarifuddin"
745,2016-10-28T09:52:38.000Z,DPR Umumkan Susunan Anggota Pansus RUU Pemilu,DPR umumkan susunan anggota pansus RUU pemilu,DPR announces composition of members of special committee on election bill
746,2016-10-28T09:32:49.000Z,RUU Pemilu Berat dengan kepentingan! bukan? RUUPemilu,RUU pemilu berat dengan kepentingan ! bukan ? ruupemilu,The election bill is heavy with interests! No ? ruupelection
747,2016-10-28T08:14:24.000Z,Retweeted IPC Berikut nama nama Anggota Pansus RUU Pemilu DPR RI,retweeted IPC berikut nama nama anggota pansus RUU pemilu DPR RI,retweeted IPC along with the names of members of the DPR RI election bill special committee
748,2016-10-28T08:00:18.000Z,Inilah solusi jika RUU Migas terus mandek di DPR,inilah solusi jika RUU migas terus mandek di DPR,This is the solution if the oil and gas bill continues to stall in the DPR
749,2016-10-28T07:45:00.000Z,Bentuk Pansus RUU Pemilu Isinya Tokoh Parpol Foto GATRAnews Abdurachman,bentuk pansus RUU pemilu isinya tokoh parpol foto gatranews abdurachman,"The special committee form for the election bill contains political party figures, photo Gatranews Abdurachman"
750,2016-10-28T07:42:04.000Z,News DPR Sahkan Pansus RUU Pemilu DPR RI menggelar rapat paripurna penutupan masa sidang satu tahun TU,news DPR sahkan pansus RUU pemilu DPR RI menggelar rapat paripurna penutupan masa sidang satu tahun ITU,news DPR approves special committee on election bill DPR RI to hold plenary meeting to close ITU's one year session period
751,2016-10-28T07:41:52.000Z,Yuk dukung pengesahan RUU penghapusan kekerasan seksual di gerakbersama cewekbanget,yuk dukung pengesahan RUU penghapusan kekerasan seksual di gerakbersama cewekbanget,"Come on, let's support the ratification of the Bill on the Elimination of Sexual Violence in the Movement with Real Girls"
752,2016-10-28T07:14:44.000Z,Ini Susunan Anggota Pansus RUU Pemilu,ini susunan anggota pansus RUU pemilu,This is the composition of the special committee members for the election bill
753,2016-10-28T07:10:36.000Z,Pagi tadi saya memimpin Sidang Paripurna Mengesahkan anggota Pansus RUU Pemiliu serta pidato penutupan masa sidang,pagi tadi saya memimpin sidang paripurna mengesahkan anggota pansus RUU pemiliu serta pidato penutupan masa sidang,This morning I chaired the plenary session in ratifying the members of the special committee on the election bill and making a speech at the close of the session
754,2016-10-28T07:02:22.000Z,DPR menggelar rapat paripurna untuk menutup masa sidang I Tahun Jumat Sebanyak anggot,DPR menggelar rapat paripurna untuk menutup masa sidang i tahun jumat sebanyak anggot,The DPR held a plenary meeting to close the first session of the year on Friday with as many members as possible
755,2016-10-28T07:02:12.000Z,Paripurna Penutupan Masa Sidang Tak Dihadiri Anggota DPR DPR menggelar rapat paripurna untuk menutup mas,paripurna penutupan masa sidang tak dihadiri anggota DPR DPR menggelar rapat paripurna untuk menutup mas,"The closing plenary session of the session was not attended by members of the DPR. The DPR held a plenary meeting to close, mas"
756,2016-10-28T07:01:39.000Z,VenzTime DPR menggelar rapat paripurna untuk menutup masa sidang I Tahun Jumat Sebanyak,venztime DPR menggelar rapat paripurna untuk menutup masa sidang i tahun jumat sebanyak,venztime The DPR held a plenary session to close the first session of the year on Friday
757,2016-10-28T07:01:12.000Z,News Paripurna Penutupan Masa Sidang Tak Dihadiri Anggota DPR DPR menggelar rapat paripurna untuk menut,news paripurna penutupan masa sidang tak dihadiri anggota DPR DPR menggelar rapat paripurna untuk menut,news plenary session closing session was not attended by DPR members. The DPR held a plenary meeting to attend
758,2016-10-28T07:00:23.000Z,DPR desak pembuatan Perppu jika revisi UU Migas jalan di tempat,DPR desak pembuatan perppu jika revisi UU migas jalan di tempat,The DPR urges the creation of a Perppu if the revision of the oil and gas law goes nowhere
759,2016-10-28T06:21:31.000Z,Awal Nopember saya dan tim akan turun ke bawah dalam rangka reses anggota DPR,awal nopember saya dan tim akan turun ke bawah dalam rangka reses anggota DPR,"At the beginning of November, my team and I will go downstairs for the DPR members' recess"
760,2016-10-28T06:09:13.000Z,DPR Sahkan Susunan Anggota Pansus RUU Penyelenggaraan Pemilu DPR RI menyelenggarakan Rapat Paripurna ke masa,DPR sahkan susunan anggota pansus RUU penyelenggaraan pemilu DPR RI menyelenggarakan rapat paripurna ke masa,DPR approves the composition of the special committee members for the election management bill. The DPR RI holds a plenary session in future
761,2016-10-28T06:00:11.000Z,Berikut nama nama Anggota Pansus RUU Pemilu DPR RI,berikut nama nama anggota pansus RUU pemilu DPR RI,Following are the names of the members of the DPR RI election bill special committee
762,2016-10-28T05:01:19.000Z,Nama Anggota Pansus RUU Pemilu Disahkan di Paripurna DPR Wakil Ketua DPR RI Fadli Zon menyampaikan bahwa DPR,nama anggota pansus RUU pemilu disahkan di paripurna DPR wakil ketua DPR RI fadli zon menyampaikan bahwa DPR,"names of members of the special committee The election bill was passed in the DPR plenary session. Deputy chairman of the DPR RI, Fadli Zon, said that the DPR"
763,2016-10-28T04:52:34.000Z,Nama Anggota Pansus RUU Pemilu Disahkan di Paripurna DPR Wakil Ketua DPR RI Fadl,nama anggota pansus RUU pemilu disahkan di paripurna DPR wakil ketua DPR RI fadl,"names of members of the special committee. The election bill was passed in the DPR plenary session, deputy chairman of the DPR RI, fadl"
764,2016-10-28T04:19:31.000Z,DPR menggelar rapat paripurna untuk menutup masa sidang I Tahun Ratusan anggota DPR tidak hadir di,DPR menggelar rapat paripurna untuk menutup masa sidang i tahun ratusan anggota DPR tidak hadir di,The DPR held a plenary session to close the first year's session. Hundreds of DPR members were not present
765,2016-10-28T04:19:31.000Z,Paripurna Penutupan Masa Sidang DPR Wakil Rakyat Tak Hadir DPR menggelar rapat paripurna untuk menutup,paripurna penutupan masa sidang DPR wakil rakyat tak hadir DPR menggelar rapat paripurna untuk menutup,plenary session closes the DPR session. People's representatives are not present. The DPR holds a plenary session to close
766,2016-10-28T04:19:17.000Z,Rapat Paripurna DPR Ke Masa Persidangan I Tahun Sidang telah selesai Terima kasih ParipurnaLive,rapat paripurna DPR ke masa persidangan i tahun sidang telah selesai terima kasih paripurnalive,"DPR plenary meeting for the first session of the year, the session has finished, thank you plenary live"
767,2016-10-28T03:46:45.000Z,Rapat Paripurna DPR Ke Masa Persidangan I Tahun Sidang dipimpin Wakil Ketua DPR ParipurnaLive,rapat paripurna DPR ke masa persidangan i tahun sidang dipimpin wakil ketua DPR paripurnalive,"DPR plenary session to the first session of the year, the session is chaired by the deputy chairman of the DPR plenary session"
768,2016-10-28T03:19:43.000Z,Agenda DPR Jumat Pukul WIB Rapat Paripurna DPR Ke Masa Persidangan I Tahun Sidang agendaDPR,agenda DPR jumat pukul WIB rapat paripurna DPR ke masa persidangan i tahun sidang agendadpr,"DPR agenda, Friday at WIB, DPR plenary meeting for the first session of the year, DPR agenda session"
769,2016-10-28T02:45:00.000Z,Miris Anggota DPR Bolos Rapat Paripurna,miris anggota DPR bolos rapat paripurna,It's sad that DPR members missed the plenary session
770,2016-10-28T02:23:40.000Z,Dewan Opo koe krungu deriteee rakyatmu berharap Engkau kembali tuk reses Selamat bekerja bapak ibu Semangat sumpah pemuda D,dewan opo koe krungu deritee rakyatmu berharap engkau kembali untuk reses selamat bekerja bapak ibu semangat sumpah pemuda di,"Opo council, koe krungu deritee, your people hope that you will return for recess, good work, ladies and gentlemen, keep the spirit of the youth oath"
771,2016-10-27T17:16:37.000Z,Teknologi Informasi Undang Undang Informasi dan Transaksi Elektronik Resmi Berlaku,teknologi informasi undang undang informasi dan transaksi elektronik resmi berlaku,information technology law on information and electronic transactions officially applies
772,2016-10-27T15:51:54.000Z,Reses Anggota DPR RI Komisi XI Hergun Serap Aspirasi Warga Sukabumi InfoSKBM,reses anggota DPR RI komisi XI hergun serap aspirasi warga sukabumi infoskbm,"During the recess members of the Republic of Indonesia's House of Representatives, Commission"
773,2016-10-27T15:51:53.000Z,SUKABUMI Reses Anggota DPR RI Komisi XI Hergun Serap Aspirasi Warga Sukabumi,SUKABUMI reses anggota DPR RI komisi XI hergun serap aspirasi warga sukabumi,SUKABUMI members of the Indonesian House of Representatives Commission
774,2016-10-27T15:01:38.000Z,Lindungi Haki DPR Sahkan RUU Merek dan Indikasi Geografis Rapat Paripurna DPR RI m BatikBontang,lindungi haki DPR sahkan RUU merek dan indikasi geografis rapat paripurna DPR RI sama batikbontang,protect the rights of the DPR to pass the bill on brands and geographical indications at the DPR RI plenary session with batikbontang
775,2016-10-27T15:00:00.000Z,Rapat Paripurna DPR RI mengesahkan Rancangan Undang Undang RUU tentang Merek dan Indikasi Geografis menjadi Undang Undang,rapat paripurna DPR RI mengesahkan rancangan undang undang RUU tentang merek dan indikasi geografis menjadi undang undang,The DPR RI plenary meeting ratified the draft bill on brands and geographical indications into law
776,2016-10-27T14:59:58.000Z,Lindungi Haki DPR Sahkan RUU Merek dan Indikasi Geografis Rapat Paripurna DPR RI mengesahkan Rancangan,lindungi haki DPR sahkan RUU merek dan indikasi geografis rapat paripurna DPR RI mengesahkan rancangan,protect property rights DPR approves bill on brands and geographical indications DPR RI plenary meeting approves draft
777,2016-10-27T14:45:56.000Z,DPR RI Telah Sahkan RUU Revisi UU ITE Menjadi UU,DPR RI telah sahkan RUU revisi UU ITE menjadi UU,The Republic of Indonesia's DPR has ratified the bill revising the ITE Law into law
778,2016-10-27T14:24:47.000Z,Lindungi Haki DPR Sahkan RUU Merek dan Indikasi Geografis Rapat Paripurna DPR RI mengesahkan Ran,lindungi haki DPR sahkan RUU merek dan indikasi geografis rapat paripurna DPR RI mengesahkan ran,protect property rights DPR approves bill on brands and geographical indications DPR RI plenary meeting ratifies bill
779,2016-10-27T14:22:40.000Z,Rapat Paripurna DPR RI mengesahkan Rancangan Undang Undang RUU tentang Merek dan Indikasi Geogra,rapat paripurna DPR RI mengesahkan rancangan undang undang RUU tentang merek dan indikasi geogra,The DPR RI plenary meeting ratified the draft law on brands and geographical indications
780,2016-10-27T14:21:34.000Z,WOW Lindungi Haki DPR Sahkan RUU Merek dan Indikasi Geografis Rapat Paripurna DPR RI mengesahka,WOW lindungi haki DPR sahkan RUU merek dan indikasi geografis rapat paripurna DPR RI mengesahka,"WOW, protect the rights of the DPR to ratify the bill on brands and geographical indications. The plenary session of the DPR RI ratifies it"
781,2016-10-27T14:20:56.000Z,Lindungi Haki DPR Sahkan RUU Merek dan Indikasi Geografis Rapat Paripurna DPR RI mengesahkan Rancangan Undang Undang RU,lindungi haki DPR sahkan RUU merek dan indikasi geografis rapat paripurna DPR RI mengesahkan rancangan undang undang RU,protect the rights of the DPR ratifies the draft bill on brands and geographical indications. The DPR RI plenary session approves the draft law on the RU
782,2016-10-27T14:07:14.000Z,Reses Anggota DPR RI Komisi XI Hergun Serap Aspirasi Warga Sukabumi,reses anggota DPR RI komisi XI hergun serap aspirasi warga sukabumi,"During the recess members of the Republic of Indonesia's House of Representatives, Commission"
783,2016-10-27T13:51:58.000Z,DPR RI Diharapkan Segera Bahas RUU Penghapusan Kekerasan Seksual Melalui Pansus,DPR RI diharapkan segera bahas RUU penghapusan kekerasan seksual melalui pansus,It is hoped that the DPR RI will immediately discuss the bill on the elimination of sexual violence through a special committee
784,2016-10-27T13:51:56.000Z,DPR RI Diharapkan Segera Bahas RUU Penghapusan Kekerasan Seksual Melalui Pansus jakarta,DPR RI diharapkan segera bahas RUU penghapusan kekerasan seksual melalui pansus jakarta,The DPR RI is expected to immediately discuss the bill on the elimination of sexual violence through the Jakarta special committee
785,2016-10-27T13:04:02.000Z,News DPR RI Diharapkan Segera Bahas RUU Penghapusan Kekerasan Seksual Melalui Pansus LindungiPerempuan,news DPR RI diharapkan segera bahas RUU penghapusan kekerasan seksual melalui pansus lindungiperempuan,news The DPR RI is expected to immediately discuss the bill on the elimination of sexual violence through the special committee to protect women
786,2016-10-27T11:22:50.000Z,DPR RI Sahkan Revisi RUU ITE,DPR RI sahkan revisi RUU ITE,DPR RI ratifies the revision of the ITE Bill
787,2016-10-27T11:04:31.000Z,DPR RI Sahkan Revisi RUU ITE beritadprri,DPR RI sahkan revisi RUU ITE beritadprri,The DPR RI ratifies the revision of the Beritadprri ITE Bill
788,2016-10-27T10:54:37.000Z,republikaonline DPR RI Sahkan Revisi RUU ITE via Twitter,republikaonline DPR RI sahkan revisi RUU ITE via twitter,republicaonline DPR RI ratifies the revision of the ITE Bill via Twitter
789,2016-10-27T10:04:14.000Z,Lindungi Haki DPR Sahkan RUU Merek dan Indikasi Geografis,lindungi haki DPR sahkan RUU merek dan indikasi geografis,protect property rights DPR passes bill on brands and geographical indications
790,2016-10-27T09:43:16.000Z,Paripurna DPR Sahkan RUU ITE Jadi UU,paripurna DPR sahkan RUU ITE jadi UU,DPR plenary ratifies the ITE Bill into law
791,2016-10-27T09:31:22.000Z,kebiasaan buruk kapan bisa berubahnya ya,kebiasaan buruk kapan dapat berubahnya ya,When can bad habits change?
792,2016-10-27T09:26:06.000Z,Teknologi Informasi DPR RI Sahkan RUU ITE Jadi Undang undang Ini Hukuman Bagi Penghina di Medsos,teknologi informasi DPR RI sahkan RUU ITE jadi undang undang ini hukuman bagi penghina di medsos,"information technology DPR RI passed the ITE Bill into law, this is a punishment for insulting people on social media"
793,2016-10-27T09:00:01.000Z,Komnas Perempuan desak bentuk Pansus RUUPenghapusanKekerasanSeksual via GerakBersama,komnas perempuan desak bentuk pansus ruupenghapusankekerasanseksual via gerakbersama,National Commission on Violence Against Women urges the formation of a special committee on the elimination of sexual violence through collective action
794,2016-10-27T08:31:03.000Z,RUU Revisi UU ITE Telah Disahkan oleh DPR RI Menjadi Undang Undang,RUU revisi UU ITE telah disahkan oleh DPR RI menjadi undang undang,The bill for the revision of the ITE Law has been passed by the DPR RI to become law
795,2016-10-27T08:30:44.000Z,Siaran Pers RUU Revisi UU ITE Telah Disahkan oleh DPR RI Menjadi Undang Undang,siaran pers RUU revisi UU ITE telah disahkan oleh DPR RI menjadi undang undang,press release The bill for the revision of the ITE Law has been ratified by the DPR RI to become law
796,2016-10-27T08:19:39.000Z,Teknologi Informasi Anggota DPR Bolos di Rapat Paripurna,teknologi informasi anggota DPR bolos di rapat paripurna,information technology DPR members skipped plenary meetings
797,2016-10-27T07:56:39.000Z,Miris Anggota DPR Bolos Rapat Paripurna Brengsek,miris anggota DPR bolos rapat paripurna brengsek,"It's sad that members of the DPR skipped the plenary session, you bastard"
798,2016-10-27T07:45:24.000Z,DPR Kita Nih Anggota DPR Bolos Rapat Paripurna,DPR kita ini anggota DPR bolos rapat paripurna,Our DPR members have skipped the plenary session
799,2016-10-27T07:32:11.000Z,Anggota DPR Bolos di Rapat Paripurna Nasional DPRBolosRapat AnggotaBolos RUUITE,anggota DPR bolos di rapat paripurna nasional dprbolosrapat anggotabolos RUUITE,DPR members skipped national plenary meeting dpr skipped members' meeting BillITE skipped
800,2016-10-27T06:02:48.000Z,Lho Mas tadi kemana? Kok gak gabung di Rapat Paripurna ?,lho mas tadi kemana ? kok tidak gabung di rapat paripurna ?,Where have you been? why didn't you join the plenary meeting?
801,2016-10-27T05:42:20.000Z,kemkominfo RT rudiantara_id RUU Revisi UU ITE telah diselesaikan pembahasannya dlm pembicaraan tingkat bersama Komisi DPR RI tgl,kemkominfo RT rudiantara_id RUU revisi UU ITE telah diselesaikan pembahasannya dalam pembicaraan tingkat bersama komisi DPR RI tanggal,kemkominfo RT rudiantara_id The draft revision of the ITE Law has been completed in discussions at the joint level of the DPR RI commission on
802,2016-10-27T05:30:00.000Z,Komnas Perempuan Desak Bahas RUUPenghapusanKekerasanSeksual via GerakBersama,komnas perempuan desak bahas ruupenghapusankekerasanseksual via gerakbersama,National Commission on Violence Against Women urges to discuss bill to eliminate sexual violence through collective action
803,2016-10-27T05:22:16.000Z,Sudah saatnya menghentikan budaya menyalahkan korban Sahkan RUU Penghapusan Kekerasan Seksual!,sudah saatnya menghentikan budaya menyalahkan korban sahkan RUU penghapusan kekerasan seksual !,"It's time to stop the culture of blaming victims, pass the bill to eliminate sexual violence!"
804,2016-10-27T05:04:01.000Z,RUU Revisi UU ITE telah diselesaikan pembahasannya dlm pembicaraan tingkat bersama Komisi DPR RI tgl Okt,RUU revisi UU ITE telah diselesaikan pembahasannya dalam pembicaraan tingkat bersama komisi DPR RI tanggal okt,The discussion on the revision of the ITE Law has been completed in joint level discussions with the DPR RI commission on October
805,2016-10-27T05:02:00.000Z,Persetujuan bersama RUU Revisi ITE tsb ditempuh dalam Rapat Paripurna DPR RI siang tadi Kamis,persetujuan bersama RUU revisi ITE tersebut ditempuh dalam rapat paripurna DPR RI siang tadi kamis,"Joint approval of the ITE revision bill was reached at the DPR RI plenary meeting this afternoon, Thursday"
806,2016-10-27T05:01:00.000Z,Slmt siang teman Alhamdulillah RUU Revisi UU ITE akhirnya disetujui DPR RI unt ditetapkan menjadi Undang Undang,selamat siang teman alhamdulillah RUU revisi UU ITE akhirnya disetujui DPR RI unt ditetapkan menjadi undang undang,"Good afternoon friends, thank God the draft revision of the ITE Law has finally been approved by the DPR RI to become law"
807,2016-10-27T04:59:18.000Z,Pansus RUU Pemilu Harus Terbentuk Sebelum Reses Sekretariat Jenderal DPR RI diminta untuk segera menyampaika,pansus RUU pemilu harus terbentuk sebelum reses sekretariat jenderal DPR RI diminta untuk segera menyampaika,The special committee on the election bill must be formed before the DPR RI secretariat general's recess is requested to convey it immediately
808,2016-10-27T04:57:59.000Z,Okezone Pansus RUU Pemilu Harus Terbentuk Sebelum Reses Sekretariat Jenderal DPR RI diminta untuk segera me,okezone pansus RUU pemilu harus terbentuk sebelum reses sekretariat jenderal DPR RI diminta untuk segera me,okezone special committee on the election bill must be formed before the recess of the secretariat general of the DPR RI is asked to immediately me
809,2016-10-27T04:57:26.000Z,Pansus RUU Pemilu Harus Terbentuk Sebelum Reses Sekretariat Jenderal DPR RI diminta untuk segera menyampaikan nama nama anggota pan,pansus RUU pemilu harus terbentuk sebelum reses sekretariat jenderal DPR RI diminta untuk segera menyampaikan nama nama anggota kapan,The special committee on the election bill must be formed before the recess. The General Secretariat of the DPR RI is asked to immediately submit the names of the members
810,2016-10-27T04:55:27.000Z,okezone Pansus RUU Pemilu Harus Terbentuk Sebelum Reses Sekretariat Jenderal DPR RI diminta untuk segera m,okezone pansus RUU pemilu harus terbentuk sebelum reses sekretariat jenderal DPR RI diminta untuk segera sama,"OK, the special committee on the election bill must be formed before the recess of the General Secretariat of the Indonesian House of Representatives is requested to immediately do the same"
811,2016-10-27T04:48:35.000Z,Selamat atas disahkannya RUU Informasi dan Transaksi Elektronik ITE menjadi Undang Undang ParipurnaLive,selamat atas disahkannya RUU informasi dan transaksi elektronik ITE menjadi undang undang paripurnalive,congratulations on the passing of the ITE information and electronic transactions bill into plenary law
812,2016-10-27T04:42:24.000Z,Menteri sampaikan Tanggapan Akhir Presiden atas RUU Revisi UU ITE di hadapan anggota di Rapat Paripurna,menteri sampaikan tanggapan akhir presiden atas RUU revisi UU ITE di hadapan anggota di rapat paripurna,The minister conveyed the president's final response to the ITE Law revision bill before members at the plenary session
813,2016-10-27T04:38:12.000Z,Laporan Komisi I DPR terhadap hasil pembahasan RUU Informasi dan Transaksi Elektronik ITE ParipurnaLive,laporan komisi i DPR terhadap hasil pembahasan RUU informasi dan transaksi elektronik ITE paripurnalive,DPR commission i report on the results of the plenary live discussion of the ITE information and electronic transactions bill
814,2016-10-27T04:33:57.000Z,Ketua Panja RUU Revisi UU ITE TB Hasanuddin membacakan Laporan Akhir Pembahasan RUU di hadapan Anggota DPR di Rapat Paripurna pagi ini,ketua panja RUU revisi UU ITE TB hasanuddin membacakan laporan akhir pembahasan RUU di hadapan anggota DPR di rapat paripurna pagi ini,chairman of the committee on the bill for the revision of the ITE Law TB Hasanuddin read the final report on the discussion of the bill before members of the DPR at the plenary session this morning
815,2016-10-27T04:31:12.000Z,Ratusan Bangku Kosong Saksikan Pengesahan RAPBN Banyaknya anggota DPR yang tidak hadir membuat ruang ra,ratusan bangku kosong saksikan pengesahan RAPBN banyaknya anggota DPR yang tidak hadir membuat ruang ra,"Hundreds of empty seats witnessed the ratification of the RAPBN. Many DPR members were not present, making room for ra"
816,2016-10-27T04:27:39.000Z,Wakil Ketua Komisi I DPR Tubagus Hasanuddin menyampaikan laporan Komisi I terhadap hasil pembahasan RUU ITE ParipurnaLive,wakil ketua komisi i DPR tubagus hasanuddin menyampaikan laporan komisi i terhadap hasil pembahasan RUU ITE paripurnalive,Deputy chairman of Commission I DPR Tubagus Hasanuddin delivered Commission I's report on the results of the plenary live discussion of the ITE Bill
817,2016-10-27T04:25:19.000Z,Agenda kedua Rapat Paripurna Pembicaraan Tk II pengambilan keputusan terhadap RUU Informasi dan Transaksi Elektronik ITE ParipurnaLive,agenda kedua rapat paripurna pembicaraan tak II pengambilan keputusan terhadap RUU informasi dan transaksi elektronik ITE paripurnalive,"Second agenda of the plenary meeting, discussion No. II, is making decisions on the plenary session of the ITE electronic information and transactions bill"
818,2016-10-27T04:24:18.000Z,Wakil Ketua DPR RI Dr Agus Hermanto memimpin Rapat Paripurna Masa Sidang I TS Paripurna,wakil ketua DPR RI dari agus hermanto memimpin rapat paripurna masa sidang i TS paripurna,"The deputy chairman of the DPR RI, Agus Hermanto, chaired the plenary meeting during the first session of the TS plenary session"
819,2016-10-27T04:22:05.000Z,Wakil Ketua DPR RI Dr Agus Hermanto bersama Menteri Hukum dan HAM Yasonna Laoly sebelum Rapat Paripurna Paripurna,wakil ketua DPR RI dari agus hermanto bersama menteri hukum dan HAM yasonna laoly sebelum rapat paripurna paripurna,"Deputy Chairman of the Indonesian House of Representatives, Agus Hermanto, with Minister of Law and Human Rights Yasonna Laoly before the plenary session"
820,2016-10-27T03:57:45.000Z,Ketua Pansus RUU tentang Merek dan Indikasi Geografis Desy Ratnasari menyampaikan laporan hasil pembahasan RUU ParipurnaLive,ketua pansus RUU tentang merek dan indikasi geografis desy ratnasari menyampaikan laporan hasil pembahasan RUU paripurnalive,"Chairman of the special committee for the Bill on Brands and Geographical Indications, Desy Ratnasari, delivered a report on the results of the plenary discussion of the Bill live"
821,2016-10-27T03:55:11.000Z,Agenda pertama Rapat Paripurna Pembicaraan Tk II pengambilan keputusan terhadap RUU tentang Merek dan Indikasi Geografis ParipurnaLive,agenda pertama rapat paripurna pembicaraan tak II pengambilan keputusan terhadap RUU tentang merek dan indikasi geografis paripurnalive,"The first agenda of the plenary meeting is discussion No. II on decision making regarding the draft law on brands and geographical indications, plenary session"
822,2016-10-27T03:53:19.000Z,Rapat Paripurna DPR Ke Masa Persidangan I Tahun Sidang dipimpin Wakil Ketua DPR Agus Hermanto ParipurnaLive,rapat paripurna DPR ke masa persidangan i tahun sidang dipimpin wakil ketua DPR agus hermanto paripurnalive,"DPR plenary session to the first session of the session year led by the deputy chairman of the DPR, Agus Hermanto, plenary session"
823,2016-10-27T03:50:53.000Z,Fraksi fraksi Belum Kirim Nama Anggota Pansus Pemilu DPR RI menyelenggarakan rapat paripurna tingka RMOL CO,fraksi fraksi belum kirim nama anggota pansus pemilu DPR RI menyelenggarakan rapat paripurna tingka RMOL COWOK,The faction has not yet sent the names of members of the DPR RI election special committee holding a plenary meeting at the RMOL COWOK level
824,2016-10-27T03:46:18.000Z,Fraksi fraksi Diminta Segera Kirim Nama Anggota Pansus Pemilu DPR RI menyelenggarakan rapat paripurna tingkat II,fraksi fraksi diminta segera kirim nama anggota pansus pemilu DPR RI menyelenggarakan rapat paripurna tingkat II,The factions were asked to immediately send the names of members of the DPR RI election special committee holding a level II plenary meeting
825,2016-10-27T02:00:14.000Z,Anggota DPR Tak Hadir Dalam Sidang Paripurna Pengesahan UU APBN Jakarta DPR siang ini menggelar s,anggota DPR tak hadir dalam sidang paripurna pengesahan UU APBN jakarta DPR siang ini menggelar si,DPR members were not present at the plenary session ratifying the Jakarta APBN Law. The DPR this afternoon held the si
826,2016-10-27T01:58:51.000Z,Agenda DPR Kamis Pukul WIB Rapat Paripurna DPR Ke Masa Persidangan I Tahun Sidang agendaDPR,agenda DPR kamis pukul WIB rapat paripurna DPR ke masa persidangan i tahun sidang agendadpr,"DPR agenda, Thursday at WIB, DPR plenary meeting to the first session of the DPR agenda session year"
827,2016-10-26T23:26:59.000Z,Paripurna pengesahan RUU APBN ratusan anggota DPR absen,paripurna pengesahan RUU APBN ratusan anggota DPR absen,Hundreds of DPR members were absent during the plenary ratification of the APBN Bill
828,2016-10-26T21:24:29.000Z,Paripurna Pengesahan UU APBN Anggota DPR Tak Hadir,paripurna pengesahan UU APBN anggota DPR tak hadir,DPR members were not present at the plenary ratification of the APBN Law
829,2016-10-26T19:56:26.000Z,DPR RI Menyetujui RUU APBN,DPR RI menyetujui RUU APBN,The Indonesian DPR approved the APBN Bill
830,2016-10-26T18:00:18.000Z,I added a video to a playlist DPR RI KOMISI VI INGIN RUU KOPERASI DORONG KEBERPIHAKAN PADA EKONOMI,i added a video tetapi a playlist DPR RI KOMISI VI INGIN RUU KOPERASI DORONG KEBERPIHAKAN PADA EKONOMI,i added a video but a playlist DPR RI COMMISSION VI WANTS THE COOPERATIVE BILL TO ENCOURAGE PARTICULARSHIP IN THE ECONOMY
831,2016-10-26T14:08:03.000Z,Ketika Metro Tv menyiarkan sidang pleno DPR pengesahan RAPBN malu dan terkejut hampir kosong ruang sidang Kapan wakil rakyat berubah?,ketika metro tv menyiarkan sidang pleno DPR pengesahan RAPBN malu dan terkejut hampir kosong ruang sidang kapan wakil rakyat berubah ?,"When Metro TV broadcast the DPR plenary session to ratify the RAPBN, I was embarrassed and surprised that the courtroom was almost empty. When will the people's representatives change?"
832,2016-10-26T13:53:01.000Z,Rapat Paripurna DPR setujui APBN Rapat Paripurna DPR RI di Jakarta Rabu menyetujui RUU APBN untu,rapat paripurna DPR setujui APBN rapat paripurna DPR RI di jakarta rabu menyetujui RUU APBN untu,DPR plenary meeting approves APBN DPR RI plenary meeting in Jakarta Wednesday approves APBN bill for
833,2016-10-26T12:57:36.000Z,Antara Rapat Paripurna DPR setujui APBN Rapat Paripurna DPR RI di Jakarta Rabu menyetujui RUU APBN,antara rapat paripurna DPR setujui APBN rapat paripurna DPR RI di jakarta rabu menyetujui RUU APBN,between the DPR plenary meeting approved the APBN the DPR RI plenary meeting in Jakarta Wednesday approved the APBN Bill
834,2016-10-26T12:57:34.000Z,AntaraNews Rapat Paripurna DPR setujui APBN Rapat Paripurna DPR RI di Jakarta Rabu menyetujui RUU AP,antaranews rapat paripurna DPR setujui APBN rapat paripurna DPR RI di jakarta rabu menyetujui RUU APA,Antaranews DPR plenary meeting approves APBN DPR RI plenary meeting in Jakarta Wednesday approves APA bill
835,2016-10-26T12:51:16.000Z,In Picture Rapat Paripurna DPR Sahkan APBN JAKARTA Dewan Perwakilan Rakyat,ini picture rapat paripurna DPR sahkan APBN JAKARTA dewan perwakilan rakyat,"This is a picture of the DPR plenary meeting ratifying the JAKARTA APBN, the people's representative council"
836,2016-10-26T12:50:02.000Z,RUU APBD Telah Disetujui Dalam Rapat Paripurna DPR RI page of,RUU APBD telah disetujui dalam rapat paripurna DPR RI page of,The APBD Bill has been approved at the DPR RI plenary session page of
837,2016-10-26T12:45:23.000Z,Rapat Paripurna DPR RI di Jakarta Rabu menyetujui RUU APBN untuk disahkan menjadi UU yang mencakup pos,rapat paripurna DPR RI di jakarta rabu menyetujui RUU APBN untuk disahkan menjadi UU yang mencakup pos,The DPR RI plenary meeting in Jakarta on Wednesday approved the APBN Bill to be passed into law covering post
838,2016-10-26T12:45:12.000Z,DPR Gelar Paripurna Pengesahan APBN Dewan Perwakilan Rakyat Republik Indonesia DPR RI menggelar sida,DPR gelar paripurna pengesahan APBN dewan perwakilan rakyat republik indonesia DPR RI menggelar sida,"The DPR holds a plenary session to ratify the APBN, the People's Representative Council of the Republic of Indonesia, the DPR RI, holds a court hearing"
839,2016-10-26T12:38:36.000Z,Rapat Paripurna DPR setujui APBN Rapat Paripurna DPR RI di Jakarta Rabu menyetujui RUU APBN untuk,rapat paripurna DPR setujui APBN rapat paripurna DPR RI di jakarta rabu menyetujui RUU APBN untuk,DPR plenary meeting approves APBN DPR RI plenary meeting in Jakarta Wednesday approves APBN bill for
840,2016-10-26T12:36:24.000Z,MemBOLOS Anggota di Sidang Paripurna Pengesahan UU APBN TakPatutDiCONTOH,membolos anggota di sidang paripurna pengesahan UU APBN takpatutdicontoh,Skipping members at the plenary session to ratify the APBN Law is not exemplary
841,2016-10-26T11:58:42.000Z,Nah tuh banyak yg absen kan ???,nah tuh banyak yang absen kan ? ?,"Well, there are a lot of people absent, right? ?"
842,2016-10-26T11:11:22.000Z,DPR Resmi Sahkan RUU APBN Menjadi UU DPR RI resmi mengesahkan RUU Anggaran,DPR resmi sahkan RUU APBN menjadi UU DPR RI resmi mengesahkan RUU anggaran,DPR officially ratifies the APBN Bill as Law. DPR RI officially ratifies the budget bill
843,2016-10-26T11:00:01.000Z,Ayo dukung RUU Penghapusan Kekerasan Seksual di gerakbersama cewekbanget,ayo dukung RUU penghapusan kekerasan seksual di gerakbersama cewekbanget,"Come on, support the bill to eradicate sexual violence in a movement with girls, really"
844,2016-10-26T10:10:50.000Z,Baleg Ingin RUU PKS Berikan Perlindungan Psikologis Kepada Korban Anggota Badan Legislasi_ Baleg DPR RI Ammy,baleg ingin RUU PKS berikan perlindungan psikologis kepada korban anggota badan legislasi_ baleg DPR RI ammy,"Baleg wants the PKS Bill to provide psychological protection to victims of legislative body members_ DPR RI legislative body, Ammy"
845,2016-10-26T10:07:51.000Z,Sah! DPR Setujui UU APBN Dewan Perwakilan Rakyat DPR RI akhirnya menyetujui Rancangan Undang Undang UU Anggaran Pendapatan,sah ! DPR setujui UU APBN dewan perwakilan rakyat DPR RI akhirnya menyetujui rancangan undang undang UU anggaran pendapatan,legit! The DPR approves the APBN Law. The House of Representatives of the Republic of Indonesia finally approves the draft law on the Revenue Budget Law
846,2016-10-26T10:07:19.000Z,Sah! DPR Setujui UU APBN Dewan Perwakilan Rakyat DPR RI akhirnya menyetujui Rancangan Undang Undang,sah ! DPR setujui UU APBN dewan perwakilan rakyat DPR RI akhirnya menyetujui rancangan undang undang,legit! The DPR approves the APBN Law. The People's Representative Council of the Republic of Indonesia finally approves the draft law
847,2016-10-26T09:36:32.000Z,detikcom Paripurna Pengesahan UU APBN Anggota DPR Tak Hadir,detikcom paripurna pengesahan UU APBN anggota DPR tak hadir,detikcom plenary ratification of the APBN Law DPR members were not present
848,2016-10-26T09:22:33.000Z,Paripurna Pengesahan UU APBN Anggota DPR Tak Hadir Namun pantauan,paripurna pengesahan UU APBN anggota DPR tak hadir tetapi pantauan,DPR members were not present at the plenary ratification of the APBN Law but were monitored
849,2016-10-26T09:22:06.000Z,Paripurna Pengesahan UU APBN Anggota DPR Tak Hadir Namun Ads,paripurna pengesahan UU APBN anggota DPR tak hadir tetapi ads,DPR members were not present at the plenary ratification of the APBN Law but ads
850,2016-10-26T09:14:00.000Z,Paripurna Pengesahan UU APBN Anggota DPR Tak Hadir Namun pantauan di dalam ruang sidang tak banya,paripurna pengesahan UU APBN anggota DPR tak hadir tetapi pantauan di dalam ruang sidang tak banya,DPR members were not present at the plenary ratification of the APBN Law but there were not many observers in the courtroom
851,2016-10-26T09:08:01.000Z,Detik Paripurna Pengesahan UU APBN Anggota DPR Tak Hadir NewsToday DKK,detik paripurna pengesahan UU APBN anggota DPR tak hadir newstoday DKK,"during the plenary session for the ratification of the APBN Law, DPR members were not present newstoday DKK"
852,2016-10-26T09:08:00.000Z,Detik Paripurna Pengesahan UU APBN Anggota DPR Tak Hadir Namun pantauan di dalam ruang NewsToday,detik paripurna pengesahan UU APBN anggota DPR tak hadir tetapi pantauan di dalam ruang newstoday,"during the plenary session for the ratification of the APBN Law, DPR members were not present but were monitored in the newstoday room"
853,2016-10-26T09:06:41.000Z,Paripurna Pengesahan UU APBN Anggota DPR Tak Hadir Namun pantauan di dalam ruang sidang tak banyak anggota DPR yang hadir,paripurna pengesahan UU APBN anggota DPR tak hadir tetapi pantauan di dalam ruang sidang tak banyak anggota DPR yang hadir,"DPR members were not present at the plenary ratification of the APBN Law, but it was observed in the courtroom that not many DPR members were present"
854,2016-10-26T09:03:59.000Z,Paripurna Pengesahan UU APBN Anggota DPR Tak Hadir Namun pantauan di dalam ruang si BeritaTerbaru,paripurna pengesahan UU APBN anggota DPR tak hadir tetapi pantauan di dalam ruang sih beritaterbaru,"DPR members were not present at the plenary ratification of the APBN Law, but monitoring in the room was the latest news"
855,2016-10-26T09:03:57.000Z,BeritaNasional Paripurna Pengesahan UU APBN Anggota DPR Tak Hadir Namun pantauan di dalam ruang s,beritanasional paripurna pengesahan UU APBN anggota DPR tak hadir tetapi pantauan di dalam ruang si,national news plenary ratification of the APBN Law DPR members were not present but were monitored in the si room
856,2016-10-26T09:03:33.000Z,INFO Paripurna Pengesahan UU APBN Anggota DPR Tak Hadir Namun pantauan di dalam ruang sidang tak,INFO paripurna pengesahan UU APBN anggota DPR tak hadir tetapi pantauan di dalam ruang sidang tak,"INFO for the plenary ratification of the APBN Law, DPR members were not present but there were no observations in the courtroom"
857,2016-10-26T09:01:28.000Z,Paripurna Pengesahan UU APBN Anggota DPR Tak Hadir Namun pantauan di dalam ruang sidang botSOLID,paripurna pengesahan UU APBN anggota DPR tak hadir tetapi pantauan di dalam ruang sidang botsolid,DPR members were not present at the plenary ratification of the APBN Law but were monitored in the courtroom botsolid
858,2016-10-26T08:50:18.000Z,Jika tak ada aral melintang Kamis jam akan ada Rapat Paripurna utk pembicaraan tingkat II RUU RevisiUUITE,jika tak ada aral melintang kamis jam akan ada rapat paripurna untuk pembicaraan tingkat II RUU revisiuuite,"If nothing goes wrong, Thursday there will be a plenary meeting to discuss level II of the revised bill"
859,2016-10-26T08:43:11.000Z,RUU BUMN Belum Terjemahkan Hajat Hidup Orang Banyak Anggota DPR RI Hekal dalam diskusi mingguan Forum,RUU BUMN belum terjemahkan hajat hidup orang banyak anggota DPR RI hekal dalam diskusi mingguan forum,The BUMN Bill has not yet translated into the lives of many DPR RI members who are present in weekly forum discussions
860,2016-10-26T08:41:26.000Z,RUU BUMN Belum Terjemahkan Hajat Hidup Orang Banyak Anggota DPR RI Hekal dalam d BatikBontang,RUU BUMN belum terjemahkan hajat hidup orang banyak anggota DPR RI hekal dalam di batikbontang,The BUMN Bill has not yet translated into the lives of many DPR RI members living in Batikbontang
861,2016-10-26T08:41:03.000Z,Anggota DPR RI Hekal dalam diskusi mingguan Forum Legislasi yang membincangkan RUU BUMN di Media Center DPR,anggota DPR RI hekal dalam diskusi mingguan forum legislasi yang membincangkan RUU BUMN di media center DPR,DPR RI members take part in the weekly discussion of the legislative forum discussing the BUMN Bill in the DPR media center
862,2016-10-26T08:31:10.000Z,News DPR RI Wujudkan Kebijakan dan Anggaran Negara yang Adil Tribunnews DPR RI LindungiPerempuan,news DPR RI wujudkan kebijakan dan anggaran negara yang adil tribunnews DPR RI lindungiperempuan,news DPR RI realizes fair state policies and budget tribunnews DPR RI protects women
863,2016-10-26T08:27:46.000Z,Memimpin rapat Paripurna DPR RI dengan agenda penetapan RUU APBN menjadi Undang Undang bersama waka DPR RI,memimpin rapat paripurna DPR RI dengan agenda penetapan RUU APBN menjadi undang undang bersama waka DPR RI,chaired the DPR RI plenary meeting with the agenda of making the APBN Bill into law together with the vice chairman of the DPR RI
864,2016-10-26T08:17:03.000Z,Wakil Ketua DPR RI Dr Agus Hermanto menghadiri Rapat Paripurna DPR Ke MP I TS pengesahan APBN,wakil ketua DPR RI dari agus hermanto menghadiri rapat paripurna DPR ke MP i TS pengesahan APBN,"The deputy chairman of the DPR RI, Agus Hermanto, attended the DPR plenary meeting to MP i TS for the approval of the APBN"
865,2016-10-26T07:54:33.000Z,LANGSUNG di Periscope Rapat Paripurna DPR Ke MP I TS terkait pengesahan APBN ParipurnaLive,LANGSUNG di periscope rapat paripurna DPR ke MP i TS terkait pengesahan APBN paripurnalive,LIVE on the periscope of the DPR plenary meeting to MP i TS regarding the ratification of the plenary APBN live
866,2016-10-26T07:37:28.000Z,Jumlah Caleg tahun sebesar semestinya bertambah di tahun nanti kita ikuti pembahasan RUU Pemilu cc,jumlah caleg tahun sebesar semestinya bertambah di tahun nanti kita ikuti pembahasan RUU pemilu cc,The number of legislative candidates this year should increase next year. We will follow the discussion of the CC Election Bill
867,2016-10-26T07:03:55.000Z,Anggota DPR Ingatkan Pemerintah Kebijakan Pemerataan Pembangunan,anggota DPR ingatkan pemerintah kebijakan pemerataan pembangunan,DPR members remind the government of its policy of equitable development
868,2016-10-26T06:57:35.000Z,Wakil Ketua Komisi VII DPR RI Mulyadi mengungkapkan proses pembahasan revisi Undang Undang Nomor tahun,wakil ketua komisi VII DPR RI mulyadi mengungkapkan proses pembahasan revisi undang undang nomor tahun,Deputy chairman of Commission VII DPR RI Mulyadi revealed the process of discussing the revision of the year number law
869,2016-10-26T06:52:38.000Z,Nasib APBN Ditentukan Hari Ini DPR RI bersama pemerintah hari ini akan menetapkan RUU APBN Peneta,nasib APBN ditentukan hari ini DPR RI bersama pemerintah hari ini akan menetapkan RUU APBN peneta,The fate of the APBN will be determined today. The DPR RI together with the government will today enact the Peneta APBN Bill
870,2016-10-26T06:52:23.000Z,Warta Kiwari Nasib APBN Ditentukan Hari Ini DPR RI bersama pemerintah hari ini akan menetapkan RUU APB,warta kiwari nasib APBN ditentukan hari ini DPR RI bersama pemerintah hari ini akan menetapkan RUU APB,Kiwari news The fate of the APBN will be determined today. The DPR RI together with the government will today enact the APB Bill
871,2016-10-26T06:51:56.000Z,Nasib APBN Ditentukan Hari Ini DPR RI bersama pemerintah hari ini akan menetapkan RUU APBN okezone,nasib APBN ditentukan hari ini DPR RI bersama pemerintah hari ini akan menetapkan RUU APBN okezone,The fate of the APBN will be determined today. The Republic of Indonesia DPR together with the government will today determine the OKzone APBN Bill
872,2016-10-26T06:51:41.000Z,Nasib APBN Ditentukan Hari Ini DPR RI bersama pemerintah hari ini akan menetapkan RUU APBN Penetapan ini dilakukan dalam,nasib APBN ditentukan hari ini DPR RI bersama pemerintah hari ini akan menetapkan RUU APBN penetapan ini dilakukan dalam,The fate of the APBN will be determined today. The Republic of Indonesia DPR together with the government will today determine the APBN Bill. This determination will be carried out in
873,2016-10-26T06:51:32.000Z,okezone Nasib APBN Ditentukan Hari Ini DPR RI bersama pemerintah hari ini akan menetapkan RUU APBN,okezone nasib APBN ditentukan hari ini DPR RI bersama pemerintah hari ini akan menetapkan RUU APBN,"OK, the fate of the APBN will be determined today. The DPR RI together with the government will today enact the APBN Bill"
874,2016-10-26T06:30:39.000Z,Sepuluh Fraksi di Banggar Setujui RUU APBN Diputuskan di Paripurna,sepuluh fraksi di banggar setujui RUU APBN diputuskan di paripurna,ten factions in Bangar approved the APBN Bill decided in plenary
875,2016-10-26T06:29:45.000Z,Wakil Ketua Komisi VI DPR M Hekal RUU BUMN Belum Terjemahkan Hajat Hidup Orang Banyak,wakil ketua komisi VI DPR sama hekal RUU BUMN belum terjemahkan hajat hidup orang banyak,The deputy chairman of Commission VI of the DPR is the same as hekal that the BUMN Bill has not translated into the lives of many people
876,2016-10-26T06:29:02.000Z,Legislator Ingin RUU PKS Berikan Perlindungan Psikologis Kepada Korban,legislator ingin RUU PKS berikan perlindungan psikologis kepada korban,legislators want the PKS Bill to provide psychological protection to victims
877,2016-10-26T06:20:26.000Z,Agenda hari ini Rapat Paripurna DPR Ke Masa Persidangan I Tahun Sidang agendaDPR sidangparipurna DPR RI,agenda hari ini rapat paripurna DPR ke masa persidangan i tahun sidang agendadpr sidangparipurna DPR RI,"Today's agenda is the plenary session of the DPR for the first session of the year, agenda of the DPR RI plenary session"
878,2016-10-26T05:27:43.000Z,Syarifuddin Suding RUU Pemilu Akan Digiring ke Pemilu Sistem Proporsional Tertutup Setiap fraksi di DPR mel,syarifuddin suding RUU pemilu akan digiring ke pemilu sistem proporsional tertutup setiap fraksi di DPR mel,Syarifuddin said the election bill would be submitted to a closed proportional system election for each faction in the DPR
879,2016-10-26T05:26:12.000Z,Syarifuddin Suding RUU Pemilu Akan Digiring ke Pemilu Sistem Proporsional Tertutup,syarifuddin suding RUU pemilu akan digiring ke pemilu sistem proporsional tertutup,Syarifuddin said that the election bill would lead to a closed proportional system election
880,2016-10-26T05:25:29.000Z,DPR RI Wujudkan Kebijakan dan Anggaran Negara yang Adil Gender DPR RI saat ini sedang dalam proses legislasi,DPR RI wujudkan kebijakan dan anggaran negara yang adil gender DPR RI saat ini sedang dalam proses legislasi,DPR RI realizes gender fair policies and state budget. DPR RI is currently in the legislative process
881,2016-10-26T05:24:55.000Z,TribunNASIONAL Syarifuddin Suding RUU Pemilu Akan Digiring ke Pemilu Sistem Proporsional Tertutup,tribunnasional syarifuddin suding RUU pemilu akan digiring ke pemilu sistem proporsional tertutup,The Syarifuddin National Tribunal said that the election bill would be referred to a closed proportional system election
882,2016-10-26T05:24:27.000Z,NEWS Syarifuddin Suding RUU Pemilu Akan Digiring ke Pemilu Sistem Proporsional Tertutup GaleriBerita,NEWS syarifuddin suding RUU pemilu akan digiring ke pemilu sistem proporsional tertutup galeriberita,NEWS Syarifuddin suggests that the election bill will be submitted to the closed proportional system election galeriberita
883,2016-10-26T05:24:17.000Z,Surya News Syarifuddin Suding RUU Pemilu Akan Digiring ke Pemilu Sistem Proporsional Tertutup Setiap fraks,surya news syarifuddin suding RUU pemilu akan digiring ke pemilu sistem proporsional tertutup setiap fraks,Surya News Syarifuddin suding that the election bill will be submitted to a closed proportional system election every fraction
884,2016-10-26T05:23:43.000Z,Syarifuddin Suding RUU Pemilu Akan Digiring ke Pemilu Sistem Proporsional Tertutup via tribunnews,syarifuddin suding RUU pemilu akan digiring ke pemilu sistem proporsional tertutup via tribunnews,Syarifuddin suggests that the election bill will be submitted to a closed proportional system election via tribunnews
885,2016-10-26T05:23:34.000Z,TribunNEWS Syarifuddin Suding RUU Pemilu Akan Digiring ke Pemilu Sistem Proporsional Tertutup,tribunnews syarifuddin suding RUU pemilu akan digiring ke pemilu sistem proporsional tertutup,Tribunnews Syarifuddin suggests that the election bill will lead to a closed proportional system election
886,2016-10-26T05:23:28.000Z,News Syarifuddin Suding RUU Pemilu Akan Digiring ke Pemilu Sistem Proporsional Tertutup Setiap fraksi TU,news syarifuddin suding RUU pemilu akan digiring ke pemilu sistem proporsional tertutup setiap fraksi ITU,news Syarifuddin suding that the election bill will be submitted to a closed proportional system election for each ITU faction
887,2016-10-26T05:23:23.000Z,tribunnews Syarifuddin Suding RUU Pemilu Akan Digiring ke Pemilu Sistem Proporsional Tertutup Setiap fraks,tribunnews syarifuddin suding RUU pemilu akan digiring ke pemilu sistem proporsional tertutup setiap fraks,Tribunnews Syarifuddin said that the election bill would be submitted to a closed proportional system election every fraction
888,2016-10-26T05:23:11.000Z,Syarifuddin Suding RUU Pemilu Akan Digiring ke Pemilu Sistem Proporsional Tertutup beritanegara,syarifuddin suding RUU pemilu akan digiring ke pemilu sistem proporsional tertutup beritanegara,Syarifuddin said that the election bill would be submitted to the closed proportional system election by Beritanegara
889,2016-10-26T04:00:56.000Z,Rapat Bersama TVRI RRI Terkait Persiapan Kunjungan Kerja Reses Komisi DPR RI,rapat bersama TVRI RRI terkait persiapan kunjungan kerja reses komisi DPR RI,meeting with TVRI RRI regarding preparations for the working visit of the DPR RI commission recess
890,2016-10-26T03:26:26.000Z,Pada masa reses anggota dewan tetap menjalankan tugasnya dengan melakukan kunjungan ke daerah masareses,pada masa reses anggota dewan tetap menjalankan tugasnya dengan melakukan kunjungan ke daerah masareses,"During the recess period, council members continue to carry out their duties by making visits to the recess area"
891,2016-10-26T02:09:12.000Z,Agenda DPR Rabu Pukul WIB Rapat Paripurna DPR Ke Masa Persidangan I Tahun Sidang agendaDPR,agenda DPR rabu pukul WIB rapat paripurna DPR ke masa persidangan i tahun sidang agendadpr,"DPR agenda, Wednesday at WIB, DPR plenary meeting for the first session of the year, DPR agenda session"
892,2016-10-26T01:21:30.000Z,Jam sore kita diterima DPR RI audiensi utk percepatan pengesahan UU Perlindungan TKI Mungkin bisa gabung,jam sore kita diterima DPR RI audiensi untuk percepatan pengesahan UU perlindungan TKI mungkin dapat gabung,"In the afternoon we were received by the DPR RI for an audience to speed up the ratification of the TKI Protection Law, perhaps we could join"
893,2016-10-25T19:53:10.000Z,Aher Fasilitasi Pansus Bahas RUU Pemilu Pada Masa Reses Wakil Ketua DPR RI Agus Hermanto yakin keberadaan,aher fasilitasi pansus bahas RUU pemilu pada masa reses wakil ketua DPR RI agus hermanto yakin keberadaan,"aher facilitates the special committee to discuss the election bill during the recess, the deputy chairman of the Indonesian House of Representatives, Agus Hermanto, is convinced of its existence"
894,2016-10-25T19:17:09.000Z,Gedung Nusantara DPR RI Jakarta Johan Tallo Gedung Nusantara DPR RI Jakarta Rabu,gedung nusantara DPR RI jakarta johan tallo gedung nusantara DPR RI jakarta rabu,Indonesian House of Representatives Nusantara Building Jakarta Johan Tallo Indonesian House of Representatives Nusantara Building Jakarta Wednesday
895,2016-10-25T17:10:13.000Z,Bamus DPR Sepakat Bentuk Pansus RUU Pemilu Badan Musyawarah Bamus DPR RI,bamus DPR sepakat bentuk pansus RUU pemilu badan musyawarah bamus DPR RI,"The DPR RI Bamus agreed to form a special committee on the election bill, the DPR RI Bamus deliberative body"
896,2016-10-25T16:51:35.000Z,Bamus DPR Sepakat Bentuk Pansus RUU Pemilu Badan Musyawarah Bamus DPR RI sepakat membentuk panitia khusus,bamus DPR sepakat bentuk pansus RUU pemilu badan musyawarah bamus DPR RI sepakat membentuk panitia khusus,The DPR RI Bamus agrees to form a special committee on the election bill. The DPR RI Bamus deliberative body agrees to form a special committee
897,2016-10-25T16:46:43.000Z,saya mendukung RUU ITE oleh anggota DPR RI tanggal nanti hari jumat harus disahkan untuk pencegahan terrorisme narkoba,saya mendukung RUU ITE oleh anggota DPR RI tanggal nanti hari jumat harus disahkan untuk pencegahan terrorisme narkoba,"I support the ITE Bill by members of the Indonesian House of Representatives, which must be passed on Friday to prevent drug terrorism"
898,2016-10-25T16:30:55.000Z,Bamus DPR Sepakat Bentuk Pansus RUU Pemilu Badan Musyawarah Bamus DPR RI sepak,bamus DPR sepakat bentuk pansus RUU pemilu badan musyawarah bamus DPR RI sepak,"The DPR RI Bamus agreed to form a special committee on the election bill, the DPR RI BAMUs deliberative body for football"
899,2016-10-25T15:56:08.000Z,JAKARTA Dewan Perwakilan Rakyat DPR sepakat untuk membentuk panitia khusus Pansus guna membahas revisi,JAKARTA dewan perwakilan rakyat DPR sepakat untuk membentuk panitia khusus pansus guna membahas revisi,"JAKARTA, the DPR's people's representative council agreed to form a special special committee to discuss revisions"
900,2016-10-25T15:28:54.000Z,Usai Reses DPR akan Bahas Kinerja Bea Cukai,usai reses DPR akan bahas kinerja bea cukai,"After the recess, the DPR will discuss customs performance"
901,2016-10-25T15:19:25.000Z,Resmi RUU Pemilu Digodok Pansus Pimpinan DPR RI menyelenggarakan rapat Badan Musyawarah Bamus bersama seluruh,resmi RUU pemilu digodok pansus pimpinan DPR RI menyelenggarakan rapat badan musyawarah bamus bersama seluruh,"Officially, the election bill was discussed by the special committee of the leadership of the DPR RI, holding a meeting of the Bamus deliberative body with all of them"
902,2016-10-25T14:23:46.000Z,Anggota DPR Sibuk Urus Pilkada Pembahasan RUU Molor,anggota DPR sibuk urus pilkada pembahasan RUU molor,"DPR members are busy taking care of the regional elections, discussion of the bill has been delayed"
903,2016-10-25T13:52:17.000Z,NewsUpdate RUU APBN Siap Dibawa ke Paripurna Besok DPR RI dan pemerintah menyepakati postur APBN,newsupdate RUU APBN siap dibawa ke paripurna besok DPR RI dan pemerintah menyepakati postur APBN,newsupdate The APBN Bill is ready to be brought to plenary tomorrow. The DPR RI and the government have agreed on the APBN posture
904,2016-10-25T13:50:29.000Z,RUU APBN Siap Dibawa ke Paripurna Besok DPR RI dan pemerintah menyepakati postur APBN yang akan di,RUU APBN siap dibawa ke paripurna besok DPR RI dan pemerintah menyepakati postur APBN yang akan di,The APBN Bill is ready to be brought to plenary tomorrow. The DPR RI and the government have agreed on the posture of the APBN that will be drafted
905,2016-10-25T13:49:55.000Z,Agribisnis RUU APBN Siap Dibawa ke Paripurna Besok DPR RI dan pemerintah menyepakati postur APBN,agribisnis RUU APBN siap dibawa ke paripurna besok DPR RI dan pemerintah menyepakati postur APBN,agribusiness The APBN Bill is ready to be brought to plenary tomorrow. The DPR RI and the government have agreed on the APBN posture
906,2016-10-25T13:49:29.000Z,RUU APBN Siap Dibawa ke Paripurna Besok DPR RI dan pemerintah menyepakati postur APBN yang akan dibawa ke rapat paripurna,RUU APBN siap dibawa ke paripurna besok DPR RI dan pemerintah menyepakati postur APBN yang akan dibawa ke rapat paripurna,The APBN Bill is ready to be brought to plenary tomorrow. The DPR RI and the government have agreed on the posture of the APBN which will be brought to the plenary session
907,2016-10-25T13:44:15.000Z,Infoterkini RUU APBN Siap Dibawa ke Paripurna Besok DPR RI dan pemerintah menyepakati postur APBN,infoterkini RUU APBN siap dibawa ke paripurna besok DPR RI dan pemerintah menyepakati postur APBN,Latest info: The APBN Bill is ready to be brought to plenary tomorrow. The DPR RI and the government have agreed on the APBN posture
908,2016-10-25T13:43:10.000Z,IG anggarax_ RUU APBN Siap Dibawa ke Paripurna Besok DPR RI dan pemerintah menyepak FB Tri Yohan,IG anggarax_ RUU APBN siap dibawa ke paripurna besok DPR RI dan pemerintah menyepak FB tri yohan,IG anggarax_ APBN Bill ready to be brought to plenary tomorrow RI DPR and government kick FB Tri Yohan
909,2016-10-25T13:42:18.000Z,news RUU APBN Siap Dibawa ke Paripurna Besok DPR RI dan pemerintah menyepakati postur APBN yang a,news RUU APBN siap dibawa ke paripurna besok DPR RI dan pemerintah menyepakati postur APBN yang a,news The APBN Bill is ready to be brought to plenary tomorrow. The DPR RI and the government have agreed on the APBN posture: a
910,2016-10-25T13:42:18.000Z,teamfolloback RUU APBN Siap Dibawa ke Paripurna Besok DPR RI dan pemerintah menyepakati postur APBN,teamfolloback RUU APBN siap dibawa ke paripurna besok DPR RI dan pemerintah menyepakati postur APBN,teamfollowback The APBN Bill is ready to be brought to plenary tomorrow. The DPR RI and the government have agreed on the APBN posture
911,2016-10-25T13:41:22.000Z,News RUU APBN Siap Dibawa ke Paripurna Besok DPR RI dan pemerintah menyepakati postur APBN y TU,news RUU APBN siap dibawa ke paripurna besok DPR RI dan pemerintah menyepakati postur APBN ya ITU,"news The APBN Bill is ready to be brought to plenary tomorrow. The DPR RI and the government have agreed on the APBN posture, ITU"
912,2016-10-25T13:39:35.000Z,detikcom RUU APBN Siap Dibawa ke Paripurna Besok DPR RI dan pemerintah menyepakati postur APBN ya,detikcom RUU APBN siap dibawa ke paripurna besok DPR RI dan pemerintah menyepakati postur APBN ya,detikcom The APBN Bill is ready to be brought to plenary tomorrow. The DPR RI and the government have agreed on the APBN posture
913,2016-10-25T10:20:22.000Z,Agus Hermanto Bamus Sepakat RUU Pemilu Dibahas Pansus DPR RI,agus hermanto bamus sepakat RUU pemilu dibahas pansus DPR RI,Agus Hermanto Bamus agreed that the election bill would be discussed by the DPR RI special committee
914,2016-10-25T08:58:47.000Z,Wakil Ketua Baleg DPR Firman Soebagyo Baleg DPR Minta Pembahasan RUU diselesaikan dalam Kali Masa Persidangan,wakil ketua baleg DPR firman soebagyo baleg DPR meminta pembahasan RUU diselesaikan dalam kali masa persidangan,"The deputy chairman of the DPR baleg, Firman Soebagyo, the DPR legislative council, asked that the discussion of the bill be completed during the trial period"
915,2016-10-25T07:34:58.000Z,Penyebab Lambannya Pengesahan RUU PPTKILN Menurut PKS Riyadh,penyebab lambannya pengesahan RUU PPTKILN menurut PKS riyadh,the cause of the slow ratification of the PPTKILN Bill according to PKS Riyadh
916,2016-10-25T07:31:35.000Z,Pansus RUU Wawasan Nusantara Pertimbangkan Masukan Lemhanas,pansus RUU wawasan nusantara pertimbangkan masukan lemhanas,The special committee on the Archipelago Insight Bill considers Lemhanas input
917,2016-10-25T07:24:10.000Z,Pansus RUU Wasantara Pertimbangkan Masukan Lemhanas Panitia Khusus Pansus Rancangan Undang Undang RUU Wa,pansus RUU wasantara pertimbangkan masukan lemhanas panitia khusus pansus rancangan undang undang RUU wa,The special committee on the Wasantara Bill considers input from the Lemhanas special committee on the draft law on the WA Bill
918,2016-10-25T07:21:47.000Z,Pansus RUU Wasantara Pertimbangkan Masukan Lemhanas,pansus RUU wasantara pertimbangkan masukan lemhanas,The special committee on the Wasantara Bill considers Lemhanas input
919,2016-10-25T07:20:16.000Z,TribunNASIONAL Pansus RUU Wasantara Pertimbangkan Masukan Lemhanas,tribunnasional pansus RUU wasantara pertimbangkan masukan lemhanas,The tribunnational special committee on the Wasantara Bill considers input from Lemhanas
920,2016-10-25T07:19:46.000Z,NEWS Pansus RUU Wasantara Pertimbangkan Masukan Lemhanas GaleriBerita,NEWS pansus RUU wasantara pertimbangkan masukan lemhanas galeriberita,NEWS special committee on wasantara bill considers input from lemhanas galeriberita
921,2016-10-25T07:19:33.000Z,Surya News Pansus RUU Wasantara Pertimbangkan Masukan Lemhanas Panitia Khusus Pansus Rancangan Undang Und,surya news pansus RUU wasantara pertimbangkan masukan lemhanas panitia khusus pansus rancangan undang und,surya news special committee on bill wasantara considers input from lemhanas special committee special committee on draft law und
922,2016-10-25T07:18:54.000Z,Pansus RUU Wasantara Pertimbangkan Masukan Lemhanas via tribunnews,pansus RUU wasantara pertimbangkan masukan lemhanas via tribunnews,The special committee on the Wasantara Bill considers lemhanas input via tribunnews
923,2016-10-25T07:18:44.000Z,TribunNEWS Pansus RUU Wasantara Pertimbangkan Masukan Lemhanas,tribunnews pansus RUU wasantara pertimbangkan masukan lemhanas,tribunnews special committee on wasantara bill considers input from lemhanas
924,2016-10-25T07:18:38.000Z,News Pansus RUU Wasantara Pertimbangkan Masukan Lemhanas Panitia Khusus Pansus Rancangan Undang Unda TU,news pansus RUU wasantara pertimbangkan masukan lemhanas panitia khusus pansus rancangan undang unda ITU,news The special committee on the Wasantara bill considers input from the Lemhanas special committee on the draft ITU draft law
925,2016-10-25T07:18:31.000Z,tribunnews Pansus RUU Wasantara Pertimbangkan Masukan Lemhanas Panitia Khusus Pansus Rancangan Undang Und,tribunnews pansus RUU wasantara pertimbangkan masukan lemhanas panitia khusus pansus rancangan undang und,tribunnews special committee on wasantara bill considers input from lemhanas special committee on draft und law
926,2016-10-25T07:18:19.000Z,Pansus RUU Wasantara Pertimbangkan Masukan Lemhanas beritanegara,pansus RUU wasantara pertimbangkan masukan lemhanas beritanegara,The Wasantara Bill special committee considers input from Lemhanas Beritanegara
927,2016-10-25T07:17:40.000Z,Tribun Pansus RUU Wasantara Pertimbangkan Masukan Lemhanas Panitia Khusus Pansus Rancangan NewsToday,tribun pansus RUU wasantara pertimbangkan masukan lemhanas panitia khusus pansus rancangan newstoday,The special committee tribune for the Wasantara Bill considers input from the Lemhanas special committee for the special committee on the draft newstoday
928,2016-10-25T07:17:40.000Z,Tribun Pansus RUU Wasantara Pertimbangkan Masukan Lemhanas NewsToday DKK,tribun pansus RUU wasantara pertimbangkan masukan lemhanas newstoday DKK,The special committee tribune for the Wasantara Bill considers input from Lemhanas newstoday DKK
929,2016-10-25T07:13:04.000Z,Baleg DPR Rapat Harmonisasi RUU tentang Kekerasan Seksual dan RUU tentang Perkelapasawitan DPRLive,baleg DPR rapat harmonisasi RUU tentang kekerasan seksual dan RUU tentang perkelapasawitan dprlive,DPR baleg meeting to harmonize the bill on sexual violence and the bill on palm oil dprlive
930,2016-10-25T06:45:44.000Z,Forum Legislasi di Media Center DPR RI membahas tentang RUU BUMN dan PMN DPRLive,forum legislasi di media center DPR RI membahas tentang RUU BUMN dan PMN dprlive,the legislative forum at the DPR RI media center discussed the BUMN and PMN Bill dprlive
931,2016-10-25T06:28:12.000Z,Anggota DPR Sibuk Urus Pilkada Pembahasan RUU Molor via,anggota DPR sibuk urus pilkada pembahasan RUU molor via,"DPR members are busy taking care of the regional elections, discussion of the bill has been delayed via"
932,2016-10-25T04:41:34.000Z,Banggar DPR raker dengan Menteri Keuangan Menteri PPN Bappenas MenkumHAM Gub BI terkait Pembicaraan Tk I RUU APBN TA DPRLive,banggar DPR raker dengan menteri keuangan menteri PPN bappenas menkumham gub BI terkait pembicaraan tak i RUU APBN TA dprlive,"DPR members have a working meeting with the Minister of Finance, Minister of National Development Planning, Bappenas, Menkumham, Governor of BI regarding discussions on the TA APBN Bill, DPRLive"
933,2016-10-25T02:34:53.000Z,DPR Sahkan RUU ITE Pekan Depan JAKARTA Komisi I Dewan Perwakilan Rakyat DPR sepakat meloloskan Rancangan,DPR sahkan RUU ITE pekan depan JAKARTA komisi i dewan perwakilan rakyat DPR sepakat meloloskan rancangan,DPR approves ITE Bill next week JAKARTA commission i of the DPR's people's representative council agreed to pass the draft
934,2016-10-25T02:00:18.000Z,Agenda DPR Selasa Pukul WIB Baleg DPR Rapat Harmonisasi RUU Kekerasan Seksual RUU Perkelapasawitan agendaDPR,agenda DPR selasa pukul WIB baleg DPR rapat harmonisasi RUU kekerasan seksual RUU perkelapasawitan agendadpr,"DPR agenda, Tuesday at WIB, DPR baleg meeting on harmonization of sexual violence bill, palm oil bill, DPR agenda"
935,2016-10-25T01:00:41.000Z,Anggota DPR Sibuk Pilkada Pembahasan RUU Molor,anggota DPR sibuk pilkada pembahasan RUU molor,DPR members are busy with regional elections discussing the draft bill which has been delayed
936,2016-10-25T00:58:57.000Z,Faktor Kedisiplinan Anggota DPR dan pemerintah dalam pembahasan RUU Baik disiplin dalam waktu maupun substansi RUU Prolegnas,faktor kedisiplinan anggota DPR dan pemerintah dalam pembahasan RUU baik disiplin dalam waktu maupun substansi RUU prolegnas,"The discipline factor of members of the DPR and the government in discussing the bill, both discipline in terms of time and substance of the National Legislation Bill"
937,2016-10-24T14:15:04.000Z,Okky anggaran kesehatan telah sesuai amanat undang undang Anggota Komisi IX DPR RI Okky Asokawati mengemuka,okky anggaran kesehatan telah sesuai amanat undang undang anggota komisi IX DPR RI okky asokawati mengemuka,"Okky, the health budget is in accordance with the mandate of the law, member of Commission IX DPR RI, Okky Asokawati, came to the fore"
938,2016-10-24T14:12:33.000Z,infoSehat Okky anggaran kesehatan telah sesuai amanat undang undang Anggota Komisi IX DPR RI Ok Mojokerto,infosehat okky anggaran kesehatan telah sesuai amanat undang undang anggota komisi IX DPR RI ok mojokerto,infosehat okky the health budget is in accordance with the mandate of the law for members of Commission IX DPR RI ok mojokerto
939,2016-10-24T13:54:43.000Z,Anggota Komisi IX DPR RI Okky Asokawati mengemukakan alokasi anggaran kesehatan di era Pemerintahan Presiden,anggota komisi IX DPR RI okky asokawati mengemukakan alokasi anggaran kesehatan di era pemerintahan presiden,Member of Commission IX DPR RI Okky Asokawati stated the allocation of the health budget in the era of the presidential administration
940,2016-10-24T13:54:24.000Z,AntaraNews Okky anggaran kesehatan telah sesuai amanat undang undang Anggota Komisi IX DPR RI Okky Asokawa,antaranews okky anggaran kesehatan telah sesuai amanat undang undang anggota komisi IX DPR RI okky asokawa,"Antaranews Okky The health budget is in accordance with the mandate of the law, member of Commission IX of the DPR RI, Okky Asokawa"
941,2016-10-24T13:53:46.000Z,VenzTime Anggota Komisi IX DPR RI Okky Asokawati mengemukakan alokasi anggaran kesehatan di era Pemerintaha,venztime anggota komisi IX DPR RI okky asokawati mengemukakan alokasi anggaran kesehatan di era pemerintaha,Venztime member of Commission IX DPR RI Okky Asokawati stated the allocation of the health budget in the government era
942,2016-10-24T13:52:43.000Z,Okky anggaran kesehatan telah sesuai amanat undang undang Anggota Komisi IX DPR RI Okky Asokawati mengemukakan,okky anggaran kesehatan telah sesuai amanat undang undang anggota komisi IX DPR RI okky asokawati mengemukakan,"Okky, the health budget is in accordance with the mandate of the law, member of Commission IX DPR RI, Okky Asokawati said"
943,2016-10-24T13:46:33.000Z,Okky anggaran kesehatan telah sesuai amanat undang undang Anggota Komisi IX DPR RI Okky Asokawati mengemukak,okky anggaran kesehatan telah sesuai amanat undang undang anggota komisi IX DPR RI okky asokawati mengemukak,"Okky, the health budget is in accordance with the mandate of the law, member of Commission IX DPR RI, Okky Asokawati, said"
944,2016-10-24T12:29:08.000Z,Ketidakhadiran Anggota DPR Sebabkan RUU Prolegnas Terancam Gagal Dibahas nusantaranews,ketidakhadiran anggota DPR sebabkan RUU prolegnas terancam gagal dibahas nusantaranews,The absence of members of the DPR means that the National Legislation Bill is in danger of failing to be discussed nusantaranews
945,2016-10-24T11:32:55.000Z,Anggota DPR Sibuk Urus Pilkada Pembahasan RUU Molor Indonesia,anggota DPR sibuk urus pilkada pembahasan RUU molor indonesia,"DPR members are busy taking care of the regional elections, discussion of Indonesia's delayed bill"
946,2016-10-24T11:23:21.000Z,Penyampaian laporan kegiatan Pansus RUU Tindak Terorime di Badan Legislasi DPR RI,penyampaian laporan kegiatan pansus RUU tindak terorime di badan legislasi DPR RI,submission of reports on the activities of the special committee on the bill on terrorist acts in the DPR RI legislative body
947,2016-10-24T11:16:12.000Z,Anggota DPR Sibuk Urus Pilkada Pembahasan RUU Molor Ada RUU yang sudah molor dari batas waktu pembahas,anggota DPR sibuk urus pilkada pembahasan RUU molor ada RUU yang sudah molor dari batas waktu pembahas,"DPR members are busy taking care of the regional elections, discussion of bills has been delayed, there are bills that have been delayed by the deadline for discussion"
948,2016-10-24T11:05:32.000Z,Anggota DPR Sibuk Urus Pilkada Pembahasan RUU Molor Detikcom,anggota DPR sibuk urus pilkada pembahasan RUU molor detikcom,"DPR members are busy taking care of the regional elections, discussion of the bill has been delayed detikcom"
949,2016-10-24T11:05:26.000Z,Anggota DPR Sibuk Urus Pilkada Pembahasan RUU Molor Ada RUU yang sudah molor dari batas waktu pembahasa,anggota DPR sibuk urus pilkada pembahasan RUU molor ada RUU yang sudah molor dari batas waktu pembahasa,"DPR members are busy taking care of the regional elections, discussion of bills has been delayed, and there are bills that have been delayed by the deadline for discussion"
950,2016-10-24T11:05:13.000Z,Anggota DPR Sibuk Urus Pilkada Pembahasan RUU Molor Ada RUU yang sudah molor dari batas waktu p tzetta,anggota DPR sibuk urus pilkada pembahasan RUU molor ada RUU yang sudah molor dari batas waktu p tzetta,"DPR members are busy taking care of the regional elections, discussion of the bill has been delayed, there is a bill that has been delayed by the deadline for p tzetta"
951,2016-10-24T11:01:55.000Z,Anggota DPR Sibuk Urus Pilkada Pembahasan RUU Molor Ada RUU yang sudah molor dari batas waktu pembahasan,anggota DPR sibuk urus pilkada pembahasan RUU molor ada RUU yang sudah molor dari batas waktu pembahasan,"DPR members are busy taking care of the regional elections, discussion of bills has been delayed, and there are bills that have been delayed by the deadline for discussion"
952,2016-10-24T11:00:42.000Z,Anggota DPR Sibuk Urus Pilkada Pembahasan RUU Molor Ada RUU yang sudah molor dari batas BeritaTerbaru,anggota DPR sibuk urus pilkada pembahasan RUU molor ada RUU yang sudah molor dari batas beritaterbaru,"DPR members are busy taking care of the regional elections, discussion of the bill has been delayed, there are bills that have been delayed from the latest news deadline"
953,2016-10-24T11:00:41.000Z,BeritaNasional Anggota DPR Sibuk Urus Pilkada Pembahasan RUU Molor Ada RUU yang sudah molor dari batas,beritanasional anggota DPR sibuk urus pilkada pembahasan RUU molor ada RUU yang sudah molor dari batas,"National News: DPR members are busy taking care of the regional elections, discussion of the bill has been delayed, there is a bill that has been delayed beyond the deadline"
954,2016-10-24T11:00:16.000Z,INFO Anggota DPR Sibuk Urus Pilkada Pembahasan RUU Molor Ada RUU yang sudah molor dari batas waktu pem,INFO anggota DPR sibuk urus pilkada pembahasan RUU molor ada RUU yang sudah molor dari batas waktu pem,"INFO DPR members are busy taking care of the regional elections, discussion of the bill has been delayed, there are bills that have been delayed by the government's deadline"
955,2016-10-24T11:00:14.000Z,Ada RUU yang sudah molor dari batas waktu pembahasan di DPR Salah satu alasan yang dikemukakan adalah karena banyak anggota DPR ya,ada RUU yang sudah molor dari batas waktu pembahasan di DPR salah satu alasan yang dikemukakan adalah karena banyak anggota DPR ya,There is a bill that has been delayed from the deadline for discussion in the DPR. One of the reasons given is because there are many members of the DPR
956,2016-10-24T09:57:06.000Z,Sutrisno Pangaribuan Ambil Palu Pimpinan Sidang Rapat Paripurna DPRD Sumut Ricuh!,sutrisno pangaribuan ambil palu pimpinan sidang rapat paripurna DPRD sumut ricuh !,"Sutrisno Pangaribuan takes the gavel as chairman of the North Sumatra DPRD plenary session, chaos!"
957,2016-10-24T09:46:54.000Z,PEKANBARU Ruang Rapat Paripurna Dewan Perwakilan Rakyat Daerah DPRD Riau sudah dipadati ribuan pasang mat,PEKANBARU ruang rapat paripurna dewan perwakilan rakyat daerah DPRD riau sudah dipadati ribuan pasang mat,"PEKANBARU, the plenary meeting room of the regional people's representative council of the Riau DPRD was filled with thousands of pairs of mats"
958,2016-10-24T06:43:06.000Z,Acara reses Partai PKB di kemang selatan bersama anggota DPR PKB pusa,acara reses partai PKB di kemang selatan bersama anggota DPR PKB pusa,PKB party recess event in South Kemang with PKB Pusa DPR members
959,2016-10-24T04:07:49.000Z,Tetap semangat bang tetap jadi wakil rakyat Teladan MariBerbenah,tetap semangat bang tetap jadi wakil rakyat teladan mariberbenah,"Keep up the enthusiasm, bro, and continue to be an exemplary representative of the people, let's improve"
960,2016-10-24T03:56:27.000Z,DPR Pede Pembahasan RUU Pemilu Berlangsung Cepat DPR RI pede bisa menyelesaikan pembahasan RUU Pemilu secara cepat,DPR percaya diri pembahasan RUU pemilu berlangsung cepat DPR RI percaya diri dapat menyelesaikan pembahasan RUU pemilu secara cepat,The DPR is confident that the discussion of the election bill will proceed quickly. The DPR RI is confident that it can complete the discussion of the election bill quickly
961,2016-10-24T03:55:32.000Z,DPR RI pede bisa menyelesaikan pembahasan RUU Pemilu secara cepat,DPR RI percaya diri dapat menyelesaikan pembahasan RUU pemilu secara cepat,The DPR RI is confident that it can complete the discussion of the election bill quickly
962,2016-10-24T03:55:12.000Z,news DPR Pede Pembahasan RUU Pemilu Berlangsung Cepat DPR RI pede bisa menyelesaikan pembahasan RUU Pemilu,news DPR percaya diri pembahasan RUU pemilu berlangsung cepat DPR RI percaya diri dapat menyelesaikan pembahasan RUU pemilu,news DPR is confident that the discussion of the election bill will proceed quickly. The Republic of Indonesia's DPR is confident that it can complete the discussion of the election bill
963,2016-10-24T03:55:10.000Z,News DPR Pede Pembahasan RUU Pemilu Berlangsung Cepat DPR RI pede bisa menyelesaikan pembahasan RUU Pemilu,news DPR percaya diri pembahasan RUU pemilu berlangsung cepat DPR RI percaya diri dapat menyelesaikan pembahasan RUU pemilu,news DPR is confident that the discussion of the election bill will proceed quickly. The Republic of Indonesia's DPR is confident that it can complete the discussion of the election bill
964,2016-10-24T03:55:03.000Z,mexC DPR Pede Pembahasan RUU Pemilu Berlangsung Cepat DPR RI pede bisa menyelesaika t co macau_meximas,mexc DPR percaya diri pembahasan RUU pemilu berlangsung cepat DPR RI percaya diri dapat menyelesaika t cowok macau_meximas,mexc DPR is confident that the discussion of the election bill will proceed quickly. DPR RI is confident that it can complete t macau guy_meximas
965,2016-10-24T03:32:48.000Z,DPR Janji Respon Cepat Draf RUU Pemilu Yang Dikirim Pemerintah Wakil Ketua DPR RI Taufik Kurniawan menyambut baik,DPR janji respon cepat draf RUU pemilu yang dikirim pemerintah wakil ketua DPR RI taufik kurniawan menyambut baik,"The DPR promised a quick response to the draft election bill sent by the government, the deputy chairman of the Indonesian DPR, Taufik Kurniawan, welcomed it"
966,2016-10-23T05:47:58.000Z,Tgl Okt lalu Pemerintah mengajukan Draft RUU ttg Penyelenggaraan Pemilihan Umum ke DPR RI Pemilu Parpol Kecil Bubar,tanggal okt lalu pemerintah mengajukan draft RUU tentang penyelenggaraan pemilihan umum ke DPR RI pemilu parpol kecil bubar,Last October the government submitted a draft bill regarding the implementation of general elections to the DPR RI. The election for small political parties was disbanded
967,2016-10-22T22:49:18.000Z,Komisi VII akan melakukan sinkronisasi terlebih dulu,komisi VII akan melakukan sinkronisasi terlebih dulu,Commission VII will synchronize first
968,2016-10-22T13:43:34.000Z,Di RUU baru deradikalisasi sebaiknya diganti jadi disengagement,di RUU baru deradikalisasi sebaiknya diganti jadi disengagement,"In the new bill, deradicalization should be changed to disengagement"
969,2016-10-22T12:45:24.000Z,NU Dorong RUU Teroris Segera Dirampungkan,NU dorong RUU teroris segera dirampungkan,NU urges the terrorist bill to be completed immediately
970,2016-10-22T10:22:23.000Z,Revisi RUU ITE Disepakati Oleh Fraksi Komisi DPR RI Ke Rapat Paripurna,revisi RUU ITE disepakati oleh fraksi komisi DPR RI ke rapat paripurna,the revision of the ITE Bill was agreed upon by the DPR RI commission faction at the plenary meeting
971,2016-10-22T04:02:35.000Z,kenapa skg kalian bnyak diam terlalu byk kebijakan pmrth yg tdk lewati pertimbangan kalain DisfungsiWakilRakyat,kenapa sekarang kalian banyak diam terlalu banyak kebijakan pmrth yang tidak lewati pertimbangan kalain disfungsiwakilrakyat,Why are you so silent now? There are too many PMRT policies that have not gone through consideration because they are dysfunctional to the people's representatives
972,2016-10-22T03:46:42.000Z,jitunews Agus Hermanto Benarkan Draft RUU Pemilu Telah Diterima DPR Wakil Ketua DPR RI Agus beritapangan,jitunews agus hermanto benarkan draft RUU pemilu telah diterima DPR wakil ketua DPR RI agus beritapangan,"jitunews Agus Hermanto confirmed that the draft election bill had been received by the DPR, Deputy Chair of the Indonesian House of Representatives, Agus Beritapangan"
973,2016-10-22T03:46:32.000Z,jitunews Agus Hermanto Benarkan Draft RUU Pemilu Telah Diterima DPR Wakil Ketua DPR RI Ag beritalifestyle,jitunews agus hermanto benarkan draft RUU pemilu telah diterima DPR wakil ketua DPR RI ag beritalifestyle,"jitunews Agus Hermanto confirmed that the draft election bill had been received by the DPR, deputy chairman of the DPR RI, ag Beritalifestyle"
974,2016-10-22T00:14:26.000Z,LIVE! Anggota Komisi III yg jg Ketua Pansus RUU Terorisme M Syafii bicara DPR RI sepakat libatkan TNI dlm pemberantasan Terorisme,LIVE ! anggota komisi II yang juga ketua pansus RUU terorisme sama syafii bicara DPR RI sepakat libatkan TNI dalam pemberantasan terorisme,"LIVE! Member of Commission II who is also chairman of the special committee on the terrorism bill and Syafii, speaking at the Indonesian House of Representatives, agreed to involve the TNI in eradicating terrorism."
975,2016-10-21T22:13:40.000Z,DPR Sudah Terima Draf RUU Pemilu Wakil Ketua DPR RI Agus Hermanto mengatakan bahwa pihaknya sudah menerima,DPR sudah terima draf RUU pemilu wakil ketua DPR RI agus hermanto mengatakan bahwa pihaknya sudah menerima,"The DPR has received the draft election bill, the Deputy Chair of the DPR RI, Agus Hermanto, said that his party had received it"
976,2016-10-21T21:30:06.000Z,DPR Sudah Terima Draf RUU Pemilu Wakil Ketua DPR RI Agus Hermanto mengatakan infoTribun,DPR sudah terima draf RUU pemilu wakil ketua DPR RI agus hermanto mengatakan infotribun,"The DPR has received the draft bill on the election of the deputy chairman of the DPR RI, Agus Hermanto, said Infotribun"
977,2016-10-21T20:39:16.000Z,Tribun DPR Sudah Terima Draf RUU Pemilu Wakil Ketua DPR RI Agus Hermanto mengatakan bahwa pihaknya NewsToday,tribun DPR sudah terima draf RUU pemilu wakil ketua DPR RI agus hermanto mengatakan bahwa pihaknya newstoday,"The DPR tribune has received the draft bill on the election of the deputy chairman of the DPR RI, Agus Hermanto, who said that his party newstoday"
978,2016-10-21T20:11:37.000Z,KTweets Pembahasan RUU Penyandang Disabilitas Berjalan Lambat di DPR RI RUUDisabilitas,ktweets pembahasan RUU penyandang disabilitas berjalan lambat di DPR RI ruudisabilitas,ktweets Discussion of the Bill on Persons with Disabilities is progressing slowly in the DPR RI regarding disability issues
979,2016-10-21T14:59:53.000Z,DPR terima draf RUU Pemilu Wakil Ketua Dewan Perwakilan Rakyat Agus Hermanto mengatakan lembaga ini telah me,DPR terima draf RUU pemilu wakil ketua dewan perwakilan rakyat agus hermanto mengatakan lembaga ini telah me,"The DPR received the draft election bill, the deputy chairman of the People's Representative Council, Agus Hermanto, said that this institution had me"
980,2016-10-21T14:37:42.000Z,Ada halaman lebih RUU Tentang Penyelenggaraan Pemilihan Umum yg diserahkan oleh presiden ke,ada halaman lebih RUU tentang penyelenggaraan pemilihan umum yang diserahkan oleh presiden ke,there are more pages of the bill regarding the implementation of general elections submitted by the president to
981,2016-10-21T14:31:10.000Z,DPR Terima Draf RUU Pemilu Wakil Ketua Dewan Perwakilan Rakyat Agus Hermanto me Info,DPR terima draf RUU pemilu wakil ketua dewan perwakilan rakyat agus hermanto me info,"The DPR received the draft bill on the election of the deputy chairman of the People's Representative Council, Agus Hermanto Me Info"
982,2016-10-21T13:04:47.000Z,Knp para wakil rakyat diam saja? Mana tanggung jwb mrk yg tlh dipilh rakyat u mewakili menyuarakn aspirasi rakyat,kenapa para wakil rakyat diam saja ? mana tanggung jawab mereka yang tlh dipilh rakyat kamu mewakili menyuarakn aspirasi rakyat,"Why are the people's representatives silent? where is the responsibility of those who have been elected by the people, you represent voicing the aspirations of the people"
983,2016-10-21T13:01:33.000Z,DPR terima draf RUU Pemilu Wakil Ketua Dewan Perwakilan Rakyat Agus Hermanto mengatakan lembaga ini telah menerima,DPR terima draf RUU pemilu wakil ketua dewan perwakilan rakyat agus hermanto mengatakan lembaga ini telah menerima,"DPR receives draft election bill. Deputy chairman of the People's Representative Council, Agus Hermanto, said this institution had received it"
984,2016-10-21T12:45:17.000Z,Anggota DPR Minta Pemerintah Perkuat Kebijakan Ekonomi,anggota DPR meminta pemerintah perkuat kebijakan ekonomi,DPR members asked the government to strengthen economic policies
985,2016-10-21T12:36:35.000Z,Ambang batas atau parliamentary threshold dlm RUU Pemilu baru ini adalah dan hanya utk DPR RI tidak berlaku utk DPRD,ambang batas atau parliamentary threshold dalam RUU pemilu baru ini adalah dan hanya untuk DPR RI tidak berlaku untuk DPRD,The threshold or parliamentary threshold in this new election bill is and is only for the DPR RI and does not apply to the DPRD
986,2016-10-21T11:55:43.000Z,Telah disahkan UU Persetujuan Paris pada Senin Oktober melalui Rapat Paripurna DPR RI Sila diunduh,telah disahkan UU persetujuan paris pada senin oktober melalui rapat paripurna DPR RI sila diunduh,"The Paris Agreement Law was passed on Monday October through the DPR RI plenary session, please download"
987,2016-10-21T11:26:01.000Z,hny bs protes dan mengejek kebijakan appun yg dilakukan dan pdhaldia sndr g jls apa kelebihannya sbg,hanya dapat protes dan mengejek kebijakan appun yang dilakukan dan pdhaldia sendiri tidak jls apa kelebihannya sebagai,can only protest and ridicule whatever policies are being implemented and even though he himself doesn't know what the advantages are
988,2016-10-21T08:44:35.000Z,News Revisi UU ITE Disepakati ke Rapat Paripurna RUU Revisi UU ITE disetujui oleh Fraksi Komisi DPR RI TU,news revisi UU ITE disepakati ke rapat paripurna RUU revisi UU ITE disetujui oleh fraksi komisi DPR RI ITU,news the revision of the ITE Law was approved at the plenary session. The bill for the revision of the ITE Law was approved by the DPR RI ITU commission faction
989,2016-10-21T08:44:30.000Z,Revisi UU ITE Disepakati ke Rapat Paripurna RUU Revisi UU ITE disetujui oleh Fraksi Komisi DPR RI,revisi UU ITE disepakati ke rapat paripurna RUU revisi UU ITE disetujui oleh fraksi komisi DPR RI,the revision of the ITE Law was approved at the plenary session. The bill for the revision of the ITE Law was approved by the DPR RI commission faction
990,2016-10-21T08:44:14.000Z,News Revisi UU ITE Disepakati ke Rapat Paripurna RUU Revisi UU ITE disetujui oleh Fraksi Komisi DPR RI,news revisi UU ITE disepakati ke rapat paripurna RUU revisi UU ITE disetujui oleh fraksi komisi DPR RI,news the revision of the ITE Law was approved at the plenary session. The bill for the revision of the ITE Law was approved by the DPR RI commission faction
991,2016-10-21T01:41:59.000Z,Topik Kebijakan Satu Harga Bahan Bakar Minyak BBM Now perbincangan bersama Anggota Komisi VII DPR Ri,topik kebijakan satu harga bahan bakar minyak BBM now perbincangan bersama anggota komisi VII DPR ri,The topic of the policy of one fuel price is now a discussion with members of Commission VII DPR RI
992,2016-10-20T23:59:18.000Z,Radio ANDIKA Rancangan Undang Undang Pemilu RUU Pemilu akan segera dibahas di Dewan Perwakilan Rakyat,radio ANDIKA rancangan undang undang pemilu RUU pemilu akan segera dibahas di dewan perwakilan rakyat,ANDIKA radio draft election law The election bill will soon be discussed in the people's representative council
993,2016-10-20T14:32:58.000Z,DPR minta pemerintah segera serahkan draf RUU Pemilu Wakil Ketua DPR RI Agus Hermanto mendorong pemerintah s,DPR meminta pemerintah segera serahkan draf RUU pemilu wakil ketua DPR RI agus hermanto mendorong pemerintah si,"The DPR asked the government to immediately submit a draft bill on the election of the Deputy Chair of the Indonesian DPR, Agus Hermanto, to encourage the government"
994,2016-10-20T14:32:02.000Z,BKD Diharapkan Perkuat DPR Hasilkan Kebijakan Berbasis Akademis,BKD diharapkan perkuat DPR hasilkan kebijakan berbasis akademis,The BKD is expected to strengthen the DPR to produce academic-based policies
995,2016-10-20T14:19:04.000Z,Pansus DPR Setujui RUU Merek dan Indikasi Geografis,pansus DPR setujui RUU merek dan indikasi geografis,DPR special committee approves bill on brands and geographical indications
996,2016-10-20T12:03:39.000Z,Paket SABU SemuA Butuh Uang! Paket Kebijakan Ekonomi Dinilai Belum Efektif,paket SABU semua butuh uang ! paket kebijakan ekonomi dinilai belum efektif,SABU packages all need money! the economic policy package is considered to be ineffective
997,2016-10-20T11:05:25.000Z,Country risk! Segera Sidang Istimewa VIDEO Ribuan Mahasiswa Protes Kebijakan Jokowi,country risk ! segera sidang istimewa VIDEO ribuan mahasiswa protes kebijakan jokowi,country risk! special session soon VIDEO of thousands of students protesting Jokowi's policies
998,2016-10-20T10:51:14.000Z,Puji Tuhan! Tinggal satu tahap di Rapat Paripurna utk menjadi UU Perubahan UU ITE Terima kasih Komisi !,puji tuhan ! tinggal satu tahap di rapat paripurna untuk menjadi UU perubahan UU ITE terima kasih komisi !,"Praise the Lord ! There is only one stage left in the plenary session to become a law amending the ITE Law, thank you commission!"
999,2016-10-20T10:47:30.000Z,DPR minta pemerintah segera serahkan draf RUU Pemilu Wakil Ketua DPR RI Agus Hermanto mendorong pemerintah se,DPR meminta pemerintah segera serahkan draf RUU pemilu wakil ketua DPR RI agus hermanto mendorong pemerintah se,"The DPR asked the government to immediately submit a draft bill on the election of the Deputy Chair of the Indonesian DPR, Agus Hermanto, encouraged the government to se"
1000,2016-10-20T10:21:43.000Z,Pengesahan RUU tentang Perubahan atas UU No Tahun tentang I T E,pengesahan RUU tentang perubahan atas UU no tahun tentang i t e,ratification of the Bill regarding amendments to Law no year concerning i t e
1001,2016-10-20T10:10:38.000Z,DPR minta pemerintah segera serahkan draf RUU Pemilu Wakil Ketua DPR RI Agus Hermanto mendorong pemerintah segera,DPR meminta pemerintah segera serahkan draf RUU pemilu wakil ketua DPR RI agus hermanto mendorong pemerintah segera,"The DPR asked the government to immediately submit a draft bill on the election to the deputy chairman of the DPR RI, Agus Hermanto encouraged the government to immediately"
1002,2016-10-20T10:04:48.000Z,TyoNews DPR minta pemerintah segera serahkan draf RUU Pemilu Wakil Ketua DPR RI Agus Hermanto mendoro News,tyonews DPR meminta pemerintah segera serahkan draf RUU pemilu wakil ketua DPR RI agus hermanto mendoro news,"tyonews The DPR asked the government to immediately submit a draft bill on the election of the Deputy Speaker of the Indonesian DPR, Agus Hermanto Mendoro News"
1003,2016-10-20T10:03:32.000Z,Wakil Ketua DPR RI Agus Hermanto mendorong pemerintah segera menyerahkan draf Rancangan Undang Undang RUU P,wakil ketua DPR RI agus hermanto mendorong pemerintah segera menyerahkan draf rancangan undang undang RUU p,"Deputy Chairman of the Republic of Indonesia's DPR, Agus Hermanto, encouraged the government to immediately submit a draft law on Bill p"
1004,2016-10-20T10:01:39.000Z,DPR minta pemerintah segera serahkan draf RUU Pemilu Wakil Ketua DPR RI Agus Hermanto mendorong pemerinta RT,DPR meminta pemerintah segera serahkan draf RUU pemilu wakil ketua DPR RI agus hermanto mendorong pemerinta RT,"The DPR asked the government to immediately submit a draft bill on the election of the Deputy Chair of the Indonesian DPR, Agus Hermanto, to encourage the RT government"
1005,2016-10-20T10:01:37.000Z,antaranews DPR minta pemerintah segera serahkan draf RUU Pemilu Wakil Ketua DPR RI Agus Hermanto mendorong,antaranews DPR meminta pemerintah segera serahkan draf RUU pemilu wakil ketua DPR RI agus hermanto mendorong,"Antaranews The DPR asked the government to immediately submit a draft bill for the election of the Deputy Chair of the Indonesian DPR, Agus Hermanto encouraged"
1006,2016-10-20T09:55:52.000Z,seharusnya anggota dewan wakil rakyat mendengar dan memperjuangkan aspirasi rakyat,seharusnya anggota dewan wakil rakyat mendengar dan memperjuangkan aspirasi rakyat,Members of the People's Representative Council should listen and fight for the aspirations of the people
1007,2016-10-20T09:23:02.000Z,Menteri menandatangani naskah RUU Revisi UU ITE di Raker Komisi sore ini Kamis,menteri menandatangani naskah RUU revisi UU ITE di raker komisi sore ini kamis,"The minister signed the draft bill for the revision of the ITE Law at the commission meeting this afternoon, Thursday"
1008,2016-10-20T09:18:37.000Z,Menteri baru sj menyampaikan Tanggapan Akhir Pemerintah atas RUU Revisi UU ITE di Raker Komisi,menteri baru saja menyampaikan tanggapan akhir pemerintah atas RUU revisi UU ITE di raker komisi,The minister has just delivered the government's final response to the draft revision of the ITE Law at the commission meeting
1009,2016-10-20T09:06:54.000Z,Dgn demikian Fraksi menyetujui menerima naskah final RUU Revisi UU ITE akan dibawa ke Rapat Paripurna,dengan demikian fraksi menyetujui menerima naskah final RUU revisi UU ITE akan dibawa ke rapat paripurna,"Thus, the faction agreed to accept the final draft of the ITE Law revision bill which will be brought to the plenary meeting"
1010,2016-10-20T09:05:26.000Z,Fraksi Hanura sambut baik muatan materi the right to be forgotten dlm RUU Revisi UU ITE setuju ke Paripurna cc,fraksi hanura sambut baik muatan materi the right tetapi be forgotten dalam RUU revisi UU ITE setuju ke paripurna cc,Hanura faction welcomes the content of the right but forgotten material in the ITE Law revision bill agrees to plenary session CC
1011,2016-10-20T09:02:42.000Z,Fraksi Partai Nasdem menilai Naskah RUU Revisi UU ITE sdh menjawab kegelisahan publik setuju utk dibawa ke Paripurna,fraksi partai nasdem menilai naskah RUU revisi UU ITE sudah menjawab kegelisahan publik setuju untuk dibawa ke paripurna,The Nasdem party faction assesses that the text of the ITE Law revision bill has answered public concerns and agreed to be brought to plenary
1012,2016-10-20T08:55:15.000Z,Fraksi PPP setuju muatan materi RUU Revisi UU ITE setuju utk dibawa ke Rapat Paripurna cc,fraksi PP setuju muatan materi RUU revisi UU ITE setuju untuk dibawa ke rapat paripurna cc,The PP faction agreed that the material content of the ITE Law revision bill was agreed to be brought to the CC plenary meeting
1013,2016-10-20T08:37:23.000Z,Dadang Ingatkan Anggota DPR Jangan Bicarakan Hal Sensitif Saat Rapat Paripurna Jangan bicara yang sensitif,dadang ingatkan anggota DPR jangan bicarakan hal sensitif saat rapat paripurna jangan bicara yang sensitif,Dadang reminded DPR members not to talk about sensitive matters during the plenary session
1014,2016-10-20T08:27:30.000Z,Fraksi Demokrat juga sepakat Naskah RUU Revisi UU ITE utk di bawah ke Pembicaraan tingkat II cc,fraksi demokrat juga sepakat naskah RUU revisi UU ITE untuk di bawah ke pembicaraan tingkat II cc,The Democratic faction also agreed that the text of the bill for the revision of the ITE Law would be submitted to level II cc discussions
1015,2016-10-20T08:10:57.000Z,Saat ini sdg berlangsung Raker Komisi dgn Menkominfo Kemkumham utk persetujuan tingkat RUU Revisi UU ITE,saat ini sedang berlangsung raker komisi dengan menkominfo kemkumham untuk persetujuan tingkat RUU revisi UU ITE,"Currently, a commission meeting is underway with the Minister of Communication and Information, Ministry of Justice and Human Rights to approve the revision of the ITE Law revision bill"
1016,2016-10-20T07:39:33.000Z,DPR Sahkan Perjanjian Paris Menjadi Undang Undang DPR RI akhirnya menyetujui RU via,DPR sahkan perjanjian paris menjadi undang undang DPR RI akhirnya menyetujui RU via,DPR ratifies the Paris agreement into law. The DPR RI finally approves RU via
1017,2016-10-20T06:53:35.000Z,Anggota DPR Diminta Tidak Bicarakan SARA saat Rapat Paripurna,anggota DPR diminta tidak bicarakan SARA saat rapat paripurna,DPR members were asked not to discuss SARA during plenary meetings
1018,2016-10-20T06:42:38.000Z,Selanjutnya mengunjungi Ruang Rapat Paripurna DPR RI pada sesi ini dijelaskan sejarah dari gedung parlemen DPR RI KenalDPR,selanjutnya mengunjungi ruang rapat paripurna DPR RI pada sesi ini dijelaskan sejarah dari gedung parlemen DPR RI kenaldpr,"Next, we visited the DPR RI plenary meeting room. In this session, the history of the DPR RI parliament building was explained"
1019,2016-10-20T06:02:12.000Z,DPR RI akhirnya menyetujui RUU tentang Ratifikasi Perjanjian Paris atas Konvensi Kerangka Kerja Perserikatan,DPR RI akhirnya menyetujui RUU tentang ratifikasi perjanjian paris atas konvensi kerangka kerja perserikatan,The DPR RI finally approved the bill regarding ratification of the Paris Agreement on the Union Framework Convention
1020,2016-10-20T04:50:28.000Z,Hanya dalam sepekan selesaikan RUU itu karena mau dibawa Presiden ke pertemuan berikutnya LegislasiJokowi,hanya dalam sepekan selesaikan RUU itu karena mau dibawa presiden ke pertemuan berikutnya legislasijokowi,"In just a week, complete the bill because the president wants to take it to Jokowi's next legislative meeting"
1021,2016-10-20T04:21:41.000Z,Pansus RUU Pemberantasan Tindak Pidana Terorisme DPR RDP dengan Kemenlu Kementerian Pertahanan terkait masukan RUU Terorisme DPRLive,pansus RUU pemberantasan tindak pidana terorisme DPR RDP dengan kemenlu kementerian pertahanan terkait masukan RUU terorisme dprlive,special committee on the bill on eradicating criminal acts of terrorism DPR RDP with the Ministry of Foreign Affairs Ministry of Defense regarding input on the DPR Live terrorism bill
1022,2016-10-20T03:39:03.000Z,kgiatannya masukin anggaran yg bisa ditilep Mencela kebijakan pemerintah,kgiatannya memasuki anggaran yang dapat ditilep mencela kebijakan pemerintah,his activities entered the budget which could be seen as criticizing government policy
1023,2016-10-20T03:01:02.000Z,Nanti Setelah Reses Ruhut Sitompul Mundur Dari DPR RI,nanti setelah reses ruhut sitompul mundur dari DPR RI,"Later, after the recess, Ruhut Sitompul will resign from the DPR RI"
1024,2016-10-20T02:23:32.000Z,tentang perubahan kedua Undang Undang Nomor Tahun tentang Perlindungan Anak PahamiPerppuKebiri cc,tentang perubahan kedua undang undang nomor tahun tentang perlindungan anak pahamiperppukebiri cc,regarding the second amendment to law number year concerning child protection understandperppukebiri cc
1025,2016-10-20T02:14:13.000Z,Wagub Sudikerta Terima Baleg DPR RI Serap Aspirasi Terkait RUU Kekarantinaan Kesehatan,wagub sudikerta terima baleg DPR RI serap aspirasi terkait RUU kekarantinaan kesehatan,Deputy Governor Sudikerta accepts DPR RI legislative council to absorb aspirations regarding the health quarantine bill
1026,2016-10-20T01:38:05.000Z,Anggota Komisi VII DPR Kurtubi Apresiasi Kebijakan BBM Satu Harga,anggota komisi VII DPR kurtubi apresiasi kebijakan BBM satu harga,DPR Commission VII member Kurtubi appreciates the one price fuel policy
1027,2016-10-20T01:34:54.000Z,Paripurna DPR Sahkan RUU Perubahan Iklim Menjadi Undang Undang,paripurna DPR sahkan RUU perubahan iklim menjadi undang undang,DPR plenary ratifies the climate change bill into law
1028,2016-10-20T00:48:17.000Z,Kebijakan Harga BBM Sama Di Papua Dan Jawa Didukung Anggota DPR Jakarta Harga bahan bakar minyak BBM di,kebijakan harga BBM sama di papua dan jawa didukung anggota DPR jakarta harga bahan bakar minyak BBM di,The same fuel price policy in Papua and Java is supported by members of the Jakarta DPR. The price of fuel oil in
1029,2016-10-20T00:10:05.000Z,Kurtubi Kebijakan BBM Satu Harga Berdampak Positif Anggota Komisi VII DPR RI Kurtubi mengapresiasi kebijaka,kurtubi kebijakan BBM satu harga berdampak positif anggota komisi VII DPR RI kurtubi mengapresiasi kebijaka,Kurtubi's one price fuel policy has had a positive impact. Member of Commission VII DPR RI Kurtubi appreciates the policy
1030,2016-10-20T00:00:48.000Z,Anggota Komisi VII DPR RI Kurtubi mengapresiasi kebijakan Presiden Joko Widodo yang menyeragamkan harga Bahan,anggota komisi VII DPR RI kurtubi mengapresiasi kebijakan presiden joko widodo yang menyeragamkan harga bahan,Member of Commission VII DPR RI Kurtubi appreciates President Joko Widodo's policy of uniforming material prices
1031,2016-10-19T23:42:10.000Z,DPR RI Akan Sahkan RUU Merek dan Indikasi Geografis,DPR RI akan sahkan RUU merek dan indikasi geografis,The Republic of Indonesia's DPR will ratify the Draft Bill on Brands and Geographical Indications
1032,2016-10-19T16:29:23.000Z,Usai Reses Ruhut Mundur sebagai Anggota DPR RI,usai reses ruhut mundur sebagai anggota DPR RI,"After the chaotic recess, he resigned as a member of the DPR RI"
1033,2016-10-19T15:20:37.000Z,Terimakasih Indonesia Sahkan Paris Agreement Jadi Undang Undang,terimakasih indonesia sahkan paris agreement jadi undang undang,"Thank you, Indonesia ratifies the Paris Agreement as law"
1034,2016-10-19T15:14:39.000Z,Ruhut Sitompul Akan Mundur sebagai Anggota DPR Setelah Reses,ruhut sitompul akan mundur sebagai anggota DPR setelah reses,Ruhut Sitompul will step down as a member of the DPR after the recess
1035,2016-10-19T15:04:31.000Z,Ruhut Sitompul Akan Mundur sebagai Anggota DPR setelah Reses Ruhut Sitompul akan mundur dari keanggotaanya d,ruhut sitompul akan mundur sebagai anggota DPR setelah reses ruhut sitompul akan mundur dari keanggotaanya di,Ruhut Sitompul will resign as a member of the DPR after the recess. Ruhut Sitompul will resign from his membership in
1036,2016-10-19T15:04:29.000Z,News Ruhut Sitompul Akan Mundur sebagai Anggota DPR Setelah Reses followMe follback,news ruhut sitompul akan mundur sebagai anggota DPR setelah reses followme follback,news Ruhut Sitompul will step down as member of the DPR after the recess followme follback
1037,2016-10-19T15:03:12.000Z,Ruhut Sitompul Akan Mundur sebagai Anggota DPR setelah Reses RLNews,ruhut sitompul akan mundur sebagai anggota DPR setelah reses rlnews,Ruhut Sitompul will resign as a member of the DPR after the rlnews recess
1038,2016-10-19T15:03:07.000Z,Ruhut Sitompul akan mundur dari keanggotaanya di Dewan Perwakilan Rakyat DPR setelah masa reses,ruhut sitompul akan mundur dari keanggotaanya di dewan perwakilan rakyat DPR setelah masa reses,Ruhut Sitompul will resign from his membership in the People's Representative Council of the DPR after the recess
1039,2016-10-19T15:03:01.000Z,Ruhut Sitompul Akan Mundur sebagai Anggota DPR setelah Reses,ruhut sitompul akan mundur sebagai anggota DPR setelah reses,Ruhut Sitompul will step down as a member of the DPR after the recess
1040,2016-10-19T15:02:51.000Z,news Ruhut Sitompul Akan Mundur sebagai Anggota DPR setelah Reses Ruhut Sitompul akan mundur dari keanggota,news ruhut sitompul akan mundur sebagai anggota DPR setelah reses ruhut sitompul akan mundur dari keanggota,news Ruhut Sitompul will resign as a member of the DPR after the recess. Ruhut Sitompul will resign as a member
1041,2016-10-19T15:02:49.000Z,News Ruhut Sitompul Akan Mundur sebagai Anggota DPR setelah Reses Ruhut Sitompul akan mundur dari keanggota,news ruhut sitompul akan mundur sebagai anggota DPR setelah reses ruhut sitompul akan mundur dari keanggota,news Ruhut Sitompul will resign as a member of the DPR after the recess. Ruhut Sitompul will resign as a member
1042,2016-10-19T15:01:30.000Z,BeritaIndonesia Ruhut Sitompul Akan Mundur sebagai Anggota DPR Setelah Reses Via,beritaindonesia ruhut sitompul akan mundur sebagai anggota DPR setelah reses via,Beritaindonesia Ruhut Sitompul will step down as member of the DPR after the recess via
1043,2016-10-19T15:00:40.000Z,RT Ruhut Sitompul Akan Mundur sebagai Anggota DPR setelah Reses SEBHEUPDATE,RT ruhut sitompul akan mundur sebagai anggota DPR setelah reses SEBHEUPDATE,RT Ruhut Sitompul will resign as a member of the DPR after the SEBHEUPDATE recess
1044,2016-10-19T13:40:47.000Z,Mengecewakan melihat lebih dari setengah anggota DPR tidak hadir dlm Rapat Paripurna utk membahas Perjanjian Paris hari ini climatechange,mengecewakan melihat lebih dari setengah anggota DPR tidak hadir dalam rapat paripurna untuk membahas perjanjian paris hari ini climatechange,It was disappointing to see that more than half of the DPR members were not present at the plenary meeting to discuss today's Paris Climate Change Agreement
1045,2016-10-19T13:37:18.000Z,kami tak peduli dng alasan anda kalian anggota DPR kami rakyat yg gajiin jd masa RUU prmilu aj lambat kerjamu ap?,kami tak peduli dengan alasan anda kalian anggota DPR kami rakyat yang gajiin jadi masa RUU prmilu saja lambat kerjamu ap ?,"We don't care about your reasons, you are members of the DPR, we are the people who pay salaries, so during the election bill, your work is slow, isn't it?"
1046,2016-10-19T13:07:33.000Z,Sidang Paripurna pengambilan keputusan thdp RUU ttg pengesahan persetujuan Paris atas Konvensi Kerangka Kerja PBB,sidang paripurna pengambilan keputusan terhadap RUU tentang pengesahan persetujuan paris atas konvensi kerangka kerja PBB,plenary session to make a decision on the bill on ratifying the Paris Agreement on the UN Framework Convention
1047,2016-10-19T11:09:01.000Z,Pernyataan sikap anggota DPR RI Al Muzammil Yusuf terhadap penistaan AlMaidah pada Rapat Paripurna hari ini,pernyataan sikap anggota DPR RI al muzammil yusuf terhadap penistaan almaidah pada rapat paripurna hari ini,Indonesian DPR member Al Muzammil Yusuf's statement regarding the blasphemy of Almaidah at today's plenary session
1048,2016-10-19T10:28:36.000Z,Desak Pemerintah Cepat Selesaikan RUU Pemilu,desak pemerintah cepat selesaikan RUU pemilu,urge the government to quickly complete the election bill
1049,2016-10-19T08:50:05.000Z,Ruhut Sitompul akan Mundur dari DPR RI Paska Reses,ruhut sitompul akan mundur dari DPR RI paska reses,Ruhut Sitompul will resign from the DPR RI after the recess
1050,2016-10-19T08:11:16.000Z,Komisi VI DPR Rapat Kerja dengan Menteri Koperasi UKM Menteri Keuangan MenkumHAM terkait RUU Pengkoperasian Perdagangan DPRLive,komisi VI DPR rapat kerja dengan menteri koperasi UKM menteri keuangan menkumham terkait RUU pengkoperasian perdagangan dprlive,"DPR Commission VI working meeting with the Minister of Cooperatives, SMEs, Minister of Finance, Minister of Law and Human Rights regarding the DPRlive Trade Cooperative Bill"
1051,2016-10-19T07:46:44.000Z,Anggota DPR Dukung Kebijakan Harga BBM Sama di Papua dan Jawa Pertamina bisa menerapkan subsidi silang di,anggota DPR dukung kebijakan harga BBM sama di papua dan jawa pertamina dapat menerapkan subsidi silang di,"DPR members support same fuel price policy in Papua and Java, Pertamina can implement cross subsidies in"
1052,2016-10-19T07:45:24.000Z,Anggota DPR Dukung Kebijakan Harga BBM Sama di Papua dan Jawa Pertamina bisa menera BatikBontang,anggota DPR dukung kebijakan harga BBM sama di papua dan jawa pertamina dapat menera batikbontang,"DPR members support the same fuel price policy in Papua and Java, Pertamina can improve Batikbontang"
1053,2016-10-19T07:45:12.000Z,Anggota DPR Dukung Kebijakan Harga BBM Sama di Papua dan Jawa,anggota DPR dukung kebijakan harga BBM sama di papua dan jawa,DPR members support the same fuel price policy in Papua and Java
1054,2016-10-19T06:48:42.000Z,Anggota DPR Minta Pemerintah Segera Serahkan RUU Pemilu otonomi nasional,anggota DPR meminta pemerintah segera serahkan RUU pemilu otonomi nasional,DPR members asked the government to immediately submit a national autonomy election bill
1055,2016-10-19T06:06:16.000Z,Rapat Paripurna Hari Ini Anggota DPR yang Tak Hadir,rapat paripurna hari ini anggota DPR yang tak hadir,"Today's plenary session, members of the DPR were not present"
1056,2016-10-19T05:57:07.000Z,DPR Sahkan RUU Persetujuan Paris tentang Perubahan Iklim jadi UU DPR RI menyetujui RUU tentang Persetujuan P,DPR sahkan RUU persetujuan paris tentang perubahan iklim jadi UU DPR RI menyetujui RUU tentang persetujuan p,DPR ratifies Paris agreement bill on climate change into law The Republic of Indonesia's DPR approves the bill on agreement p
1057,2016-10-19T05:19:18.000Z,Mau tanya pak Menteri bolehkah Kantor Kelurahan dipakai buat Reses Anggota DPRD ? cc terimakasih,mau tanya pak menteri bolehkah kantor kelurahan dipakai buat reses anggota DPRD ? cc terimakasih,"I want to ask, Minister, can sub-district offices be used for recess for DPRD members? cc thank you"
1058,2016-10-19T05:12:11.000Z,Ambassades RT Selamat atas disahkannya RUU Pengesahan Paris Agreement to the United,ambassades RT selamat atas disahkannya RUU pengesahan paris agreement tetapi the united,RT ambassadors congratulations on the passing of the bill ratifying the Paris Agreement but the United
1059,2016-10-19T04:56:54.000Z,Pemerintah Didesak Masukkan Draf RUU Pemilu ke DPR Dewan Perwakilan Rakyat,pemerintah didesak masukkan draf RUU pemilu ke DPR dewan perwakilan rakyat,"The government is being urged to submit the draft election bill to the DPR, the People's Representative Council"
1060,2016-10-19T04:36:51.000Z,Rapat Paripurna DPR Ke Masa Persidang I Tahun Sidang telah selesai Terima kasih ParipurnaLive,rapat paripurna DPR ke masa persidang i tahun sidang telah selesai terima kasih paripurnalive,"DPR plenary session to the first session of the year, the session has finished, thank you, plenary live"
1061,2016-10-19T04:31:36.000Z,Selamat atas disahkannya RUU Pengesahan Paris Agreement to the United Nations Framework Convention on Climate Change jadi UU ParipurnaLive,selamat atas disahkannya RUU pengesahan paris agreement tetapi the united nations framework convention on climate change jadi UU paripurnalive,Congratulations on the passing of the bill ratifying the Paris Agreement but the United Nations Framework Convention on Climate Change has become a plenary law
1062,2016-10-19T04:10:28.000Z,Paripurna Bahas Perjanjian Paris Anggota DPR Tak Hadir Saat bel tanda rapat paripurna dimulai ada,paripurna bahas perjanjian paris anggota DPR tak hadir saat bel tanda rapat paripurna dimulai ada,plenary session discussing the Paris agreement DPR members were not present when the bell signaled the start of the plenary session
1063,2016-10-19T04:08:14.000Z,Paripurna Bahas Perjanjian Paris Anggota DPR Tak Hadir Saat bel tanda rapat paripurna dimulai a,paripurna bahas perjanjian paris anggota DPR tak hadir saat bel tanda rapat paripurna dimulai a,plenary session discusses the Paris agreement DPR members are not present when the bell signals the start of the plenary session a
1064,2016-10-19T03:57:35.000Z,Wakil Ketua DPR RI Dr Agus Hermanto Memimpin Rapat Paripurna DPR RI Ke Masa Persidangan I Tahun Sidang agendaDPR,wakil ketua DPR RI dari agus hermanto memimpin rapat paripurna DPR RI ke masa persidangan i tahun sidang agendadpr,"The deputy chairman of the DPR RI, Agus Hermanto, chaired the plenary session of the DPR RI during the first session of the DPR agenda session"
1065,2016-10-19T03:44:07.000Z,Tugas DPR RI Baleg menyelesaikan RUU Karantina Kesehatan Mauliate Horas Shalom,tugas DPR RI baleg menyelesaikan RUU karantina kesehatan mauliate horas shalom,The DPR RI's task is to finalize the health quarantine bill Mauliate Horas Shalom
1066,2016-10-19T03:43:52.000Z,LANGSUNG di Periscope Rapat Paripurna DPR Ke Masa Persidangan I Tahun Sidang ParipurnaLive,LANGSUNG di periscope rapat paripurna DPR ke masa persidangan i tahun sidang paripurnalive,LIVE on periscope of the DPR plenary session to the first session of the plenary session year live
1067,2016-10-19T03:30:31.000Z,DPR RI akhirnya menyepakati naskah RUU Pengesahan Persetujuan Paris Atas Konvensi Kerangka Kerja Persatuan,DPR RI akhirnya menyepakati naskah RUU pengesahan persetujuan paris atas konvensi kerangka kerja persatuan,The DPR RI finally agreed on the text of the bill ratifying the Paris Agreement on the Unity Framework Convention
1068,2016-10-19T02:23:00.000Z,telah meminta masukan banyak pihak untuk pelibatan TNI dalam pemberantasan terorisme,telah meminta masukan banyak pihak untuk pelibatan TNI dalam pemberantasan terorisme,has asked for input from many parties regarding the involvement of the TNI in eradicating terrorism
1069,2016-10-19T02:22:09.000Z,Agenda DPR Rabu Pukul WIB Pansus RUU Merek Rapat Kerja dengan MenkumHAM dan Menteri Perdagangan agendaDPR,agenda DPR rabu pukul WIB pansus RUU merek rapat kerja dengan menkumham dan menteri perdagangan agendadpr,"DPR agenda, Wednesday at WIB, the special committee on the draft bill has a working meeting with the Minister of Law and Human Rights and the Minister of Trade, DPR agenda"
1070,2016-10-19T02:18:33.000Z,Agenda DPR Rabu Pukul WIB Banggar DPR Rapat Panja Draft RUU APBN TA agendaDPR,agenda DPR rabu pukul WIB banggar DPR rapat panja draft RUU APBN TA agendadpr,"DPR agenda for Wednesday at WIB, DPR will hold a working committee meeting on the draft APBN TA bill, agenda for the DPR"
1071,2016-10-19T02:17:32.000Z,Target pengesahan draft Maret banyak resikonya Dr Ir Hetifah Sjaifudian MPP Kom DPR RI,target pengesahan draft maret banyak resikonya dari ir hetifah sjaifudian MPP kom DPR RI,The target of ratifying the March draft has many risks from IR Hetifah Sjaifudian MPP Kom DPR RI
1072,2016-10-19T00:16:31.000Z,Agenda Rabu Oktober Pukul Rapat Paripurna DPR RI MP I TS,agenda rabu oktober pukul rapat paripurna DPR RI MP i TS,agenda for Wednesday October at the plenary session of the DPR RI MP i TS
1073,2016-10-18T21:09:01.000Z,Anggota DPR sipil dinilai perlu terlibat pembahasan RUU Antiterorisme Anggota Pansus RUU Antiterorisme DPR,anggota DPR sipil dinilai perlu terlibat pembahasan RUU antiterorisme anggota pansus RUU antiterorisme DPR,"Civilian DPR members are deemed to need to be involved in discussing the anti-terrorism bill, members of the DPR's anti-terrorism bill special committee"
1074,2016-10-18T15:05:39.000Z,Politisi PKS Khawatir Amerika Tunggani Pembentukan RUU Anti Terorisme Anggota Komisi III DPR RI Nasir Djami,politisi PKS khawatir amerika tunggani pembentukan RUU anti terorisme anggota komisi II DPR RI nasir djami,"PKS politicians are worried that America will step in to create an anti-terrorism bill, member of Commission II of the Indonesian House of Representatives, Nasir Djami"
1075,2016-10-18T14:26:06.000Z,Anggota DPR sipil dinilai perlu terlibat pembahasan RUU Antiterorisme,anggota DPR sipil dinilai perlu terlibat pembahasan RUU antiterorisme,Civilian DPR members are deemed to need to be involved in discussing the anti-terrorism bill
1076,2016-10-18T14:04:15.000Z,Kebijakan Satu Harga BBM Mampu Ciptakan Pemerataan di NKRI Komisi XI DPR RI menyambut baik langkah Presiden,kebijakan satu harga BBM mampu ciptakan pemerataan di NKRI komisi XI DPR RI menyambut baik langkah presiden,The one fuel price policy is able to create equality in the Republic of Indonesia. Commission XI DPR RI welcomed the president's move
1077,2016-10-18T12:44:08.000Z,Wagub Sudikerta Terima Baleg DPR RI Serap Aspirasi Terkait RUU Kekarantinaan Kesehatan via,wagub sudikerta terima baleg DPR RI serap aspirasi terkait RUU kekarantinaan kesehatan via,Deputy Governor Sudikerta accepts the legislative assembly of the DPR RI to absorb aspirations regarding the health quarantine bill via
1078,2016-10-18T12:31:31.000Z,Anggota DPR Sipil dinilai perlu terlibat pembahasan RUU Antiterorisme,anggota DPR sipil dinilai perlu terlibat pembahasan RUU antiterorisme,Civilian DPR members are deemed to need to be involved in discussing the anti-terrorism bill
1079,2016-10-18T12:28:05.000Z,Baleg DPR RI Datangi Unair Bahas Soal RUU Karantinaan Kesehatan,baleg DPR RI datangi unair bahas soal RUU karantinaan kesehatan,DPR RI baleg visited Unair to discuss the health quarantine bill
1080,2016-10-18T11:58:12.000Z,Anggota DPR sipil dinilai perlu terlibat pembahasan RUU Antiterorisme Indonesia,anggota DPR sipil dinilai perlu terlibat pembahasan RUU antiterorisme indonesia,Civilian DPR members are deemed to need to be involved in discussing the Indonesian anti-terrorism bill
1081,2016-10-18T11:39:16.000Z,Anggota DPR sipil dinilai perlu terlibat pembahasan RUU Antiterorisme Politik,anggota DPR sipil dinilai perlu terlibat pembahasan RUU antiterorisme politik,Civilian DPR members are deemed to need to be involved in discussing the political anti-terrorism bill
1082,2016-10-18T11:38:00.000Z,Anggota DPR sipil dinilai perlu terlibat pembahasan RUU Antiterorisme Anggota Pansus R RanoKarnoHRSMundur,anggota DPR sipil dinilai perlu terlibat pembahasan RUU antiterorisme anggota pansus r ranokarnohrsmundur,"Civilian DPR members are deemed to need to be involved in discussing the anti-terrorism bill, special committee member R Ranokarnohrsmundur"
1083,2016-10-18T11:36:13.000Z,Anggota DPR sipil dinilai perlu terlibat pembahasan RUU Antiterorisme politik,anggota DPR sipil dinilai perlu terlibat pembahasan RUU antiterorisme politik,Civilian DPR members are deemed to need to be involved in discussing the political anti-terrorism bill
1084,2016-10-18T11:31:20.000Z,Anggota Pansus RUU Antiterorisme DPR dari Fraksi Golkar Bobby Adhityo Rizaldi mengatakan masyarakat sipil pe,anggota pansus RUU antiterorisme DPR dari fraksi golkar bobby adhityo rizaldi mengatakan masyarakat sipil pe,"member of the DPR's anti-terrorism bill special committee from the Golkar faction, Bobby Adhityo Rizaldi, said civil society pe"
1085,2016-10-18T11:30:22.000Z,catatantanganeza Anggota DPR sipil dinilai perlu terlibat pembahasan RUU Antiterorisme,catatantanganeza anggota DPR sipil dinilai perlu terlibat pembahasan RUU antiterorisme,It is deemed necessary for civilian DPR members to be involved in discussing the anti-terrorism bill
1086,2016-10-18T09:43:32.000Z,Usai reses Ruhut Sitompul mundur dari DPR RI,usai reses ruhut sitompul mundur dari DPR RI,"After the recess, Ruhut Sitompul resigned from the DPR RI"
1087,2016-10-18T08:42:48.000Z,RUU Pengesahan Perjanjian Paris Siap Dibahas di Rapat Paripurna DPR DPR RI akhi via,RUU pengesahan perjanjian paris siap dibahas di rapat paripurna DPR DPR RI akhi via,The bill on ratifying the Paris agreement is ready to be discussed at the final plenary session of the DPR RI DPR via
1088,2016-10-18T08:26:07.000Z,Fadli Zon dukung pembahasan RUU PPAT Wakil Ketua DPR RI Fadli Zon mendukung pembahasan Rancangan Undang Unda,fadli zon dukung pembahasan RUU PPAT wakil ketua DPR RI fadli zon mendukung pembahasan rancangan undang unda,"fadli zon supports the discussion of the PPAT Bill, deputy chairman of the DPR RI, fadli zon supports the discussion of the draft UNDA"
1089,2016-10-18T07:53:17.000Z,Fadli Zon dukung pembahasan RUU PPAT Wakil Ketua DPR RI Fadli Zon mendukung pembahasan Rancangan Undang Undang,fadli zon dukung pembahasan RUU PPAT wakil ketua DPR RI fadli zon mendukung pembahasan rancangan undang undang,"fadli zon supports discussion of the PPAT Bill, deputy chairman of the DPR RI fadli zon supports discussion of the draft law"
1090,2016-10-18T07:45:55.000Z,Fadli Zon dukung pembahasan RUU PPAT Wakil Ketua DPR RI Fadli Zon mendukung pembahasan Rancangan Undang Undan,fadli zon dukung pembahasan RUU PPAT wakil ketua DPR RI fadli zon mendukung pembahasan rancangan undang undan,"fadli zon supports the discussion of the PPAT Bill, deputy chairman of the DPR RI, fadli zon supports the discussion of the draft law"
1091,2016-10-18T06:53:30.000Z,Forum Legislasi Wartawan Koordinatoriat DPR RI dengan tema RUU Terorisme dan Keterlibatan TNI di Media Center DPR RI DPRLive,forum legislasi wartawan koordinatoriat DPR RI dengan tema RUU terorisme dan keterlibatan TNI di media center DPR RI dprlive,DPR RI coordinating journalists' legislative forum with the theme of the Terrorism Bill and TNI involvement at the DPR RI media center dprlive
1092,2016-10-18T06:36:48.000Z,Ruhut Berhenti Jadi Anggota DPR Usai Reses,ruhut berhenti jadi anggota DPR usai reses,Ruhut stopped being a member of the DPR after the recess
1093,2016-10-18T06:35:36.000Z,Pengurus Pusat Ikatan Pejabat Pembuat Akta Tanah PPIPPAT juga berharap agar RUU PPAT masuk dalam Prolegnas DPRLive,pengurus pusat ikatan pejabat pembuat akta tanah PPIPPAT juga berharap agar RUU PPAT masuk dalam prolegnas dprlive,The central management of the PPIPPAT association of land deed officials also hopes that the PPAT Bill will be included in the DPRlive National Legislation Program
1094,2016-10-18T04:45:00.000Z,Usai Reses Ruhut Berhenti Jadi Anggota DPR,usai reses ruhut berhenti jadi anggota DPR,After the riotous recess he stopped being a member of the DPR
1095,2016-10-18T04:29:58.000Z,Wakil Ketua Komisi X DPR Berharap Dewan Perbukuan Jangan Mati Suri Panja RUU Sistem Perbukuan Sisbuk Komis,wakil ketua komisi kali DPR berharap dewan perbukuan jangan mati suri panja RUU sistem perbukuan sisbuk komis,The deputy chairman of the DPR commission hopes that the bookkeeping council will not stall in working on the Sisbuk Komis bookkeeping system bill
1096,2016-10-18T04:23:42.000Z,Wakil Ketua Komisi X DPR Berharap Dewan Perbukuan Jangan Mati Suri Panja RUU infoTribun,wakil ketua komisi kali DPR berharap dewan perbukuan jangan mati suri panja RUU infotribun,The deputy chairman of the DPR's commission hopes that the book council will not stall in working on the infotribun bill
1097,2016-10-18T01:34:43.000Z,Dewan dan Pemerintah Setuju RUU Perubahan Iklim Dibawa ke Paripurna,dewan dan pemerintah setuju RUU perubahan iklim dibawa ke paripurna,Council and government agree to bring climate change bill to plenary
1098,2016-10-17T17:21:42.000Z,Pengesahan Ranperda OPD ini sempat diwarnai pro dan kontra antara wakil rakyat yang berkantor di gedung DPRD,pengesahan ranperda OPD ini sempat diwarnai pro dan kontra antara wakil rakyat yang berkantor di gedung DPRD,The ratification of the OPD draft regional regulation was colored by pros and cons between the people's representatives who had their offices in the DPRD building
1099,2016-10-17T12:58:10.000Z,Untuk itu Koalisi mendorong Komisi VII menyelesaikan RUU Migas Prosesnya harus transparan partisipatif LHP,untuk itu koalisi mendorong komisi VII menyelesaikan RUU migas prosesnya harus transparan partisipatif LHP,"For this reason, the coalition encourages Commission VII to finalize the oil and gas bill, the process must be transparent, participatory, LHP"
1100,2016-10-17T07:33:21.000Z,KabarParlemen Badan Legislasi DPR rapat paparan Tenaga Ahli terkait Harmonisasi RUU ASN DPRLive,kabarparlemen badan legislasi DPR rapat paparan tenaga ahli terkait harmonisasi RUU ASN dprlive,"Parliamentary news, the DPR legislative body, held a presentation meeting with experts regarding the harmonization of the DPR Live ASN Bill"
1101,2016-10-17T07:16:11.000Z,Badan Legislasi DPR rapat paparan Tenaga Ahli terkait Harmonisasi RUU ASN DPRLive,badan legislasi DPR rapat paparan tenaga ahli terkait harmonisasi RUU ASN dprlive,DPR legislative body meets for expert presentation regarding harmonization of the DPRlive ASN Bill
1102,2016-10-17T04:24:25.000Z,Baleg RDP dengan Kamar Dagang Industri Indonesia terkait penyusunan RUU Larangan Praktik Monopoli Persaingan Usaha Tidak Sehat DPRLive,baleg RDP dengan kamar dagang industri indonesia terkait penyusunan RUU larangan praktik monopoli persaingan usaha tidak sehat dprlive,"RDP baleg with the Indonesian chamber of commerce regarding the drafting of a bill prohibiting monopolistic practices, unfair business competition, dprlive"
1103,2016-10-17T03:55:07.000Z,Komisi X DPR RI Kunjungi Jatim dalam rangka matangkan RUU Perbukuan,komisi kali DPR RI kunjungi jatim dalam rangka matangkan RUU perbukuan,The DPR RI commission visited East Java in order to finalize the books bill
1104,2016-10-17T03:01:51.000Z,Panja RUU Sisbuk Komisi X DPR Gali Masukan ke Jatim,panja RUU sisbuk komisi kali DPR gali masukan ke jatim,The draft committee on the bill is busy with DPR commissions seeking input to East Java
1105,2016-10-17T02:18:33.000Z,Agenda DPR Senin Pukul WIB Baleg DPR Rapat Harmonisasi RUU ASN agendaDPR,agenda DPR senin pukul WIB baleg DPR rapat harmonisasi RUU ASN agendadpr,DPR agenda Monday at WIB Baleg DPR meeting on harmonization of ASN Bill DPR agenda
1106,2016-10-17T02:12:30.000Z,Agenda DPR Senin Pukul WIB Komisi I DPR Rapat Panja RUU ITE dengan Pemerintah agendaDPR,agenda DPR senin pukul WIB komisi i DPR rapat panja RUU ITE dengan pemerintah agendadpr,DPR agenda Monday at WIB commission i DPR meeting working committee on ITE Bill with government agendadpr
1107,2016-10-17T02:09:16.000Z,Agenda DPR Senin Pukul WIB Komisi I DPR Rapat Timus RUU ITE dengan Pemerintah agendaDPR,agenda DPR senin pukul WIB komisi i DPR rapat timus RUU ITE dengan pemerintah agendadpr,DPR agenda Monday at WIB commission i DPR team meeting on ITE Bill with government dpr agenda
1108,2016-10-16T14:32:55.000Z,Apakah UU Tax Amnesty adalah titipan korporasi yang takut dan ingin mengamankan hartanya? RUU mendadak hadir dalam Prolegnas DPR RI,apakah UU tax amnesty adalah titipan korporasi yang takut dan ingin mengamankan hartanya ? RUU mendadak hadir dalam prolegnas DPR RI,Is the tax amnesty law a gift from corporations who are afraid and want to protect their assets? The bill suddenly appeared in the National Legislative Assembly of the Indonesian House of Representatives
1109,2016-10-16T11:48:25.000Z,Komisi X DPR Mengajukan Inisiatif RUU Perbukuan Oct Komisi X Dewan Perwakilan Rakyat DPR,komisi kali DPR mengajukan inisiatif RUU perbukuan oct komisi kali dewan perwakilan rakyat DPR,Commission times DPR submits bookkeeping bill initiative Oct Commission times House of People's Representatives DPR
1110,2016-10-15T11:28:54.000Z,Retweeted RameshRaoAKS wakil rakyat DAP Bantah RUU Sebab Tak Boleh Lagi,retweeted rameshraoaks wakil rakyat DAP bantah RUU karena tak boleh lagi,retweeted rameshraoaks DAP people's representatives reject the bill because it is no longer allowed
1111,2016-10-15T10:53:02.000Z,wakil rakyat DAP Bantah RUU Sebab Tak Boleh Lagi Sondol Menyondol Berkhalwat! Kesian Kena Kencing Kaw Kaw,wakil rakyat DAP bantah RUU karena tak boleh lagi sondol menyondol berkhalwat ! kesian kena kencing kaw kaw,"DAP people's representatives reject the bill because they are no longer allowed to sing seclusion! I'm sorry I'm going to pee, bro"
1112,2016-10-15T09:52:19.000Z,Kerap Acuhkan Kebijakan Anggota DPR Minta Menteri Jonan Jangan Suka Ngeyel,kerap acuhkan kebijakan anggota DPR meminta menteri jonan jangan suka ngeyel,"Often ignoring the policies of DPR members, they ask Minister Jonan not to be sarcastic"
1113,2016-10-15T08:22:54.000Z,Anggota Komisi VII DPR RI Dito Ganinduto mengingatkan Ignasius Jonan selaku Menteri ESDM yang baru untuk tida,anggota komisi VII DPR RI dito ganinduto mengingatkan ignasius jonan selaku menteri ESDM yang baru untuk tida,Member of Commission VII DPR RI Dito Ganinduto reminded Ignasius Jonan as the new Minister of Energy and Mineral Resources not to
1114,2016-10-15T08:00:02.000Z,BAB VII DEWAN PERWAKILAN RAKYAT Pasal Susunan Dewan Perwakilan Rakyat ditetapkan dengan Undang undang,BAB VII DEWAN PERWAKILAN RAKYAT pasal susunan dewan perwakilan rakyat ditetapkan dengan undang undang,CHAPTER VII THE PEOPLE'S REPRESENTATIVE COUNCIL articles on the composition of the people's representative council are determined by law
1115,2016-10-15T07:56:36.000Z,Dalam reses masa sidang III wakil rakyat dari Partai Kebangkitan Bangsa PKB itu menemui konstituen di,dalam reses masa sidang II wakil rakyat dari partai kebangkitan bangsa PKB itu menemui konstituen di,"During the recess during the second session, the people's representatives from the PKB national revival party met with constituents at"
1116,2016-10-15T04:55:01.000Z,Puluhan petugas kepolisian berjaga jaga di depan kantor Dewan Perwakilan Rakyat Daerah DPRD Provinsi Kalimantan,puluhan petugas kepolisian berjaga jaga di depan kantor dewan perwakilan rakyat daerah DPRD provinsi kalimantan,"dozens of police officers stand guard in front of the office of the regional people's representative council, DPRD, Kalimantan province"
1117,2016-10-15T01:29:36.000Z,kalau om di dpr wakil rakyat kenapa kebijakan yg tidak untuk kesejahtraan rakyat di goalkan Bukan infrastruktur saja om,jika om di dpr wakil rakyat kenapa kebijakan yang tidak untuk kesejahtraan rakyat di goalkan bukan infrastruktur saja om,"If uncle is a people's representative in the DPR, why are policies that are not for the welfare of the people being targeted instead of just infrastructure, uncle?"
1118,2016-10-15T00:08:29.000Z,Komisi X DPR meninjau Perpustakaan Daerah Provinsi Jambi terkait dengan RUU Sistem Perbukuan Jumat KunkerDPR,komisi kali DPR meninjau perpustakaan daerah provinsi jambi terkait dengan RUU sistem perbukuan jumat kunkerdpr,"The DPR commission reviewed the Jambi province regional library in relation to the book system bill, Friday kunkerdpr"
1119,2016-10-14T12:50:30.000Z,Mari kita dukung Presiden y konsen thd kebijakan Penegakan hukum smg berKeadilan tanpa Suap,mari kita dukung presiden ya konsen thd kebijakan penegakan hukum semoga berkeadilan tanpa suap,"Let's support the president, let's agree with the law enforcement policy, hopefully it will be fair without bribery"
1120,2016-10-14T12:20:22.000Z,Anggota DPR Nilai Jonan Bagus Jadi Menteri ESDM Meski Bukan Bidangnya Jonan harus memprioritaskan kebijakan,anggota DPR nilai jonan bagus jadi menteri ESDM meski bukan bidangnya jonan harus memprioritaskan kebijakan,"DPR members think Jonan is good at being Minister of Energy and Mineral Resources, even though it's not Jonan's field, he must prioritize policy"
1121,2016-10-14T09:16:22.000Z,Panja RUU Sistem Perbukuan Identifikasi Masalah Utama,panja RUU sistem perbukuan identifikasi masalah utama,The committee on the bookkeeping system bill identifies the main problems
1122,2016-10-14T09:14:40.000Z,nemu ini di FB Lihat penjelasan ps Tp cuma wakil rakyat yg paham tafsir UU itu,nemu ini di FB lihat penjelasan pas tetapi cuma wakil rakyat yang paham tafsir UU itu,found this on FB saw the correct explanation but only people's representatives understand the interpretation of the law
1123,2016-10-14T08:10:13.000Z,DPR RI masyarakat BIDAN MAHASISWA KEBIDANAN DOSEN KEBIDANAN KEMENTRIAN KESEHATAN RI INSTITUSI PENDIDIKAN,DPR RI masyarakat BIDAN MAHASISWA KEBIDANAN DOSEN KEBIDANAN KEMENTRIAN KESEHATAN RI INSTITUSI PENDIDIKAN,DPR RI community MIDWIFERY STUDENT MIDWIFERY LECTURER MIDWIFERY MINISTRY OF HEALTH RI EDUCATIONAL INSTITUTION
1124,2016-10-14T07:42:44.000Z,Saya siap mendukung RUU Penghapusan Kekerasan Seksual Amy Amalia komisi Fraksi PAN GerakBersama,saya siap mendukung RUU penghapusan kekerasan seksual amy amalia komisi fraksi KAPAN gerakbersama,"I am ready to support the bill to eradicate sexual violence, Amy Amalia, the KAPAN Fraction Commission, Move Together"
1125,2016-10-14T07:23:15.000Z,Siang ini jd pembicara Forum Wartawan ttg Urgensi RUU Perubahan Iklim w pembcra dari,siang ini jadi pembicara forum wartawan tentang urgensi RUU perubahan iklim saya pembcra dari,This afternoon I was a speaker at a journalists' forum about the urgency of the climate change bill. I was the author of it
1126,2016-10-14T07:21:15.000Z,Diskusi di Media Center DPR RI membahas Urgensi RUU Perubahan Iklim DPRLive,diskusi di media center DPR RI membahas urgensi RUU perubahan iklim dprlive,discussion at the DPR RI media center discussing the urgency of the dprlive climate change bill
1127,2016-10-14T03:50:36.000Z,Komisi X DPR gelar pertemuan dg Sekda Dinas Pendidikan Perpusda Arsip Jatim terkait RUU Sistem Perbukuan Jum at KunkerDPR,komisi kali DPR gelar pertemuan dengan sekda dinas pendidikan perpusda arsip jatim terkait RUU sistem perbukuan jum at kunkerdpr,The House of Representatives commission held a meeting with the regional secretary of the East Java library's library education service regarding the bookkeeping system bill Friday at kunkerdpr
1128,2016-10-14T03:11:00.000Z,DPR Sepakati Pembahasan RUU Pengesahan Perjanjian Paris Butuh komitmen dan Pak climatechange,DPR sepakati pembahasan RUU pengesahan perjanjian paris butuh komitmen dan pak climatechange,The DPR agrees that discussing the bill to ratify the Paris Agreement requires commitment and climate change
1129,2016-10-14T03:05:25.000Z,Rencana pelibatan TNI dalam UU Terorisme merupakan usulan dari Pemerintah Wakil Ketua Pansus RUU Terorisme Supiadin Aries Saputra,rencana pelibatan TNI dalam UU terorisme merupakan usulan dari pemerintah wakil ketua pansus RUU terorisme supiadin aries saputra,"The plan to involve the TNI in the terrorism law was a proposal from the government, deputy chairman of the special committee on the terrorism bill, Supiadin Aries Saputra"
1130,2016-10-14T02:42:10.000Z,Sidang Paripurna DPR RI menyetujui Undang Undang Perlindungan Anak dengan Catatan DPRRI Paripurna Pimpinan,sidang paripurna DPR RI menyetujui undang undang perlindungan anak dengan catatan DPRRI paripurna pimpinan,The plenary session of the DPR RI approved the child protection law with notes from the plenary DPRRI leadership
1131,2016-10-14T02:18:05.000Z,tunda proses hukum ahok stlh pilkada cabut sk pengesahan ppp romy?bener ga tuh,tunda proses hukum ahok setelah pilkada cabut suka pengesahan pp romy ? bener tidak tuh,Ahok postponed the legal process after the regional elections were revoked. Do you like the ratification of Romy's PP? isn't that true?
1132,2016-10-14T01:25:11.000Z,Agenda DPR Jumat Pukul WIB Komisi III DPR Rapat Panja RUU KUHP agendaDPR,agenda DPR jumat pukul WIB komisi II DPR rapat panja RUU KUHP agendadpr,DPR agenda Friday at WIB Commission II DPR meeting working committee on Criminal Code Bill DPR agenda
1133,2016-10-13T14:46:18.000Z,Persakmi memperkuat kolaborasi pemangku kebijakan dari Komisi DPR RI untuk bersama,persakmi memperkuat kolaborasi pemangku kebijakan dari komisi DPR RI untuk bersama,Persakmi strengthens the collaboration of policy makers from the DPR RI commission to work together
1134,2016-10-13T14:38:39.000Z,Persakmi memperkuat kolaborasi pemangku kebijakan dari Komisi DPR RI untuk bersama mewujudkan kesehatan,persakmi memperkuat kolaborasi pemangku kebijakan dari komisi DPR RI untuk bersama mewujudkan kesehatan,Persakmi strengthens the collaboration of policy makers from the DPR RI commission to work together to achieve health
1135,2016-10-13T14:21:51.000Z,Wakil rakyat Islam salah jika tidak sokong RUU Hadi kata mufti Perak Click Read More,wakil rakyat islam salah jika tidak sokong RUU hadi kata mufti perak click read more,"Representatives of the Islamic people would be wrong if they did not support the Hadi Bill, said Silver Mufti, click read more"
1136,2016-10-13T09:35:32.000Z,Rapat Dengar Pendapat Pansus RUU Tindak Terorisme dengan Mahkamah Agung dan Lemhannas,rapat dengar pendapat pansus RUU tindak terorisme dengan mahkamah agung dan lemhannas,hearing of the special committee on the bill on acts of terrorism with the supreme court and national defense institution
1137,2016-10-13T07:45:47.000Z,Rapat kerja Menteri LHK dan tentang RUU Pengesahan Paris Agreement to the UN Framework Convention on climatechange,rapat kerja menteri LHK dan tentang RUU pengesahan paris agreement tetapi the UN framework convention on climatechange,working meeting of the Minister of Environment and Forestry and regarding the bill ratifying the Paris Agreement but the UN framework convention on climate change
1138,2016-10-13T07:38:09.000Z,Raker dgn Kom VII DPR RI ttg RUU Pengesahan Paris Agreement to the UN Framework Convention on Ckimate Change,raker dengan kom VII DPR RI tentang RUU pengesahan paris agreement tetapi the UN framework convention on ckimate change,working meeting with Kom VII DPR RI regarding the bill ratifying the Paris Agreement but the UN framework convention on climate change
1139,2016-10-13T07:30:00.000Z,NEWS Pemerintah sebelumnya diminta untuk mempercepat proses ratifikasi Kesepakatan Paris menjadi undang undang,NEWS pemerintah sebelumnya diminta untuk mempercepat proses ratifikasi kesepakatan paris menjadi undang undang,NEWS The government was previously asked to speed up the process of ratifying the Paris Agreement into law
1140,2016-10-13T07:20:00.000Z,NEWS Proses ratifikasi berlangsung setelah Presiden Joko Widodo mengirimkan RUU Pengesahan Kesepakatan Paris,NEWS proses ratifikasi berlangsung setelah presiden joko widodo mengirimkan RUU pengesahan kesepakatan paris,NEWS The ratification process took place after President Joko Widodo sent the bill ratifying the Paris Agreement
1141,2016-10-13T04:22:08.000Z,Kunjungi Detasemen Cijantung Pansus RUU Terorisme Tinjau Kesiapan Kopassus,kunjungi detasemen cijantung pansus RUU terorisme tinjau kesiapan kopassus,"visit the Cijantung Detachment, Special Committee on Terrorism Bill to review Kopassus readiness"
1142,2016-10-13T04:01:27.000Z,Anggota DPR Sistem Deteksi dini di RUU Terorisme,anggota DPR sistem deteksi dini di RUU terorisme,members of the DPR early detection system in the terrorism bill
1143,2016-10-13T03:48:59.000Z,Tanggulangi Terorisme Pansus Terapkan Sistem Deteksi Dini Wakil Ketua Pansus RUU Terorisme Supiadin Aries S,tanggulangi terorisme pansus terapkan sistem deteksi dini wakil ketua pansus RUU terorisme supiadin aries si,tackle terrorism special committee implements early detection system deputy chairman of special committee on terrorism bill supiadin aries si
1144,2016-10-13T03:36:08.000Z,GerakBersama kawal RUU Penghapusan Kekerasan Seksual,gerakbersama kawal RUU penghapusan kekerasan seksual,joint movement to guard the bill on the elimination of sexual violence
1145,2016-10-13T03:15:12.000Z,Tribun Tanggulangi Terorisme Pansus Terapkan Sistem Deteksi Dini Wakil Ketua Pansus RUU Terorisme NewsToday,tribun tanggulangi terorisme pansus terapkan sistem deteksi dini wakil ketua pansus RUU terorisme newstoday,tribun to tackle terrorism special committee implements early detection system deputy chairman of special committee on terrorism bill newstoday
1146,2016-10-13T03:14:11.000Z,News Tanggulangi Terorisme Pansus Terapkan Sistem Deteksi Dini Wakil Ketua Pansus RUU Terorisme Supiadin A,news tanggulangi terorisme pansus terapkan sistem deteksi dini wakil ketua pansus RUU terorisme supiadin a,news tackling terrorism special committee implements early detection system deputy chairman of special committee on terrorism bill supiadin a
1147,2016-10-13T03:14:00.000Z,NewsUpdate Tanggulangi Terorisme Pansus Terapkan Sistem Deteksi Dini Wakil Ketua Pansus RUU Terorisme Supi,newsupdate tanggulangi terorisme pansus terapkan sistem deteksi dini wakil ketua pansus RUU terorisme supi,"newsupdate to tackle terrorism, special committee implements early detection system, deputy chairman of the special committee for Supi terrorism bill"
1148,2016-10-13T02:46:12.000Z,Pansus RUU Pemberantasan Tindak Pidana Terorisme Aktifkan Early Warning System Atasi Penanggulangan Terorisme,pansus RUU pemberantasan tindak pidana terorisme aktifkan early warning system atasi penanggulangan terorisme,The special committee on the bill on eradicating criminal acts of terrorism activates the early warning system to address counter-terrorism
1149,2016-10-13T02:44:06.000Z,Pansus RUU Pemberantsan Tindak Pidana Terorisme Tinjau Kesiapan Kopassus Tangani Terorisme,pansus RUU pemberantsan tindak pidana terorisme tinjau kesiapan kopassus tangani terorisme,The special committee on the bill to eradicate criminal acts of terrorism reviews Kopassus' readiness to handle terrorism
1150,2016-10-13T02:40:12.000Z,Paripurna DPR RI Setujui RUU Jabatan Hakim Jadi Inisiatif DPR,paripurna DPR RI setujui RUU jabatan hakim jadi inisiatif DPR,The plenary session of the Indonesian House of Representatives approves the Bill on the position of judges as a DPR initiative
1151,2016-10-13T02:33:25.000Z,DPR Setujui Undang Undang Perlindungan Anak dengan Catatan,DPR setujui undang undang perlindungan anak dengan catatan,DPR approves child protection law with notes
1152,2016-10-13T02:26:37.000Z,Kunjungan kerja Pansus RUU Tindak Terorisme DPR RI di SAT Kopassus,kunjungan kerja pansus RUU tindak terorisme DPR RI di SAT kopassus,working visit of the special committee on the DPR RI terrorism bill at SAT Kopassus
1153,2016-10-13T02:20:08.000Z,Chirpified GerakBersama kawal RUU Penghapusan Kekerasan Seksual,chirpified gerakbersama kawal RUU penghapusan kekerasan seksual,chirpified joint movement to guard the bill on the elimination of sexual violence
1154,2016-10-13T02:09:41.000Z,Jakarta Wakil Ketua Panitia Khusus Pansus Rancangan Undang Undang RUU Terorisme Supiadin Aries Saputra,jakarta wakil ketua panitia khusus pansus rancangan undang undang RUU terorisme supiadin aries saputra,"Jakarta, deputy chairman of the special committee for the draft law on the terrorism bill, Supiadin Aries Saputra"
1155,2016-10-13T01:49:36.000Z,DPR Sahkan UU Pelaksanaan Hukuman Kebiri JAKARTA SK Pihak DPR RI akhirnya mengesahkan undang undang UU,DPR sahkan UU pelaksanaan hukuman kebiri JAKARTA SUKA pihak DPR RI akhirnya mengesahkan undang undang UU,DPR passes law implementing the castration penalty JAKARTA LIKE the DPR RI has finally passed the law
1156,2016-10-13T00:36:18.000Z,Akhirnya DPR RI Sahkan Perppu Kebiri Jadi Undang Undang,akhirnya DPR RI sahkan perppu kebiri jadi undang undang,"Finally, the DPR RI passed the castration regulation into law"
1157,2016-10-13T00:00:03.000Z,Rapat Paripurna DPR RI memutuskan menyetujui dijadikannya Perppu sebagai UU tentang Perubahan Kedua atas,rapat paripurna DPR RI memutuskan menyetujui dijadikannya perppu sebagai UU tentang perubahan kedua atas,The DPR RI plenary meeting decided to approve the perppu as a law regarding the second amendment
1158,2016-10-12T22:30:28.000Z,Anggota DPR sistem deteksi dini di RUU Terorisme,anggota DPR sistem deteksi dini di RUU terorisme,members of the DPR early detection system in the terrorism bill
1159,2016-10-12T22:28:31.000Z,Anggota DPR sistem deteksi dini di RUU Terorisme Wakil Ketua Panitia Khusus Pansus R RanoKarnoHRSMundur,anggota DPR sistem deteksi dini di RUU terorisme wakil ketua panitia khusus pansus r ranokarnohrsmundur,"DPR member for early detection system in the terrorism bill, deputy chairman of the special special committee, R Ranokarnohrsmundur"
1160,2016-10-12T22:06:12.000Z,Anggota DPR sistem deteksi dini di RUU Terorisme Pernyataan lisan MUI di ILC tertulis aksi teror,anggota DPR sistem deteksi dini di RUU terorisme pernyataan lisan MUI di ILC tertulis aksi teror,"member of the DPR for the early detection system in the terrorism bill, the MUI's verbal statement at the ILC stated that it was an act of terror"
1161,2016-10-12T22:02:45.000Z,Anggota DPR sistem deteksi dini di RUU Terorisme Politik,anggota DPR sistem deteksi dini di RUU terorisme politik,DPR members early detection system in political terrorism bill
1162,2016-10-12T22:02:41.000Z,Anggota DPR sistem deteksi dini di RUU Terorisme politik,anggota DPR sistem deteksi dini di RUU terorisme politik,DPR members early detection system in political terrorism bill
1163,2016-10-12T21:50:20.000Z,Anggota DPR sistem deteksi dini di RUU Terorisme Wakil Ketua Panitia Khusus Pansus Rancangan Undang Unda,anggota DPR sistem deteksi dini di RUU terorisme wakil ketua panitia khusus pansus rancangan undang unda,"member of the DPR for the early detection system in the terrorism bill, deputy chairman of the special committee for the draft law"
1164,2016-10-12T21:45:59.000Z,Anggota DPR sistem deteksi dini di RUU Terorisme Wakil Ketua Panitia Khusus Pansus Rancangan Undang Undan,anggota DPR sistem deteksi dini di RUU terorisme wakil ketua panitia khusus pansus rancangan undang undan,"member of the DPR for the early detection system in the terrorism bill, deputy chairman of the special committee for the special committee on draft legislation"
1165,2016-10-12T21:43:27.000Z,Anggota DPR sistem deteksi dini di RUU Terorisme Wakil Ketua Panitia Khusus Pansus Rancangan Undang Undang,anggota DPR sistem deteksi dini di RUU terorisme wakil ketua panitia khusus pansus rancangan undang undang,"member of the DPR for the early detection system in the terrorism bill, deputy chairman of the special committee for the draft law"
1166,2016-10-12T21:38:29.000Z,Anggota DPR sistem deteksi dini di RUU Terorisme Wakil Ketua Panitia Khusus Pansus Ran SeputarIndonesia,anggota DPR sistem deteksi dini di RUU terorisme wakil ketua panitia khusus pansus ran seputarindonesia,"Member of the DPR for the early detection system in the terrorism bill, deputy chairman of the special committee for the special committee on ran around Indonesia"
1167,2016-10-12T21:37:26.000Z,Antara Anggota DPR sistem deteksi dini di RUU Terorisme,antara anggota DPR sistem deteksi dini di RUU terorisme,among members of the DPR early detection system in the terrorism bill
1168,2016-10-12T21:37:21.000Z,Anggota DPR sistem deteksi dini di RUU Terorisme Indonesia,anggota DPR sistem deteksi dini di RUU terorisme indonesia,members of the DPR early detection system in the Indonesian terrorism bill
1169,2016-10-12T21:37:20.000Z,Anggota DPR sistem deteksi dini di RUU Terorisme Wakil Ketua Panitia Khusus Pansus Rancangan Antara News,anggota DPR sistem deteksi dini di RUU terorisme wakil ketua panitia khusus pansus rancangan antara news,"Member of the DPR for the early detection system in the terrorism bill, deputy chairman of the special committee for the draft, Antara News"
1170,2016-10-12T21:36:24.000Z,Anggota DPR sistem deteksi dini di RUU Terorisme CianjurBangkit,anggota DPR sistem deteksi dini di RUU terorisme cianjurbangkit,member of the DPR early detection system in the Cianjurbangkit terrorism bill
1171,2016-10-12T21:35:34.000Z,AntaraNews Anggota DPR sistem deteksi dini di RUU Terorisme Wakil Ketua Panitia Khusus Pansus Rancangan,antaranews anggota DPR sistem deteksi dini di RUU terorisme wakil ketua panitia khusus pansus rancangan,"Antaranews Member of the DPR, early detection system in the terrorism bill, deputy chairman of the special committee for drafting"
1172,2016-10-12T21:35:31.000Z,catatantanganeza Anggota DPR sistem deteksi dini di RUU Terorisme read more,catatantanganeza anggota DPR sistem deteksi dini di RUU terorisme read more,DPR members' notes on the early detection system in the terrorism bill read more
1173,2016-10-12T21:35:30.000Z,catatantanganeza Anggota DPR sistem deteksi dini di RUU Terorisme,catatantanganeza anggota DPR sistem deteksi dini di RUU terorisme,DPR members' notes on the early detection system in the terrorism bill
1174,2016-10-12T17:12:47.000Z,Paripurna DPR RI Setujui RUU Jabatan Hakim,paripurna DPR RI setujui RUU jabatan hakim,The DPR RI plenary approves the Bill on the position of judges
1175,2016-10-12T16:41:41.000Z,Ade Komarudin Yakin Paket Kebijakan Hukum Akan Berhasil Ketua DPR RI Ade Komarudin meminta semua pihak untuk,adek komarudin yakin paket kebijakan hukum akan berhasil ketua DPR RI adek komarudin meminta semua pihak untuk,"Adek Komarudin is confident that the legal policy package will be successful. The chairman of the DPR RI, Adek Komarudin, asked all parties to"
1176,2016-10-12T13:53:10.000Z,Paripurna DPR RI Setujui RUU Jabatan Hakim Seluruh Fraksi di DPR RI menyetujui Ranc BatikBontang,paripurna DPR RI setujui RUU jabatan hakim seluruh fraksi di DPR RI menyetujui ranc batikbontang,The DPR RI plenary approves the Bill on the position of judges. All factions in the DPR RI approve the Batikbontang plan
1177,2016-10-12T13:52:27.000Z,Seluruh Fraksi di DPR RI menyetujui Rancangan Undang undang tentang jabatan Hakim,seluruh fraksi di DPR RI menyetujui rancangan undang undang tentang jabatan hakim,all factions in the DPR RI approved the draft law regarding the position of judges
1178,2016-10-12T13:44:00.000Z,Paripurna DPR RI Setujui RUU Jabatan Hakim Seluruh Fraksi di DPR RI menyetujui Rancangan Undang u,paripurna DPR RI setujui RUU jabatan hakim seluruh fraksi di DPR RI menyetujui rancangan undang kamu,The DPR RI plenary approves the bill on the position of judges. All factions in the DPR RI approve your bill
1179,2016-10-12T13:40:24.000Z,DPR RI Sahkan Perppu Kebiri Jadi Undang Undang,DPR RI sahkan perppu kebiri jadi undang undang,The DPR RI ratifies the castration regulation as law
1180,2016-10-12T13:01:18.000Z,Ketua DPR sambut usulan RUU madrasah dan pesantren Ketua DPR RI Ade Komarudin menyambut baik usulan Fraksi P,ketua DPR sambut usulan RUU madrasah dan pesantren ketua DPR RI adek komarudin menyambut baik usulan fraksi p,"chairman of the DPR welcomes the proposal for a bill on madrasas and Islamic boarding schools. Chairman of the DPR RI, Adek Komarudin, welcomes the proposal from the p faction"
1181,2016-10-12T12:26:53.000Z,Pemerintah OMDO! Sgra Sidang Istimewa Pengesahan Perppu Kebiri Cermin Kegagapan Negara,pemerintah OMDO ! sgra sidang istimewa pengesahan perppu kebiri cermin kegagapan negara,OMDO government! sgra special session ratifying perppu castration reflects state failure
1182,2016-10-12T11:32:12.000Z,Oleh karenanya RUU Penghapusan Kekerasan Seksual menjadi sangat penting untuk segera dibahas dan disahkan GerakBersama,oleh karenanya RUU penghapusan kekerasan seksual menjadi sangat penting untuk segera dibahas dan disahkan gerakbersama,"Therefore, the Bill on the Elimination of Sexual Violence is very important to be immediately discussed and passed by the joint movement"
1183,2016-10-12T11:29:04.000Z,Yg ngga jelas cuma fadli zon kali bukan semua anggota DPR Nilai Paket Kebijakan Hukum Pemerintahan Jokowi Tak Jelas,yang tidak jelas cuma fadli zon kali bukan semua anggota DPR nilai paket kebijakan hukum pemerintahan jokowi tak jelas,"The only thing that is not clear is Fadli Zon, not all members of the DPR. The value of the Jokowi government's legal policy package is not clear"
1184,2016-10-12T11:27:52.000Z,RUU Penghapusan Kekerasan Seksual diterima oleh Bapak wakil ketua GerakBersama,RUU penghapusan kekerasan seksual diterima oleh bapak wakil ketua gerakbersama,The bill on the elimination of sexual violence was accepted by the deputy chairman of the Joint Movement
1185,2016-10-12T11:25:50.000Z,Komnas Perempuan menyerahkan RUU Penghapusan Kekerasan Seksual ke siangtadi GerakBersama,komnas perempuan menyerahkan RUU penghapusan kekerasan seksual ke siangtadi gerakbersama,The National Commission on Women submitted a bill on the eradication of sexual violence to the Joint Movement this afternoon
1186,2016-10-12T11:06:36.000Z,Ketua DPR sambut usulan RUU madrasah dan pesantren Ketua DPR RI Ade Komarudin menyambut RanoKarnoHRSMundur,ketua DPR sambut usulan RUU madrasah dan pesantren ketua DPR RI adek komarudin menyambut ranokarnohrsmundur,DPR chairman welcomes proposed madrasa and Islamic boarding school bill DPR RI chairman adek komarudin welcomes ranokarnohrsmundur
1187,2016-10-12T10:46:07.000Z,Ketua DPR sambut usulan RUU madrasah dan pesantren Ketua DPR RI Ade Komarudin menyambut baik usulan Fraksi PK,ketua DPR sambut usulan RUU madrasah dan pesantren ketua DPR RI adek komarudin menyambut baik usulan fraksi PAKAI,DPR chairman welcomes proposal for madrasa and Islamic boarding school bill DPR RI chairman adek komarudin welcomes proposal from PAKAI faction
1188,2016-10-12T10:35:10.000Z,Ketua DPR RI Ade Komarudin menyambut baik usulan Fraksi PKB DPR atas RUU Pendidikan Madrasah dan Pondok Pesan,ketua DPR RI adek komarudin menyambut baik usulan fraksi PKB DPR atas RUU pendidikan madrasah dan pondok pesan,"Chairman of the Indonesian House of Representatives, Adek Komarudin, welcomed the DPR's PKB faction's proposal for the Madrasah and Islamic Boarding School education bill"
1189,2016-10-12T10:30:15.000Z,Ketua DPR sambut usulan RUU madrasah dan pesantren Ketua DPR RI Ade Komarudin menyambut baik usulan Fraksi PKB DPR,ketua DPR sambut usulan RUU madrasah dan pesantren ketua DPR RI adek komarudin menyambut baik usulan fraksi PKB DPR,DPR chairman welcomes proposal for madrasa and Islamic boarding school bill DPR RI chairman adek komarudin welcomes proposal from DPR PKB faction
1190,2016-10-12T09:50:22.000Z,Ketua DPR Ade Komarudin Sambut Usulan RUU Madrasah dan Pesantren dari FKB,ketua DPR adek komarudin sambut usulan RUU madrasah dan pesantren dari FKB,"Chairman of the DPR, Adek Komarudin, welcomed the proposal for the Madrasah and Islamic Boarding School Bill from the FKB"
1191,2016-10-12T09:48:54.000Z,Anggota Komisi VIII DPR Itet Tridjajati Sumarijanto Kecewa Penolakan Asosiasi Perusahaan terhadap RUU TJSP,anggota komisi VII DPR itet tridjajati sumarijanto kecewa penolakan asosiasi perusahaan terhadap RUU TJSP,DPR Commission VII member Itet Tridjajati Sumarijanto is disappointed with the company association's rejection of the TJSP Bill
1192,2016-10-12T08:14:21.000Z,Wakil Ketua Komisi III DPR RI Trimedya Pandjaitan mendukung langkah pemerintah utk menghapuskan pungli dalam paket kebijakan hukum,wakil ketua komisi II DPR RI trimedya pandjaitan mendukung langkah pemerintah untuk menghapuskan pungli dalam paket kebijakan hukum,Deputy chairman of Commission II DPR RI Trimedya Pandjaitan supports the government's steps to eliminate extortion in the legal policy package
1193,2016-10-12T08:00:58.000Z,Komnas Perempuan menyerahkan RUU Penghapusan Kekerasan Seksual ke Mari kawal bersama tweeps! GerakBersama,komnas perempuan menyerahkan RUU penghapusan kekerasan seksual ke mari kawal bersama tweeps ! gerakbersama,"The National Commission on Violence Against Women has submitted a bill on the eradication of sexual violence, let's guard it together with tweeps! move together"
1194,2016-10-12T07:14:36.000Z,Wakil Ketua DPR menerima audiensi Komnas Perempuan terkait Penyerahan Draft RUU Penghapusan Kekerasan Seksual DPRLive,wakil ketua DPR menerima audiensi komnas perempuan terkait penyerahan draft RUU penghapusan kekerasan seksual dprlive,The deputy chairman of the DPR received an audience from the National Commission on Women regarding the submission of the draft bill on the eradication of sexual violence to DPRlive
1195,2016-10-12T07:59:34.000Z,Banggar DPR Rapat Panja dengan Pemerintah membahas Belanja Pemerintah Pusat RUU tentang APBN TA DPRLive,banggar DPR rapat panja dengan pemerintah membahas belanja pemerintah pusat RUU tentang APBN TA dprlive,"DPR members have a working committee meeting with the government to discuss central government spending, the bill on the APBN FY dprlive"
1196,2016-10-12T07:58:10.000Z,Undang undang Kebiri Akhirnya Disetujui DPR RI Tanpa Gerindra,undang undang kebiri akhirnya disetujui DPR RI tanpa gerindra,The castration law was finally approved by the DPR RI without any hesitation
1197,2016-10-12T07:15:54.000Z,DPR RI Sahkan Perppu Kebiri Jadi Undang Undang via,DPR RI sahkan perppu kebiri jadi undang undang via,The Republic of Indonesia's DPR passed the castration regulation into law via
1198,2016-10-12T06:56:56.000Z,Audiensi Komnas Perempuan dg Waka Bang di ruang kerjanya siang ini Penyerahan Draft RUU Penghapusan Kekerasan Seksual,audiensi komnas perempuan dengan waka bang di ruang kerjanya siang ini penyerahan draft RUU penghapusan kekerasan seksual,National Commission on Women's audience with Waka Bang in his office this afternoon handed over the draft bill on the elimination of sexual violence
1199,2016-10-12T06:47:05.000Z,Kunjungan Tim Pansus RUU Terorisme ke Satuan Kopassus TNI AD terkait dengan masukan RUU Pemberantasan Tindak Pidana Terorisme SidakDPR,kunjungan tim pansus RUU terorisme ke satuan kopassus TNI ADA terkait dengan masukan RUU pemberantasan tindak pidana terorisme sidakdpr,visit of the special committee team on the terrorism bill to the TNI ADA special forces unit regarding the input of the bill on eradicating criminal acts of terrorism to the DPR
1200,2016-10-12T06:43:48.000Z,Pertemuan Pansus RUU Pemberantasan Tindak Pidana Terorisme dengan Satuan Kopassus TNI AD di Cijantung Rabu SidakDPR,pertemuan pansus RUU pemberantasan tindak pidana terorisme dengan satuan kopassus TNI ADA di cijantung rabu sidakdpr,meeting of the special committee on the bill on eradicating criminal acts of terrorism with the TNI ADA special forces unit in Cijantung Wednesday sidakdpr
1201,2016-10-12T06:30:50.000Z,Pembahasan Perppu Kebiri Alot Rapat Paripurna Diskor Dewan Perwakilan Rakyat DPR tengah melakukan rapat p,pembahasan perppu kebiri alot rapat paripurna diskor dewan perwakilan rakyat DPR tengah melakukan rapat p,"discussion of the perppu on castration was tough, the plenary meeting was adjourned by the people's representative council, the DPR was holding a meeting p"
1202,2016-10-12T06:17:58.000Z,WIB Rapat Paripurna DPR RI akhirnya mengesahkan Perppu no menggantikan UU tentang perlindungan anak,WIB rapat paripurna DPR RI akhirnya mengesahkan perppu no menggantikan UU tentang perlindungan anak,"WIB, the DPR RI plenary meeting finally passed Perppu no to replace the law on child protection"
1203,2016-10-12T06:16:21.000Z,Pembahasan Perppu Kebiri Alot Rapat Paripurna Diskor Dewan Perwakilan Rakyat DPR tengah melakukan rapat paripurna yang salah satu,pembahasan perppu kebiri alot rapat paripurna diskor dewan perwakilan rakyat DPR tengah melakukan rapat paripurna yang salah satu,"discussion of the perppu on castration was tough, the plenary meeting was postponed, the people's representative council of the DPR was holding a plenary meeting, one of which"
1204,2016-10-12T06:16:06.000Z,Surya News Pembahasan Perppu Kebiri Alot Rapat Paripurna Diskor Dewan Perwakilan Rakyat DPR tengah melak,surya news pembahasan perppu kebiri alot rapat paripurna diskor dewan perwakilan rakyat DPR tengah melak,"surya news discussion of the perppu on castration was tough at the plenary meeting, and the DPR's people's representative council was in the middle of it"
1205,2016-10-12T06:11:10.000Z,News Pembahasan Perppu Kebiri Alot Rapat Paripurna Diskor Dewan Perwakilan Rakyat DPR tengah melakukan r,news pembahasan perppu kebiri alot rapat paripurna diskor dewan perwakilan rakyat DPR tengah melakukan r,news discussion of perppu castration tough plenary meeting adjourned the people's representative council DPR is currently carrying out r
1206,2016-10-12T06:10:45.000Z,Warta Kiwari Pembahasan Perppu Kebiri Alot Rapat Paripurna Diskor Dewan Perwakilan Rakyat DPR tengah mel,warta kiwari pembahasan perppu kebiri alot rapat paripurna diskor dewan perwakilan rakyat DPR tengah mel,news kiwari discussion of perppu castration tough plenary meeting adjourned by the people's representative council DPR is in the middle of
1207,2016-10-12T06:10:09.000Z,Pembahasan Perppu Kebiri Alot Rapat Paripurna Diskor Dewan Perwakilan Rakyat DPR tengah melakuka okezone,pembahasan perppu kebiri alot rapat paripurna diskor dewan perwakilan rakyat DPR tengah melakuka okezone,"The discussion on the Perppu on castration was tough at the plenary session, and the DPR's people's representative council was holding an okezone"
1208,2016-10-12T06:07:45.000Z,Okezone Pembahasan Perppu Kebiri Alot Rapat Paripurna Diskor Dewan Perwakilan Rakyat DPR tengah melakuka,okezone pembahasan perppu kebiri alot rapat paripurna diskor dewan perwakilan rakyat DPR tengah melakuka,"OK, the discussion on the Perppu on Castration was tough at the plenary session, and the House of Representatives of the People's Representative Council was currently holding it"
1209,2016-10-12T05:52:36.000Z,Hari ini para anggota DPR RI melakukan rapat paripurna perihal Perppu Kebiri,hari ini para anggota DPR RI melakukan rapat paripurna perihal perppu kebiri,Today the members of the DPR RI held a plenary meeting regarding the castration regulation
1210,2016-10-12T05:45:41.000Z,Waduch jd disahkn Paripurna DPR menyetujui RUU ttg Penetapan PERPPU Perlindungan Anak mjdi UU,waduch jadi disahkn paripurna DPR menyetujui RUU tentang penetapan PERPPU perlindungan anak mjdi UU,"waduch, so the DPR plenary has approved the bill regarding the enactment of PERPPU for child protection to become law"
1211,2016-10-12T05:43:29.000Z,Agenda kedua Rapat Paripurna DPR Pendapat Fraksi terhadap RUU usul inisiatif Komisi III DPR ttg RUU Jabatan Hakim ParipurnaLive,agenda kedua rapat paripurna DPR pendapat fraksi terhadap RUU usul inisiatif komisi II DPR tentang RUU jabatan hakim paripurnalive,Second agenda of the DPR plenary session is the opinion of the factions regarding the DPR Commission II initiative proposal bill regarding the bill on the position of plenary judges. Live
1212,2016-10-12T05:35:27.000Z,Paripurna Perppu Kebiri dan RUU Jabatan Hakim Anggota DPR Tak Hadir,paripurna perppu kebiri dan RUU jabatan hakim anggota DPR tak hadir,The plenary session for the Perppu on castration and the bill on the position of judges for members of the DPR were not present
1213,2016-10-12T05:20:00.000Z,Paripurna DPR menyetujui RUU tentang Penetapan PERPPU Perlindungan Anak menjadi Undang Undang ParipurnaLive,paripurna DPR menyetujui RUU tentang penetapan PERPPU perlindungan anak menjadi undang undang paripurnalive,The DPR plenary approved the bill regarding the establishment of PERPPU for child protection as a plenary law
1214,2016-10-12T05:19:20.000Z,dari Fraksi di DPR menyetujui RUU tentang Perlindungan Anak menjadi Undang undang ParipurnaLive,dari fraksi di DPR menyetujui RUU tentang perlindungan anak menjadi undang undang paripurnalive,from the factions in the DPR approved the bill on child protection to become a plenary law
1215,2016-10-12T04:53:12.000Z,paspor dgn visa apapun or tnp visa Bl RUU PPILN,paspor dengan visa apapun orang tanpa visa bl RUU PPILN,passport with any visa person without visa bl PPILN Bill
1216,2016-10-12T04:52:49.000Z,Paripurna Perppu Kebiri dan RUU Jabatan Hakim Anggota DPR Tak Hadir DPR menggelar rapat paripurna untuk,paripurna perppu kebiri dan RUU jabatan hakim anggota DPR tak hadir DPR menggelar rapat paripurna untuk,plenary session regarding the castration regulation and the bill on the position of judges DPR members were not present. The DPR held a plenary session for
1217,2016-10-12T04:51:31.000Z,Paripurna Perppu Kebiri dan RUU Jabatan Hakim Anggota DPR Tak Hadir via detik,paripurna perppu kebiri dan RUU jabatan hakim anggota DPR tak hadir via detik,plenary session regarding the castration regulation and the bill on the position of judges for members of the DPR were not present via sec
1218,2016-10-12T04:24:45.000Z,Ketua DPR RI Ade Komarudin mendukung usulan RUU Madrasah dan Pondok Pesantren dari Fraksi PKB DPR HUTFraksiPKB,ketua DPR RI adek komarudin mendukung usulan RUU madrasah dan pondok pesantren dari fraksi PKB DPR hutfraksipkb,Chairman of the DPR RI Adek Komarudin supports the proposed bill on madrasas and Islamic boarding schools from the DPR PKB faction hutfraksipkb
1219,2016-10-12T04:14:21.000Z,RUU TJSP Ditolak Itet Tridjajati Perusahaan Jangan Ambil Untungnya Saja,RUU TJSP ditolak itet tridjajati perusahaan jangan ambil untungnya saja,"The TJSP Bill was rejected by Tridjajati, companies should not just take the profits"
1220,2016-10-12T04:09:36.000Z,Agenda kedua Rapat Paripurna DPR Pendapat Fraksi fraksi terhadap RUU usul inisiatif komisi III DPR RI ParipurnaLive,agenda kedua rapat paripurna DPR pendapat fraksi fraksi terhadap RUU usul inisiatif komisi II DPR RI paripurnalive,"second agenda of the DPR plenary meeting, factional opinions regarding the proposed draft initiative of Commission II DPR RI plenary session"
1221,2016-10-12T04:08:18.000Z,Agenda pertama Rapat Paripurna DPR Pembicaraan tingkat II pengambilan keputusan penetapan PERPPU perlindungan anak mjd UU ParipurnaLive,agenda pertama rapat paripurna DPR pembicaraan tingkat II pengambilan keputusan penetapan PERPPU perlindungan anak mjd UU paripurnalive,"first agenda of the DPR plenary meeting, level II discussions on decision making on the adoption of PERPPU on child protection as a plenary law"
1222,2016-10-12T03:00:21.000Z,Pansus RUU Pemberantasan Tindak Pidana Terorisme DPR melakukan kunjungan ke Markas Kopasus TNI AD di Cijantung Rabu SidakDPR,pansus RUU pemberantasan tindak pidana terorisme DPR melakukan kunjungan ke markas kopasus TNI ADA di cijantung rabu sidakdpr,The special committee on the bill on eradicating criminal acts of terrorism from the DPR visited the TNI ADA Kopassus headquarters in Cijantung Wednesday during the DPR session
1223,2016-10-12T02:40:42.000Z,DPR Kembali Bahas UU Perppu di Rapat Paripurna Dewan Perwakilan Rakyat DPR,DPR kembali bahas UU perppu di rapat paripurna dewan perwakilan rakyat DPR,The DPR again discussed the Perppu Law at the plenary meeting of the DPR's people's representative council
1224,2016-10-12T02:40:09.000Z,DPR Kembali Bahas UU Perppu di Rapat Paripurna Dewan Perwakilan Rakyat DPR RI akan menggelar rapat paripur,DPR kembali bahas UU perppu di rapat paripurna dewan perwakilan rakyat DPR RI akan menggelar rapat paripur,The DPR will again discuss the Perppu Law at the plenary session of the People's Representative Council. The DPR RI will hold a plenary meeting
1225,2016-10-12T02:37:40.000Z,NewsUpdate DPR Kembali Bahas UU Perppu di Rapat Paripurna Dewan Perwakilan Rakyat DPR RI akan menggelar r,newsupdate DPR kembali bahas UU perppu di rapat paripurna dewan perwakilan rakyat DPR RI akan menggelar r,newsupdate The DPR will again discuss the Perppu Law at the plenary meeting of the DPR RI people's representative council which will hold r
1226,2016-10-12T02:27:29.000Z,Agenda DPR Rabu Pukul WIB Komisi IX DPR Rapat Panja RUU Tenaga Kerja Asing agendaDPR,agenda DPR rabu pukul WIB komisi IX DPR rapat panja RUU tenaga kerja asing agendadpr,DPR agenda Wednesday at WIB Commission IX DPR working committee meeting on foreign workers bill DPR agenda
1227,2016-10-12T02:21:58.000Z,setuju untuk melanjutkan pembahasan RUU Pengesahan Paris Agreement to The United Nations Framework Convention on climatechange,setuju untuk melanjutkan pembahasan RUU pengesahan paris agreement tetapi the united nations framework convention on climatechange,agreed to continue discussion of the bill ratifying the paris agreement but the united nations framework convention on climate change
1228,2016-10-12T00:54:04.000Z,DPR Sepakati Pembahasan RUU Pengesahan Perjanjian Paris,DPR sepakati pembahasan RUU pengesahan perjanjian paris,The DPR agrees to discuss the bill to ratify the Paris Agreement
1229,2016-10-12T00:10:30.000Z,Pendapat fraksi fraksi dan pengambilan keputusan terhadap RUU usul inisiatif komisi III DPR RI tentang jabatan hakim menjadi usul DPR,pendapat fraksi fraksi dan pengambilan keputusan terhadap RUU usul inisiatif komisi II DPR RI tentang jabatan hakim menjadi usul DPR,the opinion of the factions and decision making regarding the bill proposed by Commission II of the Republic of Indonesia's Commission II regarding the position of judge as a proposal from the DPR
1230,2016-10-12T00:09:22.000Z,Selamat pagi sahabat Agenda Rabu Oktober Pukul Rapat Paripurna DPR RI MP I TS,selamat pagi sahabat agenda rabu oktober pukul rapat paripurna DPR RI MP i TS,"Good morning friends, agenda for Wednesday October at the plenary session of the DPR RI MP i TS"
1231,2016-10-11T11:20:59.000Z,Apakah RUU PPLIN Pilen msh diperlukab bl TKI distop ?,apakah RUU PPLIN pilen masih diperlukab bl TKI distop ?,Is the PPLIN Pilen Bill still needed before TKI is stopped?
1232,2016-10-11T09:38:26.000Z,Rapat juga menyetujui perpanjangan waktu pembahasan Pansus RUU PPILN sampai dengan Masa Persidangan II Tahun Sidang,rapat juga menyetujui perpanjangan waktu pembahasan pansus RUU PPILN sampai dengan masa persidangan II tahun sidang,The meeting also agreed to extend the time for special committee discussion of the PPILN Bill until the second session of the session year
1233,2016-10-11T09:37:08.000Z,Rapat juga menyetujui pengambilan keputusan Tk II Perppu Perlindungan Anak menjadi UU dalam Rapat Paripurna DPR tanggal Oktober,rapat juga menyetujui pengambilan keputusan tak II perppu perlindungan anak menjadi UU dalam rapat paripurna DPR tanggal oktober,The meeting also approved the decision to make No. II of the Child Protection Perppu into law at the DPR plenary session on October
1234,2016-10-11T09:36:52.000Z,Rapat juga memutuskan RUU Jabatan Hakim untuk disahkan menadi RUU inisiatif DPR dalam Rapat Paripurna DPR RI tanggal Oktober,rapat juga memutuskan RUU jabatan hakim untuk disahkan menadi RUU inisiatif DPR dalam rapat paripurna DPR RI tanggal oktober,The meeting also decided that the bill on the position of judges would be ratified as a DPR initiative bill at the DPR RI plenary session on October
1235,2016-10-11T09:33:32.000Z,Komisi VII DPR akan segera membahas Pengesahan Paris Agreement to the United Nations Framework Convention on Change bersama Pemerintah,komisi VII DPR akan segera membahas pengesahan paris agreement tetapi the united nations framework convention on change bersama pemerintah,DPR Commission VII will soon discuss ratifying the Paris Agreement but the United Nations Framework Convention on Change with the government
1236,2016-10-11T09:32:44.000Z,Pengesahan Paris Agreement to the United Nations Framework Convention on Change diserahkan kepada Komisi VII DPR,pengesahan paris agreement tetapi the united nations framework convention on change diserahkan kepada komisi VII DPR,ratification of the Paris Agreement but the United Nations Framework Convention on Change was handed over to Commission VII DPR
1237,2016-10-11T09:31:04.000Z,Dalam rapat juga menyetujui Pembahasaan RUU tentang Pengesahan Paris Agreement to the United Nations Framework Convention on Change,dalam rapat juga menyetujui pembahasaan RUU tentang pengesahan paris agreement tetapi the united nations framework convention on change,The meeting also agreed to discuss the bill regarding ratification of the Paris Agreement but the United Nations Framework Convention on Change
1238,2016-10-11T09:09:46.000Z,Forum Legislasi di Media Center DPR RI membahas RUU tentang Penyelenggaraan Ibadah Haji dan Umrah DPRLive,forum legislasi di media center DPR RI membahas RUU tentang penyelenggaraan ibadah haji dan umrah dprlive,legislative forum at the DPR RI media center discussing the bill regarding the implementation of the Hajj and Umrah pilgrimage dprlive
1239,2016-10-11T09:03:28.000Z,Fadli Zon Sindir Jokowi soal Pembuatan Undang undang Wakil Ketua Dewan Perwakilan Rakyat Fadli Zon menyindir,fadli zon sindir jokowi soal pembuatan undang undang wakil ketua dewan perwakilan rakyat fadli zon menyindir,"Fadli Zon quipped Jokowi regarding the drafting of the law for the deputy chairman of the People's Representative Council, Fadli Zon quipped"
1240,2016-10-11T08:39:32.000Z,Serunya simulasi rapat paripurna DPR RI ala ParlemenSantriPKB lengkap dgn pimpinan sidang penyerahan palu sampai interupsi,serunya simulasi rapat paripurna DPR RI ala parlemensantripkb lengkap dengan pimpinan sidang penyerahan palu sampai interupsi,"the excitement of the DPR RI plenary session simulation in the style of the parliamentsantripkb, complete with the chairman of the session handing over the gavel to interruptions"
1241,2016-10-11T08:07:05.000Z,Rapat paripurna ParlemenSantriPKB telah berlangsung Kemeriahan rangkaian acara HUTFPKB DPR RI,rapat paripurna parlemensantripkb telah berlangsung kemeriahan rangkaian acara HUTFPKB DPR RI,The plenary session of the DPR RI HUTFPKB series of parliamentary events took place
1242,2016-10-11T06:28:39.000Z,Fraksi Partai Kebangkitan Bangsa DPR RI menginisiasi Rancangan Undang Undang RUU Pendidikan Madrasah dan Pondok,fraksi partai kebangkitan bangsa DPR RI menginisiasi rancangan undang undang RUU pendidikan madrasah dan pondok,The DPR RI national awakening party faction initiated a draft law on madrasah and Islamic boarding school education
1243,2016-10-11T05:19:18.000Z,Komisi VII DPR RDPU dengan Pakar Hukum terkait masukan penyusunan Draf RUU tentang Migas dari sisi Ketentuan Pidana DPRLive,komisi VII DPR RDPU dengan pakar hukum terkait masukan penyusunan draf RUU tentang migas dari sisi ketentuan pidana dprlive,Commission VII DPR RDPU with legal experts regarding input on the preparation of the draft bill on oil and gas in terms of DPRlive criminal provisions
1244,2016-10-11T04:38:36.000Z,Rapat di pimpin Wakil Ketua Komisi VIII DPR RI terkait RUU ttg Tanggung Jawab Sosial Perusahaan TJSP,rapat di pimpin wakil ketua komisi VII DPR RI terkait RUU tentang tanggung jawab sosial perusahaan TJSP,The meeting was chaired by the deputy chairman of Commission VII DPR RI regarding the Bill on TJSP corporate social responsibility
1245,2016-10-11T03:39:10.000Z,PBNU dukung FPKB DPR RI utk mengusulkan Draf RUU Madrasah Pesantren pd Prolegnas,PBNU dukung FPKB DPR RI untuk mengusulkan draf RUU madrasah pesantren pada prolegnas,PBNU supports the DPR RI's FPKB to propose a draft Islamic boarding school madrasah bill to the National Legislation Program
1246,2016-10-11T03:32:21.000Z,Kabar kemarin FPKB DPR RI tentang gagasan RUU Madrasah Pesantren,kabar kemarin FPKB DPR RI tentang gagasan RUU madrasah pesantren,yesterday's news from the DPR RI FPKB regarding the idea of ​​a bill on Islamic boarding school madrasas
1247,2016-10-11T02:15:45.000Z,Agenda DPR Selasa Pukul WIB Komisi I DPR Rapat Laporan Tim Perumus kepada Tim Panja RUU ITE agendaDPR,agenda DPR selasa pukul WIB komisi i DPR rapat laporan tim perumus kepada tim panja RUU ITE agendadpr,"DPR agenda, Tuesday at WIB, Commission i DPR meeting reports the drafting team to the committee on the ITE Bill, DPR agenda"
1248,2016-10-11T02:10:59.000Z,Agenda DPR Selasa Pukul WIB Komisi I DPR Rapat Pembahasan Tim Perumus RUU ITE agendaDPR,agenda DPR selasa pukul WIB komisi i DPR rapat pembahasan tim perumus RUU ITE agendadpr,"DPR agenda, Tuesday at WIB, DPR commission i meeting to discuss the drafting team for the ITE Bill, DPR agenda"
1249,2016-10-11T01:00:02.000Z,Komisi III DPR RI menemukan penyalahgunaan kebijakan bebas visa oleh turis dari sejumlah negara di beberapa,komisi II DPR RI menemukan penyalahgunaan kebijakan bebas visa oleh turis dari sejumlah negara di beberapa,Commission II DPR RI found abuse of the visa-free policy by tourists from a number of countries in several countries
1250,2016-10-11T00:23:25.000Z,JAKARTA Fraksi Partai Kebangkitan Bangsa FPKB DPR RI segera menginisiasi Rancangan Undang Undang RUU Pen,JAKARTA fraksi partai kebangkitan bangsa FPKB DPR RI segera menginisiasi rancangan undang undang RUU pengin,"JAKARTA, the faction of the national awakening party FPKB DPR RI immediately initiated a draft law on the Wanted Bill"
1251,2016-10-10T16:31:22.000Z,Saya menambahkan video ke daftar putar PBNU Terima Draf RUU Madrasah Pesantren Inisiasi FPKB DPR RI,saya menambahkan video ke daftar putar PBNU terima draf RUU madrasah pesantren inisiasi FPKB DPR RI,I added the video to the playlist PBNU received the draft Islamic boarding school madrasah bill initiated by the DPR RI's FPKB
1252,2016-10-10T15:35:08.000Z,Fraksi Partai Kebangkitan Bangsa FPKB DPR RI bakal menginisiasi RUU Pendidikan Madrasah dan Pondok Pesantre,fraksi partai kebangkitan bangsa FPKB DPR RI bakal menginisiasi RUU pendidikan madrasah dan pondok pesantre,The National Awakening Party faction FPKB DPR RI will initiate a bill on madrasah and Islamic boarding school education
1253,2016-10-10T14:59:52.000Z,Retweeted Nahdlatul Ulama Laporan FPKB DPR RI kepada Ketum PBNU sekaligus Launching RUU,retweeted nahdlatul ulama laporan FPKB DPR RI kepada ketum PBNU sekaligus launching RUU,retweeted nahdlatul ulama DPR RI FPKB report to PBNU chairman as well as launching the bill
1254,2016-10-10T14:03:59.000Z,PBNU Terima Draf RUU Madrasah Pesantren Inisiasi FPKB DPR RI,PBNU terima draf RUU madrasah pesantren inisiasi FPKB DPR RI,PBNU receives the draft bill on Islamic boarding school madrasas initiated by the DPR RI's FPKB
1255,2016-10-10T13:48:12.000Z,PBNU Terima Draf RUU Madrasah Pesantren Inisiasi FPKB DPR RI melalui,PBNU terima draf RUU madrasah pesantren inisiasi FPKB DPR RI melalui,PBNU received the draft bill on Islamic boarding school madrasas initiated by the DPR RI's FPKB through
1256,2016-10-10T13:24:14.000Z,Fraksi Partai Kebangkitan Bangsa di DPR RI akan mengusulkan RUU Pendidikan Madrasah dan MinangKabau Sumbar,fraksi partai kebangkitan bangsa di DPR RI akan mengusulkan RUU pendidikan madrasah dan minangkabau sumbar,The National Awakening Party faction in the DPR RI will propose a law on Madrasah and Minangkabau education in West Sumatra
1257,2016-10-10T13:10:36.000Z,Nasional Fraksi Partai Kebangkitan Bangsa di DPR RI akan mengusulkan RUU Pendidikan Madrasah dan Pondok Pesantren,nasional fraksi partai kebangkitan bangsa di DPR RI akan mengusulkan RUU pendidikan madrasah dan pondok pesantren,The National Awakening Party faction in the DPR RI will propose a bill on madrasah and Islamic boarding school education
1258,2016-10-10T13:06:08.000Z,Sumbar Fraksi Partai Kebangkitan Bangsa di DPR RI akan mengusulkan RUU Pendidikan Madrasah dan Pondok Pesantren,sumbar fraksi partai kebangkitan bangsa di DPR RI akan mengusulkan RUU pendidikan madrasah dan pondok pesantren,said the National Awakening Party faction in the DPR RI will propose a bill on madrasah and Islamic boarding school education
1259,2016-10-10T13:04:02.000Z,News Fraksi Partai Kebangkitan Bangsa di DPR RI akan mengusulkan RUU Pendidikan Madrasah dan Pondok Pesantren,news fraksi partai kebangkitan bangsa di DPR RI akan mengusulkan RUU pendidikan madrasah dan pondok pesantren,news The National Awakening Party faction in the DPR RI will propose a bill on madrasah and Islamic boarding school education
1260,2016-10-10T13:03:13.000Z,KabaKampuang Fraksi Partai Kebangkitan Bangsa di DPR RI akan mengusulkan RUU Pendidikan Madrasah dan Pondok Pesan,kabakampuang fraksi partai kebangkitan bangsa di DPR RI akan mengusulkan RUU pendidikan madrasah dan pondok pesan,Kabakampuang faction of the National Awakening Party in the DPR RI will propose a bill on madrasa and Islamic boarding school education
1261,2016-10-10T12:04:55.000Z,Kunjungan Lapangan TIM PANSUS RUU Tindak Terorisme DPR RI ke BNPT,kunjungan lapangan TIM PANSUS RUU tindak terorisme DPR RI ke BNPT,field visit by the Special Committee of the Republic of Indonesia DPR's Terrorism Act Bill to BNPT
1262,2016-10-10T10:16:36.000Z,Panja RUU Larangan Praktik Monopoli Dibentuk Baleg DPR RI,panja RUU larangan praktik monopoli dibentuk baleg DPR RI,The working committee on the bill on the prohibition of monopolistic practices was formed by the Legislative Assembly of the DPR RI
1263,2016-10-10T08:58:48.000Z,diskusi dgn media membahas RUU penghapusan kekerasan seksual,diskusi dengan media membahas RUU penghapusan kekerasan seksual,discussions with the media discussing the bill to eliminate sexual violence
1264,2016-10-10T08:09:17.000Z,Fraksi PPP DPR RI Menyerahkan NA RUU tentang Pendidikan Keagamaan yang menjadi Usulan PPP dan,fraksi PP DPR RI menyerahkan NYA RUU tentang pendidikan keagamaan yang menjadi usulan PP dan,The DPR RI PP faction submitted the NYA bill on religious education which was proposed by the PP and
1265,2016-10-10T07:59:07.000Z,Undang Undang Nomor tentang Kesehatan Jiwa disahkan DPR menjadi UU pada tanggal Juli yang merupakan usul inisiatif DPR,undang undang nomor tentang kesehatan jiwa disahkan DPR menjadi UU pada tanggal juli yang merupakan usul inisiatif DPR,"Law No. regarding mental health was passed by the DPR and became law on July, which was an initiative proposal from the DPR"
1266,2016-10-10T07:56:34.000Z,Di Indonesia sendiri Kesehatan Jiwa telah diatur dalam Undang Undang Nomor tahun tentang Kesehatan Jiwa,di indonesia sendiri kesehatan jiwa telah diatur dalam undang undang nomor tahun tentang kesehatan jiwa,"In Indonesia, mental health has been regulated in Law No. 1 concerning Mental Health"
1267,2016-10-10T07:26:48.000Z,Admin akan live tweet acara parlement gathering di Komnas Perempuan Dicatet ya anggota yg dukung RUU Penghapusan KekerasanSeksual,admin akan live tweet acara parlement gathering di komnas perempuan dicatet ya anggota yang dukung RUU penghapusan kekerasanseksual,admin will live tweet the parliamentary gathering event at the National Women's Commission with members who support the bill on the elimination of sexual violence
1268,2016-10-10T07:07:42.000Z,RUU Penghapusan KekerasanSeksual sekarang posisinya prioritas nomor di GerakBersama,RUU penghapusan kekerasanseksual sekarang posisinya prioritas nomor di gerakbersama,The bill on the eradication of sexual violence is now the number one priority in the joint movement
1269,2016-10-10T06:30:17.000Z,RT NahdlatulOelama Laporan FPKB DPR RI kepada Ketum PBNU sekaligus Launching RUU Pendidikan Madrasah dan Pondok P,RT nahdlatuloelama laporan FPKB DPR RI kepada ketum PBNU sekaligus launching RUU pendidikan madrasah dan pondok p,RT nahdlatuloelama DPR RI FPKB report to the PBNU chairman as well as launching the madrasa and Islamic boarding school education bill
1270,2016-10-10T06:27:53.000Z,Laporan FPKB DPR RI kepada Ketum PBNU sekaligus Launching RUU Pendidikan Madrasah dan Pondok Pesantren,laporan FPKB DPR RI kepada ketum PBNU sekaligus launching RUU pendidikan madrasah dan pondok pesantren,DPR RI FPKB report to the PBNU chairman as well as launching the madrasa and Islamic boarding school education bill
1271,2016-10-10T06:08:54.000Z,Fraksi PKB DPR RI hari ini me launching RUU PENDIDIKAN MADRASAH DAN PONDOK PESANTREN di Gd PBNU,fraksi PKB DPR RI hari ini me launching RUU PENDIDIKAN MADRASAH DAN PONDOK PESANTREN di gd PBNU,The DPR RI PKB faction today launched the MADRASAH AND Islamic Boarding School EDUCATION Bill at the PBNU building
1272,2016-10-10T04:50:36.000Z,RUU Madrasah Pondok Pesantren adlh hadiah Hari Santri Nasional yg dpersembahkn FPKB DPR RI untk santri Indonesia RUUPesantrenPKB HUTFPKB,RUU madrasah pondok pesantren adalah hadiah hari santri nasional yang dpersembahkn FPKB DPR RI untuk santri indonesia ruupesantrenpkb HUTFPKB,The Islamic boarding school madrasah bill is a national santri day gift presented by the DPR RI FPKB for Indonesian students ruupesantrenpkb HUTFPKB
1273,2016-10-10T04:37:12.000Z,Semoga lancar LAUNCHING RUU PENDIDIKAN MADRASAH PONDOK PESANTREN FPKB DPR RI Bangkaitlah wahai PKB,semoga lancar LAUNCHING RUU PENDIDIKAN MADRASAH PONDOK PESANTREN FPKB DPR RI bangkaitlah wahai PKB,"I hope there will be a smooth LAUNCHING OF THE MADRASAH EDUCATION BILL, FPKB Islamic Boarding School, DPR RI, let's go, O PKB"
1274,2016-10-10T04:36:25.000Z,mmprjuangkn hak kaum santri hari ini FPKB DPR RI me launching RUU Madrasah n Ponpes d kntor PBNU RUUPesantrenPKB,mmprjuangkn hak kaum santri hari ini FPKB DPR RI me launching RUU madrasah n ponpes di kntor PBNU ruupesantrenpkb,"Fighting for the rights of Islamic boarding school students today, FPKB DPR RI launched the Madrasah and Islamic Boarding School Bill at the PBNU office ruupesantrenpkb"
1275,2016-10-10T03:59:23.000Z,Badan Legislasi DPR Rapat Harmonisasi RUU tentang Larangan Praktek Monopoli dan Persaingan Usaha Tidak Sehat DPRLive,badan legislasi DPR rapat harmonisasi RUU tentang larangan praktek monopoli dan persaingan usaha tidak sehat dprlive,DPR legislative body meets to harmonize the bill regarding the prohibition of monopolistic practices and unfair business competition dprlive
1276,2016-10-10T03:28:43.000Z,Now Fraksi PKB DPR RI Launching RUU Pesantren Madrasah di PBNU Mengembalikan spirit prjuangan para kyai ulama,now fraksi PKB DPR RI launching RUU pesantren madrasah di PBNU mengembalikan spirit perjuangan para kyai ulama,now the PKB faction of the DPR RI has launched the bill on madrasah Islamic boarding schools at PBNU to restore the fighting spirit of the kyai ulama
1277,2016-10-10T03:00:31.000Z,Komisi XI DPR RI akan segera membahas dua revisi undang undang UU mengenai penerimaan negara TaxNews,komisi XI DPR RI akan segera membahas dua revisi undang undang UU mengenai penerimaan negara taxnews,Commission XI DPR RI will soon discuss two revisions to the law regarding taxnews state revenues
1278,2016-10-10T01:56:09.000Z,Agenda DPR Senin Pukul WIB Baleg DPR Rapat Harmonisasi RUU Larangan Praktek Monopoli Persaingan Usaha agendaDPR,agenda DPR senin pukul WIB baleg DPR rapat harmonisasi RUU larangan praktek monopoli persaingan usaha agendadpr,DPR agenda Monday at WIB Baleg DPR meeting on harmonization of bill prohibiting monopolistic practices in business competition DPR agenda
1279,2016-10-09T23:07:21.000Z,Dewan Perwakilan Rakyat DPR meminta aturan turunan dari Undang Undang UU No Tahun tentang Pendidikan,dewan perwakilan rakyat DPR meminta aturan turunan dari undang undang UU no tahun tentang pendidikan,the DPR's people's representative council asked for derivative regulations from Law No. 1 regarding education
1280,2016-10-08T20:45:52.000Z,DPR bebas visa disalahgunakan Jatim rugi Rp triliun Komisi III DPR RI menemukan penyalahgunaan kebijakan b,DPR bebas visa disalahgunakan jatim rugi rp triliun komisi II DPR RI menemukan penyalahgunaan kebijakan b,East Java's visa-free DPR abuses loss of IDR trillion. Commission II DPR RI finds abuse of policy b
1281,2016-10-08T20:22:14.000Z,DPR bebas visa disalahgunakan Jatim rugi Rp triliun Komisi III DPR RI menemukan penyalahgunaan kebijakan,DPR bebas visa disalahgunakan jatim rugi rp triliun komisi II DPR RI menemukan penyalahgunaan kebijakan,"East Java's visa-free DPR abuses loss of IDR trillion, Commission II of the DPR RI finds abuse of policy"
1282,2016-10-08T20:03:18.000Z,DPR bebas visa disalahgunakan jatim rugi Rp triliun Komisi III DPR RI menemukan penyalahgunaan kebijakan bebas,DPR bebas visa disalahgunakan jatim rugi rp triliun komisi II DPR RI menemukan penyalahgunaan kebijakan bebas,East Java's visa-free DPR misused Rp. trillion in losses. Commission II of the Indonesian House of Representatives found misuse of the free policy
1283,2016-10-08T18:09:01.000Z,Komisi III DPR RI menemukan penyalahgunaan kebijakan bebas visa oleh turis dari sejumlah negara di be,komisi II DPR RI menemukan penyalahgunaan kebijakan bebas visa oleh turis dari sejumlah negara di be,Commission II DPR RI found misuse of the visa-free policy by tourists from a number of countries in Be
1284,2016-10-07T14:22:11.000Z,Komisi VIII DPR menggelar pertemuan dengan UIN Makassar terkait dengan RUU Penyelenggaraan Ibadah Haji Umrah Jumat KunkerDPR,komisi VII DPR menggelar pertemuan dengan UIN makassar terkait dengan RUU penyelenggaraan ibadah haji umrah jumat kunkerdpr,Commission VII of the DPR held a meeting with UIN Makassar regarding the bill on the implementation of the Friday Umrah Hajj kunkerdpr
1285,2016-10-07T14:20:29.000Z,Komisi VIII DPR menggelar pertemuan dengan UIN Malang terkait dengan RUU Penyelenggaraan Ibadah Haji Umrah Jum at KunkerDPR,komisi VII DPR menggelar pertemuan dengan UIN malang terkait dengan RUU penyelenggaraan ibadah haji umrah jum at kunkerdpr,DPR Commission VII held a meeting with UIN Malang regarding the bill on organizing the Friday Umrah Hajj pilgrimage at kunkerdpr
1286,2016-10-07T12:01:23.000Z,Panitia Khusus Pansus II Dewan Perwakilan Rakyat Kota DPRK terhadap Rancangan Qanun Pertanggungjawaban,panitia khusus pansus II dewan perwakilan rakyat kota DPRK terhadap rancangan qanun pertanggungjawaban,special committee II of the DPRK city people's representative council on the draft accountability qanun
1287,2016-10-07T11:17:10.000Z,Kunjungan Spesifik Kom X ke perpusda DIY bahas RUU perubahan atas UU no thn ttg Serah Simpan Karya Cetak Karya Rekam,kunjungan spesifik kom kali ke perpusda DIY bahas RUU perubahan atas UU no tahun tentang serah simpan karya cetak karya rekam,special visit to the DIY library to discuss the draft amendment to Law no
1288,2016-10-07T11:16:52.000Z,Masukan Penghapusan Hukuman Mati Diterima Panja KUHP Komisi III Panitia Kerja Panja RUU KUHP Kitab undang,masukan penghapusan hukuman mati diterima panja KUHP komisi II panitia kerja panja RUU KUHP kitab undang,Input for the abolition of the death penalty was accepted by the Criminal Code Committee II Working Committee of the Draft Criminal Code Draft Committee
1289,2016-10-07T11:16:44.000Z,News Masukan Penghapusan Hukuman Mati Diterima Panja KUHP Komisi III Panitia Kerja Panja RUU KUHP Kitab,news masukan penghapusan hukuman mati diterima panja KUHP komisi II panitia kerja panja RUU KUHP kitab,news input on the abolition of the death penalty was accepted by the Criminal Code Committee II working committee working committee on the Draft Criminal Code Bill
1290,2016-10-07T00:54:12.000Z,Anggota DPR Apresiasi Penghentian Kebijakan Plastik Berbayar,anggota DPR apresiasi penghentian kebijakan plastik berbayar,DPR members appreciate the termination of the paid plastic policy
1291,2016-10-06T14:36:43.000Z,Jakarta GATRAnews Anggota Komisi V DPR RI Ahmad M Ali menolak kebijakan pelaksana tugas Menteri Energi Sumber,jakarta gatranews anggota komisi v DPR RI ahmad sama ali menolak kebijakan pelaksana tugas menteri energi sumber,jakarta gatranews member of commission v DPR RI ahmad sama ali rejects the policy of implementing the duties of the minister of energy and resources
1292,2016-10-06T14:30:41.000Z,Anggota Komisi V DPR RI Ahmad M Ali menolak kebijakan pelaksana tugas Menteri Energi Sumber Daya Mineral ESDM,anggota komisi v DPR RI ahmad sama ali menolak kebijakan pelaksana tugas menteri energi sumber daya mineral ESDM,"member of commission v DPR RI ahmad sama ali rejects the policy of implementing the duties of the minister of energy, mineral resources, ESDM"
1293,2016-10-06T14:08:50.000Z,Forum Panmus DPD RI sepakat untuk menggelar rapat paripurna luar biasa untuk memilih pimpinan DPR RI dari Ind,forum panmus DPD RI sepakat untuk menggelar rapat paripurna luar biasa untuk memilih pimpinan DPR RI dari ind,The DPD RI special committee forum agreed to hold an extraordinary plenary meeting to elect the leadership of the DPR RI from Indonesia
1294,2016-10-06T14:04:37.000Z,Wakil Ketua Komisi IV Herman Khaeron saat raker dengan Menteri LHK Siti Nurbaya di gedung DPR Senayan,wakil ketua komisi IV herman khaeron saat raker dengan menteri LHK siti nurbaya di gedung DPR senayan,Deputy Chairman of Commission IV Herman Khaeron during a working meeting with Minister of Environment and Forestry Siti Nurbaya at the Senayan DPR building
1295,2016-10-06T13:11:48.000Z,Tim Perumus Pemerintah Komisi membahas rumusan final RUU Revisi UU ITE di Jakarta Kamis,tim perumus pemerintah komisi membahas rumusan final RUU revisi UU ITE di jakarta kamis,"The commission's government drafting team discussed the final formulation of the bill for the revision of the ITE Law in Jakarta, Thursday"
1296,2016-10-06T11:45:58.000Z,Kasian ya Di Negara ini Anggota DPR gak ngerti yg namanya Hukum Padahal salah satu tugasnya bikin Undang Undang,kasihan ya di negara ini anggota DPR tidak mengerti yang namanya hukum padahal salah satu tugasnya bikin undang undang,It's a shame that in this country members of the DPR don't understand the law even though one of their jobs is to make laws
1297,2016-10-06T11:17:20.000Z,Anggota DPR Apresiasi Penghentian Kebijakan Kantong Plastik Berbayar,anggota DPR apresiasi penghentian kebijakan kantong plastik berbayar,DPR members appreciate the termination of the paid plastic bag policy
1298,2016-10-06T08:14:14.000Z,DPR Optimistis Revisi RUU ITE Segera Disahkan,DPR optimistis revisi RUU ITE segera disahkan,The DPR is optimistic that the revised ITE Bill will soon be passed
1299,2016-10-06T08:13:51.000Z,DPR Optimistis Revisi RUU ITE Segera Disahkan Republika,DPR optimistis revisi RUU ITE segera disahkan republika,The DPR is optimistic that the revised ITE Bill will soon be passed by the republic
1300,2016-10-06T07:57:53.000Z,Panja RUU PPILN Komisi IX DPR RDP dengan BPJS Ketenagakerjaan OJK Konsorsium Asuransi Mitra TKI membahas Jaminan Sosial Bagi TKI DPRLive,panja RUU PPILN komisi IX DPR RDP dengan BPJS ketenagakerjaan OJK konsorsium asuransi mitra TKI membahas jaminan sosial bagi TKI dprlive,DPR RDP commission IX PPILN bill committee with BPJS employment OJK insurance consortium partners for migrant workers discuss social security for migrant workers dprlive
1301,2016-10-06T07:53:55.000Z,Tim pansus RUU Terorisme berfoto bersama dengan kepala,tim pansus RUU terorisme berfoto bersama dengan kepala,the special committee team on the terrorism bill took a photo together with the head
1302,2016-10-06T07:27:53.000Z,Ketua Pansus RUU Tipitor Minta Imunisasi Masyarakat Dari Bahaya Terorisme,ketua pansus RUU tipitor meminta imunisasi masyarakat dari bahaya terorisme,The chairman of the special committee on the tipitor bill asked for immunization of the public from the dangers of terrorism
1303,2016-10-06T07:27:06.000Z,Ketua Pansus RUU Tipitor Minta BNPT Imunisasi Masyarakat Dari Bahaya Terorisme,ketua pansus RUU tipitor meminta BNPT imunisasi masyarakat dari bahaya terorisme,The chairman of the special committee on the tipitor bill asked BNPT to immunize society from the dangers of terrorism
1304,2016-10-06T07:22:51.000Z,Baru Saja Ratusan Mahasiswa Ambil Alih Kursi Wakil Rakyat saat Rapat Paripurna di Gedung DPRD,baru saja ratusan mahasiswa ambil alih kursi wakil rakyat saat rapat paripurna di gedung DPRD,Hundreds of students have just taken over the seats of people's representatives during a plenary meeting at the DPRD building
1305,2016-10-06T07:22:31.000Z,Anggota Komisi III Taufiqulhadi Pencantuman Pancasila dalam RUU KUHP Bentuk Perlindungan Terhadap Ideologi Bangsa,anggota komisi II taufiqulhadi pencantuman pancasila dalam RUU KUHP bentuk perlindungan terhadap ideologi bangsa,"Commission II member Taufiqulhadi, the inclusion of Pancasila in the Criminal Code Bill is a form of protection for the nation's ideology"
1306,2016-10-06T05:45:15.000Z,Komisi IV DPR RI Susun RUU Karantina Hewan Tumbuhan Pertanian,komisi IV DPR RI susun RUU karantina hewan tumbuhan pertanian,Commission IV DPR RI drafts agricultural plant animal quarantine bill
1307,2016-10-06T05:44:11.000Z,Update Time Baru Saja Ratusan Mahasiswa Ambil Alih Kursi Wakil Rakyat saat Rapat Paripurna di Gedung DPRD Du,update time baru saja ratusan mahasiswa ambil alih kursi wakil rakyat saat rapat paripurna di gedung DPRD du,"update time, hundreds of students have just taken over the seats of people's representatives during a plenary meeting at the DPRD du building"
1308,2016-10-06T05:44:06.000Z,SeputarRiau Baru Saja Ratusan Mahasiswa Ambil Alih Kursi Wakil Rakyat saat Rapat Paripurna di Via GoRiau,seputarriau baru saja ratusan mahasiswa ambil alih kursi wakil rakyat saat rapat paripurna di via goriau,"Around Riau, hundreds of students have just taken over the seats of people's representatives during a plenary meeting in Via Goriau"
1309,2016-10-06T05:44:02.000Z,Baru Saja Ratusan Mahasiswa Ambil Alih Kursi Wakil Rakyat saat Rapat Paripurna di Gedung DPRD Dumai,baru saja ratusan mahasiswa ambil alih kursi wakil rakyat saat rapat paripurna di gedung DPRD dumai,Hundreds of students have just taken over the seats of people's representatives during a plenary meeting at the Dumai DPRD building
1310,2016-10-06T05:43:57.000Z,NewsUpdate Baru Saja Ratusan Mahasiswa Ambil Alih Kursi Wakil Rakyat saat Rapat Paripurn MentionForFolBack,newsupdate baru saja ratusan mahasiswa ambil alih kursi wakil rakyat saat rapat paripurn mentionforfolback,newsupdate just now hundreds of students took over the seats of people's representatives during the plenary meeting mentionforfolback
1311,2016-10-06T05:10:23.000Z,Baru Saja Ratusan Mahasiswa Ambil Alih Kursi Wakil Rakyat saat Rapat Paripurna di Gedung DPRD Dumai Go Riau,baru saja ratusan mahasiswa ambil alih kursi wakil rakyat saat rapat paripurna di gedung DPRD dumai go riau,Hundreds of students have just taken over the seats of people's representatives during a plenary meeting at the Dumai Go Riau DPRD building
1312,2016-10-06T05:10:22.000Z,Baru Saja Ratusan Mahasiswa Ambil Alih Kursi Wakil Rakyat saat Rapat Paripurna di Gedung DPRD Dumai GoRiau,baru saja ratusan mahasiswa ambil alih kursi wakil rakyat saat rapat paripurna di gedung DPRD dumai goriau,Recently hundreds of students took over the seats of people's representatives during a plenary meeting at the Dumai Goriau DPRD building
1313,2016-10-06T05:01:07.000Z,DPR dukung undang undang khusus tentang Antara Anggota Komisi I DPR RI yang juga pernah menjadi pemimpin re,DPR dukung undang undang khusus tentang antara anggota komisi i DPR RI yang juga pernah menjadi pemimpin re,The DPR supports a special law regarding members of Commission I of the DPR RI who have also been leaders of re
1314,2016-10-06T04:43:48.000Z,Baru Saja Ratusan Mahasiswa Ambil Alih Kursi Wakil Rakyat saat Rapat Paripurna di Gedung,baru saja ratusan mahasiswa ambil alih kursi wakil rakyat saat rapat paripurna di gedung,Hundreds of students have just taken over the seats of people's representatives during a plenary meeting in the building
1315,2016-10-06T03:17:22.000Z,Pejabat BNPT bersiap menyambut KunjunganPansus dalam rangka Pembahasan RUU tentang Pemberantasan Terorisme,pejabat BNPT bersiap menyambut kunjunganpansus dalam rangka pembahasan RUU tentang pemberantasan terorisme,BNPT officials are preparing to welcome the special committee's visit to discuss the bill on eradicating terrorism
1316,2016-10-06T02:54:42.000Z,Anggota DPR setuju juga Wakil rakyat atau wakil rezim ? AWASI kebijakan rezim bila tdk ingin negri ini tergadai,anggota DPR setuju juga wakil rakyat atau wakil rezim ? AWASI kebijakan rezim bila tidak ingin negeri ini tergadai,"DPR members agree, are they also representatives of the people or representatives of the regime? WATCH the regime's policies if you don't want this country to be mortgaged"
1317,2016-10-06T02:02:01.000Z,Agenda DPR Kamis Pukul WIB Komisi IX DPR Rapat Panja RUU PPILN dengan BPJS Ketenagakerjaan OJK agendaDPR,agenda DPR kamis pukul WIB komisi IX DPR rapat panja RUU PPILN dengan BPJS ketenagakerjaan OJK agendadpr,DPR agenda Thursday at WIB commission IX DPR working committee meeting PPILN Bill with BPJS employment OJK agendadpr
1318,2016-10-06T01:59:22.000Z,Agenda DPR Kamis Pukul WIB Komisi IX DPR Rapat Panja RUU Kebidanan agendaDPR,agenda DPR kamis pukul WIB komisi IX DPR rapat panja RUU kebidanan agendadpr,"DPR agenda, Thursday at WIB, DPR Commission IX meeting of the midwifery bill working committee, DPR agenda"
1319,2016-10-05T18:30:56.000Z,DPR dukung undang undang khusus tentang Antara Anggota Komisi I DPR RI yang juga pernah menjadi pemimpin red,DPR dukung undang undang khusus tentang antara anggota komisi i DPR RI yang juga pernah menjadi pemimpin red,The DPR supports a special law regarding members of Commission I of the DPR RI who have also been leaders of the Republic of Indonesia
1320,2016-10-05T18:10:29.000Z,Anggota Komisi I DPR RI yang juga pernah menjadi pemimpin redaksi di beberapa stasiun televisi Arief Suditom,anggota komisi i DPR RI yang juga pernah menjadi pemimpin redaksi di beberapa stasiun televisi arief suditom,Member of Commission I DPR RI who has also been editor-in-chief at several Arief Suditom television stations
1321,2016-10-05T18:09:47.000Z,VenzTime Anggota Komisi I DPR RI yang juga pernah menjadi pemimpin redaksi di beberapa stasiun televisi Ari,venztime anggota komisi i DPR RI yang juga pernah menjadi pemimpin redaksi di beberapa stasiun televisi ari,Venztime is a member of Commission I DPR RI who has also been editor-in-chief at several Ari television stations
1322,2016-10-05T18:02:40.000Z,TyoNews DPR dukung undang undang khusus tentang Antara Anggota Komisi I DPR RI yang juga pernah menja News,tyonews DPR dukung undang undang khusus tentang antara anggota komisi i DPR RI yang juga pernah menja news,tyonews The DPR supports a special law regarding members of Commission I of the DPR RI who have also done news
1323,2016-10-05T18:00:26.000Z,DPR dukung undang undang khusus tentang Antara Anggota Komisi I DPR RI yang juga pernah menjadi pemimpin RT,DPR dukung undang undang khusus tentang antara anggota komisi i DPR RI yang juga pernah menjadi pemimpin RT,The DPR supports a special law regarding members of Commission I of the DPR RI who have also been RT leaders
1324,2016-10-05T18:00:24.000Z,antaranews DPR dukung undang undang khusus tentang Antara Anggota Komisi I DPR RI yang juga pernah menjadi,antaranews DPR dukung undang undang khusus tentang antara anggota komisi i DPR RI yang juga pernah menjadi,Antaranews The DPR supports a special law regarding members of Commission I of the DPR RI who have also been
1325,2016-10-05T17:53:18.000Z,DPR dukung undang undang khusus tentang Antara Anggota Komisi I DPR RI yang juga pernah me SeputarIndonesia,DPR dukung undang undang khusus tentang antara anggota komisi i DPR RI yang juga pernah me seputarindonesia,The DPR supports a special law regarding members of Commission I of the DPR RI who have also been involved in Indonesia
1326,2016-10-05T17:51:57.000Z,DPR dukung undang undang khusus tentang Antara Anggota Komisi I DPR RI yang juga pernah menjadi Antara News,DPR dukung undang undang khusus tentang antara anggota komisi i DPR RI yang juga pernah menjadi antara news,The DPR supports a special law regarding members of Commission I of the DPR RI who have also been among the news
1327,2016-10-05T17:45:55.000Z,DPR dukung undang undang khusus tentang Antara Anggota Komisi I DPR RI yang juga pernah menjadi pemimpin reda,DPR dukung undang undang khusus tentang antara anggota komisi i DPR RI yang juga pernah menjadi pemimpin reda,The DPR supports a special law regarding members of Commission I of the DPR RI who have also been leaders of reda
1328,2016-10-05T17:32:03.000Z,DPR dukung undang undang khusus tentang Antara Anggota Komisi I DPR RI yang juga pernah RanoKarnoHRSMundur,DPR dukung undang undang khusus tentang antara anggota komisi i DPR RI yang juga pernah ranokarnohrsmundur,The DPR supports a special law regarding members of Commission I of the DPR RI who also had to resign
1329,2016-10-05T17:27:16.000Z,Antara DPR dukung undang undang khusus tentang Antara Anggota Komisi I DPR RI yang juga pernah menjadi pe,antara DPR dukung undang undang khusus tentang antara anggota komisi i DPR RI yang juga pernah menjadi pe,The DPR supports a special law regarding members of Commission I of the DPR RI who have also been pe
1330,2016-10-05T17:27:13.000Z,AntaraNews DPR dukung undang undang khusus tentang Antara Anggota Komisi I DPR RI yang juga pernah menjadi,antaranews DPR dukung undang undang khusus tentang antara anggota komisi i DPR RI yang juga pernah menjadi,Antaranews The DPR supports a special law regarding members of Commission I of the DPR RI who have also been
1331,2016-10-05T17:20:48.000Z,autotekno Hanafi Rais Network Sharing Bertentangan dengan Undang undang Wakil Ketua Komisi I DPR RI Hanaf,autotekno hanafi rais network sharing bertentangan dengan undang undang wakil ketua komisi i DPR RI hanaf,autotekno hanafi rais network sharing is contrary to the law of the deputy chairman of commission i DPR RI Hanaf
1332,2016-10-05T16:58:29.000Z,DPR dukung undang undang khusus tentang Antara Anggota Komisi I DPR RI yang juga pernah menjadi pemimpin redaksi,DPR dukung undang undang khusus tentang antara anggota komisi i DPR RI yang juga pernah menjadi pemimpin redaksi,The DPR supports a special law regarding members of Commission I of the DPR RI who have also been editor-in-chief
1333,2016-10-05T10:04:11.000Z,Anggota me inisiasi revisi UU No,anggota me inisiasi revisi UU no,members initiated the revision of Law no
1334,2016-10-05T09:38:38.000Z,Anggota Komisi I DPR RI Optimis Revisi RUU ITE Segera Disahkan,anggota komisi i DPR RI optimis revisi RUU ITE segera disahkan,Members of Commission I DPR RI are optimistic that the revised ITE Bill will soon be passed
1335,2016-10-05T07:59:43.000Z,ROKAN HILIR Rapat Paripurna Istimewa Dewan Perwakilan Rakyat Daerah kabupaten Rokan Hilir Rohil dalam ran,ROKAN HILIR rapat paripurna istimewa dewan perwakilan rakyat daerah kabupaten rokan hilir rohil dalam ran,"ROKAN HILIR special plenary meeting of the regional people's representative council of Rokan downstream district, Rohil in ran"
1336,2016-10-05T05:30:07.000Z,Update Time DPR Merasa Optimis Revisi RUU ITE Bisa Disahkan Sebelum Oktober JAKARTA DPR RI optimis,update time DPR merasa optimis revisi RUU ITE dapat disahkan sebelum oktober JAKARTA DPR RI optimis,update time The DPR is optimistic that the revised ITE Bill can be passed before October. JAKARTA The Indonesian DPR is optimistic
1337,2016-10-05T05:30:03.000Z,DPR Merasa Optimis Revisi RUU ITE Bisa Disahkan Sebelum Oktober JAKARTA DPR RI optimis revisi Ranc,DPR merasa optimis revisi RUU ITE dapat disahkan sebelum oktober JAKARTA DPR RI optimis revisi ranc,The DPR is optimistic that the revised ITE Bill can be passed before October. JAKARTA The Indonesian DPR is optimistic about the draft revision
1338,2016-10-05T04:42:55.000Z,Revisi rancangan Undang Undang RUU tentang Informasi dan Transaksi Elektronik ITE akan segera dibawa ke P,revisi rancangan undang undang RUU tentang informasi dan transaksi elektronik ITE akan segera dibawa ke p,revision of the draft law on ITE electronic information and transactions will soon be brought to p
1339,2016-10-05T04:41:26.000Z,Komisi I DPR Optimis Revisi RUU ITE Segera Disahkan,komisi i DPR optimis revisi RUU ITE segera disahkan,DPR Commission I is optimistic that the revised ITE Bill will soon be passed
1340,2016-10-05T04:40:17.000Z,Komisi I DPR Optimis Revisi RUU ITE Segera Disahkan Revisi rancangan Undang Undang RUU tentang Informasi d,komisi i DPR optimis revisi RUU ITE segera disahkan revisi rancangan undang undang RUU tentang informasi di,Commission i of the DPR is optimistic that the revision of the ITE Bill will soon be ratified. The revision of the draft law on information in
1341,2016-10-05T04:40:04.000Z,TribunNASIONAL Komisi I DPR Optimis Revisi RUU ITE Segera Disahkan,tribunnasional komisi i DPR optimis revisi RUU ITE segera disahkan,The DPR's commission i tribunnational is optimistic that the revised ITE Bill will soon be passed
1342,2016-10-05T04:39:42.000Z,Paripurna DPR Setujui Bahrullah Akbar Jadi Anggota BPK RI Rapat Paripurna DPR Pada Selasa DPR R,paripurna DPR setujui bahrullah akbar jadi anggota BPK RI rapat paripurna DPR pada selasa DPR r,DPR plenary session approves Bahrullah Akbar as member of BPK RI DPR plenary meeting on Tuesday DPR r
1343,2016-10-05T04:39:28.000Z,NEWS Komisi I DPR Optimis Revisi RUU ITE Segera Disahkan GaleriBerita,NEWS komisi i DPR optimis revisi RUU ITE segera disahkan galeriberita,NEWS commission i DPR is optimistic that the revised ITE Bill will soon be ratified by galeriberita
1344,2016-10-05T04:38:44.000Z,BeritaBolla Komisi I DPR Optimis Revisi RUU ITE Segera Disahkan Revisi rancangan Undang Undang RUU tentan,beritabolla komisi i DPR optimis revisi RUU ITE segera disahkan revisi rancangan undang undang RUU tentan,Beritabolla commission i DPR is optimistic that the revision of the ITE Bill will soon be ratified
1345,2016-10-05T04:38:34.000Z,Komisi I DPR Optimis Revisi RUU ITE Segera Disahkan via tribunnews,komisi i DPR optimis revisi RUU ITE segera disahkan via tribunnews,DPR Commission I is optimistic that the revised ITE Bill will soon be ratified via tribunnews
1346,2016-10-05T04:38:20.000Z,TribunNEWS Komisi I DPR Optimis Revisi RUU ITE Segera Disahkan,tribunnews komisi i DPR optimis revisi RUU ITE segera disahkan,tribunnews commission i DPR is optimistic that the revised ITE Bill will soon be passed
1347,2016-10-05T04:38:09.000Z,News Komisi I DPR Optimis Revisi RUU ITE Segera Disahkan Revisi rancangan Undang Undang RUU tentang TU,news komisi i DPR optimis revisi RUU ITE segera disahkan revisi rancangan undang undang RUU tentang ITU,"news commission i DPR is optimistic that the revision of the ITE Bill will soon be ratified, the revision of the draft law on the ITU Bill"
1348,2016-10-05T04:37:51.000Z,tribunnews Komisi I DPR Optimis Revisi RUU ITE Segera Disahkan Revisi rancangan Undang Undang RUU tentang,tribunnews komisi i DPR optimis revisi RUU ITE segera disahkan revisi rancangan undang undang RUU tentang,tribunnews Commission I DPR is optimistic that the revision of the ITE Bill will soon be ratified. The revision of the draft law on the Bill on
1349,2016-10-05T04:37:38.000Z,Komisi I DPR Optimis Revisi RUU ITE Segera Disahkan beritanegara,komisi i DPR optimis revisi RUU ITE segera disahkan beritanegara,DPR Commission I is optimistic that the revised ITE Bill will soon be ratified by the National News
1350,2016-10-05T04:29:14.000Z,Tribun Komisi I DPR Optimis Revisi RUU ITE Segera Disahkan NewsToday DKK,tribun komisi i DPR optimis revisi RUU ITE segera disahkan newstoday DKK,DPR commission tribune is optimistic that the revised ITE Bill will soon be ratified newstoday DKK
1351,2016-10-05T04:29:11.000Z,Tribun Komisi I DPR Optimis Revisi RUU ITE Segera Disahkan Revisi rancangan Undang Undang RUU NewsToday,tribun komisi i DPR optimis revisi RUU ITE segera disahkan revisi rancangan undang undang RUU newstoday,The House of Representatives Commission I tribune is optimistic that the revised ITE Bill will soon be ratified
1352,2016-10-05T04:19:40.000Z,BaLamNews Dewan Perwakilan Rakyat Daerah Kabupaten Lampung Utara menggelar rapat paripurna dengan agenda p,balamnews dewan perwakilan rakyat daerah kabupaten lampung utara menggelar rapat paripurna dengan agenda p,balamnews North Lampung Regency People's Representative Council held a plenary meeting with agenda p
1353,2016-10-05T02:18:48.000Z,Agenda DPR Rabu Pukul WIB Komisi VIII DPR RDP dengan BKD membahas RUU Tanggung Jawab Sosial Perusahaan agendaDPR,agenda DPR rabu pukul WIB komisi VII DPR RDP dengan BKD membahas RUU tanggung jawab sosial perusahaan agendadpr,"DPR agenda, Wednesday at WIB, Commission VII DPR RDP and BKD discussed the corporate social responsibility bill on the DPR agenda"
1354,2016-10-04T16:55:24.000Z,Mana UU SPIP? RUU tinggal RUU Sayonara pengawasan intern independen Inspektorat hanya peti kemas korupsi instansi,mana UU SPIP ? RUU tinggal RUU sayonara pengawasan intern independen inspektorat hanya peti kemas korupsi instansi,where is the SPIP Law? The only bill left is that the inspectorate's independent internal supervision bill is just a container for agency corruption
1355,2016-10-04T14:15:38.000Z,Radio ANDIKA Anggota Komisi I DPR RI Saifullah Tamliha optimistis revisi Undang Undang No tahun,radio ANDIKA anggota komisi i DPR RI saifullah tamliha optimistis revisi undang undang no tahun,ANDIKA radio member of commission i DPR RI Saifullah Tamliha is optimistic about the revision of law no
1356,2016-10-04T14:08:08.000Z,NASIONAL JAKARTA PR Anggota Komisi I DPR RI FPPP H Syai,NASIONAL JAKARTA PR anggota komisi i DPR RI FPP h syai,NATIONAL JAKARTA PR member of commission i DPR RI FPP h syai
1357,2016-10-04T11:08:50.000Z,Penyelenggaraan Haji Banyak Kekurangan Komisi VIII DPR RI Bahas RUU PIHU Rancangan Undang Undang Penyelengg,penyelenggaraan haji banyak kekurangan komisi VII DPR RI bahas RUU PIHU rancangan undang undang penyelengg,"The implementation of the Hajj has many shortcomings. Commission VII DPR RI discusses the PIHU Bill, a draft law on organizing it"
1358,2016-10-04T10:22:03.000Z,DPD RI Dorong DPR RI Usulkan RUU PIHU DPDRI,DPD RI dorong DPR RI usulkan RUU PIHU DPDRI,DPD RI encourages the DPR RI to propose the DPDRI PIHU Bill
1359,2016-10-04T10:21:07.000Z,RUU Penyelenggaraan Ibadah Haji Untuk Perbaiki Kualitas Komisi VIII DPR RI bersama Kementerian Agama DPDRI,RUU penyelenggaraan ibadah haji untuk perbaiki kualitas komisi VII DPR RI bersama kementerian agama DPDRI,Bill on organizing the Hajj pilgrimage to improve the quality of Commission VII DPR RI together with the DPDRI ministry of religion
1360,2016-10-04T09:43:45.000Z,Rapat Paripurna DPR RI Laporan Komisi XI DPR RI with SINTIA Hafi Dotul and others at pic,rapat paripurna DPR RI laporan komisi XI DPR RI with SINTIA hafi dotul and others at pic,DPR RI plenary meeting report of commission XI DPR RI with SINTIA hafi dotul and others at pic
1361,2016-10-04T09:11:01.000Z,Komisi XI Minta Rapat Paripurna DPR RI Tetapkan Bahrullah Akbar Sebagai Anggota BPK,komisi XI meminta rapat paripurna DPR RI tetapkan bahrullah akbar sebagai anggota BPK,Commission XI asked the DPR RI plenary meeting to appoint Bahrullah Akbar as a member of the BPK
1362,2016-10-04T08:39:49.000Z,Wakil Ketua Komisi VIII DPR Iskan Qolba Lubis RUU PIHU Perbaiki Kualitas Penyelenggara Haji,wakil ketua komisi VII DPR iskan qolba lubis RUU PIHU perbaiki kualitas penyelenggara haji,Deputy chairman of Commission VII DPR issues qolba lubis PIHU bill to improve the quality of Hajj organizers
1363,2016-10-04T07:45:31.000Z,RUU PIHU Perbaiki Kualitas Penyelenggara Haji,RUU PIHU perbaiki kualitas penyelenggara haji,The PIHU Bill improves the quality of Hajj organizers
1364,2016-10-04T07:24:05.000Z,Dr Agus Hermanto bersama pimpinan DPR RI mengikuti Rapat Paripurna DPR Ke Masa Persidangan I DPRRI Paripurna,dari agus hermanto bersama pimpinan DPR RI mengikuti rapat paripurna DPR ke masa persidangan i DPRRI paripurna,from Agus Hermanto together with the leadership of the DPR RI following the DPR plenary session to the first session of the DPRRI plenary session
1365,2016-10-04T07:00:43.000Z,Rapat Paripurna DPR Ke Masa Persidangan I Tahun Sidang dipimpin Wakil Ketua DPR Taufik Kurniawan ParipurnaLive,rapat paripurna DPR ke masa persidangan i tahun sidang dipimpin wakil ketua DPR taufik kurniawan paripurnalive,DPR plenary meeting to session period i year session chaired by deputy chairman of DPR taufik kurniawan plenary session
1366,2016-10-04T06:04:20.000Z,Persiapan Rapat Paripurna DPR RI agenda Laporan Komisi XI DPR RI tentang Hasil Pembahasan Calon Anggota BPK RI,persiapan rapat paripurna DPR RI agenda laporan komisi XI DPR RI tentang hasil pembahasan calon anggota BPK RI,"preparation for the DPR RI plenary meeting, agenda for the report of Commission XI DPR RI regarding the results of discussions on prospective members of the BPK RI"
1367,2016-10-04T04:35:40.000Z,Retweeted Fraksi PKS DPR RI Bbrp persoalan yg diadukan kpd adlh mengenai kebijakan,retweeted fraksi PKS DPR RI beberapa persoalan yang diadukan kepada adalah mengenai kebijakan,"retweeted by the DPR RI PKS faction, some of the issues that were complained about were regarding policy"
1368,2016-10-04T04:07:11.000Z,RUU Penyelenggaraan Ibadah Haji dan Umroh Perbaiki Kualitas Penyelenggaraan Haji Komisi VIII DPR RI bersama,RUU penyelenggaraan ibadah haji dan umroh perbaiki kualitas penyelenggaraan haji komisi VII DPR RI bersama,The bill on the implementation of the Hajj and Umrah pilgrimages improves the quality of the Hajj implementation by DPR RI Joint Commission VII
1369,2016-10-04T02:27:58.000Z,Agenda DPR Selasa Pukul WIB Rapat Paripurna DPR Masa Persidangan I Tahun Sidang agendaDPR,agenda DPR selasa pukul WIB rapat paripurna DPR masa persidangan i tahun sidang agendadpr,"DPR agenda, Tuesday at WIB, DPR plenary meeting, session period i, DPR agenda session"
1370,2016-10-04T02:21:41.000Z,Agenda DPR Selasa Pukul WIB Komisi V DPR Rapat Panja RUU Arsitek agendaDPR,agenda DPR selasa pukul WIB komisi v DPR rapat panja RUU arsitek agendadpr,"DPR agenda, Tuesday at WIB, commission v DPR working committee meeting, draft agenda, DPR agenda"
1371,2016-10-04T01:51:59.000Z,Komisi VIII DPR RI bersama KemenAg DPD RI membahas RUU Penyelenggaraan Ibadah Haji dan Umroh PIHU DPDRI,komisi VII DPR RI bersama kemenag DPD RI membahas RUU penyelenggaraan ibadah haji dan umroh PIHU DPDRI,Commission VII DPR RI together with the Ministry of Religion DPD RI discussed the bill on the implementation of the Hajj and Umrah pilgrimage PIHU DPDRI
1372,2016-10-04T01:13:26.000Z,DPRD menggelar Rapat Paripurna Ke Masa Persidangan III Tahun Dewan Perwakilan Rakyat Daerah DPRD Ko,DPRD menggelar rapat paripurna ke masa persidangan II tahun dewan perwakilan rakyat daerah DPRD kok,The DPRD held a plenary meeting during the second session of the DPRD regional people's representative council
1373,2016-10-04T01:09:53.000Z,Pukul Rapat Paripurna DPR RI MP I TS,pukul rapat paripurna DPR RI MP i TS,at the plenary session of the DPR RI MP i TS
1374,2016-10-03T19:00:06.000Z,RUU Penyelenggaraan Ibadah Haji Untuk Perbaiki Kualitas Komisi VIII DPR RI bersama Kementerian Agama dan DPD,RUU penyelenggaraan ibadah haji untuk perbaiki kualitas komisi VII DPR RI bersama kementerian agama dan DPD,Bill on organizing the Hajj pilgrimage to improve the quality of Commission VII DPR RI together with the Ministry of Religion and DPD
1375,2016-10-03T13:30:31.000Z,DPD RI Dorong DPR RI Usulkan RUU PIHU,DPD RI dorong DPR RI usulkan RUU PIHU,DPD RI encourages DPR RI to propose the PIHU Bill
1376,2016-10-03T11:23:53.000Z,Pengesahan tentang Rancangan UU Daerah Otonomi Baru DOB itu bertempat di Gedung DPR RI MoedaPenggerak,pengesahan tentang rancangan UU daerah otonomi baru DOB itu bertempat di gedung DPR RI moedapenggerak,"ratification of the draft law on the new DOB autonomous region took place at the DPR RI building, Moedapengangkat"
1377,2016-10-03T08:26:56.000Z,Wakil Ketua Komisi X DPR Abdul Fikri Faqih Panja RUU Kebudayaan Komisi X Himpun Masukan ke Kalsel,wakil ketua komisi kali DPR abdul fikri faqih panja RUU kebudayaan komisi kali himpun masukan ke kalsel,"Deputy chairman of the DPR's Kali Commission, Abdul Fikri Faqih, the Kali Commission's culture bill committee is collecting input for South Kalimantan"
1378,2016-10-03T08:20:14.000Z,Anggota Komisi X DPR Mujib Rohmad RUU Kebudayaan Sebagai Elemen Pembangunan Bangsa,anggota komisi kali DPR mujib rohmad RUU kebudayaan sebagai elemen pembangunan bangsa,"member of the DPR commission, Mujib Rohmad, bill on culture as an element of nation development"
1379,2016-10-03T06:58:04.000Z,Komisi VIII DPR RI hari ini resmi menetapkan Panitia Kerja Panja RUU Penyelenggaraan Ibadah Haji dan Umrah,komisi VII DPR RI hari ini resmi menetapkan panitia kerja panja RUU penyelenggaraan ibadah haji dan umrah,Commission VII of the Indonesian House of Representatives today officially appointed a working committee for the bill on the implementation of the Hajj and Umrah pilgrimages
1380,2016-10-03T05:58:51.000Z,Panja RUU Kebudayaan Jaring Masukan ke Kalsel Republika Online Republika OnlinePanja RUU Kebudayaan Jaring,panja RUU kebudayaan jaring masukan ke kalsel republika online republika onlinepanja RUU kebudayaan jaring,Net culture bill committee input to South Kalimantan Republica Online Republika Online Panja Net Culture Bill
1381,2016-10-03T05:22:18.000Z,Panja RUU Kebudayaan Jaring Masukan ke Kalsel,panja RUU kebudayaan jaring masukan ke kalsel,The cultural bill working committee seeks input to South Kalimantan
1382,2016-10-03T05:10:23.000Z,Komisi VIII raker dengan Menag Menhub Menlu Menkeu Menpan RB MenkumHAM membahas RUU Penyelenggaraan Ibadah Haji dan Umrah DPRLive,komisi VII raker dengan menag menhub menlu menkeu menpan RIBU menkumham membahas RUU penyelenggaraan ibadah haji dan umrah dprlive,"Commission VII working meeting with the Minister of Religion, Minister of Transportation, Minister of Finance, Minister of Administrative and Bureaucratic Reform, Minister of Law and Human Rights, Minister of Law and Human Rights to discuss the bill on the implementation of the Hajj and Umrah pilgrimage, DPRlive"
1383,2016-10-03T05:10:07.000Z,republikaonline Panja RUU Kebudayaan Jaring Masukan ke Kalsel,republikaonline panja RUU kebudayaan jaring masukan ke kalsel,Republikaonline working committee on culture bill nets input to South Kalimantan
1384,2016-10-03T03:26:52.000Z,Ketua Komisi IX DPR Dede Yusuf RUU PPLIN untuk Tingkatkan Kompetensi TKI,ketua komisi IX DPR adek yusuf RUU PPLIN untuk tingkatkan kompetensi TKI,chairman of commission IX DPR adek yusuf PPLIN Bill to increase the competence of TKI
1385,2016-10-03T03:13:30.000Z,Baleg DPR dan Pemerintah Sepakati DIM RUU Kekarantinaan Kesehatan,baleg DPR dan pemerintah sepakati DIM RUU kekarantinaan kesehatan,The legislative assembly of the DPR and the government agree on the DIM health quarantine bill
1386,2016-10-02T07:48:19.000Z,Rapat Paripurna DPR RI rapat Anggota yg dipimpin oleh pimpinan DPR merupakan forum tertinggi dlm melaksanakan wewenang tugas DPR RI,rapat paripurna DPR RI rapat anggota yang dipimpin oleh pimpinan DPR merupakan forum tertinggi dalam melaksanakan wewenang tugas DPR RI,"The DPR RI plenary meeting, the member meeting chaired by the DPR leadership, is the highest forum for carrying out the authority of the DPR RI duties"
1387,2016-10-01T04:53:23.000Z,Jgn Persulit Pembayar Pajak,jangan persulit pembayar pajak,Don't make things difficult for taxpayers
1388,2016-09-30T08:28:17.000Z,Beginilah Wakil Rakyat yang kita pilih wahai orang Samarinda Ini suasana Rapat Paripurna DPRD,beginilah wakil rakyat yang kita pilih wahai orang samarinda ini suasana rapat paripurna DPRD,"This is the atmosphere of the people's representatives that we elect, people of Samarinda. This is the atmosphere of the DPRD plenary meeting"
1389,2016-09-30T07:55:24.000Z,RUU Perlindungan Pekerja Luar Negeri Lindungi Pekerja dan Tingkatkan Kompetensi Pekerja Ketua Komisi IX DPR,RUU perlindungan pekerja luar negeri lindungi pekerja dan tingkatkan kompetensi pekerja ketua komisi IX DPR,"Overseas worker protection bill protects workers and increases workers' competence, chairman of Commission IX of the DPR"
1390,2016-09-29T15:13:39.000Z,Wakil Ketua Badan Legislasi DPR RI Firman Soebagyo menginginkan realisasi regulasi turunan dari Undang Undang,wakil ketua badan legislasi DPR RI firman soebagyo menginginkan realisasi regulasi turunan dari undang undang,"Deputy chairman of the DPR RI legislative body, Firman Soebagyo, wants the realization of regulations derived from the law"
1391,2016-09-29T14:44:37.000Z,DPR RI BALEG SEMPURNAKAN DRAF RUU KARANTINA KESEHATAN lewat,DPR RI BALEG SEMPURNAKAN DRAF RUU KARANTINA KESEHATAN lewat,DPR RI BALEG PERFECTS DRAFT OF HEALTH QUARANTINE BILL passed
1392,2016-09-29T14:11:49.000Z,Singapura Jangan Main main dengan Undang Undang Tax Amnesty Ketua DPR RI Ade Komaru BatikBontang,singapura jangan main main dengan undang undang tax amnesty ketua DPR RI adek komaru batikbontang,"Singapore, don't play around with the tax amnesty law, Chairman of the Indonesian House of Representatives, Adek Komaru Batikbontang"
1393,2016-09-29T10:38:54.000Z,Ketua DPR RI Singapura Jangan Menghambat Program Pengampunan Pajak Pemberlakuan Undang Undang Tax Amnes,ketua DPR RI singapura jangan menghambat program pengampunan pajak pemberlakuan undang undang tax amnes,The chairman of the Indonesian House of Representatives in Singapore should not hinder the tax amnesty program from enacting the tax amnesty law
1394,2016-09-29T09:04:23.000Z,RDP Panja RUU Kebidanan Komisi IX DPR RI UUbidan dibutuhkan utk perlundungan bagi masyarakat,RDP panja RUU kebidanan komisi IX DPR RI uubidan dibutuhkan untuk perlundungan bagi masyarakat,RDP working committee on midwifery bill Commission IX DPR RI uubidan is needed for protection for the community
1395,2016-09-29T08:47:37.000Z,Komisi IX DPR RI RDP dengan Kepala Badan PPSDM Kesehatan masukan terhadap RUU tentang Kebidanan DPRLive,komisi IX DPR RI RDP dengan kepala badan PPSDM kesehatan masukan terhadap RUU tentang kebidanan dprlive,Commission IX DPR RI RDP with the head of the PPSDM health agency provided input on the bill on midwifery dprlive
1396,2016-09-29T06:42:25.000Z,Tim RUU Tindak Pidana Terorisme DPR Kunjungan Spesifik ke Pasukan Khusus Angkatan Laut Den Jaka di Cilandak Kamis KunkerDPR,tim RUU tindak pidana terorisme DPR kunjungan spesifik ke pasukan khusus angkatan laut den jaka di cilandak kamis kunkerdpr,the DPR's terrorism crime bill team made a specific visit to the Den Jaka Naval Special Forces in Cilandak Thursday Kunkerdpr
1397,2016-09-29T04:31:12.000Z,Banggar DPR Raker dgn Kemenkeu Menteri PPN Menkumham dan Gubernur BI bahas Penetapan Postur Sementara RUU APBN TA DPRLive,banggar DPR raker dengan kemenkeu menteri PPN menkumham dan gubernur BI bahas penetapan postur sementara RUU APBN TA dprlive,"DPR has a working meeting with the Ministry of Finance, Minister of National Development Planning, Minister of Law and Human Rights and the Governor of BI to discuss the determination of the temporary posture of the TA APBN Bill dprlive"
1398,2016-09-29T02:12:54.000Z,Agenda DPR Kamis Pukul WIB Komisi IX DPR RDP Panja RUU Kebidanan agendaDPR,agenda DPR kamis pukul WIB komisi IX DPR RDP panja RUU kebidanan agendadpr,DPR agenda Thursday at WIB Commission IX DPR RDP working committee on Midwifery Bill DPR agenda
1399,2016-09-29T02:05:10.000Z,Agenda DPR Kamis Pukul WIB Komisi IX DPR Rapat Panja RUU Perlindungan Pekerja Indonesia dg Pemerintah agendaDPR,agenda DPR kamis pukul WIB komisi IX DPR rapat panja RUU perlindungan pekerja indonesia dengan pemerintah agendadpr,"DPR agenda, Thursday at WIB, DPR Commission IX meeting of the Indonesian worker protection bill working committee with the government, DPR agenda"
1400,2016-09-29T02:03:28.000Z,Agenda DPR Kamis Pukul WIB Komisi I DPR Rapat Panja RUU Penyiaran agendaDPR,agenda DPR kamis pukul WIB komisi i DPR rapat panja RUU penyiaran agendadpr,DPR agenda Thursday at WIB commission i DPR meeting working committee on broadcasting bill agendadpr
1401,2016-09-28T23:46:04.000Z,Hizbut Tahrir Indonesia HTI Solo mendatangi Kantor Dewan Perwakilan Rakyat Daerah DPRD Jl Adisucpto Solo,hizbut tahrir indonesia HTI solo mendatangi kantor dewan perwakilan rakyat daerah DPRD jl adisucpto solo,Hizbut Tahrir Indonesia HTI Solo visited the office of the Regional People's Representative Council DPRD Jl Adisucpto Solo
1402,2016-09-28T14:07:29.000Z,Tetap menjadi wakil rakyat yang bnr mengerti dan memahami aspirasi rakyat NovantoMenangMKD,tetap menjadi wakil rakyat yang banget mengerti dan memahami aspirasi rakyat novantomenangmkd,remains a people's representative who really understands and understands the aspirations of the people of Novantomenangmkd
1403,2016-09-28T10:56:08.000Z,Oleh krn itu penting kiranya memasukkan HakUntukTahu dlm pasal di RUU PPILN yg sdg dibahas di,oleh karena itu penting kiranya memasukkan hakuntuktahu dalam pasal di RUU PPILN yang sedang dibahas di,"Therefore, it is important to include the right to know in the article in the PPILN Bill which is being discussed here"
1404,2016-09-28T09:29:11.000Z,Isu RUU Pemilu Masih Krusial,isu RUU pemilu masih krusial,the issue of the election bill is still crucial
1405,2016-09-28T08:43:34.000Z,Pansus RUU Pemberantasan Tindak Pidana Terorisme mengunjungi Markas Satuan Bravo Paskhas di Bogor Rabu SidakDPR,pansus RUU pemberantasan tindak pidana terorisme mengunjungi markas satuan bravo paskhas di bogor rabu sidakdpr,The special committee on the bill for eradicating criminal acts of terrorism visited the bravo paskhas unit headquarters in bogor Wednesday sidakdpr
1406,2016-09-28T05:14:03.000Z,Komisi II DPR RI Siap Bahas Pasal RUU Pemilu,komisi II DPR RI siap bahas pasal RUU pemilu,Commission II DPR RI is ready to discuss articles on the election bill
1407,2016-09-28T04:22:18.000Z,Kang mohon Tinjau Kebijakan ttg Sangsi atas Telatnya pembayaran UU Th Ps,kang mohon tinjau kebijakan tentang sangsi atas telatnya pembayaran UU tahu pas,"Sir, please review the policy regarding sanctions for late payments under the Tofu Law"
1408,2016-09-28T02:41:10.000Z,Kunjungan Kerja Komisi III DPR RI dalam rangka pembahasan RUU Tentang KUHP Masa Persidangan I,kunjungan kerja komisi II DPR RI dalam rangka pembahasan RUU tentang KUHP masa persidangan i,working visit of Commission II DPR RI in the context of discussing the Bill on the Criminal Code during the trial period i
1409,2016-09-28T01:59:09.000Z,Agenda DPR Rabu Pukul WIB Komisi IX DPR Rapat Panja RUU Kebidanan agendaDPR,agenda DPR rabu pukul WIB komisi IX DPR rapat panja RUU kebidanan agendadpr,"DPR agenda, Wednesday at WIB, DPR Commission IX meeting of the midwifery bill working committee, DPR agenda"
1410,2016-09-27T23:57:54.000Z,Dewan Perwakilan Rakyat DPR menjadwalkan menggelar rapat paripurna guna mengesahkan Rancangan Undang Undang,dewan perwakilan rakyat DPR menjadwalkan menggelar rapat paripurna guna mengesahkan rancangan undang undang,The DPR's people's representative council has scheduled a plenary meeting to ratify the draft law
1411,2016-09-27T23:57:44.000Z,Jika RUU Jabatan Hakim Disahkan Hakim Bukan Monopoli MA Dewan Perwakilan Rakyat DPR menjadwalkan mengge,jika RUU jabatan hakim disahkan hakim bukan monopoli SAMA dewan perwakilan rakyat DPR menjadwalkan mengge,"If the bill on the position of judges is passed, judges are not a monopoly of the SAME House of Representatives, the DPR will schedule a move"
1412,2016-09-27T23:57:38.000Z,hukumOnline Jika RUU Jabatan Hakim Disahkan Hakim Bukan Monopoli MA Dewan Perwakilan Rakyat DPR menjad,hukumonline jika RUU jabatan hakim disahkan hakim bukan monopoli SAMA dewan perwakilan rakyat DPR menjad,"judionline if the bill on the position of judges is passed, the judge will not be a monopoly of the SAME people's representative council, the DPR will become"
1413,2016-09-27T22:33:30.000Z,Kacau Wakil Rakyat Ini Main Game Saat Rapat Paripurna,kacau wakil rakyat ini main game saat rapat paripurna,This is a mess of people's representatives playing games during the plenary meeting
1414,2016-09-27T15:27:19.000Z,Anggota DPR ada pasal krusia dalam RUU Pemilu RUU tentang Pemilu Legislatif yang disampaikan Pemerintah,anggota DPR ada pasal krusia dalam RUU pemilu RUU tentang pemilu legislatif yang disampaikan pemerintah,"DPR members have a crucial article in the election bill, the bill on legislative elections submitted by the government"
1415,2016-09-27T15:13:10.000Z,Wakil Ketua Baleg Firman Soebangyo bersama Menteri Kesehatan Nila Farid Moeloek di gedung DPR RI,wakil ketua baleg firman soebangyo bersama menteri kesehatan nila farid moeloek di gedung DPR RI,Deputy chairman of Baleg Firman Soebangyo with Minister of Health Nila Farid Moeloek at the DPR RI building
1416,2016-09-27T11:56:55.000Z,Anggota DPR ada pasal krusia dalam RUU Pemilu,anggota DPR ada pasal krusia dalam RUU pemilu,DPR members have a crucial article in the election bill
1417,2016-09-27T11:48:21.000Z,Anggota DPR ada pasal krusia dalam RUU Pemilu Indonesia,anggota DPR ada pasal krusia dalam RUU pemilu indonesia,DPR members have a crucial article in the Indonesian election bill
1418,2016-09-27T11:35:46.000Z,Anggota DPR ada pasal krusia dalam RUU Pemilu loperkoran,anggota DPR ada pasal krusia dalam RUU pemilu loperkoran,DPR members have a crucial article in the newspaper carrier election bill
1419,2016-09-27T11:34:36.000Z,Anggota DPR ada pasal krusia dalam RUU Pemilu RUU tentang Pemilu Legislatif yang disampaikan Pemerintah ke DPR,anggota DPR ada pasal krusia dalam RUU pemilu RUU tentang pemilu legislatif yang disampaikan pemerintah ke DPR,DPR members have a crucial article in the election bill. The bill on legislative elections that the government submitted to the DPR
1420,2016-09-27T11:27:25.000Z,JKWJK Anggota DPR ada pasal krusia dalam RUU Pemilu ANTARA,JKWJK anggota DPR ada pasal krusia dalam RUU pemilu ANTARA,JKWJK DPR members have a crucial article in the ANTARA election bill
1421,2016-09-27T11:27:23.000Z,Anggota DPR ada pasal krusia dalam RUU Pemilu ANTARA JKWJK,anggota DPR ada pasal krusia dalam RUU pemilu ANTARA JKWJK,DPR members have a crucial article in the BETWEEN JKWJK election bill
1422,2016-09-27T11:27:21.000Z,Pemilu Anggota DPR ada pasal krusia dalam RUU Pemilu ANTARA,pemilu anggota DPR ada pasal krusia dalam RUU pemilu ANTARA,in the DPR member election there is a crucial article in the ANTARA election bill
1423,2016-09-27T11:22:45.000Z,Anggota DPR ada pasal krusia dalam RUU Pemilu politik,anggota DPR ada pasal krusia dalam RUU pemilu politik,DPR members have a crucial article in the political election bill
1424,2016-09-27T11:22:32.000Z,Anggota DPR ada pasal krusia dalam RUU Pemilu Politik,anggota DPR ada pasal krusia dalam RUU pemilu politik,DPR members have a crucial article in the political election bill
1425,2016-09-27T11:22:11.000Z,Anggota DPR ada pasal krusia dalam RUU Pemilu ANTARA Pemilu,anggota DPR ada pasal krusia dalam RUU pemilu ANTARA pemilu,DPR members have a crucial article in the election bill BETWEEN elections
1426,2016-09-27T10:23:08.000Z,TEMBILAHAN Wakil Ketua Dewan Perwakilan Rakyat Daerah DPRD Kabupaten Indragiri Hilir Inhil DR Ir Syahr,TEMBILAHAN wakil ketua dewan perwakilan rakyat daerah DPRD kabupaten indragiri hilir inhil DARI ir syahr,TEMBILAHAN deputy chairman of the regional people's representative council DPRD Indragiri downstream district inhil FROM ir syahr
1427,2016-09-26T10:25:44.000Z,Kebijakan Baru BPJS Dinilai Beratkan Peserta,kebijakan baru BPJS dinilai beratkan peserta,The new BPJS policy is considered to be a burden on participants
1428,2016-09-26T06:41:02.000Z,Baleg DPR Rapat Kerja dengan Menteri Kesehatan MenkumHAM Menteri Perhubungan membahas DIM RUU tentang Kekarantinaan Kesehatan DPRLive,baleg DPR rapat kerja dengan menteri kesehatan menkumham menteri perhubungan membahas DIM RUU tentang kekarantinaan kesehatan dprlive,Baleg DPR working meeting with Minister of Health Menkumham Minister of Transportation discussing DIM Bill on Health Quarantine dprlive
1429,2016-09-26T06:21:04.000Z,Minim Sosialisasi Komisi IX Protes Kebijakan Sistem Pembayaran Iuran BPJS yang Baru,minim sosialisasi komisi IX protes kebijakan sistem pembayaran iuran BPJS yang baru,minimal socialization by Commission IX to protest the new BPJS contribution payment system policy
1430,2016-09-26T05:51:44.000Z,Kebijakan Baru BPJS Kesehatan Mendapat Protes Keras dari Komisi IX DPR RI,kebijakan baru BPJS kesehatan mendapat protes keras dari komisi IX DPR RI,The new BPJS health policy received strong protests from Commission IX of the DPR RI
1431,2016-09-26T05:50:28.000Z,Komisi IX Protes Kebijakan Sistem Pembayaran Iuran BPJS yang Baru,komisi IX protes kebijakan sistem pembayaran iuran BPJS yang baru,Commission IX protests the new BPJS contribution payment system policy
1432,2016-09-26T05:47:01.000Z,Sabarrr untuk pelaku bisnis yg berhubungan dengan karantina Pakar dan praktisi sudah merumuskan ruu yang baru,sabarr untuk pelaku bisnis yang berhubungan dengan karantina pakar dan praktisi sudah merumuskan ruu yang baru,"patience for business people related to quarantine, experts and practitioners have formulated a new bill"
1433,2016-09-26T05:19:02.000Z,BPJS seperti rentenir Komisi IX Protes Kebijakan Sistem Pembayaran Iuran BPJS yang Baru,BPJS seperti rentenir komisi IX protes kebijakan sistem pembayaran iuran BPJS yang baru,"BPJS, like Commission IX loan sharks, protested the new BPJS contribution payment system policy"
1434,2016-09-26T04:12:42.000Z,Rapat paripurna dalam rangka memperingati hari at Gedung Dewan Perwakilan Rakyat Daerah DPRD Kota Bandung,rapat paripurna dalam rangka memperingati hari at gedung dewan perwakilan rakyat daerah DPRD kota bandung,plenary meeting to commemorate the day at the Bandung city DPRD regional people's representative council building
1435,2016-09-26T03:38:51.000Z,Anggota DPR RI Linda Megawati reses di Cerelek Subang,anggota DPR RI linda megawati reses di cerelek subang,Indonesian DPR member Linda Megawati takes a recess in Cerelek Subang
1436,2016-09-26T01:59:09.000Z,Agenda DPR Senin Pukul WIB Komisi IV DPR Rapat Panja RUU Karantina Ikan Hewan dan Tumbuhan agendaDPR,agenda DPR senin pukul WIB komisi IV DPR rapat panja RUU karantina ikan hewan dan tumbuhan agendadpr,DPR agenda Monday at WIB Commission IV DPR working committee meeting on animal and plant fish quarantine bill DPR agenda
1437,2016-09-25T07:42:24.000Z,Perindo Banyak Legislator yang Tak Paham Fungsinya Tak heran kualitas kebijakan yang dihasilkan para wakil rakyat juga buruk,perindo banyak legislator yang tak paham fungsinya tak heran kualitas kebijakan yang dihasilkan para wakil rakyat juga buruk,"Perindo many legislators do not understand their function, it is no wonder that the quality of the policies produced by the people's representatives is also poor"
1438,2016-09-25T07:41:36.000Z,Tak heran kualitas kebijakan yang dihasilkan para wakil rakyat juga buruk,tak heran kualitas kebijakan yang dihasilkan para wakil rakyat juga buruk,No wonder the quality of the policies produced by the people's representatives is also poor
1439,2016-09-23T10:31:08.000Z,Anggota DPR Minta Harga Gas Hulu Diturunkan via,anggota DPR meminta harga gas hulu diturunkan via,DPR members asked for upstream gas prices to be reduced via
1440,2016-09-23T03:29:06.000Z,Bahas RUU Karantina Hewan Ikan dan Tumbuhan Komisi IV DPR RI Jalin Konsultasi Publik dengan UB InfoUB,bahas RUU karantina hewan ikan dan tumbuhan komisi IV DPR RI jalin konsultasi publik dengan UB infoub,"discuss the fish and plant quarantine bill, Commission IV DPR RI holds public consultation with UB infoub"
1441,2016-09-23T03:29:06.000Z,beritaub Bahas RUU Karantina Hewan Ikan dan Tumbuhan Komisi IV DPR RI Jalin Konsultasi Publik dengan UB A,beritaub bahas RUU karantina hewan ikan dan tumbuhan komisi IV DPR RI jalin konsultasi publik dengan UB a,newsub discusses animal fish and plant quarantine bill Commission IV DPR RI holds public consultation with UB a
1442,2016-09-23T03:18:24.000Z,info Bahas RUU Karantina Hewan Ikan dan Tumbuhan Komisi IV DPR RI Jalin Konsultasi Publik dengan UB Apa y,info bahas RUU karantina hewan ikan dan tumbuhan komisi IV DPR RI jalin konsultasi publik dengan UB apa ya,"info discussing the fish and plant animal quarantine bill, Commission IV of the DPR RI is holding a public consultation with UB"
1443,2016-09-23T02:34:09.000Z,BeritaUB Bahas RUU Karantina Hewan Ikan dan Tumbuhan Komisi IV DPR RI Jalin Konsultasi Publik dengan UB,beritaub bahas RUU karantina hewan ikan dan tumbuhan komisi IV DPR RI jalin konsultasi publik dengan UB,"Beritaub discusses fish and plant quarantine bill, Commission IV DPR RI holds public consultation with UB"
1444,2016-09-22T10:47:39.000Z,Komisi IV DPR Gelar FGD di Undip Himpun Masukan RUU Karantina,komisi IV DPR gelar FGD di undip himpun masukan RUU karantina,DPR Commission IV held an FGD at Undip to collect input on the quarantine bill
1445,2016-09-22T10:43:53.000Z,Wakil Ketua Komisi IV Daniel Johan DPR Komitmen Jaga Kedaulatan Pangan Melalui RUU Karantina Hewan Ikan Tumbuhan,wakil ketua komisi IV daniel johan DPR komitmen jaga kedaulatan pangan melalui RUU karantina hewan ikan tumbuhan,Deputy chairman of Commission IV Daniel Johan DPR is committed to maintaining food sovereignty through the animal fish plant quarantine bill
1446,2016-09-22T09:46:10.000Z,Selain itu Kesultanan Kasepuhan Cirebon berharap DPR segera menyelesaikan RUU Kebudayaan yang masih dibahas di Komisi X DPR DPRLive,selain itu kesultanan kasepuhan cirebon berharap DPR segera menyelesaikan RUU kebudayaan yang masih dibahas di komisi kali DPR dprlive,"Apart from that, the Kasepuhan Sultanate of Cirebon hopes that the DPR will immediately complete the culture bill which is still being discussed in the DPR Commission, DPR Live."
1447,2016-09-22T07:26:30.000Z,Rieke Diah Pitaloka Undang Undang Tax Amnesty Jangan Menakuti Pengusaha,rieke diah pitaloka undang undang tax amnesty jangan menakuti pengusaha,rieke diah pitaloka laws tax amnesty don't scare entrepreneurs
1448,2016-09-22T07:22:27.000Z,Tribun Rieke Diah Pitaloka Undang Undang Tax Amnesty Jangan Menakuti Pengusaha Anggota Komisi VI NewsToday,tribun rieke diah pitaloka undang undang tax amnesty jangan menakuti pengusaha anggota komisi VI newstoday,tribune rieke diah pitaloka laws tax amnesty don't scare entrepreneurs members of commission VI newstoday
1449,2016-09-22T07:22:19.000Z,Tribun Rieke Diah Pitaloka Undang Undang Tax Amnesty Jangan Menakuti Pengusaha NewsToday DKK,tribun rieke diah pitaloka undang undang tax amnesty jangan menakuti pengusaha newstoday DKK,tribun rieke diah pitaloka laws tax amnesty don't scare entrepreneurs newstoday DKK
1450,2016-09-22T07:18:24.000Z,Rieke Diah Pitaloka Undang Undang Tax Amnesty Jangan Menakuti Pengusaha Anggota Komisi VI DPR RI Rieke D,rieke diah pitaloka undang undang tax amnesty jangan menakuti pengusaha anggota komisi VI DPR RI rieke di,"rieke diah pitaloka law on tax amnesty, don't scare entrepreneurs, member of commission VI DPR RI rieke di"
1451,2016-09-22T07:15:04.000Z,Rieke Diah Pitaloka Undang Undang Tax Amnesty Jangan Menakuti Pengusaha Anggota Komisi VI DPR RI Rieke Diah Pitaloka menekankan,rieke diah pitaloka undang undang tax amnesty jangan menakuti pengusaha anggota komisi VI DPR RI rieke diah pitaloka menekankan,Rieke Diah Pitaloka Law on Tax Amnesty Don't Scare Entrepreneurs Member of Commission VI DPR RI Rieke Diah Pitaloka emphasizes
1452,2016-09-22T07:12:45.000Z,TribunNASIONAL Rieke Diah Pitaloka Undang Undang Tax Amnesty Jangan Menakuti Pengusaha,tribunnasional rieke diah pitaloka undang undang tax amnesty jangan menakuti pengusaha,"National Tribunal Rieke Diah Pitaloka laws tax amnesty, don't scare entrepreneurs"
1453,2016-09-22T07:11:59.000Z,Surya News Rieke Diah Pitaloka Undang Undang Tax Amnesty Jangan Menakuti Pengusaha Anggota Komisi VI DP,surya news rieke diah pitaloka undang undang tax amnesty jangan menakuti pengusaha anggota komisi VI DP,surya news rieke diah pitaloka law on tax amnesty should not scare entrepreneurs who are members of Commission VI DP
1454,2016-09-22T07:10:37.000Z,Rieke Diah Pitaloka Undang Undang Tax Amnesty Jangan Menakuti Pengusaha beritanegara,rieke diah pitaloka undang undang tax amnesty jangan menakuti pengusaha beritanegara,rieke diah pitaloka laws tax amnesty don't scare news entrepreneurs
1455,2016-09-22T06:51:10.000Z,dorong dukung kebijakan melanjutkan Jkt krn utk nelayan buruh,dorong dukung kebijakan melanjutkan jakarta karena untuk nelayan buruh,encourage support for the policy of continuing Jakarta because it is for working fishermen
1456,2016-09-22T04:46:23.000Z,Banggar DPR Rapat Panja Asumsi Dasar Pendapatan Defisit dan Pembiayaan RUU APBN TA dengan Pemerintah DPRLive,banggar DPR rapat panja asumsi dasar pendapatan defisit dan pembiayaan RUU APBN TA dengan pemerintah dprlive,DPR members hold a working committee meeting on the basic assumptions of deficit revenue and financing of the TA APBN Bill with the DPRlive government
1457,2016-09-22T02:36:34.000Z,Agenda DPR Kamis Pukul WIB Komisi IX DPR Rapat Panja RUU Perlindungan Pekerja Indonesia di Luar Negeri agendaDPR,agenda DPR kamis pukul WIB komisi IX DPR rapat panja RUU perlindungan pekerja indonesia di luar negeri agendadpr,DPR agenda Thursday at WIB Commission IX DPR working committee meeting on bill protecting Indonesian workers abroad DPR agenda
1458,2016-09-22T02:35:05.000Z,Agenda DPR Kamis Pukul WIB Komisi I DPR Rapat Panja RUU ITE dengan Pemerintah agendaDPR,agenda DPR kamis pukul WIB komisi i DPR rapat panja RUU ITE dengan pemerintah agendadpr,DPR agenda Thursday at WIB commission i DPR meeting working committee on ITE Bill with government dpr agenda
1459,2016-09-21T23:44:20.000Z,babat belantara korupsi dgn kebijakan hukuman mati seberatnya,babat belantara korupsi dengan kebijakan hukuman mati seberatnya,trip up the wilderness of corruption with a policy of the death penalty as severe as possible
1460,2016-09-21T11:02:29.000Z,Menerima kunjungan Keluarga Mahasiswa Manajemen dan Kebijakan Publik UGM di,menerima kunjungan keluarga mahasiswa manajemen dan kebijakan publik UGM di,received a visit from the family of UGM management and public policy students at
1461,2016-09-21T09:57:48.000Z,dan pandangan atas kedua rancangan undang undang di atas hingga akhir masa sidang ini cc,dan pandangan atas kedua rancangan undang undang di atas hingga akhir masa sidang ini cc,"and views on the two draft laws above until the end of this session, cc"
1462,2016-09-21T09:41:32.000Z,telah disepakati bahwa KomiteDPDRI akan menyusun pertimbangan dan pandangan terhadap kedua draft RUU tersebut CC,telah disepakati bahwa komitedpdri akan menyusun pertimbangan dan pandangan terhadap kedua draft RUU tersebut CC,It has been agreed that the DPRD committee will prepare considerations and views on the two draft bills CC
1463,2016-09-21T09:11:00.000Z,KomiteDPDRI telah melaksanakan serangkaian kegiatan inventarisasi dan pendalaman materi atas RUU tersebut CC,komitedpdri telah melaksanakan serangkaian kegiatan inventarisasi dan pendalaman materi atas RUU tersebut CC,The DPRD Committee has carried out a series of inventory activities and in-depth study of the material on the CC Bill
1464,2016-09-21T09:04:30.000Z,Wakil Ketua DPR Fadli Zon menerima audiensi Mahasiswa i Manajemen dan Kebijakan Publik FISIPOL Universitas Gajah Mada Yogyakarta DPRLive,wakil ketua DPR fadli zon menerima audiensi mahasiswa i manajemen dan kebijakan publik FISIPOL universitas gajah mada yogyakarta dprlive,"deputy chairman of the DPR, Fadli Zon, received an audience from students of management and public policy, FISIPOL, Gajah Mada University, Yogyakarta, dprlive"
1465,2016-09-21T08:58:37.000Z,adalah sebagai RUU Inisiatif KomiteDPDRI dan merupakan progam prioritas Komite III DPD RI CC,adalah sebagai RUU inisiatif komitedpdri dan merupakan progam prioritas komite II DPD RI CC,is an initiative bill from the DPR RI Committee and is a priority program for Committee II DPD RI CC
1466,2016-09-21T07:56:09.000Z,Anggota DPR Dorong RUU Otsus Plus Direvisi,anggota DPR dorong RUU otsus plus direvisi,DPR members are pushing for the special autonomy plus bill to be revised
1467,2016-09-21T07:50:03.000Z,Anggota DPR Dorong RUU Otsus Plus Direvisi Warta Ekonomi,anggota DPR dorong RUU otsus plus direvisi warta ekonomi,DPR members push for special autonomy bill plus revised economic news
1468,2016-09-21T07:34:13.000Z,RUU Karantina Jadi Upaya Jaga Produk Petani,RUU karantina jadi upaya jaga produk petani,The quarantine bill is an effort to protect farmers' products
1469,2016-09-21T03:39:21.000Z,Tiga Poin Utama Pembahasan RUU Perbukuan JAKARTA EDUNEWS ID Komisi X DPR RI tengah fokus melakukan pembah,tiga poin utama pembahasan RUU perbukuan JAKARTA EDUNEWS ID komisi kali DPR RI tengah fokus melakukan pembah,"three main points in the discussion of the JAKARTA EDUNEWS ID book bill, the DPR RI commission is currently focusing on making changes"
1470,2016-09-21T02:49:55.000Z,Sosialisasi RUU ttg karantina Hewan Ikan Tumbuhan olh sekt komidi IV DPR RI di BKIPM Semarang,sosialisasi RUU tentang karantina hewan ikan tumbuhan olh sekt komidi IV DPR RI di BKIPM semarang,"Socialization of the Bill on Plant, Fish and Animal Quarantine by the DPR RI DPR RI Committee IV Sect at BKIPM Semarang"
1471,2016-09-21T02:43:33.000Z,FGD konsultasi publik RUU ttg karantina Hewan Ikan Tumbuhan oleh Komisi IV DPR RI KKP UNDIP,FGD konsultasi publik RUU tentang karantina hewan ikan tumbuhan oleh komisi IV DPR RI KKP UNDIP,Public consultation FGD on the draft law on animal fish plant quarantine by Commission IV DPR RI KKP UNDIP
1472,2016-09-21T02:41:32.000Z,Titiek Soeharto Kebijakan Impor Jadi Celah Lahirnya Mafia Pangan KULONPROGO Wakil Ketua Komisi IV DPR RI,titiek soeharto kebijakan impor jadi celah lahirnya mafia pangan KULONPROGO wakil ketua komisi IV DPR RI,"Titiek Soeharto's import policy became an opening for the birth of the KULONPROGO food mafia, deputy chairman of Commission IV DPR RI"
1473,2016-09-21T02:07:47.000Z,Agenda DPR Rabu Pukul WIB Pansus RUU Pemberantasan Tindak Pidana Terorisme kunjungi Densus di Depok agendaDPR,agenda DPR rabu pukul WIB pansus RUU pemberantasan tindak pidana terorisme kunjungi densus di depok agendadpr,"DPR agenda, Wednesday at WIB, special committee on the bill on eradicating criminal acts of terrorism, visit the Special Detachment in Depok, DPR agenda"
1474,2016-09-21T01:18:57.000Z,Dewan Perwakilan Rakyat DPR membela pemerintah dari seluruh gugatan atas Pengujian Undang Undang UU Nomor,dewan perwakilan rakyat DPR membela pemerintah dari seluruh gugatan atas pengujian undang undang UU nomor,the people's representative council of the DPR defended the government from all lawsuits regarding judicial review of Law no
1475,2016-09-20T11:44:16.000Z,JAKARTA Anggota Komisi X DPR RI Noor Ahmad menjelaskan mengapa pembahasan Rancangan,JAKARTA anggota komisi kali DPR RI noor ahmad menjelaskan mengapa pembahasan rancangan,JAKARTA DPR RI commission member Noor Ahmad explained why the draft was being discussed
1476,2016-09-20T09:28:47.000Z,akan mendesak Komisi untuk segera membuat jadwal pembahasan ruu kebidanan,akan mendesak komisi untuk segera membuat jadwal pembahasan ruu kebidanan,will urge the commission to immediately schedule the discussion of the midwifery bill
1477,2016-09-20T08:07:30.000Z,Forum Legislasi di Media Center DPR RI membahas tentang RUU Sistem Perbukuan DPRLive,forum legislasi di media center DPR RI membahas tentang RUU sistem perbukuan dprlive,The legislative forum at the DPR RI media center discussed the DPRlive bookkeeping system bill
1478,2016-09-20T08:05:52.000Z,Pertemuan Komisi IV dengan Civitas Akademika Universitas Diponegoro terkait masukan RUU Karantina Hewan Ikan Tumbuban KunkerDPR,pertemuan komisi IV dengan civitas akademika universitas diponegoro terkait masukan RUU karantina hewan ikan tumbuban kunkerdpr,Commission IV meeting with the Diponegoro University academic community regarding input on the Tumbuban KunkerDPR fish animal quarantine bill
1479,2016-09-20T07:48:38.000Z,Kadir Kita masih gagal lakukan tugas kita Wakil rakyat wakili kita bukan AG Kena lihat undang undang dari aspek kita SHWacana by Sin,kadir kita masih gagal lakukan tugas kita wakil rakyat wakili kita bukan AG kena lihat undang undang dari aspek kita shwacana by sin,"kadir we still fail to do our job, the people's representatives represent us, not the AG, we have to look at the law from our perspective shwacana by sin"
1480,2016-09-20T07:45:20.000Z,Kadir Kita masih gagal lakukan tugas kita Wakil rakyat wakili kita bukan AG Kena lihat undang undang dari aspek kita SHWacana,kadir kita masih gagal lakukan tugas kita wakil rakyat wakili kita bukan AG kena lihat undang undang dari aspek kita shwacana,"kadir we still fail to do our job, the people's representatives represent us, not the AG, we have to look at the law from our perspective, shwacana"
1481,2016-09-20T07:21:14.000Z,Dirjen Budidaya Perikanan Komisi IV DPR RI melakukan FGD RUU karantina Ikan hewan dan Tumbuhan di UGM,dirjen budidaya perikanan komisi IV DPR RI melakukan FGD RUU karantina ikan hewan dan tumbuhan di UGM,"the director general of fisheries cultivation, commission IV DPR RI, conducted an FGD on the fish, animal and plant quarantine bill at UGM"
1482,2016-09-20T07:07:10.000Z,Cari Masukan RUU Karantina Hewan Ikan dan Tumbuhan Komisi IV DPR RI Gelar FGD di Undip,cari masukan RUU karantina hewan ikan dan tumbuhan komisi IV DPR RI gelar FGD di undip,"looking for input on fish and plant quarantine bill, Commission IV DPR RI holds FGD at Undip"
1483,2016-09-20T06:57:12.000Z,Cari Masukan RUU Karantina Hewan Ikan dan Tumbuhan Komisi IV DPR RI Gelar FGD di Undip via TribunJateng,cari masukan RUU karantina hewan ikan dan tumbuhan komisi IV DPR RI gelar FGD di undip via tribunjateng,"looking for input on fish and plant quarantine bill, Commission IV DPR RI holds FGD at Undip via Tribunjateng"
1484,2016-09-20T02:18:41.000Z,Rujukan buat pengambil kebijakan,rujukan buat pengambil kebijakan,reference for policy makers
1485,2016-09-20T02:06:53.000Z,Bandit Koruptor Pantasnya Divonis Mati,bandit koruptor pantasnya divonis mati,Corrupt bandits deserve to be sentenced to death
1486,2016-09-20T01:57:09.000Z,Agenda DPR Selasa Pukul WIB Forum Legislasi tentang RUU Sistem Perbukuan di Media Center DPR RI agendaDPR,agenda DPR selasa pukul WIB forum legislasi tentang RUU sistem perbukuan di media center DPR RI agendadpr,"DPR agenda, Tuesday at WIB, legislative forum regarding the bookkeeping system bill at the DPR RI media center agendadpr"
1487,2016-09-19T18:41:56.000Z,apa ada sebuah institusi tentukan kebijakan hanya mengetahui dari keluarga tersangka? Bijaksanalah!,apa ada sebuah institusi tentukan kebijakan hanya mengetahui dari keluarga tersangka ? bijaksanalah !,Is there an institution that has a policy of only knowing about the suspect's family? be wise!
1488,2016-09-19T15:08:10.000Z,RUU Pertembakauan Tingkatkan Kesejahteraan Petani Dewan Perwakilan Rakyat DPR menilai Rancangan Undang Un,RUU pertembakauan tingkatkan kesejahteraan petani dewan perwakilan rakyat DPR menilai rancangan undang un,"Tobacco bill improves farmers' welfare, the House of Representatives, DPR, assesses the draft law"
1489,2016-09-19T14:48:40.000Z,kebijakan prevenrif yaitu hukuman berat hukuman mati bagi koruptor hal ini sejalan dengan revolusi mental,kebijakan prevenrif yaitu hukuman berat hukuman mati bagi koruptor hal ini sejalan dengan revolusi mental,"preventive policy, namely the death penalty for corruptors, is in line with the mental revolution"
1490,2016-09-19T14:45:35.000Z,Usaha kebijakan preventif dari dalam usaha menyelematkan negara dari sikap sifat korup,usaha kebijakan preventif dari dalam usaha menyelematkan negara dari sikap sifat korup,preventive policy efforts from within an effort to save the country from corrupt attitudes
1491,2016-09-19T14:27:14.000Z,DiskusiPRFM Pejabat publik kembali terjerat Korupsi Benarkah korupsi makin kronis? Apa yg harus dilakukan guna cegah korupsi? Komentar?,diskusiprfm pejabat publik kembali terjerat korupsi benarkah korupsi makin kronis ? apa yang harus dilakukan guna cegah korupsi ? komentar ?,"prfm discussion public officials are caught in corruption again, is it true that corruption is becoming more chronic? What should be done to prevent corruption? comment ?"
1492,2016-09-19T11:11:42.000Z,Idris dan Riza Duet Maut Lakukan Reses Idris dan Riza Duet Maut Lakukan Reses Dua wakil rakyat ini kembali turun kebawa beritabogor,idris dan riza duet maut lakukan reses idris dan riza duet maut lakukan reses dua wakil rakyat ini kembali turun terbawa beritabogor,Iris and Riza's deadly duet takes a recess
1493,2016-09-19T08:24:10.000Z,Wakil Rakyat Emang Hebat Baru Kerja Tahun Dpt Mobinya Baru Apakah Sdh Perjuangkan Aspirasi Rakyat ???,wakil rakyat memang hebat baru kerja tahun dapat mobinya baru apakah sudah perjuangkan aspirasi rakyat ? ?,"The people's representatives are really great, they just started working this year and got their new car. Have they fought for the aspirations of the people? ?"
1494,2016-09-19T08:05:09.000Z,Baru Kerja Tahun Tiap Anggota DPRD Demak Dapat Mobil Baru,baru kerja tahun tiap anggota DPRD demak dapat mobil baru,"After a year's work, every member of the Demak DPRD gets a new car"
1495,2016-09-19T07:52:49.000Z,Suasana Rapat Tim Perumus RUU Revisi UU ITE di Komisi Senin,suasana rapat tim perumus RUU revisi UU ITE di komisi senin,the atmosphere of the meeting of the team formulating the bill for the revision of the ITE Law at the commission on Monday
1496,2016-09-19T04:55:05.000Z,BeritaFISIPUI Ammy Amalia F S DPR RI mengatakan DPR meundukung melalui masuknya RUU Penghapusan Kekerasan Seksual ke Prolegnas,beritafisipui ammy amalia f si DPR RI mengatakan DPR meundukung melalui masuknya RUU penghapusan kekerasan seksual ke prolegnas,Beritafisipui Ammy Amalia F of the Indonesian House of Representatives said that the DPR supports the inclusion of the Bill on the Elimination of Sexual Violence in the National Legislation Program
1497,2016-09-19T01:55:14.000Z,Agenda DPR Senin Pukul WIB Komisi I DPR RDP Tim Perumus RUU ITE dengan Pemerintah agendaDPR,agenda DPR senin pukul WIB komisi i DPR RDP tim perumus RUU ITE dengan pemerintah agendadpr,DPR agenda Monday at WIB commission i DPR RDP team drafting the ITE Bill with the government agendadpr
1498,2016-09-18T22:04:10.000Z,Anggota Komisi IV DPR RI dari PKS Akmal Pasluddin menilai kebijakan pemerintah khususnya Menko Maritim dan,anggota komisi IV DPR RI dari PKS akmal pasluddin menilai kebijakan pemerintah khususnya menko maritim dan,"Member of Commission IV DPR RI from PKS Akmal Pasluddin assessed government policies, especially the coordinating minister for maritime affairs and"
1499,2016-09-18T16:02:58.000Z,Kira berapa ya biaya anggaran komisi dpr ri bahas ruu pemilu yang tak bermutu tuk mengizinkan napi atau ekx penjahat jadi balon kdh nasib,kira berapa ya biaya anggaran komisi dpr ri bahas ruu pemilu yang tak bermutu untuk mengizinkan napi atau ekx penjahat jadi balon kdh nasib,Approximately how much will it cost for the Republic of Indonesia DPR Commission's budget to discuss a low-quality election bill to allow convicted or ex-criminals to become balloons of fate
1500,2016-09-18T08:53:11.000Z,Pak harus berani mengeluarkan kebijakan preventif Rancang UU Hukum Mati Koruptor,pak harus berani mengeluarkan kebijakan preventif rancang UU hukum mati koruptor,"Sir, you must have the courage to issue a preventive policy to draft a law on the death penalty for corruptors"
1501,2016-09-18T05:34:00.000Z,Berapa banyak koruptor yg ditangkap di OTT tak akan pernah menghentikan korupsi Hukum mereka seberat beratnya minimal tahun,berapa banyak koruptor yang ditangkap di OTT tak akan pernah menghentikan korupsi hukum mereka seberat beratnya minimal tahun,how many corruptors are arrested in OTT will never stop their legal corruption as serious as the severity of at least a year
1502,2016-09-17T22:37:46.000Z,Ucapan selamat HUT TahunPMI dari menyejukkan harapan pengesahan RUUKepalangmerahan,ucapan selamat HUT tahunpmi dari menyejukkan harapan pengesahan ruukepalangmerahan,PMMI's Happy Anniversary Congratulations from the hope of ratification of the Ruu Headangmerahan
1503,2016-09-17T20:47:45.000Z,H Idris Reses Tandem Dengan Koleganya Dari DPR RI lewat,h idris reses tandem dengan koleganya dari DPR RI lewat,h Idris took a tandem recess with his colleagues from the DPR RI
1504,2016-09-17T14:02:30.000Z,Sudah Diamanatkan Oleh Undang Undang Baleg DPR Dorong Pembentukan Badan Pangan infoTribun,sudah diamanatkan oleh undang undang baleg DPR dorong pembentukan badan pangan infotribun,It has been mandated by the DPR Baleg law to encourage the formation of the infotribun food agency
1505,2016-09-17T13:48:07.000Z,Sudah Diamanatkan Oleh Undang Undang Baleg DPR Dorong Pembentukan Badan Pangan Nasional,sudah diamanatkan oleh undang undang baleg DPR dorong pembentukan badan pangan nasional,It has been mandated by the DPR Baleg law to encourage the formation of a national food agency
1506,2016-09-17T13:47:59.000Z,Sudah Diamanatkan Oleh Undang Undang Baleg DPR Dorong Pembentukan Badan Pangan Nasional Badan Legislasi Ba,sudah diamanatkan oleh undang undang baleg DPR dorong pembentukan badan pangan nasional badan legislasi ba,"It has been mandated by law that the DPR baleg encourages the formation of a national food agency, legislative body ba"
1507,2016-09-17T13:46:14.000Z,TribunNASIONAL Sudah Diamanatkan Oleh Undang Undang Baleg DPR Dorong Pembentukan Badan Pangan Nasional,tribunnasional sudah diamanatkan oleh undang undang baleg DPR dorong pembentukan badan pangan nasional,The National Tribunal has been mandated by the DPR Baleg law to encourage the formation of a national food agency
1508,2016-09-17T13:45:45.000Z,Surya News Sudah Diamanatkan Oleh Undang Undang Baleg DPR Dorong Pembentukan Badan Pangan Nasional Badan L,surya news sudah diamanatkan oleh undang undang baleg DPR dorong pembentukan badan pangan nasional badan l,Surya News has been mandated by the DPR legislative legislative act to encourage the formation of a national food agency
1509,2016-09-17T13:44:57.000Z,Sudah Diamanatkan Oleh Undang Undang Baleg DPR Dorong Pembentukan Badan Pangan Nasional beritanegara,sudah diamanatkan oleh undang undang baleg DPR dorong pembentukan badan pangan nasional beritanegara,It has been mandated by the DPR Baleg law to encourage the formation of the national food agency Beritanegara
1510,2016-09-17T13:35:07.000Z,Pak sepantasnya mengeluarkan kebijakan hukuman mati bagi koruptor untuk preventif Cegah badut tikus rakus negara!,pak sepantasnya mengeluarkan kebijakan hukuman mati bagi koruptor untuk preventif cegah badut tikus rakus negara !,"Sir, it is appropriate to issue a policy of the death penalty for corruptors as a preventive measure against the greedy rat clowns of the country!"
1511,2016-09-17T10:54:33.000Z,Dan baru aja selesai dari jam pagi ampe jam sore dah kayak rapat paripurna at pic,dan baru saja selesai dari jam pagi sampai jam sore deh seperti rapat paripurna at pic,and just finished from morning to afternoon like a plenary meeting at pic
1512,2016-09-17T08:00:14.000Z,Wakil Ketua Komisi X DPR Sutan Adil Hendra Dorong RUU Sistem Perbukuan Segera Disahkan,wakil ketua komisi kali DPR sutan adil hendra dorong RUU sistem perbukuan segera disahkan,"Deputy chairman of the DPR commission, Sutan Adil Hendra, is pushing for the bookkeeping system bill to be passed immediately"
1513,2016-09-17T07:58:48.000Z,Anggota Komisi X DPR Dwita Ria Gunadi RUU Sisbuk Diharapkan Ratakan Distribusi Buku,anggota komisi kali DPR dwita ria gunadi RUU sisbuk diharapkan ratakan distribusi buku,"Member of the DPR Commission, Dwita Ria Gunadi, the Bus and Bus Bill is expected to smooth book distribution"
1514,2016-09-15T08:20:44.000Z,Berlanjut Baleg DPR RI Bahas DIM RUU Kekarantinaan Kesehatan,berlanjut baleg DPR RI bahas DIM RUU kekarantinaan kesehatan,The DPR RI legislative council continues to discuss the DIM health quarantine bill
1515,2016-09-15T08:19:56.000Z,Berlanjut Baleg DPR RI Bahas DIM RUU Kekarantinaan Kesehatan Pembahasan Daftar Invetarisasi Masalah DIM R,berlanjut baleg DPR RI bahas DIM RUU kekarantinaan kesehatan pembahasan daftar invetarisasi masalah DIM r,DPR RI legislative council continues to discuss DIM Health Quarantine Bill discussing inventory list of DIM problems r
1516,2016-09-15T08:19:52.000Z,Pembahasan Daftar Invetarisasi Masalah DIM Rancangan Undang Undang Kekarantinaan Kesehatan dilanjutkan oleh,pembahasan daftar invetarisasi masalah DIM rancangan undang undang kekarantinaan kesehatan dilanjutkan oleh,discussion of the inventory list of DIM issues in the draft health quarantine law was continued by
1517,2016-09-15T08:18:32.000Z,Berlanjut Baleg DPR RI Bahas DIM RUU Kekarantinaan Kesehatan Pembahasan Daftar Invetarisasi Masalah DIM Rancangan Undang Undang K,berlanjut baleg DPR RI bahas DIM RUU kekarantinaan kesehatan pembahasan daftar invetarisasi masalah DIM rancangan undang undang ke,"The DPR RI legislative council continues to discuss the DIM health quarantine bill, discussing the inventory list of DIM issues in the draft law"
1518,2016-09-15T08:17:50.000Z,CPNS Berlanjut Baleg DPR RI Bahas DIM RUU Kekarantinaan Kesehatan,CPNS berlanjut baleg DPR RI bahas DIM RUU kekarantinaan kesehatan,CPNS continues to discuss the DPR RI's DIM health quarantine bill
1519,2016-09-15T08:16:57.000Z,TribunNASIONAL Berlanjut Baleg DPR RI Bahas DIM RUU Kekarantinaan Kesehatan,tribunnasional berlanjut baleg DPR RI bahas DIM RUU kekarantinaan kesehatan,The tribunnational continues to discuss the DPR RI's DIM health quarantine bill
1520,2016-09-15T08:16:20.000Z,NEWS Berlanjut Baleg DPR RI Bahas DIM RUU Kekarantinaan Kesehatan GaleriBerita,NEWS berlanjut baleg DPR RI bahas DIM RUU kekarantinaan kesehatan galeriberita,NEWS continues DPR RI legislative council discussing DIM health quarantine bill galleryberita
1521,2016-09-15T08:16:14.000Z,Surya News Berlanjut Baleg DPR RI Bahas DIM RUU Kekarantinaan Kesehatan Pembahasan Daftar Invetarisasi Mas,surya news berlanjut baleg DPR RI bahas DIM RUU kekarantinaan kesehatan pembahasan daftar invetarisasi mas,"Surya News continues with the DPR RI legislative council discussing the DIM health quarantine bill discussing the inventory list, bro"
1522,2016-09-15T08:15:39.000Z,BeritaBolla Berlanjut Baleg DPR RI Bahas DIM RUU Kekarantinaan Kesehatan Pembahasan Daftar Invetarisasi Ma,beritabolla berlanjut baleg DPR RI bahas DIM RUU kekarantinaan kesehatan pembahasan daftar invetarisasi sama,Beritabolla continues with the DPR RI discussing the DIM health quarantine bill discussing the same inventory list
1523,2016-09-15T08:14:53.000Z,Berlanjut Baleg DPR RI Bahas DIM RUU Kekarantinaan Kesehatan beritanegara,berlanjut baleg DPR RI bahas DIM RUU kekarantinaan kesehatan beritanegara,"The DPR RI legislative council continues to discuss the DIM health quarantine bill, National News"
1524,2016-09-15T08:04:54.000Z,Tribun Berlanjut Baleg DPR RI Bahas DIM RUU Kekarantinaan Kesehatan NewsToday DKK,tribun berlanjut baleg DPR RI bahas DIM RUU kekarantinaan kesehatan newstoday DKK,tribun continues DPR RI legislative council discussing DIM health quarantine bill newstoday DKK
1525,2016-09-15T08:03:36.000Z,Tribun Berlanjut Baleg DPR RI Bahas DIM RUU Kekarantinaan Kesehatan Pembahasan Daftar Invetarisasi NewsToday,tribun berlanjut baleg DPR RI bahas DIM RUU kekarantinaan kesehatan pembahasan daftar invetarisasi newstoday,The tribun continues with the DPR RI legislative council discussing the DIM health quarantine bill discussing the inventory list newstoday
1526,2016-09-15T07:58:37.000Z,Rapat Badan Legislasi DPR RI dengan Menpan RB tentang Undang Undang Ketahanan Pangan,rapat badan legislasi DPR RI dengan menpan RIBU tentang undang undang ketahanan pangan,DPR RI legislative body meeting with Minister of Administrative and Bureaucratic Reform RIBU regarding food security law
1527,2016-09-15T07:15:52.000Z,Sekjen Nur Syam hadir dalam rapat Panja pembahasan RUU Pemberantasan Tindak Pidana Teroris Kamis,sekjen nur syam hadir dalam rapat panja pembahasan RUU pemberantasan tindak pidana teroris kamis,Secretary General Nur Syam was present at the working committee meeting discussing the bill to eradicate terrorist crimes on Thursday
1528,2016-09-15T07:10:05.000Z,Penambahan Kewenangan Penindakan Hukum BPOM Dirumuskan dalam RUU,penambahan kewenangan penindakan hukum BPOM dirumuskan dalam RUU,The addition of BPOM's legal enforcement authority is formulated in the bill
1529,2016-09-15T07:08:31.000Z,Baleg Bahas DIM RUU Kekarantinaan Kesehatan,baleg bahas DIM RUU kekarantinaan kesehatan,baleg discusses DIM health quarantine bill
1530,2016-09-15T05:00:03.000Z,Anggota Fraksi Partai Gerakan Indonesia Raya Gerindra DPR RI Muhammad Syafi i mempertanyakan kebijakan Menko,anggota fraksi partai gerakan indonesia raya gerindra DPR RI muhammad syafi i mempertanyakan kebijakan menko,"Member of the Indonesian Raya Gerindra Movement party faction DPR RI, Muhammad Syafi I, questioned the coordinating minister's policy"
1531,2016-09-15T04:41:30.000Z,FGD RUU Pemilu di DPR RI Bersama,FGD RUU pemilu di DPR RI bersama,Joint FGD on the election bill at the DPR RI
1532,2016-09-15T04:28:37.000Z,Komisi IV DPR RDPU dengan Pakar terkait RUU tentang Karantina Hewan Ikan dan Tumbuhan DPRLive,komisi IV DPR RDPU dengan pakar terkait RUU tentang karantina hewan ikan dan tumbuhan dprlive,Commission IV DPR RDPU with experts regarding the bill regarding quarantine of fish and plants dprlive
1533,2016-09-15T03:54:17.000Z,Kom dan Gub Sepakat Revisi Kebijakan Susi,kom dan gub sepakat revisi kebijakan susi,Kom and Gub agree to revise Susi's policy
1534,2016-09-15T03:48:19.000Z,Sambutan ketua FPKB DPR RI dlm Diskusi RUU Pemilu,sambutan ketua FPKB DPR RI dalam diskusi RUU pemilu,remarks by the chairman of the DPR RI FPKB in the discussion of the election bill
1535,2016-09-15T02:20:27.000Z,Agenda DPR Kamis Pukul WIB Komisi X DPR Rapat Panja RUU Sistem Perbukuan agendaDPR,agenda DPR kamis pukul WIB komisi kali DPR rapat panja RUU sistem perbukuan agendadpr,DPR agenda Thursday at WIB commission times DPR working committee meeting on bookkeeping system bill agendadpr
1536,2016-09-15T02:10:10.000Z,Agenda DPR Kamis Pukul WIB Pansus RUU Pemberantasan Tindak Pidana Terorisme RDP dg Kemdikbud Kemdagri agendaDPR,agenda DPR kamis pukul WIB pansus RUU pemberantasan tindak pidana terorisme RDP dengan kemdikbud kemdagri agendadpr,DPR agenda Thursday at WIB special committee on bill on eradicating criminal acts of terrorism RDP with Ministry of Education and Culture Ministry of Home Affairs DPR agenda
1537,2016-09-15T01:26:27.000Z,Radio ANDIKA Wakil Ketua Komisi I DPR RI TB Hasanuddin mengakui kebijakan bebas visa masuk Indonesia,radio ANDIKA wakil ketua komisi i DPR RI TB hasanuddin mengakui kebijakan bebas visa masuk indonesia,ANDIKA radio deputy chairman of commission i DPR RI TB Hasanuddin acknowledged Indonesia's visa-free entry policy
1538,2016-09-15T00:08:08.000Z,APA KENDALA LEGISLASI RUU PERAMPASAN ASET? by cc,APA KENDALA LEGISLASI RUU PERAMPASAN ASET ? by cc,WHAT ARE THE LEGISLATION OBSTACLES OF THE ASSET CONFIGURATION BILL? by cc
1539,2016-09-14T19:34:55.000Z,JAKARTA Wakil Ketua Komisi I DPR RI TB Hasanuddin mengakui kebijakan bebas visa masuk Indonesia berdampak,JAKARTA wakil ketua komisi i DPR RI TB hasanuddin mengakui kebijakan bebas visa masuk indonesia berdampak,"JAKARTA, Deputy Chairman of Commission I DPR RI, TB Hasanuddin, admitted that Indonesia's visa-free entry policy had an impact"
1540,2016-09-14T16:20:33.000Z,RT Pengacara Asal Nias Tantang Menkumham,RT pengacara asal nias tantang menkumham,RT lawyer from Nias challenges the Minister of Law and Human Rights
1541,2016-09-14T07:58:16.000Z,Komisi IV DPR RDPU dengan Gubernur membahas dampak kebijakan Menteri Kelautan dan Perikanan DPRLive,komisi IV DPR RDPU dengan gubernur membahas dampak kebijakan menteri kelautan dan perikanan dprlive,Commission IV DPR RDPU with the governor discussed the impact of the policy of the minister of maritime affairs and fisheries dprlive
1542,2016-09-14T04:18:14.000Z,Pemerintah jangan buat kebijakan maju mundur tarik ulur karena ini mrp kelakuan Boim,pemerintah jangan buat kebijakan maju mundur tarik ulur karena ini mrp kelakuan boim,The government should not make a policy of pushing back and forth because this is boim behavior
1543,2016-09-14T03:49:30.000Z,Agenda DPR Rabu Pukul WIB Komisi IV RDPU dengan pakar terkait RUU Sistem Budi Daya Tanaman agendaDPR,agenda DPR rabu pukul WIB komisi IV RDPU dengan pakar terkait RUU sistem budi daya tanaman agendadpr,DPR agenda Wednesday at WIB Commission IV RDPU with experts regarding the plant cultivation system bill on the DPR agenda
1544,2016-09-14T02:19:13.000Z,Reses Hari Wakil Rakyat Kota Bogor Dibekali Rp Juta,reses hari wakil rakyat kota bogor dibekali rp juta,"During the day's recess, Bogor City People's Representatives were provided with IDR million"
1545,2016-09-14T01:20:45.000Z,Emang sekarang tugasnya PENGAWASAN atau hanya PENGESAHAN kebijakan pemerintah??? Hasil Reformasi ?,memang sekarang tugasnya PENGAWASAN atau hanya PENGESAHAN kebijakan pemerintah ? ? hasil reformasi ?,Is it true that his job is now SUPERVISION or just ENDORSEMENT of government policy? ? the results of the reform?
1546,2016-09-13T13:51:50.000Z,Untuk kesekian kalinya Dewan Perwakilan Rakyat Daerah DPRD Gresik menggelar rapat paripurna pemandangan umum,untuk kesekian kalinya dewan perwakilan rakyat daerah DPRD gresik menggelar rapat paripurna pemandangan umum,"For the umpteenth time, the Gresik Regional People's Representative Council held a plenary meeting for public views"
1547,2016-09-13T09:59:32.000Z,Semoga wakil rakyat nya menghendaki aspirasi rakyat,semoga wakil rakyat nya menghendaki aspirasi rakyat,Hopefully the people's representatives will want the aspirations of the people
1548,2016-09-13T01:55:46.000Z,baiknya jd ka,baiknya jadi kak,it's good to be sis
1549,2016-09-12T13:43:30.000Z,DPR Terkini DPR Setujui RUU Ketenagakerjaan Maritim Menjadi Undang Undang,DPR terkini DPR setujui RUU ketenagakerjaan maritim menjadi undang undang,"In the latest DPR, the DPR approved the maritime employment bill to become law"
1550,2016-09-11T18:57:58.000Z,Pemerintah dan Dewan Perwakilan Rakyat DPR hingga pekan kedua September belum membahas rancangan atura,pemerintah dan dewan perwakilan rakyat DPR hingga pekan kedua september belum membahas rancangan atura,The government and the People's Representative Council (DPR) have not discussed the draft regulations until the second week of September
1551,2016-09-11T18:57:53.000Z,Perlukah e voting masuk dalam RUU Pemilu? Pemerintah dan Dewan Perwakilan Rakyat DPR hingga pekan kedua Se,perlukah e voting masuk dalam RUU pemilu ? pemerintah dan dewan perwakilan rakyat DPR hingga pekan kedua se,Should e-voting be included in the election bill? government and the people's representative council of the DPR until the second week se
1552,2016-09-11T18:57:47.000Z,Update Perlukah e voting masuk dalam RUU Pemilu? Pemerintah dan Dewan Perwakilan Rakyat DPR hingga pekan,update perlukah e voting masuk dalam RUU pemilu ? pemerintah dan dewan perwakilan rakyat DPR hingga pekan,Update: Does e-voting need to be included in the election bill? government and the People's Representative Council of the DPR until Sunday
1553,2016-09-11T18:57:40.000Z,AntaraNews Perlukah e voting masuk dalam RUU Pemilu? Pemerintah dan Dewan Perwakilan Rakyat DPR hingga pe,antaranews perlukah e voting masuk dalam RUU pemilu ? pemerintah dan dewan perwakilan rakyat DPR hingga pe,Antaranews Should e-voting be included in the election bill? government and the people's representative council DPR to pe
1554,2016-09-11T18:54:35.000Z,Perlukah e voting masuk dalam RUU Pemilu? Pemerintah dan Dewan Perwakilan Rakyat DPR hingga pekan kedua RT,perlukah e voting masuk dalam RUU pemilu ? pemerintah dan dewan perwakilan rakyat DPR hingga pekan kedua RT,Should e-voting be included in the election bill? government and the DPR's people's representative council until the second week of RT
1555,2016-09-11T18:54:33.000Z,antaranews Perlukah e voting masuk dalam RUU Pemilu? Pemerintah dan Dewan Perwakilan Rakyat DPR hingga pe,antaranews perlukah e voting masuk dalam RUU pemilu ? pemerintah dan dewan perwakilan rakyat DPR hingga pe,Antaranews Should e-voting be included in the election bill? government and the people's representative council DPR to pe
1556,2016-09-11T18:54:29.000Z,Segala_Berita Perlukah e voting masuk dalam RUU Pemilu? Pemerintah dan Dewan Perwakilan Rakyat DPR hingga,segala_berita perlukah e voting masuk dalam RUU pemilu ? pemerintah dan dewan perwakilan rakyat DPR hingga,all_news does e-voting need to be included in the election bill? government and the people's representative council from the DPR to
1557,2016-09-11T13:50:01.000Z,KM ITB juga memberikan Draft Rekomendasi Blok Natuna Rekomendasi RUU Migas kepada salah satu anggota DPR dan juga Dirjen Migas,KAMU ITB juga memberikan draft rekomendasi blok natuna rekomendasi RUU migas kepada salah satu anggota DPR dan juga dirjen migas,KAMU ITB also provided a draft recommendation for the natuna block recommendation for the oil and gas bill to one of the members of the DPR and also the director general of oil and gas
1558,2016-09-11T13:23:49.000Z,DPR yg gagah berani menyampaikan Aspirasi rakyat kebanggan pemilihnya pengecut belain cukong,DPR yang gagah berani menyampaikan aspirasi rakyat kebanggaan pemilihnya pengecut membela cukong,"The DPR, which was brave enough to convey the aspirations of the people, the pride of its voters, was cowardly in defending the barons"
1559,2016-09-11T13:04:52.000Z,Dewan Perwakilan Rakyat yang menyampaikan aspirasi rakyat dgn benar justru dipecat oleh Partai Politik bejat,dewan perwakilan rakyat yang menyampaikan aspirasi rakyat dengan banget justru dipecat oleh partai politik bejat,the people's representative council which conveyed the people's aspirations truly was actually fired by a depraved political party
1560,2016-09-11T09:59:33.000Z,PARTAI BAHLUL PDUKUNG AHOK ITU TAHU BAKAL DTINGGAL RAKYAT Tolak Ahok Ketua DPC Hanura Jaktim dipecat,PARTAI BAHLUL PDUKUNG AHOK ITU TAHU BAKAL DTINGGAL RAKYAT tolak ahok ketua DPC hanura jaktim dipecat,THE BAHLUL PARTY SUPPORTS AHOK KNOWING THE PEOPLE WILL LEAVE IT and rejects Ahok's dismissal as chairman of the East Jakarta DPC Hanura
1561,2016-09-10T15:44:34.000Z,Anggota DPR Sebut RUU ITE Mengacu Putusan MK,anggota DPR sebut RUU ITE mengacu putusan MAKA,DPR members said the ITE Bill refers to the MAKA decision
1562,2016-09-10T15:25:02.000Z,Anggota DPR Sebut RUU ITE Mengacu Putusan MK Warta Ekonomi,anggota DPR sebut RUU ITE mengacu putusan MAKA warta ekonomi,DPR members said the ITE Bill refers to the MAKA economic news decision
1563,2016-09-10T14:49:36.000Z,Retweeted Radio Elshinta Anggota DPR RUU ITE mengacu putusan MK,retweeted radio elshinta anggota DPR RUU ITE mengacu putusan MAKA,retweeted radio elshinta DPR member ITE Bill refers to MAKA decision
1564,2016-09-10T14:40:51.000Z,Anggota DPR RUU ITE mengacu putusan MK,anggota DPR RUU ITE mengacu putusan MAKA,DPR members on the ITE Bill referred to the MAKA decision
1565,2016-09-10T12:55:13.000Z,Anggota DPR RUU ITE mengacu putusan MK Anggota Komisi I DPR RI Bobby Adhityo Rizadi me RanoKarnoHRSMundur,anggota DPR RUU ITE mengacu putusan MAKA anggota komisi i DPR RI bobby adhityo rizadi me ranokarnohrsmundur,member of the House of Representatives on the ITE Bill refers to the decision of MAKA member of commission i DPR RI bobby adhityo rizadi me ranokarnohrs resigns
1566,2016-09-10T12:48:39.000Z,Anggota DPR RUU ITE mengacu putusan MK Anggota Komisi I DPR RI Bobby Adhityo Rizadi mengatakan revisi Unda,anggota DPR RUU ITE mengacu putusan MAKA anggota komisi i DPR RI bobby adhityo rizadi mengatakan revisi unda,"Member of the DPR on the ITE Bill referring to the MAKA decision, member of Commission I DPR RI, Bobby Adhityo Rizadi, said that the revision was pending"
1567,2016-09-10T12:33:07.000Z,Anggota DPR RUU ITE mengacu putusan MK Indonesia,anggota DPR RUU ITE mengacu putusan MAKA indonesia,DPR members on the ITE Bill refer to the Indonesian MAKA decision
1568,2016-09-10T12:32:48.000Z,Anggota DPR RUU ITE mengacu putusan MK Politik,anggota DPR RUU ITE mengacu putusan MAKA politik,DPR members on the ITE Bill refer to the political MAKA decision
1569,2016-09-10T12:32:44.000Z,Anggota DPR RUU ITE mengacu putusan MK politik,anggota DPR RUU ITE mengacu putusan MAKA politik,DPR members on the ITE Bill refer to the political MAKA decision
1570,2016-09-10T12:24:34.000Z,Anggota DPR RUU ITE mengacu putusan MK via antaranews,anggota DPR RUU ITE mengacu putusan MAKA via antaranews,DPR members on the ITE Bill referred to the MAKA decision via Antaranews
1571,2016-09-10T12:24:31.000Z,Anggota DPR RUU ITE mengacu putusan MK Style Manado,anggota DPR RUU ITE mengacu putusan MAKA style manado,DPR members on the ITE Bill refer to the Manado style MAKA decision
1572,2016-09-10T12:23:57.000Z,Anggota DPR RUU ITE mengacu putusan MK Anggota Komisi I DPR RI Bobby Adhityo Rizadi mengatakan revisi U RT,anggota DPR RUU ITE mengacu putusan MAKA anggota komisi i DPR RI bobby adhityo rizadi mengatakan revisi kamu RT,"Member of the DPR for the ITE Bill referring to the MAKA decision, member of Commission I DPR RI, Bobby Adhityo Rizadi, said that your revision was RT"
1573,2016-09-10T12:16:16.000Z,Antara Anggota DPR RUU ITE mengacu putusan MK,antara anggota DPR RUU ITE mengacu putusan MAKA,among DPR members the ITE Bill refers to the MAKA decision
1574,2016-09-10T12:16:10.000Z,Anggota DPR RUU ITE mengacu putusan MK Anggota Komisi I DPR RI Bobby Adhityo Rizadi mengatakan Antara News,anggota DPR RUU ITE mengacu putusan MAKA anggota komisi i DPR RI bobby adhityo rizadi mengatakan antara news,"Member of the DPR on the ITE Bill referring to the MAKA decision, member of Commission I DPR RI, Bobby Adhityo Rizadi, said Antara news"
1575,2016-09-10T12:08:16.000Z,Anggota DPR RUU ITE mengacu putusan MK Bandar Lampung Lampung,anggota DPR RUU ITE mengacu putusan MAKA bandar lampung lampung,Members of the DPR on the ITE Bill referred to the MAKA Bandar Lampung Lampung decision
1576,2016-09-10T12:07:31.000Z,Anggota DPR RUU ITE mengacu putusan MK loperkoran,anggota DPR RUU ITE mengacu putusan MAKA loperkoran,Members of the DPR on the ITE Bill referred to the decision of MAKA newspapermen
1577,2016-09-10T12:06:14.000Z,Anggota DPR RUU ITE mengacu putusan MK Anggota Komisi I DPR RI Bobby Adhityo Rizadi mengatakan revisi,anggota DPR RUU ITE mengacu putusan MAKA anggota komisi i DPR RI bobby adhityo rizadi mengatakan revisi,"Member of the DPR on the ITE Bill referring to the MAKA decision, member of Commission I DPR RI, Bobby Adhityo Rizadi, said it was revised"
1578,2016-09-09T15:42:22.000Z,Ratusan Anggota DPR Pilih Tak Hadir Saat Paripurna Pengesahan Kepala BIN,ratusan anggota DPR pilih tak hadir saat paripurna pengesahan kepala BIN,Hundreds of DPR members chose not to attend the plenary session to ratify the head of BIN
1579,2016-09-09T14:03:59.000Z,Rapat Paripurna Istimewa Listrik Padam Wakil Rakyat Geram lewat,rapat paripurna istimewa listrik padam wakil rakyat geram lewat,"In a special plenary session, the power went out, the people's representatives were furious and passed by"
1580,2016-09-09T13:20:43.000Z,Panja RUU Jasa Konstruksi Komisi V Dewan Perwakilan Rakyat DPR RI bersama Kementerian Pekerjaan Umum dan Pe,panja RUU jasa konstruksi komisi v dewan perwakilan rakyat DPR RI bersama kementerian pekerjaan umum dan pe,working committee on the construction services bill commission v the House of Representatives DPR RI together with the ministries of public works and PE
1581,2016-09-09T08:50:07.000Z,Selamat atas disetujuinya Budi Gunawan sebagai Kepala BIN menggantikan Sutiyoso dalam Rapat Paripurna DPR,selamat atas disetujuinya budi gunawan sebagai kepala BIN menggantikan sutiyoso dalam rapat paripurna DPR,Congratulations on the approval of Budi Gunawan as head of BIN replacing Sutiyoso in the DPR plenary session
1582,2016-09-09T08:48:42.000Z,Hasil keputusan Rapat Paripurna DPR mengenai calon Kepala BIN akan diserahkan langsung ke Presiden Jokowi,hasil keputusan rapat paripurna DPR mengenai calon kepala BIN akan diserahkan langsung ke presiden jokowi,The results of the DPR plenary meeting's decision regarding the candidate for head of BIN will be submitted directly to President Jokowi
1583,2016-09-09T08:46:41.000Z,Rapat Paripurna DPR Ke Masa Persidangan I Tahun Sidang menyetujui Budi Gunawan sebagai Kepala BIN,rapat paripurna DPR ke masa persidangan i tahun sidang menyetujui budi gunawan sebagai kepala BIN,DPR plenary meeting to the first session of the year the session approved Budi Gunawan as head of BIN
1584,2016-09-09T07:08:27.000Z,RT SindotrijayaFM Komisi DPR_RI targetkan akan menyelesaikan RUU Masa Jabatan Hakim menjadi Undang Undang dlm masa periode persidangan t,RT sindotrijayafm komisi DPR_RI targetkan akan menyelesaikan RUU masa jabatan hakim menjadi undang undang dalam masa periode persidangan t,RT sindotrijayafm DPR_RI commission targets to finalize the bill on judges' terms of office into law within the trial period t
1585,2016-09-09T02:29:31.000Z,Serempak Seluruh Anggota Dewan Setujui RUU Ketenagakerjaan Maritim,serempak seluruh anggota dewan setujui RUU ketenagakerjaan maritim,"In unison, all members of the council approved the maritime employment bill"
1586,2016-09-09T00:17:32.000Z,anggota banyak reses gak jelas,anggota banyak reses tidak jelas,members of many recesses are unclear
1587,2016-09-09T00:15:54.000Z,Hari Hari Sepi Rapat Paripurna DPR Berlanjut,hari hari sepi rapat paripurna DPR berlanjut,The quiet days of the DPR plenary session continued
1588,2016-09-08T21:35:03.000Z,nggota Komisi XI DPR RI dari Fraksi PKS Junaidi Auly menegaskan bahwa sikap PKS dalam kebijakan Pengampunan Pajak,nggota komisi XI DPR RI dari fraksi PKS junaidi auly menegaskan bahwa sikap PKS dalam kebijakan pengampunan pajak,Member of Commission
1589,2016-09-08T16:29:21.000Z,Semoga juga dalam waktu yang tidak lama lagi semua instansi pemerintah terkait dan dpr serempak untuk ratifikasi,semoga juga dalam waktu yang tidak lama lagi semua instansi pemerintah terkait dan dpr serempak untuk ratifikasi,"Hopefully, in the not too distant future, all relevant government agencies and the DPR will agree to ratify it"
1590,2016-09-08T13:18:38.000Z,BeritaNaker Serempak Seluruh Anggota Dewan Setujui RUU Ketenagakerjaan Maritim via cc,beritanaker serempak seluruh anggota dewan setujui RUU ketenagakerjaan maritim via cc,Beritanaker simultaneously all members of the council approved the maritime employment bill via cc
1591,2016-09-08T10:50:54.000Z,Indonesia telah menyetujui RUU tentang ketenagakerjaan maritim Maritime Labour Convention BKI,indonesia telah menyetujui RUU tentang ketenagakerjaan maritim maritime labour convention BKI,Indonesia has approved the BKI maritime labor convention bill on maritime labor
1592,2016-09-08T09:04:04.000Z,DPR Setujui RUU Ketenagakerjaan Maritim Jadi Undang Undang,DPR setujui RUU ketenagakerjaan maritim jadi undang undang,DPR approves maritime employment bill as law
1593,2016-09-08T08:53:32.000Z,Indonesia has approved law on maritime labour Maritime Labour Convention BKI,indonesia has approved law on maritime labour maritime labour convention BKI,Indonesia has approved law on maritime labor maritime labor convention BKI
1594,2016-09-08T08:47:45.000Z,LangkahHT DPR Sahkan RUU Konvensi Ketenagakerjaan Maritim Dewan Perwakilan Rakyat mengesahkan rancangan und,langkahht DPR sahkan RUU konvensi ketenagakerjaan maritim dewan perwakilan rakyat mengesahkan rancangan und,House of Representatives steps to ratify maritime labor convention bill. House of Representatives ratifies bill
1595,2016-09-08T08:33:13.000Z,Paripurna DPR Sahkan RUU Ketenagakerjaan Maritim Ditandai persetujuan seluruh fraksi DPR Anggota DPR secar,paripurna DPR sahkan RUU ketenagakerjaan maritim ditandai persetujuan seluruh fraksi DPR anggota DPR secar,"The DPR plenary ratified the maritime employment bill marked by the approval of all DPR factions, DPR members"
1596,2016-09-08T08:29:36.000Z,DPR Sahkan RUU Konvensi Ketenagakerjaan Maritim Dewan Perwakilan Rakyat mengesah dkrinkz,DPR sahkan RUU konvensi ketenagakerjaan maritim dewan perwakilan rakyat mengesah dkrinkz,"DPR approves maritime labor convention bill, the people's representative council approves dkrinkz"
1597,2016-09-08T08:26:39.000Z,VenzTime Dewan Perwakilan Rakyat mengesahkan rancangan undang undang tentang Konvensi Ketenagakerjaan Maritim,venztime dewan perwakilan rakyat mengesahkan rancangan undang undang tentang konvensi ketenagakerjaan maritim,Venztime the House of Representatives passed a draft law on the Maritime Labor Convention
1598,2016-09-08T08:07:58.000Z,Pansus RUU Pemberantasan Tindak Pidana Terorisme RDPU dengan Kemenkeu Kemenkes dan PPATK DPRLive,pansus RUU pemberantasan tindak pidana terorisme RDPU dengan kemenkeu kemenkes dan PPATK dprlive,"special committee on the bill to eradicate criminal acts of terrorism RDPU with the Ministry of Finance, Ministry of Health and PPATK, DPRlive"
1599,2016-09-08T07:53:38.000Z,Resmi! RUU Ketenagakerjaan Maritim Disahkan di Paripurna Berita_Seputar_DPR_RI Nasional,resmi ! RUU ketenagakerjaan maritim disahkan di paripurna berita_seputar_dpr_ri nasional,official! The maritime employment bill was passed at the national Berita_seputar_DPR_RI plenary session
1600,2016-09-08T07:31:08.000Z,BreakingNews Pimpinan DPR Minta Presiden Jokowi Segera Lantik Budi Gunawan Semua wakil rakyat yang hadir dalam rapat paripurna followMe,breakingnews pimpinan DPR meminta presiden jokowi segera lantik budi gunawan semua wakil rakyat yang hadir dalam rapat paripurna followme,breakingnews DPR leadership asks President Jokowi to immediately inaugurate Budi Gunawan all the people's representatives who attended the plenary meeting followme
1601,2016-09-08T07:21:58.000Z,Serempak Seluruh Anggota Dewan Setujui RUU Ketenagakerjaan Maritim RUU tentang infoTribun,serempak seluruh anggota dewan setujui RUU ketenagakerjaan maritim RUU tentang infotribun,"In unison, all members of the council approved the maritime employment bill, the bill regarding infotribunes"
1602,2016-09-08T07:17:12.000Z,Inilah Hasil Rapat Paripurna Pengangkatan Budi Gunawan Jadi Kepala BIN,inilah hasil rapat paripurna pengangkatan budi gunawan jadi kepala BIN,This is the result of the plenary meeting appointing Budi Gunawan as head of BIN
1603,2016-09-08T07:04:19.000Z,Selamat atas disetujuinya Budi Gunawan sebagai Kepala Badan Intelijen Negara BIN dalam Rapat Paripurna DPR,selamat atas disetujuinya budi gunawan sebagai kepala badan intelijen negara BIN dalam rapat paripurna DPR,Congratulations on the approval of Budi Gunawan as head of the state intelligence agency BIN in the DPR plenary session
1604,2016-09-08T07:01:50.000Z,Rapat Paripurna DPR Ke MP I TS menyetujui Budi Gunawan sebagai Kepala Badan Intelijen Negara BIN,rapat paripurna DPR ke MP i TS menyetujui budi gunawan sebagai kepala badan intelijen negara BIN,DPR plenary meeting to MP i TS approved Budi Gunawan as head of the state intelligence agency BIN
1605,2016-09-08T06:36:21.000Z,Menaker Hanif Dhakiri sampaikan Pendapat Akhir Pemerintah atas RUU Konvensi Ketenagakerjaan Maritim,menaker hanif dhakiri sampaikan pendapat akhir pemerintah atas RUU konvensi ketenagakerjaan maritim,Minister of Manpower Hanif Dhakiri conveys the government's final opinion on the Maritime Labor Convention Bill
1606,2016-09-08T06:27:37.000Z,Rapat Paripurna DPR Ke menyetujui RUU Konvensi Ketenagakerjaan Maritim menjadi Undang Undang,rapat paripurna DPR ke menyetujui RUU konvensi ketenagakerjaan maritim menjadi undang undang,DPR plenary meeting to approve the maritime labor convention bill to become law
1607,2016-09-08T06:13:02.000Z,Rapat Paripurna DPR RI Setujui Budi Gunawan Jadi Calon Kepala BIN,rapat paripurna DPR RI setujui budi gunawan jadi calon kepala BIN,DPR RI plenary meeting approves Budi Gunawan as candidate for head of BIN
1608,2016-09-08T06:09:38.000Z,Komisi IX DPR telah melaksanakan RDPU RDP raker untuk membahas RUU Maritime Labour Convention,komisi IX DPR telah melaksanakan RDPU RDP raker untuk membahas RUU maritime labour convention,DPR Commission IX has held an RDPU RDP working meeting to discuss the maritime labor convention bill
1609,2016-09-08T06:09:20.000Z,Rapat Bamus pada tanggal Mei memutuskan untuk menyetujui pembahasan RUU Maritime Labour Convention oleh Komisi IX DPR,rapat bamus pada tanggal mei memutuskan untuk menyetujui pembahasan RUU maritime labour convention oleh komisi IX DPR,The Bamus meeting on May decided to approve the discussion of the Maritime Labor Convention Bill by Commission IX of the DPR
1610,2016-09-08T06:09:09.000Z,Pembahasan RUU Maritime Labour Convention berdasarkan Surat Presiden RI pada Ketua DPR dengan nomor R Pres April,pembahasan RUU maritime labour convention berdasarkan surat presiden RI pada ketua DPR dengan nomor r pres april,discussion of the maritime labor convention bill based on the letter from the president of the Republic of Indonesia to the chairman of the DPR with number r pres april
1611,2016-09-08T06:08:55.000Z,Rapat Paripurna DPR Ke mengagendakan Pengambilan Keputusan Pembicaraan Tk II RUU Maritime Labour Convention menjadi Undang Undang,rapat paripurna DPR ke mengagendakan pengambilan keputusan pembicaraan tak II RUU maritime labour convention menjadi undang undang,DPR plenary meeting to schedule decision making for discussions on No. II of the Maritime Labor Convention Bill to become law
1612,2016-09-08T06:08:44.000Z,Ketua Komisi IX DPR Dede Yusuf menyampaikan Laporan Komisi IX DPR terhadap RUU Maritime Labour Convention,ketua komisi IX DPR adek yusuf menyampaikan laporan komisi IX DPR terhadap RUU maritime labour convention,"Chairman of Commission IX of the DPR, Adek Yusuf, delivered the report of Commission IX of the DPR regarding the Maritime Labor Convention Bill"
1613,2016-09-08T06:07:23.000Z,Agenda ke Paripurna DPR Laporan Komisi IX terhadap hasil Pembicaraan Tk I RUU Maritime Labour Convention,agenda ke paripurna DPR laporan komisi IX terhadap hasil pembicaraan tak i RUU maritime labour convention,agenda for the DPR plenary session is Commission IX's report on the results of discussions on the Maritime Labor Convention Bill
1614,2016-09-08T06:01:13.000Z,BI sudah menyelesaikan draf RUU Redenominasi Rupiah dan akan menyerahkan ke Dewan Perwakilan Rakyat,BI sudah menyelesaikan draf RUU redenominasi rupiah dan akan menyerahkan ke dewan perwakilan rakyat,BI has completed the draft of the rupiah redenomination bill and will submit it to the people's representative council
1615,2016-09-08T05:50:29.000Z,Menaker berbincang dg Pimpinan DPR dan Jenderal Budi Gunawan sebelum Rapat Paripurna DPR RI,menaker berbincang dengan pimpinan DPR dan jenderal budi gunawan sebelum rapat paripurna DPR RI,Minister of Manpower talks with DPR leadership and General Budi Gunawan before the DPR RI plenary session
1616,2016-09-08T05:46:46.000Z,saham DPR setujui Budi Gunawan pimpin BIN Rapat Paripurna DPR RI menyetujui Budi Gunawan menjadi Kepala BIN,saham DPR setujui budi gunawan pimpin BIN rapat paripurna DPR RI menyetujui budi gunawan menjadi kepala BIN,shares DPR approves Budi Gunawan to lead BIN DPR RI plenary meeting approves Budi Gunawan to become head of BIN
1617,2016-09-08T05:46:01.000Z,Menaker sampaikan pendapat akhir pemerintah ttg Pengesahan Maritime Labour Cenvention,menaker sampaikan pendapat akhir pemerintah tentang pengesahan maritime labour cenvention,Minister of Manpower conveys the government's final opinion regarding the ratification of the maritime labor convention
1618,2016-09-08T05:44:22.000Z,Rapat Paripurna DPR RI Ke Masa Persidangan I Tahun Sidang Kamis September,rapat paripurna DPR RI ke masa persidangan i tahun sidang kamis september,"DPR RI plenary meeting for the first session of the session, Thursday September"
1619,2016-09-08T05:28:20.000Z,DPR setujui Budi Gunawan pimpin BIN Rapat Paripurna DPR RI menyetujui Budi Gunawan menjadi Kepala BIN yang,DPR setujui budi gunawan pimpin BIN rapat paripurna DPR RI menyetujui budi gunawan menjadi kepala BIN yang,DPR approves Budi Gunawan to lead BIN plenary meeting DPR RI approves Budi Gunawan as head of BIN
1620,2016-09-08T05:13:43.000Z,Canda Menaker dg CaKabin jelang Pengesahan Maritime Labour Convention di Paripurna,canda menaker dengan cakabin jelang pengesahan maritime labour convention di paripurna,Menaker joked with Cakabin ahead of the ratification of the Maritime Labor Convention at the plenary session
1621,2016-09-08T04:43:34.000Z,Paripurna Bahas Kepala BIN Anggota DPR Tak Hadir DPR menggelar rapat paripurna untuk mengesahkan perti,paripurna bahas kepala BIN anggota DPR tak hadir DPR menggelar rapat paripurna untuk mengesahkan perti,"plenary discussion head of BIN, DPR members were not present. The DPR held a plenary meeting to ratify the legislation"
1622,2016-09-08T04:34:10.000Z,Pengesahan Bapak Budi Gunawan sebagai Kepala BIN dalam rapat paripurna DPR RI,pengesahan bapak budi gunawan sebagai kepala BIN dalam rapat paripurna DPR RI,ratification of Mr. Budi Gunawan as head of BIN at the DPR RI plenary session
1623,2016-09-08T04:31:30.000Z,Paripurna Bahas Kepala BIN Anggota DPR Tak Hadir DPR menggelar rapat paripurna untuk mengesahkan pertim,paripurna bahas kepala BIN anggota DPR tak hadir DPR menggelar rapat paripurna untuk mengesahkan pertim,plenary discussion head of BIN DPR members were not present DPR held a plenary meeting to ratify the pertim
1624,2016-09-08T04:31:01.000Z,Pengesahan Komjen Budi Gunawan menjadi kepala BIN pada rapat Paripurna DPR RI yang ke ifakta,pengesahan komjen budi gunawan menjadi kepala BIN pada rapat paripurna DPR RI yang ke ifakta,ratification of Commissioner General Budi Gunawan as head of BIN at the actual plenary session of the DPR RI
1625,2016-09-08T04:29:57.000Z,DPR menggelar rapat paripurna untuk mengesahkan pertimbangan terkait calon Kepala BIN Ratusan anggota DPR tidak hadir di paripurna k,DPR menggelar rapat paripurna untuk mengesahkan pertimbangan terkait calon kepala BIN ratusan anggota DPR tidak hadir di paripurna ke,The DPR held a plenary session to ratify considerations regarding the candidate for head of BIN. Hundreds of DPR members were not present at the plenary session
1626,2016-09-08T04:18:06.000Z,Detiknews Paripurna Bahas Kepala BIN Anggota DPR Tak Hadir DPR menggelar rapat paripurna untuk mengesah,detiknews paripurna bahas kepala BIN anggota DPR tak hadir DPR menggelar rapat paripurna untuk mengesah,"detiknews plenary session discussing the head of BIN, members of the DPR who were not present. The DPR held a plenary meeting to ratify it"
1627,2016-09-08T04:17:58.000Z,Paripurna Bahas Kepala BIN Anggota DPR Tak Hadir DPR menggelar rapat paripurna untuk mengesah Detikcom,paripurna bahas kepala BIN anggota DPR tak hadir DPR menggelar rapat paripurna untuk mengesah detikcom,plenary discussion head of BIN DPR members not present DPR held plenary meeting to approve detikcom
1628,2016-09-08T04:17:23.000Z,Rapat Paripurna DPR menyetujui Budi Gunawan sebagai Kepala Badan Intelijen Negara BIN ParipurnaLive,rapat paripurna DPR menyetujui budi gunawan sebagai kepala badan intelijen negara BIN paripurnalive,The DPR plenary meeting approved Budi Gunawan as head of the state intelligence agency BIN plenary session
1629,2016-09-08T04:01:28.000Z,Rapat Paripurna DPR Ke Masa Persidangan I TS dipimpin Wakil Ketua DPR Taufik kurniawan ParipurnaLive,rapat paripurna DPR ke masa persidangan i TS dipimpin wakil ketua DPR taufik kurniawan paripurnalive,"plenary session of the DPR to the trial period i TS chaired by the deputy chairman of the DPR, Taufik Kurniawan, plenary session"
1630,2016-09-08T03:53:58.000Z,Selamat siang saat ini tengah berlangsung Rapat Paripurna tweeps,selamat siang saat ini tengah berlangsung rapat paripurna tweeps,"Good afternoon, there is currently a plenary meeting going on tweeps"
1631,2016-09-08T03:50:09.000Z,paripurna dede y jabar Persetujuan rapat paripurna adalah bukti nyata dpr ri peduli terhadap tenaga kerja maritim,paripurna adek ya jabar persetujuan rapat paripurna adalah bukti nyata dpr ri peduli terhadap tenaga kerja maritim,plenary session adek yes West Java approval of the plenary meeting is clear proof that the Republic of Indonesia's DPR cares about the maritime workforce
1632,2016-09-08T03:42:30.000Z,Inilah di balik bagusnya pemberitaan saat rapat paripurna di DPR RI Gedung DPR MPR DPD RI,inilah di balik bagusnya pemberitaan saat rapat paripurna di DPR RI gedung DPR MPR DPD RI,This is behind the good reporting during the plenary session at the DPR RI DPR MPR DPD RI building
1633,2016-09-08T03:34:51.000Z,Budi Gunawan tiba di Gedung DPR untuk menghadiri rapat paripurna pengesahan hasil fit and proper test dirinya,budi gunawan tiba di gedung DPR untuk menghadiri rapat paripurna pengesahan hasil fit and proper test dirinya,Budi Gunawan arrived at the DPR building to attend the plenary meeting to ratify the results of his fit and proper test
1634,2016-09-08T03:14:57.000Z,Budi Gunawan tiba di Gedung DPR untuk menghadiri rapat paripurna pengesahan hasil fit and proper test dirinya menjadi Kepala Badan In,budi gunawan tiba di gedung DPR untuk menghadiri rapat paripurna pengesahan hasil fit and proper test dirinya menjadi kepala badan ini,Budi Gunawan arrived at the DPR building to attend the plenary session to ratify the results of his fit and proper test to become head of this body
1635,2016-09-08T02:13:46.000Z,Bank Indonesia BI mengapresiasi putusan pengesahan asumsi makro RAPBN antara Komisi XI DPR RI dengan p,bank indonesia BI mengapresiasi putusan pengesahan asumsi makro RAPBN antara komisi XI DPR RI dengan p,Bank Indonesia BI appreciates the decision to ratify the macro assumptions of the RAPBN between Commission XI DPR RI and p
1636,2016-09-08T01:50:01.000Z,Agenda DPR Kamis Pukul WIB Pansus RUU Pemberantasan Tindak Pidana Terorisme dengan Kemenkeu Kemenkes agendaDPR,agenda DPR kamis pukul WIB pansus RUU pemberantasan tindak pidana terorisme dengan kemenkeu kemenkes agendadpr,DPR agenda Thursday at WIB special committee on the bill on eradicating criminal acts of terrorism with the Ministry of Finance Ministry of Health DPR agenda
1637,2016-09-07T18:22:56.000Z,Saya menambahkan video ke daftar putar Kegiatan Reses DPR RI Basuki Purnama Ahok,saya menambahkan video ke daftar putar kegiatan reses DPR RI basuki purnama ahok,"I added the video to the playlist of DPR RI recess activities, Basuki Purma Ahok"
1638,2016-09-07T14:37:04.000Z,Komisi XI Usulkan Pertumbuhan Ekonomi Komisi XI DPR RI akhirnya memulai rapat pengesahan asumsi m,komisi XI usulkan pertumbuhan ekonomi komisi XI DPR RI akhirnya memulai rapat pengesahan asumsi sama,Commission XI proposes economic growth. Commission XI DPR RI finally starts a meeting to validate the same assumption
1639,2016-09-07T14:17:49.000Z,menunggu hak tanah yg th terbelenggu oleh kebijakan pemkab,menunggu hak tanah yang tahu terbelenggu oleh kebijakan pemkab,waiting for land rights that know they are shackled by district government policy
1640,2016-09-07T13:29:34.000Z,makanya Progress Revolusi Mental tak akan berjalan baik tanpa Kebijakan Tegas Jkw Jk,makanya progress revolusi mental tak akan berjalan baik tanpa kebijakan tegas jkw jika,That's why the progress of the mental revolution will not go well without JKW's firm policy if
1641,2016-09-07T13:22:42.000Z,Komisi III DPR Siap Ajukan RUU Jabatan Hakim ke Paripurna DPR,komisi II DPR siap ajukan RUU jabatan hakim ke paripurna DPR,DPR Commission II is ready to submit a bill on the position of judges to the DPR plenary session
1642,2016-09-07T11:14:45.000Z,DPR Penurunan Tarif Interkoneksi Untungkan Operator Swasta Dewan Perwakilan Rakyat DPR menilai kebijakan,DPR penurunan tarif interkoneksi untungkan operator swasta dewan perwakilan rakyat DPR menilai kebijakan,DPR reducing interconnection tariffs benefits private operators DPR's House of Representatives assesses policy
1643,2016-09-07T10:12:28.000Z,tentunya perlu langkah kebijakan yg tepat bagi Pemerintahan yg baru u memperbaikinya,tentunya perlu langkah kebijakan yang tepat bagi pemerintahan yang baru kamu memperbaikinya,"Of course, appropriate policy steps are needed for your new government to improve it"
1644,2016-09-07T10:05:21.000Z,ingat peran IMF BD pd thn atas kebijakan liquidasi bank di Indonesia???,ingat peran IMF BD pada tahun atas kebijakan liquidasi bank di indonesia ? ?,Remember the role of the IMF BD in Indonesia's bank liquidation policy? ?
1645,2016-09-07T10:02:59.000Z,SejarahIMF_BD melalui kebijakan ekonomi fiskal moneter implasi devaluasi IDR,sejarahimf_bd melalui kebijakan ekonomi fiskal moneter implasi devaluasi IDR,historyimf_bd through fiscal economic policy monetary implications of IDR devaluation
1646,2016-09-07T09:51:36.000Z,RUU Maritime Labour Convention akan berikan perlindungan hak hak ketenagakerjaannya di luar negeri,RUU maritime labour convention akan berikan perlindungan hak hak ketenagakerjaannya di luar negeri,The maritime labor convention bill will provide protection for employment rights abroad
1647,2016-09-07T09:00:17.000Z,bahas RUU Penghapusan Kekerasan Seksual dgn Wakil ketua via,bahas RUU penghapusan kekerasan seksual dengan wakil ketua via,discuss the bill to eliminate sexual violence with the deputy chairman via
1648,2016-09-07T08:10:15.000Z,Kemdikbud Dan DPR RI Godok RUU Kebudayaan untuk mengelola pelestarian kebudayaan,kemdikbud dan DPR RI godok RUU kebudayaan untuk mengelola pelestarian kebudayaan,The Ministry of Education and Culture and the DPR RI are working on a cultural bill to manage cultural preservation
1649,2016-09-07T07:42:38.000Z,Pembentukan RUU Jabatan Hakim sebagai tindak lanjut putusan MK Nomor PUU XII PUU XII DPRLive,pembentukan RUU jabatan hakim sebagai tindak lanjut putusan MAKA nomor PUU XII PUU XII dprlive,the formation of the Bill on the position of judges as a follow-up to the MAKA decision number PUU XII PUU XII dprlive
1650,2016-09-06T08:10:58.000Z,Anggota Baleg DPR Taufiqulhadi RUU Pertembakauan Melindungi Petani Lokal,anggota baleg DPR taufiqulhadi RUU pertembakauan melindungi petani lokal,DPR legislative council member Taufiqulhadi The tobacco bill protects local farmers
1651,2016-09-06T07:38:42.000Z,Forum Legislasi di Media Center DPR RI dengan tema Tarik Ulur RUU Larangan Minuman Beralkohol DPRLive,forum legislasi di media center DPR RI dengan tema tarik ulur RUU larangan minuman beralkohol dprlive,legislative forum at the DPR RI media center with the theme of tug-of-war on the draft bill prohibiting alcoholic drinks dprlive
1652,2016-09-06T07:37:27.000Z,Komisi V DPR Rapat Kerja dengan Menteri Pekerjaan Umum dan Perumahan Rakyat membahas RUU tentang Arsitek DPRLive,komisi v DPR rapat kerja dengan menteri pekerjaan umum dan perumahan rakyat membahas RUU tentang arsitek dprlive,commission v DPR working meeting with the minister of public works and public housing to discuss the bill regarding dprlive architects
1653,2016-09-06T07:28:58.000Z,Kemdikbud Sambut Baik Inisiatif RUU Kebudayaan Kemdikbud menyambut baik inisiatif DPR RI mengenai pembahasan,kemdikbud sambut baik inisiatif RUU kebudayaan kemdikbud menyambut baik inisiatif DPR RI mengenai pembahasan,The Ministry of Education and Culture welcomes the initiative of the Culture Bill. The Ministry of Education and Culture welcomes the DPR RI's initiative regarding discussion
1654,2016-09-06T07:27:51.000Z,Wakil Ketua DPR menerima audiensi terkait RUU Penghapusan Kekerasan Seksual DPRLive,wakil ketua DPR menerima audiensi terkait RUU penghapusan kekerasan seksual dprlive,Deputy Speaker of the DPR receives an audience regarding the Bill on the Elimination of Sexual Violence dprlive
1655,2016-09-06T07:12:32.000Z,Kemdikbud menyambut baik inisiatif DPR RI mengenai pembahasan RUU Kebudayaan,kemdikbud menyambut baik inisiatif DPR RI mengenai pembahasan RUU kebudayaan,The Ministry of Education and Culture welcomes the DPR RI initiative regarding the discussion of the culture bill
1656,2016-09-06T06:18:49.000Z,Mari kita dukung dorong kebijakan pemerintah pusat yg mau melanjutkan proyek reklamasi pulau G clk,mari kita dukung dorong kebijakan pemerintah pusat yang mau melanjutkan proyek reklamasi pulau tidak clk,Let's support the central government's policy of continuing the non-CLK island reclamation project
1657,2016-09-06T05:31:30.000Z,RAPAT PARIPURNA KE DAN KE MASA PERSIDANGAN III TAHUN Dewan Perwakilan Rakyat Daerah DPRD senin,RAPAT PARIPURNA KE DAN KE MASA PERSIDANGAN II TAHUN dewan perwakilan rakyat daerah DPRD senin,Plenary MEETING TO AND INTO THE II YEAR CONSIDENTIAL PERIOD of the Regional People's Representative Council DPRD Monday
1658,2016-09-06T05:25:49.000Z,JAKARTA Hari ini Selasa Dewan Perwakilan Rakyat Republik Indonesia menggelar rapat paripurna Ke,JAKARTA hari ini selasa dewan perwakilan rakyat republik indonesia menggelar rapat paripurna ke,"JAKARTA, Tuesday, the People's Representative Council of the Republic of Indonesia held a plenary meeting to"
1659,2016-09-06T04:53:01.000Z,Paripurna Bahas Kepala BIN Molor Jam Anggota DPR Tak Hadir Rapat paripurna DPR yang akan membacakan s,paripurna bahas kepala BIN molor jam anggota DPR tak hadir rapat paripurna DPR yang akan membacakan si,plenary session discussing the head of BIN was delayed by the time DPR members did not attend the DPR plenary meeting which was to read out the
1660,2016-09-06T04:48:32.000Z,Paripurna Bahas Kepala BIN Molor Jam Anggota DPR Tak Hadir Rapat paripurna DPR yang akan memba,paripurna bahas kepala BIN molor jam anggota DPR tak hadir rapat paripurna DPR yang akan memba,plenary session discussing the head of BIN was delayed when members of the DPR did not attend the plenary meeting of the DPR which was to take place
1661,2016-09-06T04:36:45.000Z,Rapat paripurna DPR yang akan membacakan surat pengajuan nama Komjen Budi Gunawan sebagai Kepala BIN molor,rapat paripurna DPR yang akan membacakan surat pengajuan nama komjen budi gunawan sebagai kepala BIN molor,The DPR plenary meeting which will read out the letter submitting the name of Commissioner General Budi Gunawan as head of BIN has been delayed
1662,2016-09-06T04:32:20.000Z,Paripurna Bahas Kepala BIN Molor Jam Anggota DPR Tak Hadir Rapat paripurna DPR yang akan memb tzetta,paripurna bahas kepala BIN molor jam anggota DPR tak hadir rapat paripurna DPR yang akan memb tzetta,The plenary session discussed that the head of BIN was delayed by the time DPR members did not attend the DPR plenary meeting which was to hold the tzetta
1663,2016-09-06T04:11:38.000Z,Memimpin Rapat Paripurna ke DPR RI Masa Persidangan I tahun sidang bersama pak,memimpin rapat paripurna ke DPR RI masa persidangan i tahun sidang bersama pak,"chaired the plenary session of the DPR RI during the first session of the year of the joint session, sir"
1664,2016-09-06T04:06:30.000Z,LANGSUNG di Periscope Rapat Paripurna DPR Ke Masa Persidangan I TS ParipurnaLive,LANGSUNG di periscope rapat paripurna DPR ke masa persidangan i TS paripurnalive,LIVE on the periscope of the DPR plenary session to the session period i TS plenary session
1665,2016-09-06T03:59:16.000Z,Rapat Paripurna DPR Ke Masa Persidangan I TS dipimpin Wakil Ketua DPR Taufik Kurniawan ParipurnaLive,rapat paripurna DPR ke masa persidangan i TS dipimpin wakil ketua DPR taufik kurniawan paripurnalive,"plenary session of the DPR to the trial period i TS chaired by the deputy chairman of the DPR, Taufik Kurniawan, plenary session"
1666,2016-09-06T03:51:26.000Z,liputan rapat paripurna with Suja Widya and dika at Gedung Nusantara Paripurna DPR RI DPD RI pic,liputan rapat paripurna with suja widya and dika at gedung nusantara paripurna DPR RI DPD RI pic,coverage of the plenary meeting with Suja Widya and Dika at Nusantara Building plenary session DPR RI DPD RI pic
1667,2016-09-06T02:04:31.000Z,Agenda DPR Selasa Pukul WIB Komisi V Rapat Panja RUU Arsitek agendaDPR,agenda DPR selasa pukul WIB komisi v rapat panja RUU arsitek agendadpr,"DPR agenda, Tuesday at WIB, commission v working committee meeting, draft agenda, DPR agenda"
1668,2016-09-06T01:56:40.000Z,Agenda DPR Selasa Pukul WIB Rapat Paripurna DPR Ke Masa Persidangan I Tahun Sidang agendaDPR,agenda DPR selasa pukul WIB rapat paripurna DPR ke masa persidangan i tahun sidang agendadpr,"DPR agenda, Tuesday at WIB, DPR plenary meeting for the first session of the DPR agenda session"
1669,2016-09-06T01:47:22.000Z,OnaiNews Anggota DPR Tarif Interkoneksi Harus Adil dan Transparan Kebijakan penurunan read more,onainews anggota DPR tarif interkoneksi harus adil dan transparan kebijakan penurunan read more,onainews DPR members interconnection tariffs must be fair and transparent reducing policy read more
1670,2016-09-06T01:32:22.000Z,Anggota DPR Tarif Interkoneksi Harus Adil dan Transparan Kebijakan penurunan biaya interkoneksi jangan,anggota DPR tarif interkoneksi harus adil dan transparan kebijakan penurunan biaya interkoneksi jangan,DPR members interconnection rates must be fair and transparent. Don't reduce interconnection cost policies
1671,2016-09-05T23:15:30.000Z,Salah satu membrantas korupsi adlh hukuman mati Berani bikin RUU korupsi hukum mati baru namanya presiden,salah satu membrantas korupsi adalah hukuman mati berani bikin RUU korupsi hukum mati baru namanya presiden,One way to eradicate corruption is the death penalty. Dare to create a new death penalty corruption bill called the President
1672,2016-09-05T16:50:45.000Z,Komisi IX DPR Sepakati RUU Maritime Labour Convention Komisi IX Dewan Perwakilan Rakyat Republik Indonesia,komisi IX DPR sepakati RUU maritime labour convention komisi IX dewan perwakilan rakyat republik indonesia,"Commission IX of the DPR approves the Maritime Labor Convention Bill, Commission IX of the House of Representatives of the Republic of Indonesia"
1673,2016-09-05T16:13:51.000Z,Kalo saya jadi anggota DPR saya akan bikin RUU kriminalisasi orang telefon di loudspeaker di atas jam sore,jika saya jadi anggota DPR saya akan bikin RUU kriminalisasi orang telefon di loudspeaker di atas jam sore,If I were a member of the DPR I would draft a bill to criminalize people making telephone calls on loudspeaker after afternoon hours
1674,2016-09-05T15:53:18.000Z,Pengamat Semoga Kebijakan ini membawa Indonesia bersih hebat bermartabat UU_Mou_JanjiPolitik,pengamat semoga kebijakan ini membawa indonesia bersih hebat bermartabat uu_mou_janjipolitik,"observers hope that this policy will bring Indonesia a clean, great and dignified uu_mou_janipolitik"
1675,2016-09-05T04:30:34.000Z,Baleg DPR Rapat Pleno RUU Jabatan Hakim DPRLive,baleg DPR rapat pleno RUU jabatan hakim dprlive,DPR baleg plenary meeting bill on judges' positions dprlive
1676,2016-09-05T04:26:03.000Z,Menaker Hadiri Raker Komisi IX Bahas TK I ttg Pengesahan Maritime Labour Convention,menaker hadiri raker komisi IX bahas TAK i tentang pengesahan maritime labour convention,Minister of Manpower attended Commission IX working meeting to discuss TAK I regarding ratification of the Maritime Labor Convention
1677,2016-09-05T03:54:36.000Z,Komisi X DPR RDP dengan SMT Dikti Bappenas LPDP membahas kebijakan strategi dan program beasiswa DPRLive,komisi kali DPR RDP dengan SMT dikti bappenas LPDP membahas kebijakan strategi dan program beasiswa dprlive,DPR RDP commission with SMT Dikti Bappenas LPDP discussed strategic policies and dprlive scholarship program
1678,2016-09-05T01:40:07.000Z,Dalam Prolegnas RUU BUMN telah masuk dalam Prolegnas Draft yg dari pemerintah sedang di godok di komisi VI DPR RI,dalam prolegnas RUU BUMN telah masuk dalam prolegnas draft yang dari pemerintah sedang di godok di komisi VI DPR RI,"in the National Legislation Program, the BUMN Bill has been included in the National Legislation Draft which the government is currently discussing in Commission VI of the DPR RI"
1679,2016-09-04T09:07:18.000Z,Wakil Rakyat Jamin RUU Tembakau Bakal Menguntungkan Petani,wakil rakyat jamin RUU tembakau bakal menguntungkan petani,People's representatives guarantee that the tobacco bill will benefit farmers
1680,2016-09-03T18:12:54.000Z,Saat ini RUU Kebudayaan sedang dibahas di Komisi X DPR kita berharap RUU tersebut segera selesai HUTDPR,saat ini RUU kebudayaan sedang dibahas di komisi kali DPR kita berharap RUU tersebut segera selesai HUTDPR,Currently the culture bill is being discussed in the DPR commission. We hope that the bill will be completed on the DPR's anniversary soon
1681,2016-09-03T17:31:53.000Z,btw gw masih netral tapi banyak orang belum tau kalau ahok dari jaman anggota dpr ri dah transparan dana reses dan aspirasi,btw saya masih netral tetapi banyak orang belum tau jika ahok dari jaman anggota dpr ri deh transparan dana reses dan aspirasi,"BTW, I'm still neutral, but many people don't know that Ahok, from the time he was a member of the Indonesian House of Representatives, was transparent about recess funds and aspirations."
1682,2016-09-03T12:31:52.000Z,RUU Penghapusan Kekerasan Seksual segera ke !,RUU penghapusan kekerasan seksual segera ke !,Bill to eliminate sexual violence immediately!
1683,2016-09-02T10:16:59.000Z,mhn kebijakan dpr dan presiden mengizinkan advokat utk dpt ikut partisipasi dlm segala perizinan dinegara ini Trims,mhn kebijakan dpr dan presiden mengizinkan advokat untuk dapat ikut partisipasi dalam segala perizinan dinegara ini terima kasih,"However, the DPR and President's policy allows advocates to participate in all licensing in this country. Thank you"
1684,2016-09-02T07:52:38.000Z,Apakah Wakil Rakyat DPRD DKI Tidak Bisa Melawan Kebijakan Yang Brutal Tersebut ???,apakah wakil rakyat DPRD DKI tidak dapat melawan kebijakan yang brutal tersebut ? ?,Are the people's representatives of the DKI DPRD unable to fight this brutal policy? ?
1685,2016-09-02T07:34:19.000Z,Diskusi Hanura Kegiatan usaha hulu dan hilir dalam RUU Migas fraksihanura dpr,diskusi hanura kegiatan usaha hulu dan hilir dalam RUU migas fraksihanura dpr,Hanura discussion of upstream and downstream business activities in the DPR Fraction Hanura oil and gas bill
1686,2016-09-02T04:17:20.000Z,asik selfi aja pak akom mana ne kebijakan dpri,asik selfi saja pak akom mana ini kebijakan dpri,"Just take a selfie, sir, where is this DPR policy?"
1687,2016-09-01T23:17:54.000Z,Radio ANDIKA Pemerintah dan Dewan Perwakilan Rakyat tengah membahas revisi Undang Undang tentang Informasi,radio ANDIKA pemerintah dan dewan perwakilan rakyat tengah membahas revisi undang undang tentang informasi,"ANDIKA radio, the government and the people's representative council are discussing the revision of the law on information"
1688,2016-09-01T16:15:39.000Z,Tugas GeNAM selanjutnya bersama masyarakat mendesak untuk SEGERA men Sahkan RUU Larangan Minuman Beralkohol TahunGeNAM,tugas genam selanjutnya bersama masyarakat mendesak untuk SEGERA men sahkan RUU larangan minuman beralkohol tahungenam,The next task of the sixth year is to urge the community to IMMEDIATELY pass the bill prohibiting alcoholic drinks for the sixth year
1689,2016-09-01T11:39:57.000Z,Poin Krusial Pembahasan Revisi UU ITE RUU ITE akan dibahas lebih lanjut oleh tim perumus Komisi I DPR RI,poin krusial pembahasan revisi UU ITE RUU ITE akan dibahas lebih lanjut oleh tim perumus komisi i DPR RI,Crucial points in discussing the revision of the ITE Law. The ITE Bill will be discussed further by the DPR RI Commission I drafting team
1690,2016-09-01T09:32:17.000Z,Fraksi PKS Dukung Percepatan Pembahasan RUU Kebidanan pada Tahun Jakarta Fraksi PKS DPR RI men,fraksi PKS dukung percepatan pembahasan RUU kebidanan pada tahun jakarta fraksi PKS DPR RI men,"The PKS faction supports the acceleration of discussion of the midwifery bill in Jakarta, the PKS faction of the DPR RI men"
1691,2016-09-01T09:03:17.000Z,Rapat Dengar Pendapat Pansus RUU Tindak Pidana Terorisme dengan KAPOLRI,rapat dengar pendapat pansus RUU tindak pidana terorisme dengan KAPOLRI,hearing meeting of the special committee on the bill for criminal acts of terrorism with the Indonesian National Police Chief
1692,2016-09-01T09:01:47.000Z,Rapat Dengar Pendapat Pansus RUU Tindak Pidana Terorisme dengan BIN,rapat dengar pendapat pansus RUU tindak pidana terorisme dengan BIN,hearing meeting of the special committee on the bill for criminal acts of terrorism with BIN
1693,2016-09-01T08:45:31.000Z,kebijakan pmth dn dpr ri tdk boleh adopsi pmth AS dlm ks Guantanamo krn melanggar HAM,kebijakan pmth dan dpr ri tidak boleh adopsi pmth AS dalam ks guantanamo karena melanggar HAM,PMTH and DPR RI policy is not to adopt the US PMTH in Guantanamo Hospital because it violates human rights
1694,2016-09-01T07:51:09.000Z,RUU Minol Dibahas Pekan Ini BeritaMiras via,RUU minol dibahas pekan ini beritamiras via,The Minol Bill was discussed this week Beritamiras via
1695,2016-08-31T14:27:40.000Z,Tunjangan CPNS Tenaga Kesehatan Tidak Dapat Dianggarkan DPR RI mendukung Jokowi untuk membuat kebijakan yang,tunjangan CPNS tenaga kesehatan tidak dapat dianggarkan DPR RI mendukung jokowi untuk membuat kebijakan yang,CPNS allowances for health workers cannot be budgeted. The DPR RI supports Jokowi to make policies that
1696,2016-08-31T13:54:54.000Z,deblitznews Kota Kembang Dewan Perwakilan Rakyat Daerah DPRD Kota Depok Rabu menggelar rapat paripurna,deblitznews kota kembang dewan perwakilan rakyat daerah DPRD kota depok rabu menggelar rapat paripurna,deblitznews Flower City Regional People's Representative Council Depok City DPRD held a plenary meeting on Wednesday
1697,2016-08-31T10:37:06.000Z,Ini sikap DPR RI ttg rokok dan RUU Pertembakauan,ini sikap DPR RI tentang rokok dan RUU pertembakauan,This is the position of the DPR RI regarding cigarettes and the tobacco bill
1698,2016-08-31T08:55:47.000Z,RUU Penghapusan Kekerasan Seksual akan diupload ke website Komnas Perempuan setelah diserahkan ke Tunggu ya! WujudkanSekarang,RUU penghapusan kekerasan seksual akan diupload ke website komnas perempuan setelah diserahkan ke tunggu ya ! wujudkansekarang,The bill on the elimination of sexual violence will be uploaded to the National Commission on Women website after it is submitted. Wait! make it happen now
1699,2016-08-31T08:23:06.000Z,Ammy Amalia Komisi mengatakan DPR sangat mendukung RUU Penghapusan Kekerasan Seksual WujudkanSekarang,ammy amalia komisi mengatakan DPR sangat mendukung RUU penghapusan kekerasan seksual wujudkansekarang,"Ammy Amalia, the commission, said that the DPR strongly supports the bill to eliminate sexual violence, make it happen now"
1700,2016-08-31T08:05:26.000Z,GKR Hemas wakil ketua menyampaikan pentingnya semua pihak bersama mendukung RUU ini WujudkanSekarang,GKR hemas wakil ketua menyampaikan pentingnya semua pihak bersama mendukung RUU ini wujudkansekarang,GKR Hemas deputy chairman conveyed the importance of all parties together supporting this bill to make it a reality now
1701,2016-08-31T08:03:47.000Z,kalo dah ada celah korupsi baru adem ayem tapi tetep aja undang gak ada yg jadi reses mulu,jika deh ada celah korupsi baru adem ayem tetapi tetap saja undang tidak ada yang jadi reses mulu,If there is a loophole in corruption then it will be calm but still there is no such thing as a recess for a long time
1702,2016-08-31T07:35:34.000Z,Kapolri Jenderal Tito Karnavian dan Pansus RUU Terorisme rapat dengar pendapat di Gedung DPR Rabu,kapolri jenderal tito karnavian dan pansus RUU terorisme rapat dengar pendapat di gedung DPR rabu,National Police Chief General Tito Karnavian and the special committee on the Terrorism Bill held a hearing at the DPR building Wednesday
1703,2016-08-31T07:34:30.000Z,VenzTime Kapolri Jenderal Tito Karnavian dan Pansus RUU Terorisme rapat dengar pendapat di Gedung DPR Rabu,venztime kapolri jenderal tito karnavian dan pansus RUU terorisme rapat dengar pendapat di gedung DPR rabu,Venztime National Police Chief General Tito Karnavian and the special committee on the Terrorism Bill held a hearing at the DPR building Wednesday
1704,2016-08-31T07:00:40.000Z,Ini sikap warga thd pungutan liar itu,ini sikap warga thd pungutan liar itu,This is the attitude of residents regarding illegal levies
1705,2016-08-31T06:15:25.000Z,Lembaga Keuangan Mikro Agribisnis Terobosan Penguatan Kelembagaan dan Pembiayaan Pertanian di Perdesaan,lembaga keuangan mikro agribisnis terobosan penguatan kelembagaan dan pembiayaan pertanian di perdesaan,Agribusiness microfinance institutions are making breakthroughs in strengthening agricultural institutions and financing in rural areas
1706,2016-08-31T05:58:43.000Z,Revisi Undang Undang Pengamat Pemerintah Ingin Ciptakan Wakil Rakyat Berkualitas,revisi undang undang pengamat pemerintah ingin ciptakan wakil rakyat berkualitas,revision of the government observer law wants to create quality people's representatives
1707,2016-08-31T04:39:28.000Z,Pansus RUU Terorisme RDP dengan Kapolri Jaksa Agung Ketua Mahkamah Agung terkait revisi UU Terorisme DPRLive,pansus RUU terorisme RDP dengan kapolri jaksa agung ketua mahkamah agung terkait revisi UU terorisme dprlive,"special committee on the RDP terrorism bill with the national police chief, attorney general, chairman of the supreme court regarding the revision of the dprlive terrorism law"
1708,2016-08-31T04:14:04.000Z,Baleg DPR Rapat Panja RUU Karantina Kesehatan dengan INSA INACA DPRLive,baleg DPR rapat panja RUU karantina kesehatan dengan INSA INACA dprlive,DPR baleg meeting of committee on health quarantine bill with INSA INACA dprlive
1709,2016-08-30T13:50:20.000Z,DPR Setujui RUU P APBN Jadi UU,DPR setujui RUU p APBN jadi UU,DPR approves bill p APBN to become law
1710,2016-08-30T12:35:34.000Z,RUU Perlindungan Bidan Sudah Masuk Prolegnas DPR RI via berita_rri rrinews RUU Perlindu,RUU perlindungan bidan sudah masuk prolegnas DPR RI via berita_rri rrinews RUU perlindu,The midwife protection bill has been included in the National Legislative Assembly of the Republic of Indonesia via Berita_rri rrinews The protection bill
1711,2016-08-30T12:33:25.000Z,RUU Perlindungan Bidan Sudah Masuk Prolegnas DPR RI via rrinews,RUU perlindungan bidan sudah masuk prolegnas DPR RI via rrinews,The midwife protection bill has been included in the National Legislative Assembly of the Republic of Indonesia via rrinews
1712,2016-08-30T09:11:26.000Z,Komisi IV DPR RDPU dengan KTNA SPI ASBINDO APPI Serta API membahas RUU Sistem Budi Daya Tanaman DPRLive,komisi IV DPR RDPU dengan KTNA SPI ASBINDO APPI serta API membahas RUU sistem budi daya tanaman dprlive,Commission IV DPR RDPU with KTNA SPI ASBINDO APPI and API discuss the plant cultivation system bill dprlive
1713,2016-08-30T09:09:10.000Z,Forum Legislasi Di Media Center DPR RI tentang RUU Larangan Monopoli dan Persaingan Usaha Tidak Sehat DPRLive,forum legislasi di media center DPR RI tentang RUU larangan monopoli dan persaingan usaha tidak sehat dprlive,legislative forum at the DPR RI media center regarding the bill prohibiting monopoly and unfair business competition dprlive
1714,2016-08-30T08:52:51.000Z,Persoalan petani saat ini habit dan peluang akibat kebijakan mencla mencle neg industri?!,persoalan petani saat ini habit dan peluang akibat kebijakan mencla mencle neg industri ? !,"Farmers' current problems, habits and opportunities due to the policy of mencla mencle neg industry? !"
1715,2016-08-30T07:25:46.000Z,LANGSUNG di Periscope Rapat Paripurna DPR Ke MP I TS ParipurnaLive,LANGSUNG di periscope rapat paripurna DPR ke MP i TS paripurnalive,LIVE on the periscope of the DPR plenary meeting to MP i TS plenary session
1716,2016-08-30T07:21:22.000Z,Menkeu Sri Mulyani serahkan pendapat akhir Pemerintah terhadap RUU P APBN pada Pimpinan Sidang ParipurnaLive,menkeu sri mulyani serahkan pendapat akhir pemerintah terhadap RUU p APBN pada pimpinan sidang paripurnalive,Minister of Finance Sri Mulyani submitted the government's final opinion on the APBN Bill to the chairman of the plenary session
1717,2016-08-30T07:17:04.000Z,Pemerintah akan laksanakan rekomendasi yg diberikan DPR terhadap RUU P APBN TA Sri Mulyani ParipurnaLive,pemerintah akan laksanakan rekomendasi yang diberikan DPR terhadap RUU p APBN TA sri mulyani paripurnalive,The government will implement the recommendations given by the DPR regarding Draft Bill p APBN TA Sri Mulyani plenary session
1718,2016-08-30T06:45:42.000Z,VenzTime Wakil Ketua Dewan Perwakilan Rakyat Fadli Zon mendesak pemerintah segera mengirimkan Rancangan Un,venztime wakil ketua dewan perwakilan rakyat fadli zon mendesak pemerintah segera mengirimkan rancangan un,"Venztime Deputy Chairman of the People's Representative Council, Fadli Zon, urged the government to immediately send a draft UN"
1719,2016-08-30T06:45:22.000Z,Laporan RUU P RUU APBN berupa laporan keuangan yang telah diperiksa oleh BPK Said Abdullah ParipurnaLive,laporan RUU p RUU APBN berupa laporan keuangan yang telah diperiksa oleh BPK said abdullah paripurnalive,The bill report on the APBN bill is in the form of a financial report that has been examined by the BPK said abdullah plenary live
1720,2016-08-30T06:42:42.000Z,Pembahasan RUU P APBN sesuai Surat Presiden Nomor R Pres tanggal Juni Said Abdullah ParipurnaLive,pembahasan RUU p APBN sesuai surat presiden nomor r pres tanggal juni said abdullah paripurnalive,discussion of Bill p APBN in accordance with presidential letter number r pres dated June said abdullah plenary live
1721,2016-08-30T06:37:33.000Z,Wakil Ketua DPR Taufik Kurniawan memimpin Rapat Paripurna DPR Ke Masa Persidangan I TS ParipurnaLive,wakil ketua DPR taufik kurniawan memimpin rapat paripurna DPR ke masa persidangan i TS paripurnalive,"Deputy Speaker of the DPR, Taufik Kurniawan, chairs the DPR plenary session during the session i TS plenary live"
1722,2016-08-30T06:04:30.000Z,Setuju! Anggota DPR juga hrs sosialisasikan ke konstituennya sbg konsekwensi DPR sdh setujui RUU menjadi UU,setuju ! anggota DPR juga harus sosialisasikan ke konstituennya sebagai konsekuensi DPR sudah setujui RUU menjadi UU,agree ! DPR members must also socialize it to their constituents as a consequence of the DPR having approved the bill to become law
1723,2016-08-30T03:03:29.000Z,Agenda DPR Selasa Pukul WIB Baleg DPR Rapat Panja RUU Jabatan Hakim agendaDPR,agenda DPR selasa pukul WIB baleg DPR rapat panja RUU jabatan hakim agendadpr,"DPR agenda, Tuesday at WIB, DPR legislative committee meeting on the bill on the position of judges, DPR agenda"
1724,2016-08-30T01:32:26.000Z,Topik Roy Salam Akitivis Koalisi MD apakah setiap reses anggota DPR menyampaikan pertanggungjawaban politik kepada konstituen,topik roy salam akitivis koalisi MD apakah setiap reses anggota DPR menyampaikan pertanggungjawaban politik kepada konstituen,"Roy's topic, greetings from MD coalition activists, is that every DPR member's recess conveys political accountability to constituents"
1725,2016-08-29T13:21:27.000Z,Lho koq baru skrng bukannya dulu wkt di DPR RI ada pembahasan RUU nya ?,lho kok baru sekarang bukan dulu waktu di DPR RI ada pembahasan RUU nya ?,"You know, how come it's only now, not before, that the DPR RI was discussing the bill?"
1726,2016-08-29T12:07:11.000Z,Lanjutan Rapat Panja RUU ITE di Komisi,lanjutan rapat panja RUU ITE di komisi,continuation of the ITE Bill working committee meeting at the commission
1727,2016-08-29T11:44:13.000Z,Kamis Pansus RUU Terorisme DPR RI mengundang BNPT KPI Ketua KPI menyampaikn ggsan dr sdt pandang penyiaran,kamis pansus RUU terorisme DPR RI mengundang BNPT KPI ketua KPI menyampaikn ggsan dari sdt pandang penyiaran,"Thursday the special committee on the DPR RI terrorism bill invited the BNPT KPI, the chairman of the KPI conveyed his suggestions from a broadcasting perspective."
1728,2016-08-29T10:13:41.000Z,Harusnya singapura introspeksi diri dwngan ada nya kebijakan Tax Amnesty jangan maen jegal aja GaTauDiri,harusnya singapura introspeksi diri dwngan ada nya kebijakan tax amnesty jangan main jegal saja gataudiri,"Singapore should introspect itself with the tax amnesty policy, don't just play around and ignore yourself"
1729,2016-08-29T09:28:24.000Z,Komisi IX DPR Rapat Panja RUU Kebidanan DPRLive,komisi IX DPR rapat panja RUU kebidanan dprlive,DPR Commission IX meeting of the DPR midwifery bill committee meeting dprlive
1730,2016-08-29T07:50:15.000Z,Banyak UU Dibatalkan DPR Perkuat Ahli Perancang Undang undang Dewan Perwakilan Rakyat DPR berencana menam,banyak UU dibatalkan DPR perkuat ahli perancang undang undang dewan perwakilan rakyat DPR berencana menam,many laws are canceled DPR strengthens experts in drafting laws for the people's representative council DPR plans to add
1731,2016-08-29T06:17:36.000Z,Dirgahayu ke Teruslah memperjuangkan aspirasi rakyat Indonesia,dirgahayu ke teruslah memperjuangkan aspirasi rakyat indonesia,Thank you for continuing to fight for the aspirations of the Indonesian people
1732,2016-08-29T05:39:25.000Z,Pemotongan nasi tumpeng dalam rangka HUTDPR setelah Rapat Paripurna DPR RI,pemotongan nasi tumpeng dalam rangka HUTDPR setelah rapat paripurna DPR RI,cutting tumpeng rice in the context of the HUTDPR after the DPR RI plenary meeting
1733,2016-08-29T05:09:04.000Z,Rapat Paripurna HUT DPR Anggota DPR Membolos!,rapat paripurna HUT DPR anggota DPR membolos !,DPR anniversary plenary meeting DPR members skipped class!
1734,2016-08-29T05:05:45.000Z,Parah Anggota DPR Bolos Rapat Paripurna Hadir anggota DPR di ruang rapat Paripurna Gedung DPR Ja,banget anggota DPR bolos rapat paripurna hadir anggota DPR di ruang rapat paripurna gedung DPR saja,It's true that DPR members skipped plenary meetings and attended DPR members only in the plenary meeting room of the DPR building
1735,2016-08-29T04:47:56.000Z,Anggota DPR Bolos Rapat Paripurna HUT DPR,anggota DPR bolos rapat paripurna HUT DPR,DPR members skipped the DPR anniversary plenary meeting
1736,2016-08-29T04:44:05.000Z,Anggota DPR Bolos Rapat Paripurna HUT DPR via Tribunnews,anggota DPR bolos rapat paripurna HUT DPR via tribunnews,DPR members skip the DPR anniversary plenary meeting via tribunnews
1737,2016-08-29T04:42:41.000Z,Anggota DPR Bolos Rapat Paripurna HUT DPR via,anggota DPR bolos rapat paripurna HUT DPR via,DPR members skip the DPR anniversary plenary meeting via
1738,2016-08-29T04:23:39.000Z,jakartaku Anggota DPR Bolos Rapat Paripurna HUT DPR Tribunnews Tribunnews Anggota DPR Bolos Rapat,jakartaku anggota DPR bolos rapat paripurna HUT DPR tribunnews tribunnews anggota DPR bolos rapat,jakartaku DPR members skipped DPR anniversary plenary meeting tribunnews tribunnews DPR members skipped meetings
1739,2016-08-29T04:21:59.000Z,TribunNews Anggota DPR Bolos Rapat Paripurna HUT DPR berita,tribunnews anggota DPR bolos rapat paripurna HUT DPR berita,tribunnews DPR members skip plenary meeting of DPR anniversary news
1740,2016-08-29T04:21:53.000Z,Anggota DPR Bolos Rapat Paripurna HUT DPR Tribunnews,anggota DPR bolos rapat paripurna HUT DPR tribunnews,DPR members skipped DPR anniversary plenary meeting tribunnews
1741,2016-08-29T04:08:18.000Z,Pembacaan Doa oleh Ketua Komisi VIII DPR RI Ali Taher dalam Rapat Paripurna DPR RI HUTDPR,pembacaan doa oleh ketua komisi VII DPR RI ali taher dalam rapat paripurna DPR RI HUTDPR,"Reading of prayers by the chairman of Commission VII DPR RI, Ali Taher, at the DPR RI HUTDPR plenary meeting"
1742,2016-08-29T04:04:26.000Z,DPR RI tidak mungkin mengerjakan undang undang secara sepihak HUTDPR iyya,DPR RI tidak mungkin mengerjakan undang undang secara sepihak HUTDPR iyya,"It is impossible for the DPR RI to work on legislation unilaterally HUTDPR, yes"
1743,2016-08-29T04:04:09.000Z,Antara lain yang dipilih adalah RUU yg benar benar prioritas yaitu RUU RUU yang diyakini benar membawa kepentingan rakyat banyak HUTDPR,antara lain yang dipilih adalah RUU yang banget banget prioritas yaitu RUU RUU yang diyakini banget membawa kepentingan rakyat banyak HUTDPR,"Among other things, those chosen were bills that were really high priority, namely bills that were believed to really carry the interests of the people of the HUTDPR"
1744,2016-08-29T04:03:35.000Z,Sebagai jalan keluarnya Dewan bersama pemerintah dapat memilih pembahasan undang undang yang mendesak HUTDPR,sebagai jalan keluarnya dewan bersama pemerintah dapat memilih pembahasan undang undang yang mendesak HUTDPR,"As a way out, the council together with the government can choose to discuss a law that calls for HUTDPR"
1745,2016-08-29T04:01:48.000Z,Polemik Penetapan Biaya Interkoneksi Memerlukan Kebijakan Pemerintah IlustrasiAnggota Komisi I DPR RI Bobby,polemik penetapan biaya interkoneksi memerlukan kebijakan pemerintah ilustrasianggota komisi i DPR RI bobby,"The polemic on determining interconnection costs requires government policy, illustration, member of Commission I DPR RI Bobby"
1746,2016-08-29T03:55:49.000Z,Jumlah ini meningkat dibandingkan Tahun Sidang sebelumnya yang menyelesaikan dua belas Rancangan Undang Undang HUTDPR,jumlah ini meningkat dibandingkan tahun sidang sebelumnya yang menyelesaikan dua belas rancangan undang undang HUTDPR,This number increased compared to the previous session year which finalized twelve HUTDPR bills
1747,2016-08-29T03:55:23.000Z,Dalam pelaksanaan fungsi legislasi pada Tahun Sidang ini DPR telah menyelesaikan pembahasan sebanyak RUU HUTDPR,dalam pelaksanaan fungsi legislasi pada tahun sidang ini DPR telah menyelesaikan pembahasan sebanyak RUU HUTDPR,"In carrying out its legislative function in this session year, the DPR has completed the discussion of the HUTDPR Bill"
1748,2016-08-29T03:49:37.000Z,DPR RI terus mengemban amanah fungsinya yang tertera di Undang Undang Dasar Negara Republik Indonesia tahun HUTDPR,DPR RI terus mengemban amanah fungsinya yang tertera di undang undang dasar negara republik indonesia tahun HUTDPR,The Republic of Indonesia's DPR continues to carry out its mandate and functions as stated in the Constitution of the Republic of Indonesia in the year of the DPR's anniversary
1749,2016-08-29T03:36:55.000Z,Dewan Perwakilan Rakyat menggelar Rapat Paripurna dgn agenda pembacaan Kinerja DPR dalam rangka HUT DPR RI ke,dewan perwakilan rakyat menggelar rapat paripurna dengan agenda pembacaan kinerja DPR dalam rangka HUT DPR RI ke,the people's representative council held a plenary meeting with the agenda of reading the performance of the DPR in the framework of the DPR RI's 20th anniversary
1750,2016-08-29T03:17:12.000Z,Rapat Paripurna DPR RI dalam rangka memperingati Hari Ulang Tahun DPR RI Ke HUTDPR,rapat paripurna DPR RI dalam rangka memperingati hari ulang tahun DPR RI ke HUTDPR,DPR RI plenary meeting in commemoration of the anniversary of the DPR RI and HUTDPR
1751,2016-08-29T02:09:15.000Z,Agenda DPR Senin Pukul WIB Komisi IX Rapat Panja RUU Kebidanan agendaDPR,agenda DPR senin pukul WIB komisi IX rapat panja RUU kebidanan agendadpr,DPR agenda Monday at WIB commission IX working committee meeting on midwifery bill DPR agenda
1752,2016-08-29T02:00:34.000Z,Agenda DPR Senin Pukul WIB Rapat Paripurna DPR Ke Masa Persidangan I Tahun Sidang agendaDPR,agenda DPR senin pukul WIB rapat paripurna DPR ke masa persidangan i tahun sidang agendadpr,"DPR agenda, Monday at WIB, DPR plenary meeting for the first session of the DPR agenda session"
1753,2016-08-29T01:48:35.000Z,Selamat Hut ke semoga efektivitas kinerja kedepan lebih baik dan dapat menampung aspirasi rakyat lebih baik pula HUTDPR,selamat hut ke semoga efektivitas kinerja kedepan lebih baik dan dapat menampung aspirasi rakyat lebih baik pula HUTDPR,"Happy birthday to you, hopefully the effectiveness of future performance will be better and can accommodate the aspirations of the people better as well as HUTDPR"
1754,2016-08-29T01:34:26.000Z,Agenda pagi ini Senin Agustus Pukul Rapat Paripurna DPR RI MP I TS,agenda pagi ini senin agustus pukul rapat paripurna DPR RI MP i TS,This morning's agenda is Monday August at the plenary session of the DPR RI MP i TS
1755,2016-08-28T22:56:21.000Z,Dirgahayu semoga kian kukuh menjadi rumah rakyat dan penyambung aspirasi rakyat BergerakBersamaRakyat DPR,dirgahayu semoga kian kukuh menjadi rumah rakyat dan penyambung aspirasi rakyat bergerakbersamarakyat DPR,May it become increasingly strong as the people's home and a link for the aspirations of the people to move together with the people of the DPR
1756,2016-08-28T13:56:05.000Z,Penyerangan Gereja Jadi Masukan Pansus RUU Anti Terorisme Anggota Komisi III DPR RI Trimedya beranggapan na,penyerangan gereja jadi masukan pansus RUU anti terorisme anggota komisi II DPR RI trimedya beranggapan nya,"The church attack was included in the special committee's opinion on the anti-terrorism bill, a member of Commission II of the Indonesian House of Representatives, Trimedya"
1757,2016-08-28T13:52:19.000Z,metro news Penyerangan Gereja Jadi Masukan Pansus RUU Anti Terorisme Anggota Komisi III DPR RI Trimedya be,metro news penyerangan gereja jadi masukan pansus RUU anti terorisme anggota komisi II DPR RI trimedya be,"metro news the church attack was included in the special committee on the anti-terrorism bill, a member of Commission II of the Indonesian House of Representatives, Trimedya Be"
1758,2016-08-28T12:34:45.000Z,PULISI dibawah departemen solusi jitu reformasi nya tuch pak juga garap lagi tuch RUU KAMNAS biar pulisi gak kejebak ?,PULISI dibawah departemen solusi jitu reformasi nya tuh pak juga garap lagi tuh RUU KAMNAS biar pulisi tidak kejebak ?,"Is PULISI under the department for effective solutions for reform, sir, are you also working on the KAMNAS Bill again so that the police don't fall into a trap?"
1759,2016-08-28T11:02:53.000Z,Baleg DPR RI Undang PP IPPAT Bahas Persiapan Pengesahan RUU PPAT,baleg DPR RI undang PP IPPAT bahas persiapan pengesahan RUU PPAT,DPR RI baleg invites PP IPPAT to discuss preparations for ratification of the PPAT Bill
1760,2016-08-28T07:17:29.000Z,Radio ANDIKA Anggota Komisi II DPR RI Arteria Dahlan menilai pembahasan rancangan Undang undang Pemilu,radio ANDIKA anggota komisi II DPR RI arteria dahlan menilai pembahasan rancangan undang undang pemilu,ANDIKA radio member of Commission II DPR RI arteria dahlan assesses the discussion of the draft election law
1761,2016-08-28T07:07:55.000Z,Polsek Koja Kerahkan Belasan Personil untuk Mengamankan Kegiatan Reses Anggota DPR RI,polsek koja kerahkan belasan personil untuk mengamankan kegiatan reses anggota DPR RI,Koja Police Deployed Dozens of Personnel to Secure Recess Activities for DPR RI Members
1762,2016-08-27T22:16:34.000Z,Mayoritas Fraksi di DPR Telah Setuju RUU Pertembakauan Segera Disahkan Jakarta Anggota Komisi XI DPR RI M,mayoritas fraksi di DPR telah setuju RUU pertembakauan segera disahkan jakarta anggota komisi XI DPR RI sama,The majority of factions in the DPR have agreed that the tobacco bill will be passed immediately in Jakarta. Members of Commission XI DPR RI are the same
1763,2016-08-27T14:40:27.000Z,Bang lebih asik bahas RUU ada duitya hehe,bang lebih asik bahas RUU ada duitya hehe,"Bro, it's more fun to discuss the bill with money, hehe"
1764,2016-08-27T13:51:46.000Z,Laporan kinerja DPR RI akan disampaikan secara langsung oleh Ketua DPR Ade Komarudin dalam Rapat Paripurna DPR RI HUTDPR,laporan kinerja DPR RI akan disampaikan secara langsung oleh ketua DPR adek komarudin dalam rapat paripurna DPR RI HUTDPR,"The DPR RI performance report will be delivered directly by the chairman of the DPR, Adek Komarudin, at the plenary session of the DPR RI HUTDPR"
1765,2016-08-27T13:44:06.000Z,Menyambut HUTDPR pada Agustus juga akan diadakan Rapat Paripurna DPR RI dengan agenda tunggal laporan kinerja DPR RI HUTDPR,menyambut HUTDPR pada agustus juga akan diadakan rapat paripurna DPR RI dengan agenda tunggal laporan kinerja DPR RI HUTDPR,Welcoming the HUTDPR in August there will also be a plenary meeting of the DPR RI with the sole agenda of the DPR RI HUTDPR performance report
1766,2016-08-27T04:39:43.000Z,Anggota Komisi III DPR RI Tifatul Sembiring mempertanyakan perbedaan kritikan penghinaan dan fitnah dalam pasal,anggota komisi II DPR RI tifatul sembiring mempertanyakan perbedaan kritikan penghinaan dan fitnah dalam pasal,Member of Commission II DPR RI Tifatul Sembiring questioned the difference between insulting criticism and slander in the article
1767,2016-08-27T04:09:54.000Z,JAKARTA Anggota Komisi XI DPR RI Heri Gunawan menyesalkan kebijakan pemerintah yang asal asalan berutang ta,JAKARTA anggota komisi XI DPR RI heri gunawan menyesalkan kebijakan pemerintah yang asal asalan berutang ta,JAKARTA member of commission
1768,2016-08-27T03:49:11.000Z,Anggota DPR Minta Kaji Ulang Penundaan Dana Alokasi Umum Apalagi menurut Rahmat kalau kebijakan tersebut sep,anggota DPR meminta kaji ulang penundaan dana alokasi umum apalagi menurut rahmat jika kebijakan tersebut sep,"DPR members asked for a review of the postponement of general allocation funds, especially according to Rahmat if the policy was sep"
1769,2016-08-26T20:16:09.000Z,Badan lembaga institusi hukum sekalipun banyak bahkan bersenjata lengkap tanpa didukung kebijakan maka OMPONG! ASLI,badan lembaga institusi hukum sekalipun banyak bahkan bersenjata lengkap tanpa didukung kebijakan maka OMPONG ! ASLI,"Even though there are many legal institutions, even if they are fully armed, they are not supported by policies, so it's TOOMPONG! ORIGINAL"
1770,2016-08-26T20:11:07.000Z,JAKARTA Anggota Komisi III DPR RI Tifatul Sembiring mempertanyakan perbedaan kritikan penghinaan dan fitn,JAKARTA anggota komisi II DPR RI tifatul sembiring mempertanyakan perbedaan kritikan penghinaan dan fitn,JAKARTA member of Commission II DPR RI Tifatul Sembiring questioned the difference between insulting criticism and slander
1771,2016-08-26T20:10:26.000Z,Tentunya semua pihak akan mendukung keseriusan kebijakan TEGAS hukum mati Koruptor cc ASLI,tentunya semua pihak akan mendukung keseriusan kebijakan TEGAS hukum mati koruptor cc ASLI,Of course all parties will support the seriousness of the STRICT policy of the death penalty for REAL CC corruptors
1772,2016-08-26T14:45:31.000Z,Kebijakan NeLib Cabut semua Subsidi Listrik BBM Pendidikan Kesehatan,kebijakan nelib cabut semua subsidi listrik BBM pendidikan kesehatan,"Nelib's policy is to remove all subsidies for electricity, fuel, health education"
1773,2016-08-26T12:39:21.000Z,Komunikasi Semakin Baik Jokowi Minta DPR Tak Buat Banyak Undang Undang Presiden Joko Widodo meminta DPR RI,komunikasi semakin baik jokowi meminta DPR tak buat banyak undang undang presiden joko widodo meminta DPR RI,Communication is getting better Jokowi asked the DPR not to make too many laws. President Joko Widodo asked the DPR RI
1774,2016-08-26T12:01:51.000Z,Kita bisa begini aja karena mereka guru Tahu terima kasihlah kata Ketua DPR RI Ade Komarudin,kita dapat begini saja karena mereka guru tahu terima kasihlah kata ketua DPR RI adek komarudin,"We can only do this because they are teachers, thank you, said the chairman of the DPR RI, Adek Komarudin"
1775,2016-08-26T10:44:33.000Z,SUMBER CNC Dewan Perwakilan Rakyat Daerah DPRD Kabupaten Cirebon menyampaikan hasil reses kedua taghun,SUMBER CNC dewan perwakilan rakyat daerah DPRD kabupaten cirebon menyampaikan hasil reses kedua taghun,SOURCE CNC the regional people's representative council of the Cirebon district DPRD presented the results of the second recess of Taghun
1776,2016-08-26T10:34:33.000Z,Wakil rakyat tertidur pada saat rapat Paripurna Jombang Jawa Timur Newsroom,wakil rakyat tertidur pada saat rapat paripurna jombang jawa timur newsroom,People's representatives fell asleep during the Jombang East Java newsroom plenary meeting
1777,2016-08-26T09:04:07.000Z,RUU Karantina Hewan Akan Diintegrasikan dengan RUU Kekarantinaan Kesehatan,RUU karantina hewan akan diintegrasikan dengan RUU kekarantinaan kesehatan,The animal quarantine bill will be integrated with the health quarantine bill
1778,2016-08-26T09:02:56.000Z,Anggota Komisi XI DPR Heri Gunawan Pemerintah Tak Perlu Buat Kebijakan Gegabah,anggota komisi XI DPR heri gunawan pemerintah tak perlu buat kebijakan gegabah,Member of Commission XI DPR Heri Gunawan The government doesn't need to make rash policies
1779,2016-08-26T08:17:27.000Z,Komisi IX DPR Bahas RUU Konvensi Ketenagakerjaan Maritim Komsi IX Dewan Perwakilan Rakyat Republik Indonesia,komisi IX DPR bahas RUU konvensi ketenagakerjaan maritim komsi IX dewan perwakilan rakyat republik indonesia,"Commission IX of the DPR discusses the maritime employment convention bill, Commission IX of the Indonesian House of Representatives"
1780,2016-08-26T08:14:53.000Z,Anggota DPR Kemendagri Harus Jemput Bola untuk Kebijakan e KTP,anggota DPR kemendagri harus jemput bola untuk kebijakan e KTP,DPR members from the Ministry of Home Affairs must pick up the ball on the e-KTP policy
1781,2016-08-26T08:00:12.000Z,Pemerintah Dan DPR RI Sepakati Pembentukan Lembaga Di RUU Jasa Konstruksi,pemerintah dan DPR RI sepakati pembentukan lembaga di RUU jasa konstruksi,The government and DPR RI agree on the establishment of an institution in the construction services bill
1782,2016-08-26T07:54:38.000Z,DPR Tunda Pengesahan Perpu Hukuman Kebiri,DPR tunda pengesahan perpu hukuman kebiri,DPR delays ratification of regulation on castration punishment
1783,2016-08-26T06:20:17.000Z,Baleg RUU Karantina Hewan Akan Diintegrasikan dengan RUU Kekarantinaan Kesehatan,baleg RUU karantina hewan akan diintegrasikan dengan RUU kekarantinaan kesehatan,The draft legislation on animal quarantine will be integrated with the health quarantine bill
1784,2016-08-26T06:19:16.000Z,Tribun Baleg RUU Karantina Hewan Akan Diintegrasikan dengan RUU Kekarantinaan Kesehatan Baleg DPR NewsToday,tribun baleg RUU karantina hewan akan diintegrasikan dengan RUU kekarantinaan kesehatan baleg DPR newstoday,legislative tribune The animal quarantine bill will be integrated with the DPR baleg's health quarantine bill newstoday
1785,2016-08-26T06:19:15.000Z,Tribun Baleg RUU Karantina Hewan Akan Diintegrasikan dengan RUU Kekarantinaan Kesehatan NewsToday DKK,tribun baleg RUU karantina hewan akan diintegrasikan dengan RUU kekarantinaan kesehatan newstoday DKK,tribun baleg The animal quarantine bill will be integrated with the DKK newstoday health quarantine bill
1786,2016-08-26T05:18:11.000Z,DPRD NTT Kembali Reses ke Daerah Dewan Perwakilan Rakyat Daerah DPRD NTT saat ini kembali melakukan reses,DPRD NTT kembali reses ke daerah dewan perwakilan rakyat daerah DPRD NTT saat ini kembali melakukan reses,The NTT DPRD has gone into recess again in the regional people's representative council. The NTT DPRD is currently going on recess again
1787,2016-08-26T05:02:20.000Z,BM PAN Tolak RUU Pemilu Cekal Artis dan Pengusaha,BM KAPAN tolak RUU pemilu cekal artis dan pengusaha,BM KAPAN rejects the election bill to ban artists and entrepreneurs
1788,2016-08-26T04:59:52.000Z,BM PAN Tolak RUU Pemilu Cekal Artis dan Pengusaha SabangMerauke,BM KAPAN tolak RUU pemilu cekal artis dan pengusaha sabangmerauke,BM KAPAN rejects the election bill to ban Sabangmerauke artists and entrepreneurs
1789,2016-08-26T04:31:47.000Z,Anggota DPR RI dari Fraksi Partai Demokrat FPD Khotibul Umam Wiranu mengatakan pemikiran penerapan kebijakan,anggota DPR RI dari fraksi partai demokrat FPD khotibul umam wiranu mengatakan pemikiran penerapan kebijakan,DPR RI member from the FPD democratic party faction Khotibul Umam Wiranu said his thoughts on implementing the policy
1790,2016-08-26T04:11:35.000Z,BM PAN Tolak RUU pemilu,BM KAPAN tolak RUU pemilu,BM WHEN rejects the election bill
1791,2016-08-26T03:17:39.000Z,DPR Janji RUU Pertembakauan Akan Lindungi Petani Tembakau Nasional DPR KenaikanRokok JumatBerkah,DPR janji RUU pertembakauan akan lindungi petani tembakau nasional DPR kenaikanrokok jumatberkah,DPR promises that the tobacco bill will protect national tobacco farmers. DPR increases Friday blessing cigarettes
1792,2016-08-26T01:23:42.000Z,Pemerintah dan Komisi V DPR RI Bahas RUU Jasa Konstruksi inspiratifnews beritamasakini,pemerintah dan komisi v DPR RI bahas RUU jasa konstruksi inspiratifnews beritamasakini,government and commission v DPR RI discuss construction services bill inspiratifnews Beritamasakini
1793,2016-08-25T16:23:13.000Z,lensaindonesia BM PAN tolak RUU Pemilu cekal artis dan pengusaha jadi anggota DPR via lensaindonesia,lensaindonesia BM KAPAN tolak RUU pemilu cekal artis dan pengusaha jadi anggota DPR via lensaindonesia,lensindonesia BM WHEN rejects the election bill to bar artists and businessmen from becoming members of the DPR vialensindonesia
1794,2016-08-25T16:21:58.000Z,BM PAN tolak RUU Pemilu cekal artis dan pengusaha jadi anggota DPR,BM KAPAN tolak RUU pemilu cekal artis dan pengusaha jadi anggota DPR,BM KAPAN rejects the election bill to bar artists and businessmen from becoming members of the DPR
1795,2016-08-25T16:20:10.000Z,BM PAN tolak RUU Pemilu cekal artis dan pengusaha jadi anggota DPR via,BM KAPAN tolak RUU pemilu cekal artis dan pengusaha jadi anggota DPR via,BM WHEN rejects the election bill to bar artists and businessmen from becoming members of the DPR via
1796,2016-08-25T14:45:42.000Z,Gelegar suara Rakyat drumah aspirasi rakyat mereka hanya ngontrak jd jgn menjadi wakil rakyat yg merekak,gelegar suara rakyat drumah aspirasi rakyat mereka hanya ngontrak jadi jangan menjadi wakil rakyat yang mereka,"the booming voice of the people drumming up the aspirations of the people, they are only contracting, so don't be the representatives of the people they are"
1797,2016-08-25T14:03:59.000Z,Anggota komisi XI Indah Kurnia mengatakan Sri Mulyani dihadirkan untuk menjalankan dua Undang Undang UU ya,anggota komisi XI indah kurnia mengatakan sri mulyani dihadirkan untuk menjalankan dua undang undang UU ya,Commission XI member Indah Kurnia said Sri Mulyani was brought in to implement two laws
1798,2016-08-25T11:50:30.000Z,Anggota DPR Ungkap Info Penting dalam RUU Pertembakauan,anggota DPR ungkap info penting dalam RUU pertembakauan,DPR members reveal important information in the tobacco bill
1799,2016-08-25T07:29:32.000Z,Baleg DPR RDPU dengan Dewan Masyarakat Sawit Indonesia membahas RUU Perkelapasawitan DPRLive,baleg DPR RDPU dengan dewan masyarakat sawit indonesia membahas RUU perkelapasawitan dprlive,DPR RDPU baleg with the Indonesian palm oil community council discussing the DPRlive palm oil bill
1800,2016-08-25T07:21:29.000Z,banggar menkeu telah dipertimbangkan ruu yg d bahas ini dg DPR RI akan d tindak lanjuti laporan keuangan pemerintahan pusat,banggar menkeu telah dipertimbangkan ruu yang di bahas ini dengan DPR RI akan di tindak lanjuti laporan keuangan pemerintahan pusat,The Minister of Finance has considered the bill discussed with the DPR RI and will follow up on the central government's financial report
1801,2016-08-25T07:09:13.000Z,Fraksi PKS DPR RI Terima Masukan dari BEM FKM UI tentang RUU Pertembakauan HariAspirasi,fraksi PKS DPR RI terima masukan dari BEM FKM UI tentang RUU pertembakauan hariaspirasi,The DPR RI PKS faction received input from BEM FKM UI regarding the daily tobacco tobacco bill
1802,2016-08-25T04:28:06.000Z,Seminar RUU Lembaga Pendidikan Keagamaan w at Dewan Perwakilan Rakyat Republik Indonesia pic,seminar RUU lembaga pendidikan keagamaan saya at dewan perwakilan rakyat republik indonesia pic,my seminar on the bill on religious educational institutions at the People's Representative Council of the Republic of Indonesia pic
1803,2016-08-25T04:26:09.000Z,FPPP DPR RI sdg seminar Lembaga Pendidikan Keagamaan Semoga dpt dhasilkan ide bernas utk perumusan Usul RUU PPPBergerak,FPP DPR RI sedang seminar lembaga pendidikan keagamaan semoga dapat dhasilkan ide bernas untuk perumusan usul RUU ppbergerak,"The DPR RI FPP is currently holding a seminar on religious education institutions, hopefully it can produce insightful ideas for the formulation of the PPmobil Bill proposal"
1804,2016-08-25T04:25:36.000Z,Baleg Rapat Panja dengan Tenaga Ahli membahas Rekapitulasi DIM Fraksi atas RUU Kekarantinaan Kesehatan DPRLive,baleg rapat panja dengan tenaga ahli membahas rekapitulasi DIM fraksi atas RUU kekarantinaan kesehatan dprlive,baleg committee meeting with experts to discuss recapitulation of the DIM faction on the dprlive health quarantine bill
1805,2016-08-25T04:19:25.000Z,Pansus RUU Terorisme RDP dengan BNPT KPI Lemhannas Dewan Pers membahas RUU Tindak Pidana Terorisme DPRLive,pansus RUU terorisme RDP dengan BNPT KPI lemhannas dewan pers membahas RUU tindak pidana terorisme dprlive,RDP terrorism bill special committee with BNPT KPI lemhannas press council discussing terrorism crime bill dprlive
1806,2016-08-25T03:33:40.000Z,Komisi IX DPR RDPU dengan Pakar Tenaga Kerja Maritim bahas RUU Pengesahan Maritime Labour Convention MLC DPRLive,komisi IX DPR RDPU dengan pakar tenaga kerja maritim bahas RUU pengesahan maritime labour convention MLC dprlive,DPR RDPU Commission IX with maritime labor experts discussed the bill on ratifying the maritime labor convention MLC dprlive
1807,2016-08-25T02:25:36.000Z,Agenda DPR Kamis Pukul WIB Baleg DPR Rapat Panja RUU Karantina Kesehatan agendaDPR,agenda DPR kamis pukul WIB baleg DPR rapat panja RUU karantina kesehatan agendadpr,"DPR agenda, Thursday at WIB, DPR baleg meeting of committee on health quarantine bill, DPR agenda"
1808,2016-08-25T01:41:27.000Z,Baleg Pertimbangkan RUU Jabatan PPAT Masuk Prolegnas Prioritas,baleg pertimbangkan RUU jabatan PPAT masuk prolegnas prioritas,Baleg considers the PPAT position bill to be included in the priority National Legislation Program
1809,2016-08-25T01:37:16.000Z,Anggota Komisi III Arsul Sani Masalah LGBT Belum Jelas Untuk Dimasukkan dalam Draf RUU KUHP,anggota komisi II arsul sani masalah LGBT belum jelas untuk dimasukkan dalam draf RUU KUHP,Member of Commission II Arsul Sani It is not clear whether LGBT issues will be included in the draft Criminal Code Bill
1810,2016-08-25T01:16:35.000Z,Reses adalah waktu dimana para wakil rakyat baik itu di tingkat DPR maupun DPRD provinsi dan kabupaten kota,reses adalah waktu dimana para wakil rakyat baik itu di tingkat DPR maupun DPRD provinsi dan kabupaten kota,"Recess is a time when people's representatives, both at the DPR and provincial and city district DPRD levels"
1811,2016-08-24T23:17:32.000Z,Pembahasan UU jadi inisatif pemerintah hrs dibahas dg badan legislasi,pembahasan UU jadi inisatif pemerintah harus dibahas dengan badan legislasi,Discussion of the law as a government initiative must be discussed with the legislative body
1812,2016-08-24T15:24:44.000Z,Rapat Konsultasi Badan Legislatif DPR RI PP IPPAT terkait RUU PPAT Gedung Nusantara DPR RI,rapat konsultasi badan legislatif DPR RI PP IPPAT terkait RUU PPAT gedung nusantara DPR RI,consultation meeting of the DPR RI legislative body PP IPPAT regarding the DPR RI archipelago building PPAT Bill
1813,2016-08-24T15:14:34.000Z,Wakil Rakyat Banyuasin Reses Ke Dapilnya,wakil rakyat banyuasin reses ke dapilnya,People's representatives are invited to take a recess in their electoral districts
1814,2016-08-24T14:29:05.000Z,Jakarta Selular ID Masalah interkoneksi menjadi pembahasan dalam rapat Komisi I DPR RI Dalam rap kreatif,jakarta selular ID masalah interkoneksi menjadi pembahasan dalam rapat komisi i DPR RI dalam rap kreatif,jakarta cellular ID interconnection issues were discussed at the DPR RI Commission I meeting in creative rap
1815,2016-08-24T14:29:05.000Z,DPR RI Tahan Menkominfo Teken Kebijakan Tarif Interkoneksi selularid,DPR RI tahan menkominfo teken kebijakan tarif interkoneksi selularid,The DPR RI stops the Minister of Communication and Information from signing the cellular interconnection tariff policy
1816,2016-08-24T14:21:18.000Z,DPR RI Tahan Menkominfo Teken Kebijakan Tarif Interkoneksi,DPR RI tahan menkominfo teken kebijakan tarif interkoneksi,The DPR RI stops the Minister of Communication and Information from signing the interconnection tariff policy
1817,2016-08-24T14:17:43.000Z,DPR RI Tahan Menkominfo Teken Kebijakan Tarif Interkoneksi RLNews,DPR RI tahan menkominfo teken kebijakan tarif interkoneksi rlnews,The DPR RI stops the Minister of Communication and Information from signing the rlnews interconnection tariff policy
1818,2016-08-24T14:04:09.000Z,DPR RI Tahan Menkominfo Teken Kebijakan Tarif Interkoneksi Jakarta Selular ID Masalah interkoneksi menjad,DPR RI tahan menkominfo teken kebijakan tarif interkoneksi jakarta selular ID masalah interkoneksi menjad,The DPR RI stops the Minister of Communication and Information from signing the Jakarta Cellular ID interconnection tariff policy
1819,2016-08-24T13:26:15.000Z,Itu undang undang bung bukan peraturan perusahaan Pembuatan UU butuh anggota dpr komisi hukum dan makan wkt lama,itu undang undang bung bukan peraturan perusahaan pembuatan UU butuh anggota dpr komisi hukum dan makan waktu lama,"That's a law, bro, not a company regulation. Making a law requires members of the legal commission and takes a long time"
1820,2016-08-23T16:03:02.000Z,Populer Aturan Cuti Petahana Sebaiknya Opsional,populer aturan cuti petahana sebaiknya opsional,popular incumbent leave rules should be optional
1821,2016-08-24T13:17:28.000Z,DPR RI Tahan Menkominfo Teken Kebijakan Tarif Interkoneksi Jakarta Selular ID Masalah,DPR RI tahan menkominfo teken kebijakan tarif interkoneksi jakarta selular ID masalah,The DPR RI stops the Minister of Communication and Information from signing the Jakarta Cellular ID interconnection tariff policy
1822,2016-08-24T12:50:21.000Z,berbincang dg Ketua Baleg DPR RI DR Supratman sehabis rapat pembahasan ruu ppat Gedung,berbincang dengan ketua baleg DPR RI DARI supratman sehabis rapat pembahasan ruu ppat gedung,"talking with the chairman of the DPR RI baleg, FROM Supratman, after a meeting to discuss the building bill"
1823,2016-08-24T11:45:31.000Z,Rapat Intern Kom X Membahas RUU Ekonomi Kreatif Rabu,rapat intern kom kali membahas RUU ekonomi kreatif rabu,The internal committee meeting discussed the creative economy bill Wednesday
1824,2016-08-24T07:58:45.000Z,Pembahasan sebuah RUU membutuhkan waktu yang cukup panjang BulanLegislasiDPR KenalDPR,pembahasan sebuah RUU membutuhkan waktu yang cukup panjang bulanlegislasidpr kenaldpr,"The discussion of a bill takes quite a long time, months"
1825,2016-08-24T07:52:25.000Z,Retweeted DPR RI Lebih banyak dalam pembahasan RUU tidak menemukan titik temu terletak di,retweeted DPR RI lebih banyak dalam pembahasan RUU tidak menemukan titik temu terletak di,retweeted DPR RI more in discussion of the bill did not find common ground located at
1826,2016-08-24T07:51:07.000Z,Lebih banyak dalam pembahasan RUU tidak menemukan titik temu terletak di Pemerintah BulanLegislasiDPR KenalDPR,lebih banyak dalam pembahasan RUU tidak menemukan titik temu terletak di pemerintah bulanlegislasidpr kenaldpr,"more in the discussion of the bill, not finding common ground lies in the government of the month of legislative pr know dpr"
1827,2016-08-24T07:45:27.000Z,Retweeted Fraksi PKS DPR RI Pandangan Umum Fraksi PKS DPR RI terhadap Keterangan Pemerintah atas,retweeted fraksi PKS DPR RI pandangan umum fraksi PKS DPR RI terhadap keterangan pemerintah atas,retweeted DPR RI PKS faction general view of the DPR RI PKS faction regarding the government's statement
1828,2016-08-24T07:38:56.000Z,Tepi Indonesia RUU yang Melarang Artis Menjadi Anggota DPR Harus Ditolak,tepi indonesia RUU yang melarang artis menjadi anggota DPR harus ditolak,edge of Indonesia The bill that prohibits artists from becoming members of the DPR must be rejected
1829,2016-08-24T06:50:47.000Z,Anggota dewan tdk ikut membahas ruu BulanLegislasiDPR KenalDPR,anggota dewan tidak ikut membahas ruu bulanlegislasidpr kenaldpr,Council members did not participate in discussing the bill for the month of LegislasiDPR KNOWN DPR
1830,2016-08-24T06:49:58.000Z,Bentuk tanggung jawab tidak hanya menerbitkan RUU salah satunya fungsi anggaran Yoks kenalDPR di BulanLegeslasiDPR,bentuk tanggung jawab tidak hanya menerbitkan RUU salah satunya fungsi anggaran yoks kenaldpr di bulanlegeslasidpr,"the form of responsibility is not only issuing bills, one of which is the budget function, let's get to know the dpr at Bulanlegeslasidpr"
1831,2016-08-24T06:49:44.000Z,Anggota wajib berkunjung ke daerah asal pemilihannya utk menyerap aspirasi langsung selama masa reses KenalDPR BulanLegislasiDPR,anggota wajib berkunjung ke daerah asal pemilihannya untuk menyerap aspirasi langsung selama masa reses kenaldpr bulanlegislasidpr,Members are required to visit the area of ​​origin of their election to absorb their aspirations directly during the monthly legislative recess
1832,2016-08-24T06:47:55.000Z,Nyimak penjelasan Bu sekjen DPR RI ttg pembentukan pembahasan RUU BulanLegislasiDPR kenalDPR,menyimak penjelasan bu sekjen DPR RI tentang pembentukan pembahasan RUU bulanlegislasidpr kenaldpr,Listen to the explanation of the Secretary General of the Indonesian House of Representatives regarding the formation of the discussion of the draft bill for the month of Legislation for the Republic of Indonesia
1833,2016-08-24T06:47:17.000Z,RUU harus memenuhi kebutuhan hukum masyarakat dan implementatif cari tau kenalDPR di BulanLegeslasiDPR Good News is Good News,RUU harus memenuhi kebutuhan hukum masyarakat dan implementatif cari tau kenaldpr di bulanlegeslasidpr good news is good news,The bill must meet the legal needs of the community and be implemented. Find out about getting to know DPR at Bulanlegeslasidpr. Good news is good news
1834,2016-08-24T06:46:03.000Z,RUU yg dibahas lingkupnya meliputi semua aspek kehidupan masyarakat Repot dan luarbiasa ya bulanlegislasiDPR kenalDPR,RUU yang dibahas lingkupnya meliputi semua aspek kehidupan masyarakat repot dan luarbiasa ya bulanlegislasidpr kenaldpr,"The scope of the bill being discussed covers all the troublesome and extraordinary aspects of people's lives, Bulanlegislasidpr knows dpr"
1835,2016-08-24T06:45:56.000Z,dPR RI hrs melihat Kuantitas kualitas RUU hrs memenuhi kebutuhan hukum masy BulanLegislasiDPR kenalDPR,dpr RI harus melihat kuantitas kualitas RUU harus memenuhi kebutuhan hukum masy bulanlegislasidpr kenaldpr,"The Indonesian House of Representatives must look at the quantity and quality of the Bill, it must meet the legal needs of the people of the House of Representatives"
1836,2016-08-24T06:45:45.000Z,Pembahasan RUU cukup panjang tidak bisa dibahas sendiri oleh DPR Sekjen DPR BulanLegeslasiDPR KenalDPR,pembahasan RUU cukup panjang tidak dapat dibahas sendiri oleh DPR sekjen DPR bulanlegeslasidpr kenaldpr,"The discussion on the bill is quite long and cannot be discussed by the DPR itself, the DPR Secretary General, Bulanlegeslasidpr, Kenaldpr"
1837,2016-08-24T06:43:58.000Z,Dlm pembahasan tingkat RUU apabila ada deadlock akan menjadi hambatan dlm masa sidang DPR RI BulanLegislasiDPR KenalDPR,dalam pembahasan tingkat RUU apabila ada deadlock akan menjadi hambatan dalam masa sidang DPR RI bulanlegislasidpr kenaldpr,"In the discussion at the bill level, if there is a deadlock, it will become an obstacle during the DPR RI session in the month of Legislation, Legislation and Pre-Known DPR"
1838,2016-08-24T06:43:40.000Z,Salah satu kinerja tidak hanya kuantitas RUU kenalDPR itu kenapa ada BulanLegeslasiDPR baru tau,salah satu kinerja tidak hanya kuantitas RUU kenaldpr itu kenapa ada bulanlegeslasidpr baru tau,"One of the performances is not only the quantity of the draft draft law, but why is there a new month of legislative draft law"
1839,2016-08-24T06:43:10.000Z,Sejak DPR RI berkomitmen jd parlemen modern Sekarang era IT kan Makin mudah u aspirasi rakyat bulanlegislasiDPR kenalDPR,sejak DPR RI berkomitmen jadi parlemen modern sekarang era ITU kan makin mudah kamu aspirasi rakyat bulanlegislasidpr kenaldpr,"Since the Republic of Indonesia's DPR is committed to becoming a modern parliament, now in THAT era, it will be easier for you to get to know the people's aspirations to get to know the DPR"
1840,2016-08-24T06:42:15.000Z,Bu Sekjen DPR RI sdg membahad bgmn menentukan suatu RUU msk ke dlm Program Legislasi Nasional prolegnas BulanLegislasiDPR KenalDPR,bu sekjen DPR RI sedang membahad bagaimana menentukan suatu RUU masuk ke dalam program legislasi nasional prolegnas bulanlegislasidpr kenaldpr,Madam Secretary General of the Indonesian House of Representatives is discussing how to determine whether a bill will be included in the national legislative program Prolegnas BulanLegislasiDPR KNOWN DPR
1841,2016-08-24T06:40:15.000Z,Dalam rapat paripurna masih bnyak perdebatan utk melindungi masyrakat bulanlegislasiDPR kenalDPR,dalam rapat paripurna masih banyak perdebatan untuk melindungi masyrakat bulanlegislasidpr kenaldpr,In the plenary session there was still a lot of debate about protecting the community
1842,2016-08-24T06:39:16.000Z,Mekanisme pembahasan substansi RUU itu terdapat di tingkat I atau di AKD Sekjen DPR BulanLegislasiDPR KenalDPR,mekanisme pembahasan substansi RUU itu terdapat di tingkat i atau di AKD sekjen DPR bulanlegislasidpr kenaldpr,"The mechanism for discussing the substance of the bill is at level i or in the AKD, secretary general of the DPR, Bulanlegislasidpr, Kenaldpr"
1843,2016-08-24T06:30:42.000Z,Alasan kembali tunda pengesahan Perppu Kebiri,alasan kembali tunda pengesahan perppu kebiri,The reason for delaying ratification of the castration regulation again
1844,2016-08-24T06:22:31.000Z,Mulai dari perbaikan website aktif sosmed agar lebih eksis dan mnerima aspirasi rakyat dgn mudah bulanlegislasiDPR kenalDPR,mulai dari perbaikan website aktif sosmed agar lebih eksis dan menerima aspirasi rakyat dengan mudah bulanlegislasidpr kenaldpr,starting from improving the active social media website so that it is more present and accepts people's aspirations easily monthlegislasidpr knowdpr
1845,2016-08-24T05:44:42.000Z,Ketua DPR Ade Komarudin Membukaan Seminar RUU KUHP,ketua DPR adek komarudin membukaan seminar RUU KUHP,DPR chairman Adek Komarudin opened the seminar on the Criminal Code Bill
1846,2016-08-24T03:54:09.000Z,Alasan DPR Kembali Tunda Pengesahan Perppu Kebiri Wakil Ketua DPR RI Agus Hermanto mengaku pihaknya tak ma,alasan DPR kembali tunda pengesahan perppu kebiri wakil ketua DPR RI agus hermanto mengaku pihaknya tak sama,"The reason why the DPR has again postponed the ratification of the Perppu on castration, the deputy chairman of the DPR RI, Agus Hermanto, admits that his party is not the same"
1847,2016-08-24T03:54:07.000Z,OkezonNews Alasan DPR Kembali Tunda Pengesahan Perppu Kebiri Wakil Ketua DPR RI Agus Hermanto mengaku pih,okezonnews alasan DPR kembali tunda pengesahan perppu kebiri wakil ketua DPR RI agus hermanto mengaku pih,okay
1848,2016-08-24T02:59:32.000Z,Dilantik PAW Sutriyono Perkokoh Fraksi PKS DPR RI dalam Berkhidmat untuk Rakyat Rapat Paripurna ke Masa S,dilantik PAW sutriyono perkokoh fraksi PKS DPR RI dalam berkhidmat untuk rakyat rapat paripurna ke masa si,inaugurated by PAW Sutriyono to strengthen the PKS faction of the DPR RI in serving the people at the plenary session into the future
1849,2016-08-24T02:58:06.000Z,Agenda DPR Rabu Pukul WIB Komisi V RDP dengan Kementerian PU Pera membahas RUU Jasa Konstruksi agendaDPR,agenda DPR rabu pukul WIB komisi v RDP dengan kementerian PUNYA pera membahas RUU jasa konstruksi agendadpr,DPR agenda Wednesday at WIB commission v RDP with PUNYA ministry to discuss the construction services bill on the DPR agenda
1850,2016-08-24T02:49:14.000Z,Agenda DPR Rabu Pukul WIB Komisi I Rapat Panja RUU ITE dengan Pemerintah agendaDPR,agenda DPR rabu pukul WIB komisi i rapat panja RUU ITE dengan pemerintah agendadpr,DPR agenda Wednesday at WIB commission i ITE Bill working committee meeting with government dpr agenda
1851,2016-08-24T02:07:06.000Z,Anggota Komisi XI DPR Heri Gunawan Naikkan Harga Rokok Kebijakan Serampangan dan Tak Bijak,anggota komisi XI DPR heri gunawan naikkan harga rokok kebijakan serampangan dan tak bijak,"Member of Commission XI DPR Heri Gunawan increased the price of cigarettes, a haphazard and unwise policy"
1852,2016-08-24T01:50:17.000Z,Dilantik PAW Sutriyono Perkokoh Fraksi PKS DPR RI dalam Berkhidmat untuk Rakyat Rapat Paripurna ke M PKS,dilantik PAW sutriyono perkokoh fraksi PKS DPR RI dalam berkhidmat untuk rakyat rapat paripurna ke sama PKS,inaugurated by PAW Sutriyono to strengthen the PKS faction of the DPR RI in serving the people at the plenary meeting with the PKS
1853,2016-08-24T01:25:46.000Z,Radio ANDIKA Dewan Perwakilan Rakyat DPR sepakat untuk menunda pengesahan Peraturan Pemerintah Pengganti,radio ANDIKA dewan perwakilan rakyat DPR sepakat untuk menunda pengesahan peraturan pemerintah pengganti,ANDIKA radio the DPR's people's representative council agreed to postpone the ratification of the replacement government regulations
1854,2016-08-24T00:31:15.000Z,BeritaPKS Dilantik PAW Sutriyono Perkokoh Fraksi PKS DPR RI dalam Berkhidmat untuk Rakyat Rapat Paripurna,beritapks dilantik PAW sutriyono perkokoh fraksi PKS DPR RI dalam berkhidmat untuk rakyat rapat paripurna,newspks inaugurated by PAW Sutriyono to strengthen the PKS faction of the DPR RI in serving the people at the plenary session
1855,2016-08-24T00:16:39.000Z,Dilantik PAW Sutriyono Perkokoh Fraksi PKS DPR RI dalam Berkhidmat untuk Rakyat Rapat Paripurna k MunasPKS,dilantik PAW sutriyono perkokoh fraksi PKS DPR RI dalam berkhidmat untuk rakyat rapat paripurna ke munaspks,inaugurated by PAW Sutriyono to strengthen the DPR RI PKS faction in serving the people at the plenary meeting at the National Assembly
1856,2016-08-23T23:58:41.000Z,JAKARTA Dewan Perwakilan Rakyat DPR sepakat untuk menunda pengesahan Peraturan Pemerintah Pengganti undan,JAKARTA dewan perwakilan rakyat DPR sepakat untuk menunda pengesahan peraturan pemerintah pengganti undan,"JAKARTA, the DPR's people's representative council agreed to postpone the ratification of the government regulation in lieu of the invitation"
1857,2016-08-23T23:25:21.000Z,Berita Foto Fraksi PKS DPR RI Terima Masukan dari BEM FKM UI tentang RUU Pertembakauan,berita foto fraksi PKS DPR RI terima masukan dari BEM FKM UI tentang RUU pertembakauan,photo news DPR RI PKS faction received input from BEM FKM UI regarding the tobacco bill
1858,2016-08-23T22:47:23.000Z,Rapat Paripurna ke Masa Sidang I Tahun Persidangan hari ini Selasa diawali dengan,rapat paripurna ke masa sidang i tahun persidangan hari ini selasa diawali dengan,"plenary meeting for the first session of the year, Tuesday's session begins with"
1859,2016-08-23T14:46:36.000Z,BAHAYA MANA SHABU DARI CINA ATAU ROKOK? DIMANA KEBIJAKAN ANTISIPATIF PEMERINTAH??,BAHAYA MANA SHABU DARI CINA ATAU ROKOK ? DIMANA KEBIJAKAN ANTISIPATIF PEMERINTAH ? ?,WHICH IS THE DANGER OF CHINESE SHABUS OR CIGARETTES? WHERE IS THE GOVERNMENT'S ANTICIPATIVE POLICY? ?
1860,2016-08-23T12:13:59.000Z,Ketua DPR Tak Ingin Komisi III Buru buru dalam Membahas RUU KUHP Komisi III DPR RI menggelar acara seminar R,ketua DPR tak ingin komisi II buru buru dalam membahas RUU KUHP komisi II DPR RI menggelar acara seminar r,The chairman of the DPR does not want Commission II to rush into discussing the Criminal Code Bill. Commission II of the DPR RI holds a seminar r
1861,2016-08-23T12:13:12.000Z,News Ketua DPR Tak Ingin Komisi III Buru buru dalam Membahas RUU KUHP Komisi III DPR RI menggelar acar TU,news ketua DPR tak ingin komisi II buru buru dalam membahas RUU KUHP komisi II DPR RI menggelar acar ITU,"news The chairman of the DPR does not want Commission II to rush into discussing the Criminal Code Bill, Commission II of the DPR RI holds an ITU event"
1862,2016-08-23T11:44:51.000Z,Hadiri disks RUU Lmbga pendidikan keagamaan di Ruang KK DPR RI Kamis jm,hadiri disks RUU lmbga pendidikan keagamaan di ruang KAKAK DPR RI kamis jm,"attend the diskussion of the Religious Education Institute Bill in the KAKAK room of the Indonesian House of Representatives, Thursday, Jm"
1863,2016-08-23T10:51:10.000Z,Sblm rapat paripurna hrs menjawab awak media ttg VISA Haji n Ahok,sebelum rapat paripurna harus menjawab awak media tentang VISA haji n ahok,before the plenary meeting you have to answer the media crew about the Hajj VISA and Ahok
1864,2016-08-23T08:13:11.000Z,Sidang Paripurna Pandangan umum Fraksi ttg RUU APBN Nota Keuangannya,sidang paripurna pandangan umum fraksi tentang RUU APBN nota keuangannya,"plenary session general views of the factions regarding the APBN Bill, financial notes"
1865,2016-08-23T07:22:57.000Z,Semoga lancar dan sukses utk rapat Paripurna TS DPR_RI DRA DodiReza palembang Muba Sekayu,semoga lancar dan sukses untuk rapat paripurna TS DPR_RI DRA dodireza palembang muba sekayu,Good luck and success for the plenary session of TS DPR_RI DRA dodireza palembang muba sekayu
1866,2016-08-23T04:32:36.000Z,Dr Agus Hermanto bersama pimpinan DPR RI menghadiri Rapat Paripurna Masa Persidangan I TS,dari agus hermanto bersama pimpinan DPR RI menghadiri rapat paripurna masa persidangan i TS,from Agus Hermanto together with the leadership of the DPR RI attended the plenary meeting during the trial of I TS
1867,2016-08-23T06:15:39.000Z,Pandangan Umum Fraksi PPP terhadap RUU APBN Tahun Anggaran nota keuangannya ParipurnaLive,pandangan umum fraksi PP terhadap RUU APBN tahun anggaran nota keuangannya paripurnalive,"General view of the PP faction regarding the APBN Bill for the fiscal year, the financial notes are plenary live"
1868,2016-08-23T06:13:54.000Z,Dewan Perwakilan Rakyat menggelar rapat paripurna kedua yang pada masa persidangan tahun sidang p,dewan perwakilan rakyat menggelar rapat paripurna kedua yang pada masa persidangan tahun sidang p,the people's representative council held its second plenary meeting during the session in session year p
1869,2016-08-23T05:58:46.000Z,Fraksi PKS menyetujui RUU APBN Tahun Anggaran dengan catatan yang diberikan ParipurnaLive,fraksi PKS menyetujui RUU APBN tahun anggaran dengan catatan yang diberikan paripurnalive,The PKS faction approved the APBN Bill for the fiscal year with notes provided by plenary live
1870,2016-08-23T05:37:34.000Z,Aksi para Nelayan LoKaL dlm MengawaL Pemerintahan akan kebijakan nya Pada Landasan Negara UUD,aksi para nelayan lokal dalam mengawal pemerintahan akan kebijakan nya pada landasan negara UUD,the actions of local fishermen in overseeing the government's policies based on the state Constitution
1871,2016-08-23T05:33:29.000Z,Pandangan Umum Fraksi PKS terhadap RUU APBN Tahun Anggaran nota keuangannya ParipurnaLive,pandangan umum fraksi PKS terhadap RUU APBN tahun anggaran nota keuangannya paripurnalive,"general view of the PKS faction regarding the APBN Bill for the fiscal year, the financial notes are plenary live"
1872,2016-08-23T05:31:47.000Z,Fraksi PKB menyetujui RUU APBN Tahun Anggaran dengan catatan yang diberikan ParipurnaLive,fraksi PKB menyetujui RUU APBN tahun anggaran dengan catatan yang diberikan paripurnalive,The PKB faction approved the APBN Bill for the fiscal year with notes provided by plenary live
1873,2016-08-23T05:13:25.000Z,Pandangan Umum Fraksi PKB terhadap RUU APBN Tahun Anggaran nota keuangannya ParipurnaLive,pandangan umum fraksi PKB terhadap RUU APBN tahun anggaran nota keuangannya paripurnalive,general view of the PKB faction towards the APBN Bill for the plenary financial year's fiscal year
1874,2016-08-23T05:11:33.000Z,Fraksi PAN menyetujui RUU APBN Tahun Anggaran dengan catatan yang diberikan ParipurnaLive,fraksi KAPAN menyetujui RUU APBN tahun anggaran dengan catatan yang diberikan paripurnalive,The KAPAN faction approved the APBN Bill for the fiscal year with notes provided by plenary live
1875,2016-08-23T04:53:24.000Z,Pandangan Umum Fraksi PAN terhadap RUU APBN Tahun Anggaran nota keuangannya ParipurnaLive,pandangan umum fraksi KAPAN terhadap RUU APBN tahun anggaran nota keuangannya paripurnalive,"KAPAN faction's general view of the APBN Bill for the fiscal year, the financial notes are plenary live"
1876,2016-08-23T03:49:14.000Z,Agenda Paripurna Pandangan Umum Fraksi atas RUU tentang APBN Tahun Anggaran dan nota keuangannya ParipurnaLive,agenda paripurna pandangan umum fraksi atas RUU tentang APBN tahun anggaran dan nota keuangannya paripurnalive,"plenary agenda, general views of the factions on the Bill on the APBN for the fiscal year and the financial note, plenary live"
1877,2016-08-23T02:12:46.000Z,rapat paripurna sdh terjadwal update terus ya RUUKepalangmerahan Bersama,rapat paripurna sudah terjadwal update terus ya ruukepalangmerahan bersama,"The plenary meeting has been scheduled for continuous updates, let's keep it together"
1878,2016-08-23T02:09:55.000Z,Agenda DPR Selasa Pukul WIB Ketua DPR Ade Komarudin membuka Seminar RUU KUHP agendaDPR,agenda DPR selasa pukul WIB ketua DPR adek komarudin membuka seminar RUU KUHP agendadpr,"DPR agenda, Tuesday at WIB, the chairman of the DPR, Adek Komarudin, opened a seminar on the Draft Criminal Code Bill on the DPR agenda"
1879,2016-08-22T13:36:40.000Z,Seminar RUU KUHP dengan tema Evaluasi dan Perkembangan Hukum Pidana di Indonesia di Gedung Pustaka Loka DPR RI,seminar RUU KUHP dengan tema evaluasi dan perkembangan hukum pidana di indonesia di gedung pustaka loka DPR RI,seminar on the Criminal Code Bill with the theme evaluation and development of criminal law in Indonesia at the DPR RI local library building
1880,2016-08-22T11:41:25.000Z,sebagai wakil rakyat YANG MULIA apa waras cuti bulan gaji dibayar full? enak ya seperti dana reses DPR?,sebagai wakil rakyat YANG MULIA apa waras cuti bulan gaji dibayar full ? enak ya seperti dana reses DPR ?,"As a representative of the people, HONESTLY, is it sane to take a month's leave with a full salary? Isn't it nice like the DPR recess funds?"
1881,2016-08-22T11:26:12.000Z,Soal Gugatan Ahok Fadli Zon MK Masih Waras,soal gugatan ahok fadli zon MAKA masih waras,regarding Ahok Fadli Zon's lawsuit THEN he is still sane
1882,2016-08-22T09:43:40.000Z,Wakil Ketua DPR DPR Catat Ada Perbaikan Kebijakan Penyelenggaraan Haji,wakil ketua DPR DPR catat ada perbaikan kebijakan penyelenggaraan haji,The deputy chairman of the DPR DPR noted that there had been improvements to the Hajj implementation policy
1883,2016-08-22T08:54:52.000Z,Wakil Ketua DPR RI Fahri Hamzah mendukung wacana dilakukannya revisi Undang Undang Kewarganegaraan,wakil ketua DPR RI fahri hamzah mendukung wacana dilakukannya revisi undang undang kewarganegaraan,"Deputy chairman of the DPR RI, Fahri Hamzah, supports the discourse on revising the citizenship law"
1884,2016-08-22T04:29:02.000Z,Rapat paripurna with Ihsansansan Diana Risky and others at Gedung Nusantara DPR RI,rapat paripurna with ihsansansan diana risky and others at gedung nusantara DPR RI,plenary meeting with ihsansansan diana risky and others at the Indonesian DPR Nusantara Building
1885,2016-08-22T01:59:43.000Z,Agenda DPR Senin Pukul WIB Banggar DPR Rapat Panja Kesimpulan RUU Pertanggungjawaban APBN TA agendaDPR,agenda DPR senin pukul WIB banggar DPR rapat panja kesimpulan RUU pertanggungjawaban APBN TA agendadpr,"DPR agenda, Monday at WIB, the DPR will hold a committee meeting to conclude the TA APBN accountability bill, DPR agenda"
1886,2016-08-22T01:49:44.000Z,VenzTime Komisi I DPR RI akan segera membentuk Panja Interkoneksi untuk mengawal kebijakan tarif ini karena,venztime komisi i DPR RI akan segera membentuk panja interkoneksi untuk mengawal kebijakan tarif ini karena,venztime commission i DPR RI will immediately form an interconnection committee to oversee this tariff policy because
1887,2016-08-22T01:44:16.000Z,Komisi I DPR RI akan segera membentuk Panja Interkoneksi untuk mengawal kebijakan tarif ini karena dinilai be,komisi i DPR RI akan segera membentuk panja interkoneksi untuk mengawal kebijakan tarif ini karena dinilai be,Commission i DPR RI will immediately form an interconnection committee to oversee this tariff policy because it is considered to be
1888,2016-08-22T01:08:34.000Z,Radio ANDIKA Wakil Ketua DPR RI Fahri Hamzah menyatakan semua kebijakan Menteri Energi dan Sumber Daya,radio ANDIKA wakil ketua DPR RI fahri hamzah menyatakan semua kebijakan menteri energi dan sumber daya,"ANDIKA radio, deputy chairman of the DPR RI, Fahri Hamzah, stated all the policies of the Minister of Energy and Resources"
1889,2016-08-22T00:47:46.000Z,Fraksi Kesenjangan Ekonomi Masih Sangat Lebar Perlu Kebijakan Lebih Kuat Wakil Ketua Fraksi PKS DPR RI Bid,fraksi kesenjangan ekonomi masih sangat lebar perlu kebijakan lebih kuat wakil ketua fraksi PKS DPR RI bid,"The economic gap is still very wide, requires stronger policies, the deputy chairman of the PKS faction, DPR RI, bids"
1890,2016-08-21T19:20:36.000Z,JAKARTA Wakil Ketua DPR RI Fahri Hamzah menyatakan semua kebijakan Menteri Energi dan Sumber Daya Mineral,JAKARTA wakil ketua DPR RI fahri hamzah menyatakan semua kebijakan menteri energi dan sumber daya mineral,"JAKARTA, Deputy Chairman of the Indonesian House of Representatives, Fahri Hamzah, stated all the policies of the Minister of Energy and Mineral Resources"
1891,2016-08-21T08:09:49.000Z,JANGANKAN ROKOK Rb MOTOR AJA KEBELI ? APA KEBIJAKAN DIBUAT MAKIN BIKIN KAYA PENGUSAHA ?,JANGANKAN ROKOK ribu MOTOR SAJA KEBELI ? APA KEBIJAKAN DIBUAT MAKIN BIKIN SEPERTI PENGUSAHA ?,SHOULDN'T YOU JUST BUY CIGARETTE FOR THOUSAND MOTORCYCLES? CAN POLICIES BE MADE MORE LIKE ENTREPRENEURS?
1892,2016-08-21T02:32:25.000Z,anggota dpr urus panjat bambu jangan lah pak urus aja kebijakan pemerintah yg menyimpang,anggota dpr urus panjat bambu jangan lah pak urus saja kebijakan pemerintah yang menyimpang,"DPR members take care of bamboo climbing, sir, don't just take care of deviant government policies"
1893,2016-08-20T10:23:17.000Z,Komisi VII Realisasi Revisi UU Migas Rampung Akhir Tahun Ini Komisi VII DPR RI memberikan sinyal bahwa revisi Undang Undang Minyak,komisi VII realisasi revisi UU migas rampung akhir tahun ini komisi VII DPR RI memberikan sinyal bahwa revisi undang undang minyak,Commission VII realization of the revision of the oil and gas law completed at the end of this year Commission VII DPR RI gave a signal that the revision of the oil law
1894,2016-08-20T10:20:35.000Z,Komisi VII DPR RI memberikan sinyal bahwa revisi Undang Undang Minyak dan Gas Bumi UU Migas bisa selesai ak,komisi VII DPR RI memberikan sinyal bahwa revisi undang undang minyak dan gas bumi UU migas dapat selesai aku,"Commission VII DPR RI has given a signal that the revision of the oil and natural gas law, the oil and gas law, can be completed"
1895,2016-08-19T17:21:34.000Z,Jika Revolusi Mental jadi kebijakan prioritas mungkin Indonesia damai dgn sendirinya saling menghargai antara umat yg lain,jika revolusi mental jadi kebijakan prioritas mungkin indonesia damai dengan sendirinya saling menghargai antara umat yang lain,"If mental revolution becomes a priority policy, maybe Indonesia will be at peace and will automatically respect each other's people"
1896,2016-08-19T16:28:38.000Z,Kurangnya dukungan kebijakan dan lemahnya koordinasi antar lembaga yg membuat Revolusi Mental hanya HOAX,kurangnya dukungan kebijakan dan lemahnya koordinasi antar lembaga yang membuat revolusi mental hanya HOAX,lack of policy support and weak coordination between institutions which makes the mental revolution just a HOAX
1897,2016-08-19T15:57:46.000Z,Wis DPR RI segera canangkan RUU Purging untuk tahun depan,wis DPR RI segera canangkan RUU purging untuk tahun depan,wis the DPR RI will immediately launch a purging bill for next year
1898,2016-08-19T15:57:02.000Z,JKTJanken vs Winner Aurel,jktjanken vs winner aurel,jktjanken vs winner aurel
1899,2016-08-19T12:34:10.000Z,Menghadiri Rapat Paripurna Dewan Perwakilan Rakyat Daerah Kota Bogor,menghadiri rapat paripurna dewan perwakilan rakyat daerah kota bogor,attended the plenary meeting of the Bogor City Regional People's Representative Council
1900,2016-08-19T07:43:19.000Z,Wakil Rakyat Perlu Elak Politikkan RUU,wakil rakyat perlu elak politikkan RUU,People's representatives need to avoid politicizing the bill
1901,2016-08-19T02:51:00.000Z,karena wakil partai di DPR memposisikan diri mereka sebagai majikan bukan pengambil kebijakan atau jadi wakil rakyat,karena wakil partai di DPR memposisikan diri mereka sebagai majikan bukan pengambil kebijakan atau jadi wakil rakyat,"because party representatives in the DPR position themselves as employers, not policy makers or representatives of the people"
1902,2016-08-18T14:47:17.000Z,Wakil rakyat perlu elak politikkan RUU by SinarOnline,wakil rakyat perlu elak politikkan RUU by sinaronline,People's representatives need to avoid politicizing the bill by SinarOnline
1903,2016-08-18T14:46:18.000Z,Wakil rakyat perlu elak politikkan RUU,wakil rakyat perlu elak politikkan RUU,People's representatives need to avoid politicizing the bill
1904,2016-08-18T10:34:07.000Z,BP Doa Penutup Anggota DPR saat Rapat Paripurna Berdasarkan Realitas,BP doa penutup anggota DPR saat rapat paripurna berdasarkan realitas,BP's closing prayer for DPR members during the plenary session is based on reality
1905,2016-08-18T10:18:04.000Z,Doa penutup anggota saat rapat Paripurna berdasarkan realitas,doa penutup anggota saat rapat paripurna berdasarkan realitas,Members' closing prayers during plenary meetings are based on reality
1906,2016-08-18T10:14:04.000Z,Doa Penutup Anggota DPR saat Rapat Paripurna Berdasarkan Realitas,doa penutup anggota DPR saat rapat paripurna berdasarkan realitas,The closing prayer of DPR members during the plenary session is based on reality
1907,2016-08-18T10:03:31.000Z,News Doa Penutup Anggota DPR saat Rapat Paripurna Berdasarkan Realitas followMe follback,news doa penutup anggota DPR saat rapat paripurna berdasarkan realitas followme follback,news DPR members' closing prayer during plenary session based on reality followme follback
1908,2016-08-18T05:23:23.000Z,SAHKAN RUU ANTI MIRAS cc URGENT ASAP,SAHKAN RUU ANTI MIRAS cc URGENT ASAP,PASS THE ANTI DRINKING BILL cc URGENT SMOKE
1909,2016-08-18T03:46:47.000Z,Ayooo RUU penyiaranya di beresin bapak bapak,ayo RUU penyiaranya di beresin bapak bapak,"Come on, let's get the broadcasting bill sorted out, sirs"
1910,2016-08-18T03:09:16.000Z,Anggota DPR RI Malas Sosialisasikan Kebijakan Tax Amnesty,anggota DPR RI malas sosialisasikan kebijakan tax amnesty,DPR RI members are lazy about socializing the tax amnesty policy
1911,2016-08-18T01:35:35.000Z,InfoRAKA Isi doa pada Rapat Paripurna Pembukaan Masa Persidangan I DPR RI tahun sidang menuai pro kontra,inforaka isi doa pada rapat paripurna pembukaan masa persidangan i DPR RI tahun sidang menuai pro kontra,The information on the contents of the prayer at the opening plenary session of the session of the Republic of Indonesia's first session of the session reaped the pros and cons
1912,2016-08-17T23:23:15.000Z,Ketua DPR RI Ade Komarudin mengatakan pihaknya kemungkinan akan mengusulkan evaluasi Program Legislasi Nasion,ketua DPR RI adek komarudin mengatakan pihaknya kemungkinan akan mengusulkan evaluasi program legislasi nasion,"Chairman of the DPR RI, Adek Komarudin, said that his party would likely propose an evaluation of the national legislation program"
1913,2016-08-17T15:19:52.000Z,VenzTime Anggota Komisi XI DPR RI Refrizal menginginkan berbagai kebijakan fiskal pemerintah dapat memperkua,venztime anggota komisi XI DPR RI refrizal menginginkan berbagai kebijakan fiskal pemerintah dapat memperkua,Venztime member of Commission XI DPR RI Refrizal wants various government fiscal policies to be strengthened
1914,2016-08-17T15:18:44.000Z,Anggota DPR perkuat peran pembangunan BUMN Anggota Komisi XI DPR RI Refrizal menginginkan berbagai kebijakan,anggota DPR perkuat peran pembangunan BUMN anggota komisi XI DPR RI refrizal menginginkan berbagai kebijakan,DPR members strengthen the role of BUMN development. Members of Commission XI DPR RI refrizal want various policies
1915,2016-08-17T10:24:43.000Z,Tanggal Agustus akan digelar Rapat Paripurna DPR dengan agenda tunggal HUT DPR RI Ke,tanggal agustus akan digelar rapat paripurna DPR dengan agenda tunggal HUT DPR RI ke,"On August, a plenary session of the DPR will be held with the sole agenda of the DPR RI's anniversary"
1916,2016-08-17T07:58:45.000Z,Ada momen yang bikin heboh publik pada Rapat Paripurna Pembukaan Masa Persidangan I DPR RI tahun sidang,ada momen yang bikin heboh publik pada rapat paripurna pembukaan masa persidangan i DPR RI tahun sidang,There was a moment that caused a stir among the public at the opening plenary session of the first session of the DPR RI session year
1917,2016-08-17T07:28:00.000Z,Anggota Komisi XI Dewan Perwakilan Rakyat Republik Indonesia DPR RI Refrizal meminta berbagai kebijakan fis,anggota komisi XI dewan perwakilan rakyat republik indonesia DPR RI refrizal meminta berbagai kebijakan fis,Member of Commission
1918,2016-08-17T07:26:51.000Z,Anggota Komisi XI Dewan Perwakilan Rakyat Republik Indonesia DPR RI Refrizal meminta berbagai kebijakan fiskal pemerintah,anggota komisi XI dewan perwakilan rakyat republik indonesia DPR RI refrizal meminta berbagai kebijakan fiskal pemerintah,Member of Commission XI of the People's Representative Council of the Republic of Indonesia DPR RI refrizal asked for various government fiscal policies
1919,2016-08-17T07:19:20.000Z,Heboh Doa Penutup Anggota DPR Dalam Rapat Paripurna,heboh doa penutup anggota DPR dalam rapat paripurna,There was a stir in the closing prayers of DPR members in the plenary session
1920,2016-08-17T06:46:53.000Z,Doa dalam Rapat Paripurna Pembukaan Masa Persidangan I DPR RI tahun sidang di Gd DPR MPR kemarin cukup membuat heboh khalayak,doa dalam rapat paripurna pembukaan masa persidangan i DPR RI tahun sidang di gd DPR MPR kemarin cukup membuat heboh khalayak,The prayer at the opening plenary session of the DPR RI's first session of the session at the DPR MPR hall yesterday caused quite a stir among the audience
1921,2016-08-17T06:41:42.000Z,Inilah aspirasiku aspirasi rakyat Semoga ini mnjdi agenda mendesak pemerintah terkait Aspirasi,inilah aspirasiku aspirasi rakyat semoga ini menjadi agenda mendesak pemerintah terkait aspirasi,"these are my aspirations, the aspirations of the people, hopefully this will become the government's urgent agenda regarding aspirations"
1922,2016-08-17T06:25:15.000Z,Cc jangan berani ya kompromi yg untungkan golonganmu tp merusak bangsa ini dg setujui RUU tersebut !,cc jangan berani ya kompromi yang untungkan golonganmu tetapi merusak bangsa ini dengan setujui RUU tersebut !,"cc, don't you dare make a compromise that benefits your group but damages this nation by agreeing to this bill!"
1923,2016-08-17T02:41:38.000Z,Medan Heboh Isi Doa Penutup Rapat Paripurna Persidangan I DPR RI,medan heboh isi doa penutup rapat paripurna persidangan i DPR RI,The field was excited by the closing prayer of the plenary session of the DPR RI trial
1924,2016-08-17T02:37:20.000Z,perjuangan untuk tidak tidur di tengah rapat paripurna seperti itu,perjuangan untuk tidak tidur di tengah rapat paripurna seperti itu,the struggle not to sleep in the middle of a plenary meeting like that
1925,2016-08-17T01:32:05.000Z,MedanDotCom Heboh Isi Doa Penutup Rapat Paripurna Persidangan I DPR RI MedanIniHari,medandotcom heboh isi doa penutup rapat paripurna persidangan i DPR RI medaninihari,Medandotcom was excited about the closing prayer of the plenary session of the Indonesian DPR RI Medan this day
1926,2016-08-17T01:31:59.000Z,Heboh Isi Doa Penutup Rapat Paripurna Persidangan I DPR RI,heboh isi doa penutup rapat paripurna persidangan i DPR RI,There was excitement in the closing prayer of the plenary session of the DPR RI trial
1927,2016-08-17T01:00:08.000Z,Pembukaan Masa Persidangan Tahun DPR RI Presiden Joko Widodo Menyampaikan tiga Kebijakan GMI_MNCNews,pembukaan masa persidangan tahun DPR RI presiden joko widodo menyampaikan tiga kebijakan gmi_mncnews,"opening of the DPR RI session, President Joko Widodo conveyed three policies gmi_mncnews"
1928,2016-08-16T11:58:10.000Z,Paripurna DPRD Setujui Pertanggungjawaban APBD Makassar Rapat paripurna DPRD Dewan Perwakilan Rakyat,paripurna DPRD setujui pertanggungjawaban APBD makassar rapat paripurna DPRD dewan perwakilan rakyat,DPRD plenary session approves accountability of the Makassar APBD. DPRD plenary meeting of the people's representative council
1929,2016-08-16T10:09:09.000Z,Bersama Bapak Presiden jokowi setelah Pidato Nota Keuangan RAPBN di Rapat Paripurna DPR_RI,bersama bapak presiden jokowi setelah pidato nota keuangan RAPBN di rapat paripurna DPR_RI,with Mr President Jokowi after his speech on the RAPBN financial note at the DPR_RI plenary session
1930,2016-08-16T09:38:43.000Z,Rapat Paripurna DPR RI,rapat paripurna DPR RI,DPR RI plenary meeting
1931,2016-08-16T09:24:21.000Z,Ketua DPR Kesulitan Ciptakan Kesempatan Bagi Mereka yang Aktif dan Kreatif Pada Rapat Paripurna Pembukaan Masa,ketua DPR kesulitan ciptakan kesempatan bagi mereka yang aktif dan kreatif pada rapat paripurna pembukaan masa,The chairman of the DPR has difficulty creating opportunities for those who are active and creative at the opening plenary session
1932,2016-08-16T09:09:59.000Z,dijajah lewat undang undang rokok yg disahkan wakil rakyat indutri rokok rakyat bangkrut n mati pelan,dijajah lewat undang undang rokok yang disahkan wakil rakyat indutri rokok rakyat bangkrut n mati pelan,"colonized through a cigarette law passed by people's representatives, the people's cigarette industry went bankrupt and died slowly"
1933,2016-08-16T08:54:02.000Z,Seluruh rangkaian Rapat Paripurna DPR RI dengan agenda pembacaan RUU APBN TA telah selesai ParipurnaDPR,seluruh rangkaian rapat paripurna DPR RI dengan agenda pembacaan RUU APBN TA telah selesai paripurnadpr,The entire series of DPR RI plenary meetings with the agenda of reading the TA APBN Bill has been completed in plenary session
1934,2016-08-16T08:51:32.000Z,Rapat Paripurna dengan agenda Pidato Ketua DPR RI dan Penyampaian RUU APBN dan Nota Keuangan oleh Presiden Jokowi telah selesai,rapat paripurna dengan agenda pidato ketua DPR RI dan penyampaian RUU APBN dan nota keuangan oleh presiden jokowi telah selesai,The plenary meeting with the agenda of the chairman of the DPR RI's speech and the presentation of the APBN Bill and financial note by President Jokowi has been completed
1935,2016-08-16T08:41:53.000Z,Pidato presiden Republik Indonesia tentang RUU APBN pada sidang paripurna DPR RI DPD RI tgl Agustus,pidato presiden republik indonesia tentang RUU APBN pada sidang paripurna DPR RI DPD RI tanggal agustus,speech by the President of the Republic of Indonesia regarding the APBN Bill at the plenary session of the DPR RI DPD RI on August
1936,2016-08-16T08:10:40.000Z,Presiden telah selesai menyampaikan RUU APBN Tahun Anggaran beserta nota keuangannya ParipurnaDPR,presiden telah selesai menyampaikan RUU APBN tahun anggaran beserta nota keuangannya paripurnadpr,The president has finished submitting the APBN Bill for the fiscal year along with the financial note to the plenary session
1937,2016-08-16T08:03:50.000Z,Kebijakan pembiayaan utk memperkuat daya tahan dan pengendalian resiko dgn menjaga defisit dan rasio utang ParipurnaDPR,kebijakan pembiayaan untuk memperkuat daya tahan dan pengendalian resiko dengan menjaga defisit dan rasio utang paripurnadpr,financing policy to strengthen resilience and control risks by maintaining the deficit and plenary debt ratio
1938,2016-08-16T08:03:42.000Z,kebijakan perpajakan yg mendukung gerak perekonomian Kebijakan belanja lebih menekankan pd peningkatan kualitas belanja produktif,kebijakan perpajakan yang mendukung gerak perekonomian kebijakan belanja lebih menekankan pada peningkatan kualitas belanja produktif,"tax policies that support economic movement, spending policies place more emphasis on improving the quality of productive spending"
1939,2016-08-16T08:03:18.000Z,RAPBN disusun dengan berpedoman pada kebijakan utama Presiden ParipurnaDPR,RAPBN disusun dengan berpedoman pada kebijakan utama presiden paripurnadpr,The RAPBN is prepared based on the main policies of the plenary president
1940,2016-08-16T08:02:37.000Z,Dalam pembukaan Rapat Paripurna DPR RI Presiden mengucapkan terima kasih atas masukan yg disampaikan Ketua DPR pd pendahuluan ParipurnaDPR,dalam pembukaan rapat paripurna DPR RI presiden mengucapkan terima kasih atas masukan yang disampaikan ketua DPR pada pendahuluan paripurnadpr,"At the opening of the DPR RI plenary session, the President expressed his gratitude for the input submitted by the DPR chairman at the preliminaries to the DPR RI plenary session"
1941,2016-08-16T08:02:05.000Z,Demikian beberap poin penting pidato Ketua DPR Ade Komarudin dalam Rapat Paripurna DPR RI mengenai RUU APBN ParipurnaDPR,demikian beberap poin penting pidato ketua DPR adek komarudin dalam rapat paripurna DPR RI mengenai RUU APBN paripurnadpr,"These are some of the important points from the speech of the chairman of the DPR, Adek Komarudin, in the plenary session of the DPR RI regarding the plenary APBN Bill."
1942,2016-08-16T07:55:35.000Z,Trend Alert Rapat Paripurna DPR RI More trends at trndnl,trend alert rapat paripurna DPR RI more trends at trndnl,trend alert DPR RI plenary session more trends at trndnl
1943,2016-08-16T07:53:54.000Z,⒍ Rapat Paripurna DPR RI ⒎ AKU KAMU DIA ⒏ Creative Box ⒐ Coach ⒑ Ketik SET WIB trndnl,⒍ rapat paripurna DPR RI ⒎ AKU KAMU DIA ⒏ creative box ⒐ coach ⒑ ketik SET WIB trndnl,⒍ DPR RI plenary meeting ⒎ I AM YOU HE ⒏ creative box ⒐ coach ⒑ type SET WIB trndnl
1944,2016-08-16T07:53:09.000Z,Kemenangan Terbesar TAIPANQQ BBM BDBE SiapSiapan Rapat Paripurna DPR RI AKU KAMU DIA Creative Box Coach,kemenangan terbesar TAIPANQQ BBM BDBE siapsiapan rapat paripurna DPR RI AKU KAMU DIA creative box coach,TAIPANQQ's biggest win BBM BDBE preparation for the DPR RI plenary meeting I AM YOU HE creative box coach
1945,2016-08-16T07:53:00.000Z,Trick Memilih Meja Hoki TAIPANQQ BBM BDBE SiapSiapan Rapat Paripurna DPR RI AKU KAMU DIA Creative Box Coach,trick memilih meja hoki TAIPANQQ BBM BDBE siapsiapan rapat paripurna DPR RI AKU KAMU DIA creative box coach,tricks for choosing a TAIPANQQ hockey table BBM BDBE prepare for the DPR RI plenary meeting I AM YOU HE creative box coach
1946,2016-08-16T07:42:21.000Z,Presiden menyampaikan pidato RAPBN dalam Rapat Paripurna DPR RI SpecialReport,presiden menyampaikan pidato RAPBN dalam rapat paripurna DPR RI specialreport,The president delivers a speech on the RAPBN at the DPR RI plenary session special report
1947,2016-08-16T07:39:07.000Z,Rendahnya penyerapan disebabkan faktor perencanaan manajemen kelembagaan kebijakan serta penyerapan anggaran di akhir tahun ParipurnaDPR,rendahnya penyerapan disebabkan faktor perencanaan manajemen kelembagaan kebijakan serta penyerapan anggaran di akhir tahun paripurnadpr,The low absorption is due to institutional policy management planning factors and budget absorption at the end of the plenary year
1948,2016-08-16T07:37:48.000Z,Penyampaian Pidato Presiden mengenai RUU APBN merupakan bagian dari pelaksanaan fungsi legislasi dan anggaran DPR ParipurnaDPR,penyampaian pidato presiden mengenai RUU APBN merupakan bagian dari pelaksanaan fungsi legislasi dan anggaran DPR paripurnadpr,The delivery of the president's speech regarding the APBN Bill is part of the implementation of the legislative and budgetary functions of the plenary DPR
1949,2016-08-16T07:33:11.000Z,Agenda Sidang Tahunan MPR Sidang Bersama DPR DPD serta Rapat Paripurna DPR RI Selasa Info,agenda sidang tahunan MPR sidang bersama DPR DPD serta rapat paripurna DPR RI selasa info,"agenda for the annual session of the MPR joint session with the DPR DPD and the DPR RI plenary meeting on Tuesday, information"
1950,2016-08-16T07:27:39.000Z,wirabuana korem Dandim Buton menghadiri Rapat Paripurna Istimewa Dewan Perwakilan Rakya Kodim,wirabuana korem dandim buton menghadiri rapat paripurna istimewa dewan perwakilan rakya kodim,Wirabuana Korem Dandim Buton attended the special plenary meeting of the Kodim People's Representative Council
1951,2016-08-16T07:24:58.000Z,Resmi dibuka DPR RI gelar rapat paripurna dgn agenda pidato Presiden ttg RAPBN dan Nota Keuangan,resmi dibuka DPR RI gelar rapat paripurna dengan agenda pidato presiden tentang RAPBN dan nota keuangan,DPR RI officially opened to hold a plenary session with the agenda being the president's speech on the RAPBN and financial notes
1952,2016-08-16T07:24:43.000Z,Berdasarkan catatan Sekjen DPR RI Rapat Paripurna ini dihadiri oleh anggota DPR Rangkaian acara juga akan diisi oleh pidato Presiden,berdasarkan catatan sekjen DPR RI rapat paripurna ini dihadiri oleh anggota DPR rangkaian acara juga akan diisi oleh pidato presiden,"Based on the notes of the Secretary General of the DPR RI, this plenary meeting will be attended by members of the DPR. The series of events will also include a presidential speech"
1953,2016-08-16T07:21:59.000Z,Paripurna Ade Komarudin Jabar ke empat ttg RUU APBN Surat tsb sesuai aturan DPR RI akan ditindaklanjuti,paripurna adek komarudin jabar ke empat tentang RUU APBN surat tersebut sesuai aturan DPR RI akan ditindaklanjuti,"Adek Komarudin West Java's fourth plenary session regarding the APBN Bill, according to DPR RI regulations, this letter will be followed up"
1954,2016-08-16T07:17:04.000Z,Rapat Paripurna DPR dengan agenda Pembukaan Masa Persidangan I Tahun Sidang dan pembacaan RUU APBN dan nota keuanganya,rapat paripurna DPR dengan agenda pembukaan masa persidangan i tahun sidang dan pembacaan RUU APBN dan nota keuanganya,DPR plenary meeting with the agenda of opening the first session of the session and reading of the APBN Bill and financial notes
1955,2016-08-16T06:18:20.000Z,RT SindotrijayaFM LintasINFO DPR RI pada siang hari ini akan gelar rapat paripurna dgn agenda pidato Presiden jokowi perihal RAPBN,RT sindotrijayafm lintasinfo DPR RI pada siang hari ini akan gelar rapat paripurna dengan agenda pidato presiden jokowi perihal RAPBN,RT sindotrijayafm Lintasinfo DPR RI this afternoon will hold a plenary meeting with the agenda of President Jokowi's speech regarding the RAPBN
1956,2016-08-16T06:15:05.000Z,LintasINFO DPR RI pada siang hari ini akan gelar rapat paripurna dgn agenda pidato Presiden perihal RAPBN dan Nota Keuangan,lintasinfo DPR RI pada siang hari ini akan gelar rapat paripurna dengan agenda pidato presiden perihal RAPBN dan nota keuangan,Lintasinfo DPR RI this afternoon will hold a plenary meeting with the agenda of the president's speech regarding the RAPBN and financial notes
1957,2016-08-16T04:39:36.000Z,Presiden Wakil Presiden didampingi Pimpinan DPR dan Pimpinan DPD meninggalkan Ruang Rapat Paripurna SidangBersama,presiden wakil presiden didampingi pimpinan DPR dan pimpinan DPD meninggalkan ruang rapat paripurna sidangbersama,"The president, vice president, accompanied by the leadership of the DPR and the leadership of the DPD, left the plenary meeting room of the joint session"
1958,2016-08-16T04:37:34.000Z,Rangkaian SidangBersama DPR RI dan DPD RI telah selesai dan akan dilanjutkan Rapat ParipurnaDPR dengan agenda pembacaan RUU APBN,rangkaian sidangbersama DPR RI dan DPD RI telah selesai dan akan dilanjutkan rapat paripurnadpr dengan agenda pembacaan RUU APBN,The series of joint sessions between the DPR RI and DPD RI has been completed and will be continued by the plenary session with the agenda of reading the APBN Bill.
1959,2016-08-16T03:27:18.000Z,harus gunakan haknya utk bertanya kpd Presiden selidiki kebijakan apa saja yg sudah dilakukan oleh WNA,harus gunakan haknya untuk bertanya kepada presiden selidiki kebijakan apa saja yang sudah dilakukan oleh WNA,must use their right to ask the president to investigate what policies have been implemented by foreigners
1960,2016-08-16T03:23:26.000Z,Dalam pelaksanaan fungsi penganggaran Pemerintah DPR RI sedang membahas RUU APBN RUU Pertanggungjawaban Pelaksanaan APBN,dalam pelaksanaan fungsi penganggaran pemerintah DPR RI sedang membahas RUU APBN RUU pertanggungjawaban pelaksanaan APBN,"In carrying out the government's budgeting function, the DPR RI is discussing the APBN Bill, the APBN Implementation Accountability Bill"
1961,2016-08-16T03:20:58.000Z,Tahun Pemerintah DPR RI telah selesaikan RUU utk disahkan menjadi UU Diantaranya UU tentang Tabungan Perumahan Rakyat,tahun pemerintah DPR RI telah selesaikan RUU untuk disahkan menjadi UU diantaranya UU tentang tabungan perumahan rakyat,"Last year, the DPR RI government completed a bill to be passed into law, including the law on public housing savings"
1962,2016-08-16T02:49:49.000Z,Apa sih tax amnesti? Mengapa ada kebijakan yg merugikan seperti ini apa yg ada dipikiran kalian wahai wakil rakyat?,apa sih tax amnesti ? mengapa ada kebijakan yang merugikan seperti ini apa yang ada dipikiran kalian wahai wakil rakyat ?,"what is tax amnesty? Why is there a detrimental policy like this? What are you thinking, representatives of the people?"
1963,2016-08-16T02:48:21.000Z,Bukan sbrp banyak Undang Undang yg dihasilkan namun hrs dilihat dr kualitas UU yang dihasilkan,bukan sbrp banyak undang undang yang dihasilkan tetapi harus dilihat dari kualitas UU yang dihasilkan,"It's not about how many laws are produced, but it must be seen from the quality of the laws that are produced"
1964,2016-08-16T02:36:58.000Z,Bukan seberapa banyak Undang Undang yg dihasilkan namun harus dilihat dari kualitas Undang Undang yang dihasilkan SidangTahunan,bukan seberapa banyak undang undang yang dihasilkan tetapi harus dilihat dari kualitas undang undang yang dihasilkan sidangtahunan,"It is not about how many laws are produced, but it must be seen from the quality of the laws produced at the annual session"
1965,2016-08-16T02:35:50.000Z,Presiden mengucapkan terima kasih kepada DPR yang telah menjalankan fungsinya menyelesaikan beberapa Undang Undang SidangTahuna,presiden mengucapkan terima kasih kepada DPR yang telah menjalankan fungsinya menyelesaikan beberapa undang undang sidangtahuna,The president thanked the DPR for carrying out its function in finalizing several laws during the annual session
1966,2016-08-16T02:22:00.000Z,Agenda Sidang Tahunan MPR Sidang Bersama DPR dan DPD serta Rapat Paripurna DPR RI Selasa Foto,agenda sidang tahunan MPR sidang bersama DPR dan DPD serta rapat paripurna DPR RI selasa foto,agenda for the annual session of the MPR joint session of the DPR and DPD as well as the DPR RI plenary meeting on Tuesday photo
1967,2016-08-16T02:20:48.000Z,Suasana Ruang Rapat Paripurna I pelaksanaan SidangTahunan MPR SidangBersama DPR DPD serta ParipurnaDPR,suasana ruang rapat paripurna i pelaksanaan sidangtahunan MPR sidangbersama DPR DPD serta paripurnadpr,the atmosphere of the plenary meeting room in the implementation of the annual session of the MPR joint session with the DPR DPD and the plenary session of the DPR DPD
1968,2016-08-16T02:17:11.000Z,LiputanSonora anggota DPR hadir dlm Rapat Paripurna brsm Presiden Presiden nanti akan Pidato soal RAPBN,liputansonora anggota DPR hadir dalam rapat paripurna brsm presiden presiden nanti akan pidato soal RAPBN,"Kuncisonora Members of the DPR are present at the plenary session with the President, who will later give a speech on the RAPBN"
1969,2016-08-16T02:15:54.000Z,orang anggota DPR hadir dalam Rapat Paripurna DPR bersama Presiden Presiden pun nanti akan Pidato soal RAPBN,orang anggota DPR hadir dalam rapat paripurna DPR bersama presiden presiden pun nanti akan pidato soal RAPBN,Members of the DPR will attend the DPR plenary meeting with the president and will also give a speech on the RAPBN
1970,2016-08-16T01:57:27.000Z,Suasana Ruang Rapat Paripurna I untuk pelaksanaan SidangTahunan MPR SidangBersama DPR DPD serta ParipurnaDPR,suasana ruang rapat paripurna i untuk pelaksanaan sidangtahunan MPR sidangbersama DPR DPD serta paripurnadpr,the atmosphere of the plenary meeting room for the implementation of the annual session of the MPR joint session with the DPR DPD and the plenary session
1971,2016-08-16T01:32:20.000Z,_DPR RI BISU TULI BEM UI Langgar Tiga Undang Undang Presiden Jokowi Harus,_DPR RI BISU TULI BEM UI langgar tiga undang undang presiden jokowi harus,_DPR RI DEAF-MUTE BEM UI violates three laws that President Jokowi must
1972,2016-08-16T01:32:15.000Z,_DPR RI BISU TULI BEM UI Langgar Tiga Undang Undang Presiden Jokowi Harus Bertanggungjawab,_DPR RI BISU TULI BEM UI langgar tiga undang undang presiden jokowi harus bertanggungjawab,"_DPR RI DEAF-MUTE BEM UI violated three laws, President Jokowi must be held accountable"
1973,2016-08-16T01:21:00.000Z,Jika presiden menjadi pelopor pelanggaran terhadap undang undang lantas apa masih layak mengaku sebagai negara hukum?,jika presiden menjadi pelopor pelanggaran terhadap undang undang lantas apa masih layak mengaku sebagai negara hukum ?,"If the president is the pioneer of violating the law, then is it still appropriate to claim to be a rule of law?"
1974,2016-08-16T01:16:03.000Z,Suasana Lobby Ruang Rapat Paripurna I yang akan digunakan untuk SidangTahunan SidangBersama dan ParipurnaDPR,suasana lobby ruang rapat paripurna i yang akan digunakan untuk sidangtahunan sidangbersama dan paripurnadpr,atmosphere of the lobby of the plenary meeting room which will be used for the annual joint session and plenary session
1975,2016-08-16T01:05:57.000Z,Bila Secara Hukum pengangkatannya TIDAK SAH maka Kebijakan yg dilahirkan batal demi hukum!! Tahan Ekspor Freeport,bila secara hukum pengangkatannya TIDAK SAH maka kebijakan yang dilahirkan batal demi hukum ! ! tahan ekspor freeport,if legally the appointment is INVALID then the policy that was born is null and void! ! hold freeport exports
1976,2016-08-16T00:12:47.000Z,Pada Rapat ParipurnaDPR Presiden akan menyampaikan RUU APBN nota keuanganya Sidang dilaksanakan oleh DPR berdasarkan pasal UU MD,pada rapat paripurnadpr presiden akan menyampaikan RUU APBN nota keuanganya sidang dilaksanakan oleh DPR berdasarkan pasal UU MD,"At the plenary session, the president will present the APBN Bill, the financial notes for the session will be held by the DPR based on the articles of the MD Law"
1977,2016-08-15T23:33:05.000Z,Agenda Gubernur Selasa Pkl WIB Pidato Ketua DPR RI dan Pidato Presiden RI di R Rapat Paripurna Gd Nusantara MPR DPR DPD,agenda gubernur selasa pkl WIB pidato ketua DPR RI dan pidato presiden RI di r rapat paripurna gd nusantara MPR DPR DPD,Governor's agenda for Tuesday at 10 WIB is the speech of the chairman of the DPR RI and the speech of the President of the Republic of Indonesia at the plenary meeting of Gd Nusantara MPR DPR DPD
1978,2016-08-15T22:38:05.000Z,Masih Banyak Anggota DPR Bolos Rapat Paripurna Masih banyak anggota DPR RI absen dalam rapat paripurna selam,masih banyak anggota DPR bolos rapat paripurna masih banyak anggota DPR RI absen dalam rapat paripurna selam,there are still many DPR members missing plenary meetings. There are still many DPR RI members absent from plenary meetings
1979,2016-08-15T21:14:29.000Z,Masih Banyak Anggota DPR Bolos Rapat Paripurna Masih banyak anggota DPR RI infoTribun,masih banyak anggota DPR bolos rapat paripurna masih banyak anggota DPR RI infotribun,there are still many members of the DPR who miss the plenary session. There are still many members of the DPR RI infotribun
1980,2016-08-15T21:05:20.000Z,Masih Banyak Anggota DPR Bolos Rapat Paripurna,masih banyak anggota DPR bolos rapat paripurna,Many DPR members still miss plenary meetings
1981,2016-08-15T21:03:29.000Z,TribunNews Masih Banyak Anggota DPR Bolos Rapat Paripurna berita,tribunnews masih banyak anggota DPR bolos rapat paripurna berita,tribunnews there are still many members of the DPR missing the news plenary session
1982,2016-08-15T21:03:28.000Z,TribunNews Anggota DPR RI Malas Sosialisasikan Kebijakan Tax Amnesty berita,tribunnews anggota DPR RI malas sosialisasikan kebijakan tax amnesty berita,tribunnews DPR RI members are lazy about socializing the news tax amnesty policy
1983,2016-08-15T21:03:13.000Z,Masih Banyak Anggota DPR Bolos Rapat Paripurna Masih banyak anggota DPR RI absen dalam rapat paripurna selama Masa,masih banyak anggota DPR bolos rapat paripurna masih banyak anggota DPR RI absen dalam rapat paripurna selama masa,there are still many members of the DPR who miss plenary meetings. There are still many members of the DPR RI who are absent from plenary meetings during the period
1984,2016-08-15T20:49:25.000Z,Masih Banyak Anggota DPR Bolos Rapat Paripurna via Tribunnews,masih banyak anggota DPR bolos rapat paripurna via tribunnews,There are still many DPR members missing plenary meetings via tribunnews
1985,2016-08-15T20:49:22.000Z,harusnya judulnya begini kebiasaan Anggota DPR Bolos Rapat Paripurna,harusnya judulnya begini kebiasaan anggota DPR bolos rapat paripurna,The title should be something like the habit of DPR members skipping plenary meetings
1986,2016-08-15T20:46:11.000Z,Masih Banyak Anggota DPR Bolos Rapat Paripurna via,masih banyak anggota DPR bolos rapat paripurna via,there are still many members of the DPR skipping plenary meetings via
1987,2016-08-15T20:30:30.000Z,Tribun Masih Banyak Anggota DPR Bolos Rapat Paripurna Masih banyak anggota DPR RI absen dalam rapat NewsToday,tribun masih banyak anggota DPR bolos rapat paripurna masih banyak anggota DPR RI absen dalam rapat newstoday,"tribune, there are still many members of the DPR missing the plenary session, there are still many members of the DPR RI absent from the meeting newstoday"
1988,2016-08-15T20:30:27.000Z,Tribun Masih Banyak Anggota DPR Bolos Rapat Paripurna NewsToday DKK,tribun masih banyak anggota DPR bolos rapat paripurna newstoday DKK,"tribune, there are still many DPR members missing the DKK newstoday plenary meeting"
1989,2016-08-15T20:30:17.000Z,TuitIndonesia Masih Banyak Anggota DPR Bolos Rapat Paripurna Indonesia Tuit,tuitindonesia masih banyak anggota DPR bolos rapat paripurna indonesia tuit,tuitindonesia there are still many members of the DPR skipping the plenary session in Indonesia tuit
1990,2016-08-15T19:47:46.000Z,Anggota DPR RI Malas Sosialisasikan Kebijakan Tax Amnesty Pengamat menilai anggota DPR RI terkesan berpang,anggota DPR RI malas sosialisasikan kebijakan tax amnesty pengamat menilai anggota DPR RI terkesan berpang,DPR RI members are lazy about socializing the tax amnesty policy. Observers think that DPR RI members seem to be acting
1991,2016-08-15T19:24:37.000Z,Anggota DPR RI Malas Sosialisasikan Kebijakan Tax Amnesty Pengamat menilai anggota DPR RI terkesan berpangku,anggota DPR RI malas sosialisasikan kebijakan tax amnesty pengamat menilai anggota DPR RI terkesan berpangku,DPR RI members are lazy about socializing the tax amnesty policy. Observers think that DPR RI members seem to be standing idly by
1992,2016-08-15T09:30:00.000Z,Ketua DPR Ade Komarudin mengecek langsung dekorasi di Ruang Rapat Paripurna I untuk SidangBersama SisiLainDPR,ketua DPR adek komarudin mengecek langsung dekorasi di ruang rapat paripurna i untuk sidangbersama sisilaindpr,"Chairman of the DPR, Adek Komarudin, directly checked the decorations in the plenary meeting room for the joint session with the DPR side"
1993,2016-08-15T08:54:46.000Z,Prananda Paloh Berdialog dengan Warga Medan Menjalankan masa reses kelima tahun anggaran Anggota DPR RI Prananda Surya Pal,prananda paloh berdialog dengan warga medan menjalankan masa reses kelima tahun anggaran anggota DPR RI prananda surya pal,Prananda Paloh dialogues with Medan residents during the fifth recess of the budget year for DPR RI member Prananda Surya Pal
1994,2016-08-15T08:54:28.000Z,Menjalankan masa reses kelima tahun anggaran Anggota DPR RI Prananda Surya Paloh mengikuti berbagai,menjalankan masa reses kelima tahun anggaran anggota DPR RI prananda surya paloh mengikuti berbagai,"running the fifth recess period of the budget year, DPR RI member Prananda Surya Paloh follows various"
1995,2016-08-15T08:52:33.000Z,Menjalankan masa reses kelima tahun anggaran Anggota DPR RI Prananda Surya Paloh mengikuti berbagai dialog guna m,menjalankan masa reses kelima tahun anggaran anggota DPR RI prananda surya paloh mengikuti berbagai dialog guna sama,"Carrying out the fifth recess period of the budget year, DPR RI member Prananda Surya Paloh took part in various dialogues for the same purpose"
1996,2016-08-15T07:38:04.000Z,Bang Biem Benjamin melakukan penyerapan aspirasi bertemu warga dlm masa reses V DPR RI di Kemayoran JakPus,bang biem benjamin melakukan penyerapan aspirasi bertemu warga dalam masa reses v DPR RI di kemayoran jakpus,"Bang Biem Benjamin took up the aspirations of meeting residents during the recess period in the DPR RI in Kemayoran, Central Jakarta"
1997,2016-08-15T07:37:06.000Z,Bang Biem Benjamin melakukan penyerapan aspirasi bertemu warga dlm masa reses V DPR RI di Jagakarsa JakSel,bang biem benjamin melakukan penyerapan aspirasi bertemu warga dalam masa reses v DPR RI di jagakarsa jaksel,"Bang Biem Benjamin took up the aspirations of meeting residents during the recess period in the DPR RI in Jagakarsa, South Jakarta"
1998,2016-08-15T07:08:26.000Z,BPOM Masih Pilih Pilih Razia Makanan di Masyarakat Dalam kunjungan reses anggota Komisi IX DPR RI Ahmad Zain,BPOM masih pilih pilih razia makanan di masyarakat dalam kunjungan reses anggota komisi IX DPR RI ahmad zain,BPOM is still choosing to conduct food raids in the community during the recess visit of DPR RI Commission IX member Ahmad Zain
1999,2016-08-15T05:53:56.000Z,BPOM Masih Pilih Pilih Razia Makanan di Masyarakat Dalam kunjungan reses anggota Komisi IX DPR RI Ahmad PKS,BPOM masih pilih pilih razia makanan di masyarakat dalam kunjungan reses anggota komisi IX DPR RI ahmad PKS,BPOM is still choosing to conduct food raids in the community during the recess visit of DPR RI Commission IX member Ahmad PKS
2000,2016-08-15T05:11:41.000Z,Pidato Penyampaian RUU APBN disampaikan Presiden pada Rapat Paripurna DPR RI Sidang dilaksanakan oleh DPR berdasarkan pasal UU MD,pidato penyampaian RUU APBN disampaikan presiden pada rapat paripurna DPR RI sidang dilaksanakan oleh DPR berdasarkan pasal UU MD,the speech delivering the APBN Bill was delivered by the president at the DPR RI plenary session. The session was held by the DPR based on the articles of the MD Law
